transaction_id,customer_id,amount,payment_method,failure_reason_raw,customer_ltv,recent_retries,time_since_last_attempt_mins,ideal_recovery_action
20781c72-ee52-4318-ad48-5e88dab6f023,6f3ca723-f689-4601-861a-4ee4475ac313,261.33,UPI,gateway_timeout,503.7,0,103,retry_later
29629250-953e-4b23-8b74-5dfa8039971b,e0fb0357-3d5c-4ab0-9a8a-8958439eebfc,418.74,Debit Card,incorrect_pin,331.55,0,31,switch_method
b8321506-866a-4adc-857c-72d54c03fb04,63cca4be-0cd9-40ff-8995-a4b03e1cde12,2997.29,Credit Card,expired_card,1357.52,1,105,switch_method
95c67467-cef5-4546-8f70-b0f3aa1d96bc,ae555d24-94de-415f-803a-82a9470cc492,393.06,Credit Card,risk_flag,1938.97,0,85,give_up
5cce9894-cdd4-4daf-903a-2ade81648865,3815e84d-75f0-446b-a6cb-33fae97cddb2,7680.38,UPI,gateway_timeout,1172.88,4,68,give_up
1710fee7-a9b2-4cb9-9bb6-721082f2537d,51fca2ba-7a15-4d99-aa0e-093d036f2074,1648.37,UPI,expired_card,1161.47,0,24,switch_method
b46a6c46-5300-4f9b-93bf-464a50ddbec4,e6830786-31aa-4348-b84e-cefdeb2c3592,2020.85,UPI,gateway_timeout,10.0,2,59,retry_later
f049bef3-0d0a-45f9-a0b5-9e9262d85f85,2fbd1069-4b77-4f66-8b20-05eecf084874,1259.05,Debit Card,incorrect_pin,1589.15,0,42,retry_later
cb4f6831-584c-42b0-8288-62ef99388341,54332861-dc3b-4bd2-b685-20635653b73d,4937.93,Credit Card,insufficient_funds,292.35,2,37,switch_method
158679cd-d2c9-4a60-a64a-3e612a1e25f8,dfe1efeb-d129-45ee-ac3d-8d9947d73a53,5004.58,Credit Card,insufficient_funds,274.26,0,277,retry_later
35522850-65a2-4727-95c0-8090e7c22ebe,d2d08451-3e03-4e7e-8635-1c5aae979518,2794.95,UPI,expired_card,331.37,4,42,switch_method
96f391b7-fe9a-4b76-a1a7-e5c0146e46d3,6169c220-84e3-49c2-be52-7ccd64ab9ee2,3767.72,Debit Card,gateway_timeout,10.0,0,1,retry_later
cfe0e0d4-f0be-4a17-a549-9d1a321a9497,f4caec55-24e5-4442-be63-a4a7351b75b9,1372.35,Debit Card,risk_flag,908.74,2,59,give_up
c86ff60c-3fb8-45e6-b1b3-5db93dbecd7c,ecf0ea59-7c43-41eb-8063-2a784595330c,3658.7,UPI,insufficient_funds,75.58,1,78,switch_method
da92349b-a19f-4887-b201-f28c8c0635e5,9fd1ba5b-f00c-430b-99a6-b8705d3145e3,1165.33,UPI,incorrect_pin,13.99,0,129,switch_method
467cb058-876f-40d8-b4e0-98a69930b4c5,62e97160-da4b-4336-b977-f5a174ab7814,1813.3,UPI,expired_card,118.54,0,60,switch_method
82f6efd5-ded6-4965-9801-00dd3b9bbede,275b471c-d6cc-4435-864e-b9191e8291ef,1265.17,UPI,gateway_timeout,219.49,2,1,retry_later
44a58b7d-5789-46b9-8554-eb830e16b46e,ea0ef2a3-4d2f-4233-a2f6-82cc232e20b3,997.86,Credit Card,expired_card,32.98,0,7,switch_method
f162d47b-695e-4b1b-89b3-9e3b42e63f3b,64d3a9f5-edca-4ab5-87e1-7a272d00d3d5,738.16,UPI,gateway_timeout,234.75,2,10,retry_later
f384cbb3-c3b8-474b-a229-a9e92b33e693,c4a95363-7919-4c1e-b7fb-6290a91547b9,3320.92,UPI,gateway_timeout,163.77,0,14,retry_later
97642c10-430e-4115-b210-0aeb97c97cdd,24db43ae-446a-4719-a4b4-69d40e8fc1f0,9934.69,Credit Card,risk_flag,712.85,5,96,give_up
5f10a07c-a276-4707-9b53-97d8fd331bbc,c2d1bea0-a95e-4653-af0e-4a005672dc9a,8286.91,UPI,incorrect_pin,345.52,1,22,retry_later
91b201b7-e498-48ff-8318-4d79778fecef,79b7f2a6-5f5f-4695-8c89-44f0fcd5ad47,353.0,UPI,gateway_timeout,101.69,0,22,retry_later
5433aa21-5144-40c0-80a3-645792bc2f41,3a2ae6f7-f4ed-4ebc-92b8-aa29d8248e52,9662.08,UPI,incorrect_pin,288.83,0,84,switch_method
fd56aefb-ede3-4c07-a93e-e4ea0309176b,674aeea8-6edc-46ac-889c-d43d04fdd144,1195.59,UPI,gateway_timeout,26.04,0,31,retry_later
823ca3dd-6e5e-4197-8900-ce7a8995875b,84e4b368-f90c-47f7-97a9-dda7c5d7f5a2,3947.95,Debit Card,incorrect_pin,1148.56,0,4,retry_later
934010d4-41c6-422a-8191-ee900c3fcd63,dec312c4-2160-4003-ab5e-b028cbc987c7,556.64,UPI,gateway_timeout,151.22,0,52,retry_later
43d876fe-a087-45ce-aeb7-1d0ec02ad125,6850dd80-ac81-448d-a1fd-7cc0f8f605cc,2174.54,Credit Card,incorrect_pin,19.11,3,8,give_up
a9a85aa8-d8b9-4490-87ba-609b46435561,6884e7c8-31aa-4cf3-93f7-c96a4678b674,2718.51,Credit Card,gateway_timeout,1316.45,2,50,retry_now
14382508-3ce8-4403-a624-d13370b9970a,354a52c6-8437-4e0c-a158-37b2bcf21d68,262.44,UPI,insufficient_funds,655.81,0,90,give_up
600f7feb-bac1-4a4c-8bcc-19118f5af8f8,d46b6f96-5b0d-4a1b-bcab-9af550898a8a,3986.81,Credit Card,expired_card,343.55,1,159,switch_method
49f8f482-c74a-446f-a84b-8ef3e0d0b84a,16227745-81d4-48b1-be91-fb89fce2bfa5,10401.61,UPI,gateway_timeout,10.0,0,4,retry_later
cd77747c-205a-44ef-8fd5-0987c31bbb2f,5b0a6940-17de-4187-8806-c78376246b33,1440.81,UPI,gateway_timeout,138.01,0,21,retry_later
3628c869-6f39-42ef-93e4-8dc4a7055682,6190b74f-4554-41a0-baf0-baa9b4709da6,10595.86,Debit Card,incorrect_pin,2639.66,0,63,switch_method
4c46fd10-df80-4dfd-9b2e-2ded5fecf65b,95eec538-ef54-4536-b08e-c341843d4ea5,1412.9,Debit Card,expired_card,288.54,2,22,switch_method
cabbb69b-13d5-4836-9267-495486119ad4,d26937f4-8576-4ca7-9101-5b58e87f8ddf,5455.94,Debit Card,insufficient_funds,10.0,4,35,give_up
941878dc-2a7d-43c7-8011-c7e9cda9c89d,4125ef2f-2ca6-493d-9f54-6464b38c0c21,101.07,UPI,expired_card,622.97,0,1,give_up
19d4c1a0-8418-4966-94eb-b22b8598f6d2,aaaafacd-ced8-421a-8073-3331227fabf6,41957.44,UPI,incorrect_pin,121.27,0,70,switch_method
e8b41a68-ce09-43eb-af85-b5316cbebaec,d2914342-139c-4c41-8229-1c8f8e856641,12633.35,Credit Card,risk_flag,531.9,0,128,give_up
a2d294c8-4444-42f5-b003-cb3c91c11370,77a4737f-2a03-4eb2-b285-d3402e3d7fa9,1248.86,UPI,gateway_timeout,8123.85,4,225,switch_method
94362d06-bddb-489b-9a4a-de8ff7a845ea,15b5d04e-a611-4179-a748-e73755ff8ab8,139.25,UPI,risk_flag,831.97,0,106,give_up
2e1d199a-8ff5-4e0b-8e83-c203b536516a,947848c4-88f3-4bec-b163-75953337a066,2629.21,UPI,incorrect_pin,5408.46,1,1,retry_later
0fd1ad2b-cc4a-4cb1-83f2-acfe0baf66d0,9c9f88af-286c-414f-97a3-5c2ab8abbd7e,276.69,UPI,risk_flag,181.87,3,63,give_up
37ed779b-05df-49b3-8d5e-ea17fb8f9560,82163b30-9a4b-4ee9-8aff-711d75d56494,3223.78,Debit Card,insufficient_funds,538.51,0,41,give_up
d1986461-f35b-4acb-a72e-76fcca4b7cfe,56b03cbb-7646-4ba0-bc36-a5b30a505ce4,3087.25,UPI,gateway_timeout,986.7,1,166,retry_later
f1609444-5e48-4aa5-8319-714dd94c7483,4a49b410-78a1-4e12-91d0-b5ff4c309a74,531.75,Credit Card,risk_flag,583.85,0,139,give_up
a845663f-24c0-4dcb-8f5f-dc60c4ce2cab,ba462190-6a7a-46e0-89cc-e930247f10df,7764.03,UPI,gateway_timeout,294.75,2,265,retry_later
30287f61-5241-4efe-8826-a21baa173916,c0e8f748-f069-4d5b-87e6-60a5dc0bf749,5152.55,Credit Card,risk_flag,283.49,0,118,give_up
af07f2bf-7096-4d06-9924-2321efe8cafa,1aa60692-6056-4bde-a97b-22c25ff6045d,6428.97,Credit Card,insufficient_funds,392.12,5,47,give_up
95b5aff8-c0c8-4d67-b077-d381cb9a78ce,6900976f-dd90-4486-b5cd-54d8fcd51c53,1828.98,UPI,insufficient_funds,4278.65,3,75,give_up
7c209620-0889-4c2a-b7d1-bcfc3fa2ea04,eca79b9a-3ee4-486a-9796-c5b7610dc30a,287.1,Debit Card,gateway_timeout,23.35,2,200,retry_later
ef7e8f9d-6398-48ca-8ef1-5f190eb7837f,f17e03fc-1573-42be-8d19-66cfdbeebdf3,6446.12,Credit Card,insufficient_funds,427.03,1,51,switch_method
ffd70da6-cdd8-4c1a-b54e-93eecdba04b1,de94fd88-bfaa-439c-8a75-8f1023a75f55,1272.22,Debit Card,gateway_timeout,645.55,2,109,retry_later
a91b6518-9160-4278-b345-96bf07440d46,bebaec17-155e-449c-ad1a-be205b180476,296.87,Debit Card,expired_card,876.23,0,171,switch_method
d8039a5f-6c8e-4593-9823-b01d0fe9ccb3,4e288ca4-86f4-4279-a981-af50d36c4cc6,10484.48,Credit Card,expired_card,1000.79,0,50,switch_method
d39d2600-8c90-47ff-93a2-0e5f75a9adba,5a3f0683-1afe-49aa-9cf7-f2144c7959d6,27701.17,Debit Card,gateway_timeout,1033.98,0,10,retry_later
c502857c-e075-4fac-9917-bd7b1d504bb5,05119f28-aada-436d-85dc-4706269b19a0,1713.64,UPI,incorrect_pin,327.49,1,10,switch_method
a2a2a6f1-dbc2-4165-82b3-db74de9c6d42,c0424c5a-7935-401a-b8bc-e06b15761c46,29937.21,UPI,insufficient_funds,3486.29,2,7,retry_later
16553ce8-a622-413e-bda2-ca538a6d43df,c18bef63-b85a-43a9-b134-2cb45c1e9aba,2035.93,UPI,gateway_timeout,1053.58,4,38,switch_method
f4cedae5-579f-4197-bcf8-e2a742fa6b7e,db8f81be-3704-4907-b45f-191ae676e69a,1102.58,UPI,gateway_timeout,534.65,1,39,retry_now
3a647dd3-b227-49a2-a465-b7ce321186a0,08004801-2c3c-48e9-a875-fb42982ba4ae,796.64,UPI,gateway_timeout,459.16,2,57,retry_now
8f32182d-939b-4cc7-a9b6-4ef42b00e693,b2030fe2-ef3e-44ea-983f-efbc3efb8df0,15187.18,UPI,incorrect_pin,156.99,3,39,switch_method
1842bee3-cea1-44bf-a742-faf4ef35005b,b8283a56-d155-46ca-a2cc-91748d558acc,655.77,Debit Card,gateway_timeout,259.24,4,216,give_up
d69cfaee-4151-4cb9-85af-6b255e46a1cf,b8205391-cd8f-45ba-80b9-8b83088facda,4702.5,UPI,gateway_timeout,74.02,1,20,retry_now
70d66a25-3281-49e5-a29f-edd08e085ad2,8dfe6ed5-8d1f-483b-a728-0f7f5613d331,874.01,UPI,gateway_timeout,3323.32,0,124,retry_later
51661f1a-6714-40f6-8685-367d9d68ee21,df2949d9-be5b-4751-a10d-4cde0fde0612,993.86,Credit Card,risk_flag,514.69,1,6,give_up
2b059918-97a5-464d-9d5b-c4daf7d3b90b,53ec259a-06d8-4893-b4ad-998813b4ed3f,6900.33,UPI,incorrect_pin,71.76,1,55,retry_later
755b216b-8fb8-41f3-8536-4ef5ad8c7d7d,5811711d-1130-4acf-926d-5fde3efe82ae,1103.18,Debit Card,gateway_timeout,29.32,1,62,retry_later
5a60e7cd-8992-4d62-8b56-cb9f26f43876,30a1db45-db86-4f04-ae84-fe0bb1daf632,1068.24,UPI,risk_flag,5113.36,5,88,give_up
cc9116ab-9f09-4bdd-a5ee-d41ca99d19bc,d74ef839-3803-4c85-b6fe-f43dba824b90,7884.44,Debit Card,insufficient_funds,738.78,3,41,give_up
fe8df2ce-9853-47e5-9ebf-405a0fba13e9,9942daf4-a39e-4da7-81dd-9fe1b6efd31e,14423.53,Credit Card,gateway_timeout,339.45,0,13,retry_later
2d877f70-b653-4949-88cd-e960a4d6784d,f5d8ba28-8363-4bb0-9c27-8836d8a04059,4180.13,UPI,incorrect_pin,2281.45,0,27,retry_later
1250058f-72d1-490e-acb1-88cafefc5f35,929aeef9-a88b-4f0d-865e-ee31ea7a5272,771.86,UPI,risk_flag,444.51,0,19,give_up
e40d87d7-36fd-4b94-bfbd-c94ae689ed95,dbeb491c-7d55-4ae7-a683-e02e666589f8,930.95,Debit Card,gateway_timeout,211.46,0,32,retry_now
07c35d86-3844-40be-981f-a23e7729f585,c89586b1-95c6-454a-852e-408f56486ecf,2005.98,Credit Card,gateway_timeout,1297.28,0,45,retry_later
a4efc319-c4e1-4df9-8082-0a67dc12d879,3bcfb3dd-d86d-4eb4-9823-b1ca6b9579c7,2744.1,Credit Card,risk_flag,2740.46,3,58,give_up
ab9f3785-b29e-42c3-8f97-ce69d6594610,871900f7-563f-4e96-b249-2266e9b78787,500.58,Credit Card,insufficient_funds,64.32,0,111,give_up
b9c9df7e-e4d9-46ca-9874-8e313bc4106c,3918b9d6-0546-4e06-b647-f48c7428e234,4628.32,UPI,incorrect_pin,272.74,1,144,switch_method
dc33ad19-c753-4526-aeef-f4a79ff74f28,1d2e5119-01f6-4218-afa3-97144c13a409,2020.64,UPI,gateway_timeout,750.15,0,37,retry_later
19d8050b-2c34-426d-93a7-a50a2cf9621e,669de6ca-3abe-40bb-8d35-8dea5628cf58,194.33,UPI,gateway_timeout,104.59,1,5,retry_now
0e439ab2-cee8-41f2-ab56-eb1ddb61c66d,d16a492c-5ccc-41d2-839c-652947a56aa9,540.45,Debit Card,expired_card,158.84,3,95,give_up
ab6dfa25-d586-414d-ada4-3ce152099853,9c2a3bb8-668a-477b-8024-e09116fceb51,938.83,Credit Card,incorrect_pin,211.58,2,38,switch_method
b30eed9a-623d-43b8-aa24-145a87f9a286,6b7eb575-e659-411f-bdc8-a0a6908cfed0,1644.65,UPI,incorrect_pin,93.52,0,47,switch_method
2fb3421f-8b78-4ca5-bca7-d82443cb63db,062a92f0-1e41-4e24-8a3e-d5ce587db376,21079.63,UPI,incorrect_pin,1084.6,3,54,give_up
2b9637e0-8ff7-4df3-8c1c-7ca3c3def9e6,be386eae-d6e1-4af2-a971-4aac9f30a29a,2464.2,UPI,incorrect_pin,2868.84,0,66,retry_later
5e9cafc0-9d96-4c0f-a3e2-97a446a321ac,8f39a3c4-e295-4006-a172-0b2dc10899a6,606.07,UPI,gateway_timeout,558.53,1,132,retry_now
66a118dd-5e0e-47ee-9cf7-d12c67e15859,8a8cc20a-518c-41e0-b877-445df49a6b7a,2408.65,Credit Card,expired_card,2511.36,0,182,switch_method
a6cc575b-fd30-421f-a361-7ef178e453eb,283537ae-f2f5-4023-8dab-e523a240ea30,1144.0,Credit Card,expired_card,282.23,1,168,switch_method
369e241f-2a0a-4a24-873f-34f77489ff1a,cf04df27-156c-4a77-91a6-6cd83bb186f7,2757.79,Debit Card,insufficient_funds,879.34,0,99,retry_later
f052da94-2d12-46ab-ae20-10a33c408aa1,5b1f14f1-c861-49fe-a05c-6e904cf96fb2,3845.8,UPI,gateway_timeout,217.68,1,132,retry_later
96e69d62-4293-4be5-baf4-9cb72ceda67b,89e4f856-154e-434b-b278-beb9a82bdd75,8708.02,UPI,gateway_timeout,518.12,1,3,retry_later
f13227d4-5994-44a4-aa2c-1762025dad1c,6433edcf-d832-48cc-a98b-6ce32baf802a,1751.85,Credit Card,risk_flag,41.65,0,113,give_up
c6e4231d-fbb2-4647-9f67-8730a0f4bee2,f68ebba0-00d4-4f1e-b6d4-e113b36b93b2,15224.31,Credit Card,incorrect_pin,302.6,4,4,give_up
24cf42b9-f279-47fe-a7dd-c27302199ca3,877dfd15-453b-4436-b953-e93dd8798045,5886.57,Credit Card,expired_card,2325.84,0,82,give_up
77c4cc58-56b6-43fe-a216-6f4b31ceeea8,1a8a1c56-0fc4-43e0-a6e8-4659c9bdd3fe,720.78,Credit Card,expired_card,373.52,3,11,switch_method
748fbd60-cf27-4c04-96d3-295c9a3b4cd5,fffb94e6-9137-4020-bcba-646a127c0162,31978.29,UPI,gateway_timeout,254.31,0,26,retry_later
4e11e2e1-d8fb-4d7b-bc05-406c4234b6f5,2ab814fd-7212-4300-82cd-8d03ebc3555f,2765.82,Credit Card,expired_card,482.9,2,12,switch_method
64418359-6472-45bf-bd85-dfb2495d121a,86ed4794-f58f-4850-9355-86c8a1da84ea,610.54,UPI,gateway_timeout,165.02,1,35,retry_later
869c362a-1df1-44f0-abfd-789a5d6596bf,7c47cf53-ce8a-46a4-8ca0-d59b7786ebd0,15502.97,UPI,expired_card,52.33,0,31,switch_method
51d616e0-6206-4d2a-a2fd-9941fb8e4824,1648fd27-06e8-465f-8bcd-c6f7948c8490,26933.09,UPI,gateway_timeout,400.64,0,2,retry_now
e86a9146-fe8f-4cd5-bd05-27528f97ec44,d29611d5-342a-44a6-810e-6e9ca571f1cb,1732.06,UPI,insufficient_funds,14.97,1,106,retry_later
09cc9bbe-1ced-4a8b-9c9a-c32a1af5a61a,36ad6fa1-ee06-4db6-bbe1-5a7a838da147,939.41,Credit Card,expired_card,362.09,2,115,give_up
6c5dedb7-cd3e-4e11-a2f7-305f48f4e212,69a7e5fb-4b17-4b88-b8e3-91c5297b5632,1445.07,UPI,gateway_timeout,294.87,4,92,give_up
bc94430f-da63-4929-846b-5481450e6cd5,346bc4bc-51aa-40c6-8e4e-089cb7498d88,4578.61,Credit Card,gateway_timeout,2205.63,0,112,retry_later
2cc79fed-8fbe-42fa-9b6a-6200269862b9,912268e0-998d-4614-b262-77ddb5f14d07,9520.6,Debit Card,gateway_timeout,18.46,0,83,retry_now
b15e9693-1d38-4970-8606-83e18116cf1b,faa77a3b-52e2-4dd3-8545-c492609c6117,3795.74,UPI,incorrect_pin,7347.83,1,166,switch_method
1623f747-9c58-4ee4-96d4-1f87c296ace8,8d08f1e7-f93d-4c5a-b19e-5298faa5b9ae,2063.67,UPI,gateway_timeout,576.29,1,51,retry_later
bd2992ba-0203-4e4f-a9c4-9a2082ee1904,1d378f67-7530-4e61-b74d-b0702d054385,12675.36,Credit Card,insufficient_funds,3666.86,4,52,switch_method
c0be254e-9b7f-4338-87ab-4dd11ed743a4,1001e4fb-d72f-42a3-b7d3-3d9d76ce0f76,1203.89,UPI,gateway_timeout,10.0,0,117,retry_later
f2cf2213-0645-4fdd-bfb4-fddcada0ca4f,1e92478a-e932-40fe-8708-adb130848578,6906.34,UPI,gateway_timeout,1458.86,0,25,retry_later
bedc5a00-a0a8-424c-ad3a-281dc30fc8a9,e037dee6-4051-4656-811a-3265a93a2ba1,1243.29,UPI,gateway_timeout,59.85,1,3,retry_later
3e45e6ff-8133-4e5c-899f-745b332cd535,5ee35586-4426-466a-980e-5e9419cd6dbe,3166.33,UPI,risk_flag,1395.53,0,83,give_up
c0a7588f-38c2-43d5-8967-89066e766e18,42bf6129-b84b-4fb6-8829-d328a97a5f1b,1559.89,Debit Card,gateway_timeout,31.81,2,17,retry_later
20355206-9ac2-4f54-a887-5ba6ce7a1d74,8aad897e-2b79-4507-89c0-1439b9229f22,1681.42,Debit Card,insufficient_funds,3198.27,0,38,retry_later
34183995-9319-48f9-b540-aadd927d731f,2364cf07-c88a-4d51-afd6-907f04ccff32,1106.99,Credit Card,insufficient_funds,132.49,1,16,give_up
e4e29a80-21e6-441e-9bf0-7fc7355aa8f3,ed0eeff3-1ebe-4c85-b90f-ca142cf22416,10387.0,Debit Card,insufficient_funds,822.64,1,105,retry_later
eb3f0adc-564c-4932-b606-e560ba5312de,503905ab-8af8-4fc0-b612-4d09f3603d30,697.29,Debit Card,risk_flag,1296.83,0,190,give_up
e0186baf-9977-45c5-a471-0b0a4102d115,a8f71ce9-7532-41ae-add6-54c13ab001c6,690.69,UPI,risk_flag,177.6,0,3,give_up
384bd1fd-fc8d-4b6a-a303-b03a0a4184c9,3b7eb13f-e1f2-4507-9df5-cf283a955799,28489.52,Debit Card,insufficient_funds,1005.0,4,15,give_up
40c47d39-8eee-4762-8ca6-da2037a984c0,d425e532-32c5-4a81-968b-5b41f5d99689,6445.91,Credit Card,gateway_timeout,1560.1,3,12,give_up
187fc9ee-54f3-48fa-ba5f-7d0f71005dae,0791ddde-87e8-4818-a89f-425b1c67f536,81.4,Debit Card,insufficient_funds,137.28,3,67,switch_method
d0cf42e2-e3a7-44db-a361-8bff5c2c696b,9180b1b9-e5b6-4344-840d-8765db67d877,867.11,Debit Card,insufficient_funds,2040.41,5,33,give_up
eabc125b-6853-4a89-ade6-2b9d2374f484,a565ca35-ad05-4195-8df3-19a40a93fc6e,171.47,UPI,gateway_timeout,266.44,0,36,retry_later
a757aedd-b410-4316-a094-a31ec2b3bb86,b78ebdd2-9dd9-4ac9-9c66-8d31bddec5d8,525.37,UPI,gateway_timeout,187.97,0,10,retry_now
20808014-1311-4119-b640-63e8c569b2d9,70ea69e4-e45c-4c52-96e5-8ebf4d3994b7,50.0,UPI,incorrect_pin,300.41,0,32,retry_later
a2d78361-ecd1-4ef4-a392-673dfdfeb679,355d7c60-b44b-40a0-b99d-46931eca25a7,1513.1,UPI,insufficient_funds,118.47,3,21,give_up
8fcb64c6-9c21-45df-9a41-68890e2550d7,cb39eacb-5a7c-474d-8b7a-b94161106983,409.72,Debit Card,incorrect_pin,207.65,2,56,retry_later
19b26dd2-dcd5-4465-9779-5a5ec8608440,b6a05e89-7e75-4f22-a6f8-24cca04b6c71,1954.47,Debit Card,gateway_timeout,226.09,1,14,retry_later
acab706c-d413-44cb-82ad-c30e2045f9b8,6177d042-31ed-45bf-b414-f23b093ee32e,218.62,UPI,gateway_timeout,445.09,3,57,switch_method
55cc8cf0-a91d-4975-b58b-d51a875c7947,a746d7e2-eaf5-4568-bdc4-d06b23e6cf0b,2013.81,Credit Card,expired_card,3486.62,1,28,give_up
0459c218-772c-4981-86cd-3a1d274b20c9,b3951167-5788-414c-aafe-0013c9c7bfc1,1054.28,UPI,gateway_timeout,123.69,0,25,retry_later
b12a44f1-7a64-41f3-a349-b14a02009a99,32c2f80f-3dfc-4f06-91b3-3a6484604da4,12740.47,UPI,risk_flag,1048.7,0,21,give_up
2db1fdd3-7df1-4c42-a79f-a1eead5e0440,8ee2ac80-fdf0-45c5-a534-5984fdee9b1f,11324.95,UPI,insufficient_funds,10.0,0,67,switch_method
f734b938-3b46-4bf0-8df3-bb0065c68d90,378d8174-cc40-4091-a93b-d5c0c5c5faca,5018.82,UPI,gateway_timeout,2040.57,0,49,retry_now
a5a1c49c-c1c0-43ba-ac2b-c4d95fb52c52,a01646d5-3bfa-4511-9854-d33b7131f9f6,1182.52,Debit Card,incorrect_pin,60.82,0,114,retry_later
8da2e167-b247-4f6c-a30d-5e21f27f579e,8bf7c9c8-12aa-4347-8034-aa86211b7676,23884.73,UPI,incorrect_pin,897.97,2,16,switch_method
7b919996-edcd-4a19-aac2-90056c290f14,85ae754e-da7d-4166-8a6b-0b3d9119e3c2,240.1,Credit Card,risk_flag,93.14,0,2,give_up
42b385b4-9fb7-4ead-a60e-50d055d2d18f,4a58d2a3-5728-443c-ac80-eaf87260244a,291.6,Credit Card,expired_card,271.93,2,12,switch_method
326e3800-e49a-4e64-8f07-f49883183426,bb681843-b644-4503-ac0a-89507ede7325,1621.46,UPI,gateway_timeout,2223.95,1,25,retry_now
24a5c77a-8557-43bb-99cb-7b63a963f3d4,e4d76e42-2a04-4e5d-85b6-9e18cf99d6ef,33868.8,Debit Card,insufficient_funds,163.7,5,11,switch_method
3319e099-c5ca-469a-8b43-20ecabcda5f6,585e771a-6f09-4a22-8f37-b22f287127f0,1389.86,Debit Card,expired_card,107.23,2,5,switch_method
e795f399-5a06-4dcf-af4c-a9f2c962bd9c,162d9327-3785-4072-8998-15bd4317e70b,1424.79,UPI,insufficient_funds,386.14,4,35,give_up
7a3df380-711c-47b0-99f3-57e557b974d0,a36c1d70-b49c-42d6-a17b-1cbe7dbc54d1,277.42,UPI,risk_flag,6531.01,0,67,give_up
456abe67-51c8-41d6-abf9-ee0d49ed3cff,8cbeca39-586c-4984-92ca-ed7ef6f94bf7,6183.92,UPI,gateway_timeout,569.46,0,83,retry_later
cb3e18d6-e70e-48da-95ee-3d34f5b20424,d8e4f43f-279c-49ee-84c4-0b089b1a6a5b,6242.46,UPI,incorrect_pin,3396.5,1,30,retry_later
5dc10069-0916-447f-9efd-d797e81fb874,e1eb9b70-fcb5-4e45-bcd7-a86fbb554d7c,5043.21,UPI,gateway_timeout,652.46,0,39,retry_now
18d6b476-6542-46e3-8cea-fbbbca85dd2a,7f059b97-61ca-44f4-b598-3762bca7c2cc,797.92,Credit Card,risk_flag,121.77,1,84,give_up
d333d231-13a3-4185-be07-0f1d49f67cd3,d1cdfbc6-fa9f-4c56-a419-b4f2978a253e,721.46,Credit Card,incorrect_pin,552.66,0,26,switch_method
1c87790f-49ef-43df-9607-6ba59fcf1c0a,2a0812e6-136c-49b2-adbb-d995634aed24,336.62,UPI,gateway_timeout,2388.0,1,92,retry_later
fa52e603-93c2-49cb-ba7f-01f427caffc3,c28ec7f5-44c5-4588-ba4d-bd63efb7ecff,2016.33,UPI,gateway_timeout,492.91,4,205,give_up
3f5c34bd-f65c-4834-8324-e2c596fd328e,8303b42d-0bf4-413c-b06d-09e394789167,443.84,Debit Card,insufficient_funds,121.62,0,127,give_up
0c589810-1fe4-46ea-ab48-e7c25b3bc737,d8e970e5-b5ad-41db-aad8-71bbb5c4a440,391.25,UPI,insufficient_funds,1024.92,5,36,give_up
4f5a418d-8762-42e7-b191-dcd6a4a367d9,972d541c-5e4f-46e6-8c0a-97f32c78ed8c,1042.32,UPI,insufficient_funds,396.84,0,51,give_up
94154aa9-d83a-4b89-a430-62c418ec7e55,557994bc-1808-482f-88c5-28f2dd169acf,957.28,UPI,expired_card,1114.98,0,75,switch_method
b7a6e00c-e3f6-4961-871e-9fdeb8222c03,fed9cd81-b05e-48da-b18f-db54ba600dc2,898.41,Debit Card,insufficient_funds,10.0,1,25,switch_method
9cb7e4d5-da1c-4169-a550-8b03c1a58efb,86bc4d24-2da5-4062-b1e2-4b2a0046682a,3315.55,UPI,gateway_timeout,269.41,2,96,retry_later
589bb3e7-f032-49de-8779-04ccf9ddf9ae,66d513f1-6d0e-448f-b90d-f7a351d8e7ba,2003.72,Credit Card,incorrect_pin,2698.96,2,34,switch_method
9600116b-458e-4193-bd74-174216cc3578,c3a78f23-d88f-462f-b62c-894bf8ca7d1a,1243.14,Credit Card,incorrect_pin,282.41,2,112,switch_method
9205417c-4d96-4190-9f3e-ef473fd14a55,442fab5f-d320-4ff0-a2d0-d683a41c287b,2293.69,UPI,gateway_timeout,895.17,0,17,retry_later
b662dce0-2715-4f58-833b-04503fba14df,46afddf2-5b8e-4b4b-8c61-49a75b8b2528,498.21,Credit Card,gateway_timeout,322.52,0,0,retry_now
065d77ed-197d-48d7-b08e-3257e789658e,90bc7fe8-bc88-4baa-98dd-aaefa70dcadd,2073.23,UPI,gateway_timeout,255.15,0,60,retry_now
26a6c5a6-c185-47b8-a602-ee9e9fd21a49,f5e8ed92-8182-4e12-9c32-b4b86fcaa8b6,2199.06,Credit Card,insufficient_funds,126.76,0,36,give_up
b8b6ad2f-0664-4419-bc6d-01355f102dcb,e3183063-1466-4036-b556-217a4c807130,256.22,Credit Card,expired_card,3146.59,5,3,give_up
561105de-9e0e-4fa6-b823-696bd8254a1f,c838a245-d14e-4fab-8fad-897b744ccef7,6597.21,Credit Card,risk_flag,460.13,3,40,give_up
a762161d-e131-4214-b2a9-552f815367da,8359bdde-4e2d-414e-871b-b2201a4231bd,574.87,UPI,incorrect_pin,162.56,0,11,retry_later
b9cdb54d-97a8-4359-a78d-4b07b7ca2961,da8314f9-c8db-4cee-9ed6-afe288c420a3,2033.27,Debit Card,gateway_timeout,814.71,2,59,retry_later
530179f9-dc6f-41ad-b8a3-e35a39438d35,e7eb0c2f-9779-4fe5-a3b3-d66d1b55e98c,8215.15,UPI,insufficient_funds,2982.31,1,35,retry_later
45a927a2-bfe9-43c1-aa73-c3a845b82545,0a6c61d2-3f90-45de-822f-b11ee5459e7b,6023.24,UPI,gateway_timeout,745.43,0,11,retry_later
e1e679e8-6160-445b-b7ed-f463d38402e1,c79d7da1-5283-49f7-a3a7-09a9849f4844,1890.57,UPI,insufficient_funds,435.89,0,31,retry_later
f346e434-74ce-40e9-9776-14467ace8845,b7b6caf8-9165-47a0-8bbc-a5ee8c03c08c,1128.62,Credit Card,gateway_timeout,915.7,1,15,retry_later
fe7245b8-bca1-4898-aa82-1a4b285fbce7,5537ab2e-f587-4f93-a8d4-1e2fc887569b,6196.66,Credit Card,insufficient_funds,321.82,1,63,give_up
fbf64d02-162e-4086-8bac-1cbe3dfddb70,aff0dee6-430c-413c-a736-e5722d5d2598,4346.4,UPI,insufficient_funds,1989.19,0,20,give_up
674c921a-6cdf-4557-8e7c-4fa0b003a6ad,460a4d0f-309d-455e-a5f6-68ab682d3112,809.26,Credit Card,risk_flag,77.1,4,103,give_up
6fde9192-ac59-45a9-b5e4-b91ce710f193,d1b5f953-436b-45e9-a72e-143a090d953e,643.32,UPI,insufficient_funds,178.46,1,0,give_up
8bd74bb6-11dd-4aab-a690-45e4c30d4b54,8309d783-3858-4f31-80cc-5ddaf8eda243,122.23,Credit Card,gateway_timeout,500.55,0,30,retry_later
71d554c3-79fb-44a0-a2e4-214a0cf4c90d,4a2098b9-1c03-48d8-822b-3fefefdb89b9,2208.88,UPI,expired_card,28.33,0,57,switch_method
784fb623-81ae-4d61-8f13-285587a1c4cc,edbc245c-7139-4855-83cd-283e04edb8b6,1623.75,Credit Card,risk_flag,2676.62,2,1,give_up
36142910-36b8-4bf6-ac39-fff96667d936,fdad4916-bea0-4345-80c6-002f177ad102,7919.23,UPI,insufficient_funds,208.03,1,14,switch_method
2db29446-b036-4178-b502-9bc379231639,9d494e64-13ac-4449-962c-5719e9d0e373,2883.53,Debit Card,insufficient_funds,721.03,2,23,give_up
cc9daec8-4b1b-4c3d-8109-1580553020b5,d65248a5-5ad6-4be3-877e-798aef6a0553,10244.52,UPI,insufficient_funds,12813.41,0,1,switch_method
d90c494f-bd43-4917-82ba-7c7e8dfe2f00,01f97892-cfec-41db-ac28-96a092a902ea,730.28,UPI,gateway_timeout,249.41,0,47,retry_now
244d8c5e-bcc6-43f7-b88d-55a20756194b,f9ddde4e-18bf-43ad-b3d1-c4fff5ac42d2,7939.42,UPI,expired_card,29.78,0,59,switch_method
defa8be0-1665-4208-8ac4-14dfbdcce29b,4e17e61d-db24-40cf-836e-5bc1399a7265,909.06,Debit Card,expired_card,120.4,0,15,switch_method
4552891c-26f8-424f-a233-7d72f61a7509,4592b4ec-a359-453f-83c8-a568f578be05,4968.51,Debit Card,risk_flag,1132.22,1,47,give_up
a39e70a1-6347-43fe-889c-c9e248c1fef7,5b3e24b8-f7b8-46e8-b8ec-ba8a28e421d4,271.41,UPI,gateway_timeout,150.41,0,422,retry_later
2b9358b7-f2ed-42b5-a70a-9ff1288f6b69,7a98944e-64d2-4acf-933e-fc99225fee4a,2454.49,Credit Card,expired_card,484.19,0,130,switch_method
0a1f45b6-f5a4-4f1a-9ff0-1486585ce050,86d39d0e-d730-49ae-863e-23b6e4f568cf,136.99,Debit Card,insufficient_funds,1117.51,0,3,switch_method
b45c47aa-ddd9-4c25-b0fe-175e71690c32,6360e119-a93a-4ed3-ae2e-d712c246e69e,1277.58,Credit Card,risk_flag,246.19,1,8,give_up
5e461a09-47d4-4970-b500-7135b21b8d40,2233e213-a3c4-4c73-874a-b2fa18cf1ee0,3204.98,Credit Card,incorrect_pin,452.22,2,40,switch_method
a36d30a0-fc10-421b-8621-8067d413a5ff,8f031988-4d19-4b2f-abd9-1b9fa0d68de6,918.5,UPI,gateway_timeout,240.2,2,16,retry_later
014a8d6a-277b-40d5-8ad5-11cdb08d2b39,e76ab7fc-b7a5-4030-bede-c2b344562831,461.48,UPI,insufficient_funds,874.63,2,5,retry_later
c0bd3f42-c684-4934-80a7-0fd36c5ca7c0,af3067d8-737d-44a4-a2c5-220a3ae3b434,5431.41,Debit Card,expired_card,283.53,1,17,switch_method
2243449f-4d36-446a-a780-5fc4537daf5d,4d4d39fd-c8cf-4078-af5f-a939dbf9d817,1580.5,Debit Card,incorrect_pin,650.97,0,3,retry_later
f90bebc3-adf4-4ed1-b12a-f2b1a50f8db5,ae194009-1699-44a7-9cad-1a730e5bac7c,956.77,Credit Card,expired_card,74.77,2,45,switch_method
23af909c-55e8-48ab-8830-e1cefb6a55db,b2d12c5b-4cfa-47be-b04f-cb3937122f02,1909.25,UPI,gateway_timeout,192.4,0,40,retry_later
49853d86-d448-4b9d-80aa-d9737cf25418,d217e142-09c6-4e20-978a-3576f57aa81b,55696.35,UPI,gateway_timeout,10.0,2,0,retry_later
216ca077-ec90-4b8c-b0e1-c8ed6d1eb97d,b3cd0d50-7461-4048-b11f-6cbc69f20f73,8099.47,Credit Card,incorrect_pin,2859.91,2,39,retry_later
eeabf94d-92c6-4c91-a9bc-ac2ee5dc784b,ed238fa6-0e4e-44e4-b85f-3392c007c4bb,8195.54,Debit Card,risk_flag,999.88,1,44,give_up
d86b02c1-054d-4d37-a515-c377dc54ecad,1a90b0ab-9ea0-4bf9-92ba-49d71ab36618,3185.01,Debit Card,insufficient_funds,289.69,0,55,retry_later
28273f13-5ade-4c36-a6ed-e0ac92d134b5,105d8bb9-7e68-4a03-8e0d-84461c9f8fd7,2244.93,Credit Card,expired_card,413.16,5,210,give_up
c3616997-568b-41b8-8e3d-a0592eea50c6,1e2b8579-7545-4ba6-ad97-4b375f2d02eb,80.25,Credit Card,incorrect_pin,544.5,2,243,switch_method
38ed22e8-da67-4e13-a766-a8b97df173ba,d4bc0d43-49e9-43da-9908-eb964ab5ebbd,747.94,UPI,gateway_timeout,175.07,2,44,retry_later
2c6e4a00-404d-4eeb-afc3-e427373cfe1a,0b7a8f3e-8102-4a09-b7a2-d3f99e91a20b,968.02,UPI,gateway_timeout,328.4,0,111,retry_later
a321b548-15d7-4747-bbd5-32bf0632ba20,73d40666-9965-417b-b0c4-3b55da502ebc,158.01,Debit Card,gateway_timeout,1853.75,0,5,retry_later
7ad23a98-07c7-4547-9871-d2c2ee53f9fd,5e4e5935-1d40-499a-acaa-ad80da23399a,401.56,Credit Card,gateway_timeout,10.0,0,45,retry_now
be7f9ba7-b8e1-4bf1-8548-a49910552d03,3b91e442-6632-46a5-941f-7d5ee78c2eab,137.68,UPI,gateway_timeout,2496.32,0,68,retry_later
38ebffda-a6da-4705-ba38-ef615e2e70f7,6b9f78f4-434d-40e3-ae79-ea412067e0fe,1720.17,UPI,insufficient_funds,538.72,1,49,give_up
0994bc73-1cbe-43fb-9d78-3427c70c3443,c974861d-bc57-4e90-805d-859d8e4f4d8e,5241.67,Credit Card,expired_card,502.5,3,15,give_up
22bc8a7e-2963-4243-9671-2da0f440e805,64ac5781-f4ca-4f62-a083-b55d67e1cff4,7622.1,UPI,gateway_timeout,55.5,0,3,retry_now
302b5b8b-57ab-42af-93fe-72e82faf7d40,a3812dc7-aa39-4231-970c-3fe021b2b044,3100.19,UPI,insufficient_funds,164.38,1,29,switch_method
bda8215d-574a-4558-8170-c3f0b82d75d2,8e0287f4-8789-4a2c-848b-c65484e9e272,516.76,Credit Card,expired_card,197.45,0,62,switch_method
c2463574-bf7f-4e8e-a138-f41861d94e30,fc83a26d-15a0-40a5-b359-d37ebadf3e0b,146.69,Credit Card,risk_flag,2220.52,0,287,give_up
561902bc-25e1-4655-8c6a-9aeca0a00905,23aeaed1-10be-4d2f-8a09-2eda0599152a,184.21,Credit Card,risk_flag,317.01,4,16,give_up
476a8b9a-31a0-4342-9032-17b10084dbe2,5b5b7699-656a-4d87-a358-75a90074976f,347.35,UPI,incorrect_pin,1937.82,2,149,switch_method
698e1e6d-e65f-4cbb-b5db-7d6a62976dc6,46a78882-7295-4466-bc95-93930e8d6a25,569.34,Credit Card,expired_card,739.26,1,4,give_up
6f80206f-6ccf-44b3-a73e-fcfe6f8de891,27f07211-b2a4-4b45-9ee7-32ce9f5e9a3b,1468.98,UPI,risk_flag,136.97,0,160,give_up
4b3bcc09-de67-4133-a4d5-044bbf62c066,971ea5cd-85b6-4179-9422-2d86e6f981fb,483.76,UPI,risk_flag,51.08,0,107,give_up
5f47cf9f-39c3-4e4c-8b8b-effd3038c514,fff5fa3a-a727-4c2b-815d-2d20b2479af8,2809.24,Credit Card,insufficient_funds,746.38,0,1,retry_later
8ace82a9-42f4-470e-89b5-4664b2302423,5ef7eacf-6298-40b3-80bd-15799993498e,1336.81,Credit Card,risk_flag,358.7,0,21,give_up
97b01d71-5460-496c-984f-d6aecbcbdcfd,2cd6f30a-edab-48bf-bd4c-d07cc5d0ffcf,1833.0,Debit Card,insufficient_funds,566.44,0,3,retry_later
37731a52-7573-4b31-af60-96f11c03dc03,71b1517d-c533-4276-9466-43b4589cc536,7961.13,Credit Card,expired_card,224.33,2,324,switch_method
e1484719-46d2-4162-bc6a-88bbc215e5d9,6ce0f95f-bd87-4043-867a-08d64257aca8,389.83,Credit Card,risk_flag,2992.99,0,33,give_up
dce7986b-469f-4fd2-9afc-39b6d0a92a58,cd559bd8-98c4-4e1c-b076-fd954d9ca2d9,3116.03,UPI,expired_card,648.63,0,65,switch_method
2ebf9a0b-b978-478c-9831-1d9559d086b0,94661960-5efa-44fa-9466-0de0ee182b85,1775.5,UPI,incorrect_pin,175.92,1,16,switch_method
cebc64ea-6848-4e06-8ff7-96f9a4071565,960a81f3-2d2e-47f4-a432-00bc653c42e9,1172.0,UPI,incorrect_pin,174.78,3,162,switch_method
f76b98fb-9a05-46ce-915c-79c8c273171f,34d2e923-97ce-4508-a6db-5de5ed2ed106,5714.91,UPI,gateway_timeout,527.73,4,19,switch_method
1f1074ac-92f8-45de-ac5f-bb09ae126da1,387d176f-c928-47ca-b02a-624162fdba80,5668.72,Debit Card,expired_card,853.64,2,18,switch_method
f4852414-5db7-426a-ab56-0822e1a18702,32f3ae1d-dfce-4131-91c7-d9201d101387,528.25,UPI,incorrect_pin,2350.83,0,22,retry_later
02ae9bd0-224c-44df-9775-280f435466ae,fb7f4b50-7dfb-4b54-977f-21b6a6effc12,1426.8,Debit Card,insufficient_funds,342.68,0,37,retry_later
ea671697-0ee2-480a-94d5-440b8ec2bdf8,ffe38a5f-bcfd-48e1-821c-5eda21bcc3c7,2606.01,Credit Card,risk_flag,237.32,3,1,give_up
b23999c7-0dad-46e9-8cf2-89eddbcdf905,23c77926-7664-443d-b39e-4a7eb2ab75fd,1267.87,Debit Card,gateway_timeout,10.0,3,54,switch_method
ec163366-9507-4b8c-9e52-e1e064a9d36a,bc31abc3-ff0b-40f4-bf7b-6569b8b86e46,3868.13,Credit Card,insufficient_funds,192.67,1,1,switch_method
6be28c8c-7528-406d-8656-776ba9300e3c,e2f2f4d3-ed09-4414-83cd-3de71216b994,2605.94,Credit Card,risk_flag,198.87,0,46,give_up
a6147578-c05f-420a-977a-62831af4a693,e8ea273a-13b2-45f4-bf1b-fc4e6b6ebce7,19581.29,UPI,gateway_timeout,843.54,0,36,retry_now
ebdd3974-981e-448e-a4d4-4486b6a5b34c,0f33bb46-7ec0-4d2c-96f8-10f610280234,247.31,UPI,gateway_timeout,59.3,3,16,switch_method
9662b895-99a1-46b3-a349-fd1a65db705f,69f0e64c-1adf-49a3-bf33-2452455e9658,1542.0,Credit Card,insufficient_funds,436.95,0,24,give_up
14b2346d-52bd-4d4e-a319-f5c09e53fc35,ef2d724e-b523-4d69-87cc-78d700369915,554.99,UPI,incorrect_pin,3281.23,1,73,retry_later
5ccc54d9-0544-41cf-887e-b37c6554255c,fd28c454-ded9-4a4b-a7ce-ff7b09d44f31,3965.31,UPI,gateway_timeout,225.84,4,0,switch_method
a543961a-b386-4948-80fe-825c7b0688a4,7db7fbea-6e50-43a0-940d-16808359d623,220.89,Credit Card,incorrect_pin,10.0,2,22,switch_method
836fda00-bf3d-4178-b6bc-01bc51cb7710,8521099c-22fd-40b0-95f4-e7a597b29635,2836.16,UPI,gateway_timeout,269.5,0,68,retry_later
310f1358-631a-4730-9c67-1eb0f176275e,da4e456b-ed60-4102-8f20-d13c504ba4a1,797.07,Debit Card,insufficient_funds,10.0,0,9,give_up
2459c180-9b37-451c-a1f1-c9d906010246,7fb0ed02-05be-49a9-bf91-0e81c1611ced,696.17,Debit Card,insufficient_funds,1089.25,0,49,switch_method
4c5ee9e8-f087-4851-93ae-2eea317f92a1,40de7a8f-61e8-4b2d-ab42-f4aa40da9989,275.77,Debit Card,incorrect_pin,498.78,1,11,retry_later
6cfa09ec-0944-48d7-9f4f-c7b79da85915,78a11424-c760-43bc-938d-612909bf00fe,987.72,UPI,risk_flag,242.92,1,10,give_up
2c27df87-22fd-48c1-bf23-e437ebe3a1f8,7b0dc29f-a889-4ba5-9964-f2cd7b52636f,7404.56,UPI,insufficient_funds,15.49,0,88,give_up
ba39e44c-68f5-461e-a44c-9008c44736e8,99c79aea-b808-4d6b-b7a4-1569bc53acf6,1749.8,Debit Card,expired_card,570.34,0,18,switch_method
ac086c28-f666-4377-8f71-2998741fc544,488fcc38-5468-429a-a3b8-0c83c0459ad8,4088.71,UPI,gateway_timeout,421.13,0,28,retry_later
851fb70f-3060-44d1-bdb5-43421e006dd9,7957806d-e193-4a97-a336-0cbde1570532,15741.16,Debit Card,gateway_timeout,855.16,5,78,switch_method
b030389d-2793-43a0-aa58-bd8d159d8e56,7e048b69-fe2d-49c1-9cf5-b64b757626e5,2547.54,Debit Card,expired_card,394.41,2,11,switch_method
fbfd921a-992e-4968-ad88-9f5469463861,227c2cd8-13c3-4024-bc8f-163478a015a8,874.42,Debit Card,insufficient_funds,1585.54,0,45,switch_method
b32caf00-750e-4251-b658-463893d1f0f9,69fd13eb-ec61-4eb7-be57-7abd39bc3b52,3319.03,UPI,risk_flag,173.12,4,149,give_up
cfde3e74-2c3b-47c0-9f17-71983080920c,f3f7fdfa-c1fd-4c6a-b9df-e4da57d33454,891.06,UPI,incorrect_pin,2463.53,1,48,retry_later
f284a673-4fbb-47be-9913-d53b37470618,8f2a9f76-4b0c-4b54-888e-5a7583bf784e,938.47,Debit Card,gateway_timeout,1000.82,2,3,retry_later
d27a5878-9cdc-4e44-985d-b5a7f4fefb63,2b3b5b2c-575a-47ea-9e16-9891b29f1efc,250.67,UPI,gateway_timeout,253.12,1,53,retry_now
88ec79e2-8c68-4854-9afc-96cb06786045,189d11c3-e5b7-480b-b7a6-3838536645f2,6027.78,UPI,gateway_timeout,279.77,2,5,retry_later
99e38287-5ccf-4110-9a45-c2d892a56c10,e83a1e41-4058-4036-9cd7-6e3e26ca387f,1094.66,Credit Card,expired_card,507.99,0,19,give_up
05c3e0d4-eca5-4707-ae0c-ae2ef4d3ad4e,a676261e-3cc0-4fcd-8a99-d798b22cf999,2290.96,Debit Card,gateway_timeout,379.72,1,113,retry_later
276b32fb-8ca3-4349-8708-f98ece6573d3,d4d17021-5435-457e-8b41-02d072014430,470.24,Credit Card,insufficient_funds,283.18,2,0,retry_later
a800e353-8e71-4135-aeec-f3c3aa7261a5,01911283-be32-4449-8436-59ed84f63580,3186.67,Credit Card,risk_flag,2638.82,0,4,give_up
85ba0f9d-67ea-4539-8e93-cde83f33c37d,d786185f-8614-4753-bac5-3dc2e227e37e,671.47,UPI,gateway_timeout,3041.64,0,27,retry_later
590e7b00-df34-4247-99bc-c39be44e7872,1f31c5d4-10f5-4878-8354-69863f259719,1503.84,Credit Card,insufficient_funds,193.18,0,444,give_up
628a9355-0a8f-4dc9-9ea5-899b509d2346,1b82d13a-9fa9-432c-90d5-7d2f3570be3d,5659.97,Debit Card,insufficient_funds,3063.67,0,20,retry_later
a80afce3-465e-4b6a-87f5-a71c0b3f2c68,06cbe03b-5d3d-411e-afd6-c2c4d9d14906,5054.26,UPI,expired_card,15.18,0,10,switch_method
977b5b58-b058-4332-9171-d8c65b3c4daf,e53c8751-47cd-409b-9c64-206a5c13dd38,1757.0,Credit Card,gateway_timeout,432.88,1,47,retry_now
a9ec717b-6e75-4c97-b203-e55c94ef6df8,80591d62-85ed-47f7-a5d2-8be1b8645f76,181.53,Debit Card,gateway_timeout,211.67,0,43,retry_later
2587d4c8-f85b-4306-8e43-bde5b21d6a1a,fd506e1a-d1b7-4b98-9ce8-0eaa4b263f26,88490.79,Credit Card,expired_card,366.38,0,35,give_up
e0b44dbc-4681-4817-9b49-8657d5101b18,929ea005-4a64-43ed-85bf-1a9bdbb249f8,17494.06,Credit Card,expired_card,1464.07,3,175,switch_method
8224d356-701c-4f84-ad21-5cf86b8e11a9,6c635c05-4eb3-410d-b509-fbfabd9618eb,4626.14,Credit Card,risk_flag,10.0,1,19,give_up
c393925a-cdcd-4d14-b9a5-9b75768aa45c,cde2ba51-3ee5-40cb-9fe9-2d8b839d6868,679.15,UPI,gateway_timeout,535.68,0,20,retry_now
262b5658-9484-459a-8079-8b22736015ff,480e25fa-c094-434c-ac8d-19c2d4a80db0,1559.83,UPI,gateway_timeout,284.31,0,9,retry_later
9a2deddd-bf0d-44d7-b2a2-96fd2291d940,c9626a31-4c46-4137-b285-4127b801ba1e,892.08,Debit Card,incorrect_pin,7192.08,2,71,switch_method
df016d4f-7f4e-46e5-8b57-9afb9065ef3b,5bf9aea7-5c05-4fb2-9536-a51a7c157527,9348.89,Debit Card,gateway_timeout,3473.63,2,23,retry_later
90abaaa1-f583-46be-b297-0ea3485d3561,672a6293-7e8d-45a4-80c6-00349f8639bd,2543.39,Debit Card,incorrect_pin,9884.27,0,97,retry_later
e2270859-7b8c-4a95-b7f8-5bfdf3f90751,732956d5-a536-4bd7-be82-0c81316564ce,652.35,Debit Card,gateway_timeout,1652.62,4,214,switch_method
83959479-3fb0-4bf0-85db-09600d95ee72,b9fdb865-d8d1-42e6-9930-0e988d37a77d,980.46,Credit Card,expired_card,262.77,2,2,switch_method
24624594-a4ca-411d-8ff6-9cc746cc66dd,2727d1f9-fe5c-4049-9dd6-fa22bc4ca15a,7766.26,Credit Card,expired_card,167.06,3,298,give_up
02401988-dcb4-4d31-b6e2-674a4a9b2d98,1d7f6345-352a-4f8d-9da1-b8ed505c056c,14474.26,Debit Card,insufficient_funds,157.09,0,17,retry_later
50ca3d23-0181-4712-920e-4f99679e7b8d,79b26a48-9361-4078-be68-651da094d3a6,13184.95,Credit Card,incorrect_pin,372.69,0,32,retry_later
ada1a2be-b743-4c4f-95bf-ae3cc6fb3d98,3a61d563-e1c2-4e99-84f1-cead78eda9c5,4837.44,Credit Card,insufficient_funds,885.68,0,90,switch_method
371ce6de-bf16-47af-b3c6-3238f28d2e0b,a42572ce-2ff7-483f-9883-dd7bfdbe0223,1301.91,Debit Card,insufficient_funds,1793.6,0,65,give_up
bc687834-55b3-4557-85b2-e7d193c0e10f,5a44aa26-7ef2-4d10-b231-dccec6dd7f2d,50.0,Debit Card,gateway_timeout,243.14,0,90,retry_now
164f9757-e8ab-42be-b6e4-31a0ed5adc4b,ab7f30ce-022d-4ce7-9c83-3adac0825396,2660.6,UPI,insufficient_funds,1230.83,0,37,retry_later
ce77abe7-f030-482b-b550-de43f7f4574b,4cbba153-9118-4e91-9367-691437aad0e7,1803.75,UPI,insufficient_funds,2231.66,2,148,retry_later
143baa2b-78ab-482f-8c73-c03480cae4d7,a9be1e33-df90-4ddc-b444-a4c73ff23d81,2168.9,UPI,risk_flag,1295.37,0,93,give_up
3128f850-25ba-4848-a371-a722b9065ef3,75a6fef5-21c8-4a1a-a9e8-a215df95a198,1939.27,Credit Card,insufficient_funds,915.89,0,22,switch_method
0e6b9db5-c54e-4b30-b9a9-633b9a2ac931,0fa99ba3-98b3-4f7b-8b32-00b368fe6d6c,322.42,UPI,gateway_timeout,46.1,4,177,give_up
ad50ccf1-2243-4b23-b855-af12934822d6,a302e02d-e107-44d3-98ef-b3e82233e115,3731.74,UPI,incorrect_pin,1028.41,0,194,switch_method
5fb7ecd2-37c7-4c01-9a28-d29fa7ac4b1a,0de7839a-460a-4a97-aa45-129b3f6da594,4112.89,Credit Card,expired_card,6107.75,1,32,give_up
95f3ad56-9c8e-4ebc-b523-e3cbff3931fa,aa6c0250-a258-4f62-acce-d8543756a565,4389.81,UPI,insufficient_funds,433.68,1,63,switch_method
2d067365-3e86-4285-9cd4-1f07c117856d,d0ffc7ad-1280-474e-a065-60c8bfe51304,6189.13,Credit Card,expired_card,1264.28,4,101,give_up
7510821a-5a00-4953-8847-03258f95f9ff,b6c6b39d-b4cb-46d6-a7b0-9fb8450b89bb,3965.02,UPI,incorrect_pin,157.61,3,101,give_up
da2be7b6-215e-473c-bad5-b3a5c70c26e3,567daba9-d830-435d-b132-dacff6d4cc02,1060.99,UPI,risk_flag,1976.75,0,0,give_up
18612d29-5ff6-4c8e-a070-9df8029c8e2a,87cb4906-c3f6-4346-b764-bff201987072,1648.98,Debit Card,insufficient_funds,392.55,4,59,switch_method
589ac4e1-2b83-455a-b20f-fc8cfafa022a,915264b0-2a43-4d5d-925a-c08feebdd87b,2035.43,UPI,gateway_timeout,537.74,0,218,retry_later
ccbacd8a-89b1-4c39-97cc-ce43de5b49f3,a0c0d170-aa64-4b78-9b6c-753bf830e3c7,2079.76,UPI,insufficient_funds,238.97,1,15,give_up
4e4c83a3-44ab-4a0c-8d5b-9a7750f2d365,331f2023-8bec-43eb-b03f-ccc785428aee,6618.89,Credit Card,incorrect_pin,285.66,0,95,switch_method
7aac50c4-6835-46eb-9bec-646283e2baa4,2be3a2f4-40f4-4184-bbe6-217650d61361,4174.58,Credit Card,risk_flag,971.14,1,45,give_up
206cb39a-eccd-4197-ae80-87593b1facaa,c3d1c9c9-7d97-42f2-a3a4-7a2d60aeb982,26917.89,UPI,gateway_timeout,1034.41,1,15,retry_now
5e775222-e9b8-46bd-92bc-727769702496,1ad5f2eb-7126-4065-8e0e-fe95151e7535,31837.8,Credit Card,expired_card,25.79,1,3,switch_method
80713040-856c-4847-b3da-2b15e5f489a4,8a65774f-6249-4861-b104-376a49b7e6e5,2005.29,UPI,incorrect_pin,312.93,1,85,switch_method
4b4714dc-a245-426c-a17d-08f242679382,078ae5db-0d64-4d58-9730-15641f5d1e06,50.0,UPI,gateway_timeout,10.0,0,22,retry_later
22c70516-0226-4b3c-98a6-2ec5aebb7155,e6f24a83-e1a7-4fed-82b0-675243d1baa4,9026.16,Credit Card,insufficient_funds,10.0,0,28,retry_later
7586b33c-0038-4a85-9813-7ed51b5de53e,8a1a6af3-6927-42d4-b030-452951d8c705,895.62,Credit Card,gateway_timeout,328.57,2,39,retry_now
4a09b289-e173-41c1-aa09-c506b6a01987,4b7ad06e-64fe-40cb-b5ca-a3a54c1a16b4,637.83,Credit Card,risk_flag,111.31,0,42,give_up
48019a35-f066-4acc-8062-6299c8857456,9caaa85f-d7af-4764-ae98-ac1648f585ef,1077.09,Credit Card,risk_flag,199.62,0,13,give_up
92080a30-0b99-4bb7-bb98-004c31a0abcb,fd7aeba7-3e2f-4f9f-a901-c329be60094c,1011.68,Debit Card,insufficient_funds,315.67,1,66,give_up
3c3284f2-9a69-44e7-b6ee-bde3ba777c18,497b61c1-ce08-419f-a01b-8d10c1cefa28,4007.61,Credit Card,risk_flag,25.22,4,70,give_up
73612711-61de-44dd-b890-fef51e132740,375490ca-8a28-4418-abe8-5803bf2c6ce5,238.11,UPI,expired_card,5836.21,0,9,switch_method
1bfc2d24-c74a-46cc-b8f2-106ac74d9390,7612317b-17c3-44bd-b827-51d556376eb6,445.4,Debit Card,gateway_timeout,7026.31,1,45,retry_now
852d3a52-d49d-4a93-bd60-8db82d0adf3c,b3ee38a5-e80b-44ca-9558-0e688bfbd915,2824.56,UPI,incorrect_pin,323.73,0,56,switch_method
bb2ab485-376e-4d56-86bf-4005adf4480b,db07174e-1679-479b-a084-12ccd3e55768,4063.61,UPI,risk_flag,226.65,0,12,give_up
893e6a42-0e50-4353-ac95-df023a84ded0,f7c96290-355c-41c8-a34c-452e78961ec1,4163.05,UPI,incorrect_pin,574.13,0,134,switch_method
e27e1c6b-af8a-4c56-ad5e-a97dabfcfd38,8e69f89a-db4a-433e-b7b4-e3f9e37d9d2f,649.92,UPI,insufficient_funds,136.07,1,39,retry_later
2fa6162c-68e5-40ff-ace9-696f03a17ef6,26179196-40a2-4d56-8979-9577dce47b29,506.87,Debit Card,gateway_timeout,41.92,2,7,retry_later
2a4fb9c5-7ead-4097-9c01-ffd20becc019,07fa0b7a-6cf8-47c0-882f-f33a21a64067,935.77,Debit Card,insufficient_funds,302.66,0,24,give_up
6419e422-0cc2-40c8-8b30-346621dcbc9c,7568ad33-806a-43d6-b8b5-735dbe44bc5f,2469.66,Credit Card,insufficient_funds,2898.19,2,38,switch_method
f59b9a3f-71f2-4335-a197-c7c1b9a1b4a4,e843011e-3e71-4a62-bf71-973cee730162,12470.49,UPI,gateway_timeout,2606.9,0,0,retry_now
6ce196f6-9825-4ba1-975b-5bea29505a1c,0bb50cd2-3229-4251-afb6-d82707a32d0f,126.26,UPI,gateway_timeout,5543.39,0,1,retry_now
828ee7b0-0ba4-46f5-a748-83b5c4f26221,ce35883a-bbec-4d34-a50e-fca01362d585,1357.03,UPI,risk_flag,99.72,1,3,give_up
ec5a2b5f-6856-4bb9-9238-71f02af94b2f,04f4ceea-9e9b-4fe2-b7a9-9a47b99af2b4,319.74,UPI,incorrect_pin,1602.71,0,46,switch_method
d965c3bd-d52e-417c-b4ee-c22d6ec1d67b,718e757b-9010-4e1d-9536-253efe210422,211.05,Credit Card,risk_flag,64.36,0,24,give_up
ad50b33b-5e7f-4157-ae4d-6ce78a51141a,cb7d646b-2156-475d-a120-da204e456d57,6355.3,Credit Card,gateway_timeout,8103.2,2,134,retry_later
49a56c25-daa7-4a67-b0d1-795738fa100d,a74a559f-55c0-4e37-90d2-0796505eb931,3670.24,Credit Card,insufficient_funds,179.2,2,49,retry_later
f806394a-7aca-4332-8b14-3cad917bb1d0,567a8788-d009-45c3-b8dd-d019c3e8448c,3243.03,UPI,incorrect_pin,88.55,2,85,switch_method
ebbf3620-8a3c-4404-a9ee-f1dc430fe63e,6cac105a-2f72-4283-b1c0-0097a95e188e,5986.93,Debit Card,incorrect_pin,473.1,0,69,switch_method
fb258645-819b-413e-86d0-f6683e470032,90338dde-a141-44d7-9f47-2ff857e60b05,969.1,Credit Card,risk_flag,218.05,0,44,give_up
95e9c8ed-9f39-474b-ba52-d6a4014a4d86,b1ee10cd-2516-46b9-926b-ff30b4593d10,1030.26,Credit Card,gateway_timeout,637.03,2,81,retry_now
796375e5-5eec-4f27-8e6d-7425f008dbe5,09d71381-ff8d-4247-b689-b3b3abb47de1,30990.93,Credit Card,expired_card,9255.66,0,47,switch_method
75f74528-ca43-4b27-aaf5-abc7725eca1b,f80eebb2-104c-44ef-b957-346bc309c24c,1312.2,UPI,gateway_timeout,420.89,2,29,retry_now
324d31a7-93e1-40b2-b894-1ca26502f05a,235862a6-596d-4b66-9ca3-1a5bb04d3fa6,4701.66,UPI,gateway_timeout,32.7,2,34,retry_later
c69c2ab0-c8db-4508-816b-e46d8fdd2b99,fae31fd8-10f5-4201-936e-94c461aac9cd,1823.1,UPI,incorrect_pin,3105.4,2,109,retry_later
572db484-2c36-4e99-a6ad-7794e57614d2,ca9fe431-5536-4429-82ea-6c8382bfdfd8,163.57,Credit Card,gateway_timeout,2929.84,0,49,retry_later
9e83bcb9-bec9-4e36-b32d-65641b504cf0,4bce2c7b-4eee-45d4-b0e8-a665b3236f07,126.72,UPI,gateway_timeout,1533.13,4,28,give_up
3b1c19c0-4bf1-4869-8d19-4f967501494a,9b282a55-538e-486a-bd8d-7d604ddd9d21,851.77,UPI,gateway_timeout,779.7,1,11,retry_later
5f39aad6-4597-4fd5-99cc-20209f8db218,f18d3b73-2240-457e-b817-275107a92e4d,7136.17,UPI,incorrect_pin,892.15,1,41,retry_later
7a64ba56-af49-46d5-9ee7-2b1ab75186d2,4a8c1860-b4be-48a9-ae4c-cc279a44ccb7,5038.07,UPI,insufficient_funds,4099.03,1,17,switch_method
e23fbb3e-04ea-437c-b33e-424cc5678662,54052ede-9972-4a6e-b253-f32bf0754e11,5933.09,Debit Card,incorrect_pin,374.97,0,186,retry_later
4d75db98-0411-48ba-b584-ebc62dd5e0c0,9b0e1e7e-ca61-45c4-b1a8-2367b99e27ab,501.12,Credit Card,expired_card,327.49,0,40,switch_method
89292252-4334-4783-aefe-8f8775018cec,fffcebc7-4a42-4695-b506-e588a43111a1,14774.15,UPI,gateway_timeout,3092.68,3,0,give_up
704867bd-9913-4665-9e4d-b1f3898c620c,a020d65f-1327-4dae-bf6a-d34fe718c2a0,515.76,UPI,gateway_timeout,222.94,0,5,retry_later
3fb1236a-178d-4784-bcb7-089f77b25d50,42fb9e52-7668-41b4-9188-23d9fee67193,2384.33,UPI,insufficient_funds,164.72,0,20,retry_later
07ff109f-dd26-4d1d-8dc9-eeb7a251d92a,6a00ecb6-cd2c-4579-a5a7-c6e38e621c90,1783.87,UPI,risk_flag,4820.42,0,5,give_up
2649cb80-7089-411c-ab1d-8bcffbd5f5b0,9885f88e-bb92-436b-b9df-19a87a24cb79,1442.26,UPI,gateway_timeout,136.54,0,134,retry_later
62e591d2-48b4-48c7-9eed-15ebd35689a5,3a2581df-56ab-4bcf-913b-0c1ec77b8ece,10302.79,UPI,insufficient_funds,530.0,1,115,give_up
cd519649-cde5-4814-b36d-7378634c71d9,901370b0-287a-40cd-a1fe-7c5758648ac5,722.96,UPI,gateway_timeout,393.05,5,212,give_up
d5171bba-4b73-499a-ac4b-59f0baa377e5,06148d4a-f9bc-4245-8aec-79dbd1ebb7b7,312.78,Credit Card,risk_flag,7708.17,0,73,give_up
291075ce-b686-498c-bc20-383fdc54e7bb,0bcf6a67-6dc5-4e37-a5cf-66dd9d571fb2,1855.66,Credit Card,gateway_timeout,1110.91,2,62,retry_now
7d7cc8b0-6bc7-481f-9413-78a40c7cfc57,0199dbfa-b2bc-4855-8f91-798bfb0be91c,1075.16,UPI,incorrect_pin,198.52,2,154,retry_later
d4dccf81-00b5-4072-b462-32287cbaace2,b7cebcd7-25c8-467d-bcca-2d5c2e1a5694,145888.48,UPI,gateway_timeout,555.92,1,175,retry_later
1f1375a3-d481-49a9-b89e-371d17db6a59,098c5d88-7bf5-4bc0-a7d4-f4d2c7aec347,4356.65,Credit Card,expired_card,4557.26,0,125,switch_method
72f1f42f-251d-4ed9-91db-fd0104347bcd,a74976af-fc02-44d3-8903-f288f01d9bcb,1061.94,Credit Card,gateway_timeout,304.47,1,118,retry_later
5a82dd47-14ff-46df-bb05-7fe6a045756c,25369e74-160a-4fde-8e8b-ebd5d1b40b62,458.09,Debit Card,insufficient_funds,7688.78,4,66,give_up
37fa736f-fbef-4bdd-8969-4a6127211912,5b023f56-1878-4fdd-b7c3-1211d8b56079,156.9,Credit Card,expired_card,363.49,0,0,switch_method
a7fa96df-8e54-42f0-a5b6-2d406d1ea317,44d5f5f5-9785-49b7-b4f1-8a39eb392c9c,476.86,UPI,gateway_timeout,67.54,1,33,retry_later
2b6c3dc6-cf36-43ca-a845-ca47157a6d37,a5e9d72e-6cf5-4f9a-a4b5-204189c0525c,2099.44,UPI,insufficient_funds,1197.98,4,60,switch_method
db702537-17c4-47ed-8653-d2a1cd9e6899,8eb723a2-2450-4a30-a9ed-bb339989775d,11562.56,Credit Card,gateway_timeout,721.08,2,47,retry_now
df7e8489-57de-4e59-b851-1c31828b3008,22c5012d-97f7-4e98-8409-65f04518982a,7771.32,UPI,insufficient_funds,365.02,1,103,retry_later
d6225b56-fa7d-4435-9020-eb9ba7c8d833,21b633dd-d764-4628-ba04-0361285b10f6,2435.3,Credit Card,gateway_timeout,295.8,5,102,give_up
f9ac28ab-3522-4cd8-8fa4-1e44b4f6b017,189b8dbb-4c33-4893-b659-3ab440c97019,1187.83,Debit Card,incorrect_pin,474.88,0,54,switch_method
0334d2d3-2cd9-4a59-8bdc-b7f3277cb724,df17a851-0acd-4794-946b-7d2bf6ac254f,2564.34,Credit Card,gateway_timeout,2215.34,2,1,retry_later
cca0b2a3-741d-4e3a-b5ca-ef8557ae05a9,db32e557-571f-48db-a9c6-02b319e4525c,921.29,UPI,gateway_timeout,61.9,0,27,retry_later
b5765462-d7aa-40ea-957b-5a911b55dd28,5cefc479-1ba1-444d-8203-b99a3098df48,16879.8,Credit Card,gateway_timeout,157.9,0,15,retry_later
81569db5-2e0d-4fe5-ba62-e7e14752bb99,643aad0b-fb0a-441c-973c-7471bf8bccf9,1413.82,UPI,expired_card,536.6,1,24,switch_method
97c543be-fbf5-439a-90ef-3246a5b0beeb,27dd1dff-9397-456d-80fa-0074757ae433,1616.08,Credit Card,risk_flag,3068.11,0,57,give_up
1526d292-9474-49dc-b3a4-eaa5ab40402f,d44f0029-8879-4c55-8338-8b3b5b639a79,101.44,Debit Card,incorrect_pin,385.09,0,4,switch_method
df657cf6-7441-4d25-863a-1c9294858655,a1e0563f-00ea-41cb-be5a-acf552eeac71,1402.39,UPI,risk_flag,1092.64,0,1,give_up
c49b4dcc-cfa4-41bc-a663-a65c5ef2e1a3,74aa6622-20b5-491d-ae45-9d0f104af6a4,5363.81,Debit Card,incorrect_pin,443.4,0,34,switch_method
a97a767e-0eb8-4017-b374-c66949f65dcb,5a1733f2-5883-412a-ba98-ed0374e7e0b3,451.22,Debit Card,gateway_timeout,1519.63,0,94,retry_later
4d42a8dc-d6b0-40aa-80e5-ca79df7ce41e,83a560ad-9ea5-4982-bab3-64bfb2f7709e,681.34,UPI,insufficient_funds,308.28,2,1,give_up
e0205ecf-0f64-4e97-993a-d196b96e2cc1,75a95a3c-3d51-46f7-973a-a8361f55ac3c,5067.1,UPI,gateway_timeout,563.16,0,113,retry_later
96850136-9820-466b-8b37-ed9336d25cf7,58a34b4d-7592-449d-9035-94955eb94a8a,265.16,UPI,risk_flag,1086.0,1,29,give_up
870a0ada-6b43-4378-a262-5e8d3b79a4ef,eed5541e-4f3e-47c0-8b6a-d78a2048933a,7151.96,UPI,gateway_timeout,1690.29,2,7,retry_later
02c8cbba-c32c-4b8b-8f17-48feabb67f95,2bd72944-b71c-4413-a887-ffd0f023f03b,905.25,UPI,expired_card,1346.61,0,50,switch_method
2a1276b6-3e37-4433-82e0-77d81dcc7017,d88f775a-7945-415e-8a56-e2d15d0c7307,1091.01,Credit Card,incorrect_pin,104.57,3,182,give_up
bd1a1dff-5261-4401-8560-e0eff49a0f5f,6e7048d9-2334-484d-b5ad-d9f750662b17,419.46,UPI,insufficient_funds,1365.97,3,46,switch_method
fa82fe1e-77b6-4905-be6a-557b0abcd3fe,5fcee1f2-cb72-4b14-b9ce-25f5eb07606b,2955.61,UPI,risk_flag,491.03,0,69,give_up
35c2a7fa-9b7d-458d-84f7-a49c1139eb36,d94bbc6e-6eda-420a-8167-82bedb358ced,44259.87,Debit Card,insufficient_funds,1550.13,5,101,switch_method
713efed9-4606-4940-b864-edf6a3afc0fd,f120bfdc-c808-4937-aa58-b510b1c470e6,4993.77,UPI,incorrect_pin,229.9,1,96,retry_later
ba077c2e-b91f-483f-9493-43a8b9d00605,3939ac25-e25d-4822-a3bc-13318a782c70,587.82,Debit Card,incorrect_pin,559.65,0,4,switch_method
d4dac76a-2d73-4c96-884d-44ed2ebddcfa,cdd9f0eb-8975-484d-a4d1-933d3d03e21a,7913.35,UPI,risk_flag,223.05,1,81,give_up
17e9462b-6f27-43e2-b886-64f009b4d46a,0ff7833b-dfe8-4760-b3f6-239af3b8a616,1197.89,UPI,incorrect_pin,3220.45,1,179,switch_method
5715fab3-cac4-4d5d-83b0-8645014c2370,af35274a-fcb0-4c21-aed8-8dc1a1a73dc0,10794.92,Credit Card,gateway_timeout,171.76,1,72,retry_later
72678ada-9f05-4889-9bbe-efb0a7ff1cb3,9047b667-5316-44bc-851d-8b9eaba9352f,5159.94,Credit Card,incorrect_pin,1254.08,2,108,switch_method
c70b0043-b9aa-40f4-b163-4126a573ad5a,4f0fe748-f8f8-45b4-a5ba-f6d42c82c27b,50.0,Debit Card,insufficient_funds,10.0,0,39,give_up
a3d26665-2d35-41fb-b814-5e8cac140743,3649d4a6-5fe9-4872-986c-c4d863b977d0,490.14,Credit Card,gateway_timeout,2052.11,5,23,give_up
53c1de21-1f55-4a7e-b435-bf725721f729,6b31c401-7532-492b-9eb5-4f648336c39c,6171.52,Debit Card,risk_flag,108.93,3,67,give_up
c10fe474-4b4e-402d-a975-853ba11a02ca,05e2074c-0bdc-494a-b7c2-be44c632e599,2202.07,UPI,gateway_timeout,74.67,2,40,retry_later
3c85c153-ebe2-432d-a22e-7e43c07dbfc7,3e0474bc-42e9-4f66-9b81-439694fa10e7,477.76,UPI,risk_flag,108.3,0,135,give_up
ac646550-517a-4c7a-b6d9-f5276cf88d66,68bde717-71ac-4a02-a506-4860112dd140,793.4,Credit Card,risk_flag,1595.89,1,219,give_up
f8b24a56-5340-4805-ab29-27cfdd19344f,176bdb99-42b7-4451-b510-37b77215adfe,151.7,Debit Card,expired_card,117.65,2,102,switch_method
52661423-1c75-4b6e-92fc-b10cdb86c62b,651c84e3-767f-4bd6-aef0-d97384eed1bc,1611.81,Debit Card,gateway_timeout,62.13,3,295,give_up
377a60a8-b127-4bfa-a3be-5eca3a7473b8,e377a1dc-e82d-4680-8f4b-de893cae8ae5,32012.98,UPI,gateway_timeout,4921.85,4,25,give_up
e6d4f564-730c-4e2f-8b39-c5e6ce31b998,09e91a6a-b3ce-4fe6-bc62-e2fe507f4a7f,5148.26,UPI,gateway_timeout,11117.98,3,135,give_up
b98596fd-8eab-449f-9c01-752713d33014,8b4b8828-5830-4f2f-a90c-fad84a4dd6bf,31180.31,Credit Card,risk_flag,121.41,0,24,give_up
43f06cbb-f4fc-481a-8669-9c8e0fc2efea,db6e5992-7a3a-472b-a98b-973c01685a56,5693.7,UPI,incorrect_pin,935.41,3,7,give_up
62f40f01-b11d-42a4-9343-29e78af00905,8e561659-fb78-4999-b59a-2e0dda8eeb1f,6875.52,Debit Card,insufficient_funds,258.18,0,58,switch_method
6a521546-c413-40a7-8a9a-5577a042c880,7203a210-36d5-4298-9cc6-32b972b1e2e9,23536.37,Debit Card,insufficient_funds,609.42,0,36,retry_later
53752589-0dab-4bd1-867c-5ac51af6ee88,6d834a67-307f-4861-9209-3e5e82842ac4,2952.6,UPI,incorrect_pin,602.01,0,152,retry_later
1b949386-a4d0-4379-8096-53cddce29012,e784cbed-148b-410d-92b8-e730b93ec858,1417.44,Credit Card,incorrect_pin,2412.04,3,40,give_up
70ea4490-f824-46a3-a10d-a8fefd744633,dbfe1108-1b7c-4984-8032-9348e2092553,6921.96,Credit Card,risk_flag,97.04,3,157,give_up
1ca67b59-9e50-43c4-94f4-2606953ad7bf,df6ffe0c-9302-415e-bab5-015e617a499a,11968.01,UPI,risk_flag,6383.87,0,4,give_up
68ec241b-7444-442d-8536-97fe6e2c06e8,f03d3016-16a0-41df-84bb-d80845013ca6,968.79,Debit Card,insufficient_funds,61.92,0,106,give_up
e7168e26-a1ff-45ca-a2c9-e28ca36c93fb,b6cdfd66-ab37-4b6b-a5f0-96099d83bd0d,707.66,Credit Card,expired_card,1754.83,5,85,give_up
204dd79f-5bf0-4110-a9c1-2102eb839187,9d52e3de-ec82-4301-b321-7a617aa6f4e0,2165.73,Debit Card,gateway_timeout,109.59,1,76,retry_later
fd5b6727-7db7-48cc-984b-63339bc41cc7,a65db3de-4b74-4cd3-bd70-f3f05be80288,5329.16,UPI,gateway_timeout,108.29,1,26,retry_later
a650d21c-ff53-4ca2-aeb2-8aadbf412cc0,4bf0d018-4243-4b60-af12-518bdc86c431,5102.67,Debit Card,insufficient_funds,215.48,1,91,give_up
0ad8b50e-8f7f-4ed2-ac36-302b7f8ee8a0,3edfb500-95ba-4dc5-a5b0-cb29da31f68f,283.89,UPI,incorrect_pin,106.63,1,39,switch_method
57660e3d-92a8-4940-8b14-4ed67355f0a5,eae3e10e-c42b-436c-b923-d403a973ae35,21700.44,UPI,incorrect_pin,308.31,4,75,switch_method
1a900e29-1f89-4845-9315-9b4dca676a31,360a1341-e923-4aa6-843d-7924548762b3,785.63,Debit Card,gateway_timeout,4925.93,0,48,retry_later
c5cef5ed-dfce-4c94-ae29-d44c210d24b7,f570c4d8-97b0-43b9-bbe9-dd391af3d8f6,1281.02,UPI,insufficient_funds,9016.66,0,10,retry_later
99c45565-6838-4575-821e-ae3949286e31,b1459e47-c527-4947-8a81-5d960a99bebd,559.22,UPI,gateway_timeout,870.16,0,4,retry_later
37d8dd2b-0148-4ba6-bef4-cbda9b84d992,da8e0d60-f4f9-47b3-91ef-4e2ac6674d9a,60344.64,Debit Card,insufficient_funds,794.51,0,27,retry_later
fb51c25e-22ff-49f9-b8bc-c27838ea9de0,e6b732f1-edf1-46e6-93d5-bac2605e85f7,2476.72,Debit Card,risk_flag,2420.95,1,161,give_up
4fc22c1e-177d-4ed7-b5a7-8afca3e50b87,e7475e55-cdd8-497a-a036-8f559aa862ef,598.08,Credit Card,gateway_timeout,8312.56,3,45,switch_method
ce11c6cc-8552-4e42-9002-55f092dee928,47741c65-8f4a-489e-b1a0-8296424eaee4,5558.59,Credit Card,expired_card,1440.57,2,97,switch_method
c60f513f-60e2-4c0c-8ac0-c8f572b9d11f,938131db-5c4d-4343-a6c2-cb4382e3fb4c,4914.16,UPI,gateway_timeout,255.16,5,51,give_up
618e99c7-f94c-417f-9ef9-291e31f6b82b,c0277210-1b85-4804-89e5-8816f8760702,1416.51,UPI,gateway_timeout,10.0,3,190,give_up
aecc22a3-62d2-4db3-8633-53f2d33506d1,db72e256-185d-4fb9-afd4-4be202c6b97d,5392.63,UPI,risk_flag,1374.38,1,27,give_up
2b82ee49-d603-4445-a97b-e98b6a9a7287,0cd53fbd-79f1-435a-b619-702b3137e480,618.39,Credit Card,expired_card,927.66,1,3,switch_method
0adba813-ec56-43de-a1f4-fdbb811fe7d0,85556024-634c-4e92-b34e-0985a49ab6fa,952.61,Credit Card,expired_card,27.81,1,91,switch_method
5818f635-e0a0-42ac-9a62-31245b3f8b6f,b3927475-8d26-4268-8556-81e07439141c,132.52,Debit Card,insufficient_funds,2479.71,0,73,switch_method
a5746d9b-0957-4b44-8876-173b1a911511,2f0b3a46-7a41-4a77-9483-82bb8418fcac,323.39,Debit Card,risk_flag,963.55,1,44,give_up
b197f17e-28ad-41ff-93f1-efcc8ab44cab,cc3314f4-f6c3-401a-a682-4c0f411945a6,18956.84,UPI,incorrect_pin,675.72,1,23,switch_method
e6fe4aec-be27-4edd-9324-c0376d98f03e,14927166-49d0-48a4-b52a-342e76cb81ef,15273.23,UPI,incorrect_pin,60.81,1,12,switch_method
c3ba50aa-7691-48a4-ac0e-893ab26dccba,ad29c6d4-25b7-4082-98f3-c6619a4999c7,1969.48,UPI,risk_flag,434.18,1,39,give_up
009073b9-7bd7-4a6a-b045-fc7cd065a513,17b44234-d2fd-44fe-bd20-57fca49da498,15706.2,Credit Card,risk_flag,1215.74,0,65,give_up
47321682-2e00-4499-8dbd-b4843da88dde,68070c94-8635-4330-b908-0984abba8480,1468.36,UPI,gateway_timeout,434.32,1,51,retry_later
0fd05b32-444c-4a32-9705-699a1458905b,19f398d8-5c5d-4c9f-9e2b-c256ca4b4aef,1317.6,Debit Card,expired_card,138.07,0,34,switch_method
f2b6c1fb-0bd2-46b9-a3d5-b43612dd3288,7124efac-fdaa-424c-9129-da5047f3e282,1945.87,UPI,expired_card,48.31,0,46,switch_method
9d20930b-4be4-4c96-9714-77d99febb95d,3320c4af-1700-4166-8264-eb96e15f40d1,1537.02,UPI,gateway_timeout,134.8,1,6,retry_later
b32f3a83-11e8-4afa-adca-d3b3535e1808,91bffb7c-02a3-40b6-8a63-ae0651db7003,1366.82,UPI,expired_card,1318.78,0,71,give_up
440209d6-e831-418f-a39f-45463d0d623b,67ad67aa-55de-4fad-bff6-94c57563011b,7993.77,Credit Card,incorrect_pin,577.12,3,79,give_up
b7e62bf6-bb48-41e5-99cf-e55591625270,26f0f67b-22c3-4640-b776-75926bc8139b,2197.72,Credit Card,risk_flag,117.86,0,0,give_up
f3ceaad9-3ec0-4574-a3b4-102b2ad9b3b0,6e638067-792e-41f8-b15c-055914d6e062,4565.24,UPI,gateway_timeout,270.16,1,18,retry_now
17115030-7f43-49a8-a49e-e2b9a216001f,7b5f7b78-0903-4465-a45a-e645bb02be9a,6910.48,UPI,risk_flag,3011.01,1,5,give_up
482f60c4-00d8-47fb-979e-0c0c69cc48a3,edc84053-878d-458f-a9d7-c28ae08529ec,2994.83,Credit Card,risk_flag,97.08,0,380,give_up
be2b2cfd-e350-4635-a070-e6f77365326b,fa3200ab-26cd-487c-80a9-834c2e5b9b39,512.17,UPI,gateway_timeout,188.19,0,53,retry_now
43b3b5ed-e41a-474b-bad2-d9bc98407a1f,ceaef548-b69b-434b-b547-ef0ea25f41a5,311.46,Debit Card,gateway_timeout,603.07,1,37,retry_later
3ab532a4-0aba-4527-a7eb-50b8508a47ab,9601d6a3-0836-4e10-87d4-0fa51d172b13,2193.85,Credit Card,expired_card,314.37,0,37,switch_method
00ca55c4-afa5-4c35-bdde-e7cd49ffd571,9d75d265-a435-4b52-be92-885049f117e8,1447.17,UPI,gateway_timeout,95.11,0,200,retry_later
0a08599e-0311-41da-b010-7c1ee8830d4a,9a040582-62bc-4e31-bb16-cad061d1944f,2025.57,UPI,incorrect_pin,569.45,1,64,retry_later
b5a82ec8-e34e-48d7-9161-467b57d91ea1,49809d00-e76e-489f-b099-eb898e1f4f82,1770.7,Debit Card,incorrect_pin,411.67,0,11,retry_later
79a879d1-dbcc-40c0-b759-cc08e5d03b79,dd91306f-50e9-4294-a1f3-d08d6b69f995,51981.63,UPI,gateway_timeout,640.58,1,35,retry_later
a9107e9e-6825-4350-a988-70e40c65c9f0,c9106031-23e3-4e6a-bb59-685a21b767f8,320.76,UPI,incorrect_pin,715.24,2,89,retry_later
2c7ff5df-4538-44ef-9888-8e29d56faf58,955e1587-75f5-411d-9bb2-29b845b45d76,136.06,Debit Card,gateway_timeout,278.06,0,33,retry_later
162db79c-fb0e-4bd2-8ed5-33f82b5816c2,1f9f8cd8-6599-4e11-80e1-e017db11dce7,2785.24,Debit Card,incorrect_pin,482.27,0,22,switch_method
d9736344-446f-4472-9b0e-f69bae40dbc4,163cc548-2827-4f50-baa7-826ec652908d,1108.38,Debit Card,insufficient_funds,5902.65,0,284,retry_later
7604050c-e8a3-4ae7-afab-bdf2a2fa2185,3e58c7f8-cae7-407c-9881-80bfec64a95f,2726.81,Credit Card,expired_card,264.86,1,164,give_up
9d8ed883-7f1b-4770-b590-21bf51f941ca,3edb6f58-f8b1-432e-9f5f-d8ad142a3a07,3862.42,UPI,gateway_timeout,509.92,0,170,retry_later
4c028551-268a-47a5-aa71-ae809a06dc7d,ce92dd4a-e276-40de-9a8b-664e96287462,9598.25,UPI,incorrect_pin,108.5,0,8,retry_later
54a5d7cd-fdc4-4915-b588-6947475d9c5a,bcfd68bc-fca3-4e5e-a996-c70a7f3581d0,254.83,Credit Card,gateway_timeout,1525.92,0,16,retry_later
e6b5d8d2-dc1f-4359-83ae-42240b28eca8,f520500c-ab24-45eb-b5a6-10d0671b5ebd,876.79,Credit Card,risk_flag,141.04,0,35,give_up
08d2582a-6e51-4d0d-812b-01b9d2d7f56b,285f434c-a533-472c-a8e1-fa320c856dbd,3157.04,UPI,gateway_timeout,83.07,1,107,retry_later
4b54f66f-8c88-45f7-9cec-ef0cb3f68649,74c91566-e136-49c9-99b7-d9f2465a91f9,4922.65,Debit Card,insufficient_funds,63.94,0,80,switch_method
6401dcbd-8c8e-4884-b5f9-a5723a7a9d9c,e3034395-5b13-4018-9861-c48e509d56d4,31303.48,UPI,insufficient_funds,247.26,0,113,retry_later
f71ce28f-d381-454d-a8c0-6b3490132835,61b9ddf7-0fb5-4ffe-a2e6-878ea26d6082,6263.0,UPI,gateway_timeout,2345.98,0,152,retry_now
87720bfe-91f4-40b4-afc4-d8862b836146,9aa50616-26f4-456b-88bd-09c359936e03,1679.37,UPI,gateway_timeout,75.86,0,91,retry_later
4c8a29ad-5a01-4d33-aaaa-67ab808ac821,b186fdf6-8295-435d-8978-ba8e88750025,568.18,UPI,gateway_timeout,263.03,0,18,retry_later
2e34a838-c3ce-43b3-a477-217fdb79ca69,583119c8-bb48-4c18-888b-cbf9a8fdb35a,868.2,UPI,gateway_timeout,275.07,0,20,retry_now
28fbe7df-e356-455f-87b4-9ff28001f60c,7042b75b-7dce-4608-ae38-4ab7a82c9700,836.72,UPI,gateway_timeout,334.44,0,26,retry_now
16d5a11f-b971-45fe-ab70-bac6c4b11c2a,96675b50-a63e-43c9-bbfe-b6043b893b3e,4237.82,UPI,insufficient_funds,45.41,2,21,switch_method
63fa1af9-fc21-42b1-bb0b-3d46559496fb,a3d86b47-4dc7-47ea-bfcc-cd98f1419f3f,2525.25,Credit Card,expired_card,362.99,0,17,switch_method
19b5cf69-8bcc-4a79-9389-f92fd9e0be59,c9a7239b-cb2b-4937-9a06-d2b8d1663153,323.52,Credit Card,insufficient_funds,237.75,2,83,give_up
bbb9674f-5834-47ea-81b6-4321d736b431,12409e08-33aa-40b2-aa6f-9e1538c11783,1025.9,Credit Card,gateway_timeout,1200.99,0,2,retry_now
01798922-f07c-4b12-93c7-06e36bad8f30,3984dde6-939a-4524-be7f-abc076240b1a,5657.92,Debit Card,gateway_timeout,1597.11,1,78,retry_later
79dc6ea4-e2f5-4453-89f6-a1fdd4f899cf,3eb6532e-e935-4ad1-9811-b400b76f05aa,2855.95,UPI,gateway_timeout,690.6,0,104,retry_now
db701267-b22e-4d46-98b7-00bfe7c73ef3,20f93592-61e6-49f6-8e23-11e7608ff189,3786.65,UPI,risk_flag,82.66,3,4,give_up
fc27cd6d-e29c-47cd-bb1d-d3e619e26a9b,584d4569-6338-4018-9354-468ccc7d60a8,2974.4,Debit Card,gateway_timeout,722.15,2,3,retry_now
77fb7099-b767-4ea3-a315-ef5eaf8611f8,e720eb51-f854-4f3b-bcb4-288618e312f1,14978.33,UPI,gateway_timeout,250.37,0,20,retry_later
d0e8c369-8b35-4d80-afea-332d119114d4,6f4b1f8b-8bcc-4464-b451-4c78d69e6381,2457.39,Debit Card,gateway_timeout,688.44,0,14,retry_now
8eb01677-88af-4a0c-a465-4f2b15e9a3fc,fdf7e035-928a-4df6-8c8a-a6d505085502,1094.63,UPI,gateway_timeout,628.5,1,52,retry_now
aea0e4fe-6481-4f6d-872c-e10dd39c62f2,eac92d0d-6667-42f9-a4e9-e86463941493,549.78,Debit Card,insufficient_funds,229.31,3,67,give_up
dfe15d7b-52d7-452f-894a-a57722e5900a,0346e6ab-ca0a-4ac4-8b8b-d11b257c4d20,2501.12,UPI,incorrect_pin,96.04,0,60,switch_method
9bb3de0a-ced2-4fa1-809c-38977b0a4d6a,973d0166-ac94-4d37-8ce3-17caf5ff8887,75.72,Debit Card,insufficient_funds,505.8,1,26,retry_later
5b267cdd-5769-4239-adc8-e35fd5c6291c,93faf550-24fc-41fc-8ee3-adb0d547d7f4,1422.86,Credit Card,expired_card,595.22,0,41,give_up
80676b32-f01b-4f94-a0d5-efa322f55b14,005dc0af-bf8f-4609-869a-1bc06677e55c,1383.55,Debit Card,insufficient_funds,87.22,0,61,give_up
21018d0f-76ac-426c-9944-1d33c913a37b,01f0a623-0c8e-49cb-a922-84e87449d415,306.8,UPI,gateway_timeout,355.76,0,7,retry_now
78e4b5bd-a896-4838-82bb-92ea1b416eb1,c6572718-8745-4956-807e-d8a6ca82d6e4,540.91,Credit Card,insufficient_funds,84.87,0,15,give_up
0e71d958-e92e-40f7-9b14-10dd52883cbb,b333492e-3773-401d-9fd6-164cb1c916ae,5179.97,Debit Card,insufficient_funds,156.59,0,132,give_up
fe55d852-b74a-42dc-b1da-b91b06c11ded,7abf2eae-8ccf-41d7-8a62-348af4e12174,2440.42,Credit Card,insufficient_funds,251.14,0,25,switch_method
f2f77712-de62-4e74-8fb7-056a34a53a0e,e898355a-ff12-47b9-9224-caa72ad68e61,2063.84,Credit Card,incorrect_pin,173.55,1,96,retry_later
0d949a4c-3ad4-449a-9428-6093bb8cf435,c80e6535-4e24-47c3-bf0e-03de51a7efd3,2692.57,Credit Card,gateway_timeout,227.23,1,17,retry_later
ba5f727a-54ed-479f-8cf6-7cb13b0344e9,49165138-704d-4a0a-ba14-ae9bf40e010a,2039.41,UPI,incorrect_pin,135.78,0,2,switch_method
1cb6a970-c873-4baa-a2a3-a5065f5726c9,397d5bf4-7920-4647-aefe-54739ba4fba8,9097.19,Credit Card,incorrect_pin,111.31,3,41,switch_method
9a0fd67b-6ec4-4e44-9841-04e714c6d64a,d656b8b3-1820-4f0c-b24b-bae4512829bf,2122.73,Credit Card,gateway_timeout,534.28,0,133,retry_later
ef65fdcb-0b38-4165-811a-bdb6495ee124,6b02ca8f-404b-4244-acf1-c2aed796eb55,271.6,Debit Card,insufficient_funds,3916.96,0,102,switch_method
decfd7f5-bcca-443b-a98a-59298da3781e,8a9bfeb8-1d22-4c11-aa50-9a807af0c6b3,15050.54,UPI,gateway_timeout,148.21,2,17,retry_later
729fab6f-af9f-4e69-a4bd-913c659388c2,7df24cf5-f2f1-446d-93f4-5c6078a56a4a,2926.15,UPI,gateway_timeout,39.18,2,144,retry_later
08e20188-487e-4f41-96d0-135db17fe984,7d2cc902-59a6-4483-bdb1-453fc0dfa197,840.48,Debit Card,insufficient_funds,330.29,3,39,give_up
5e1cf7af-c79e-443b-b029-c2ff77c85df3,dc712938-f5e8-4478-af8f-67183b048f9a,354.45,Debit Card,insufficient_funds,649.07,0,3,retry_later
6041414c-88b2-449c-8e47-77fee7392bfa,ce9f140c-7624-4179-9b45-763b2a751049,3025.07,UPI,insufficient_funds,18.62,0,1,retry_later
5977f655-5ded-45c4-931d-c07218f32927,fc2c3ec8-c77f-4e5a-aefa-f101c25b041a,1552.58,Credit Card,gateway_timeout,219.17,1,39,retry_now
b07db6e8-5975-45ae-b0ad-12732bfe7fb4,6d904740-e6cc-46ba-bb43-b536a7466d94,13994.1,UPI,incorrect_pin,880.27,0,47,switch_method
46122212-69c2-4422-9fb0-25fd8fa68bca,fd3777b4-7b8a-40f0-a760-7e0b93b341d9,1153.23,UPI,incorrect_pin,238.47,0,4,retry_later
7a23355f-2374-42ac-b7f6-c21c521b4a7a,4a16081d-6a81-4c68-98a0-52eb7474aa96,608.75,UPI,insufficient_funds,4151.1,1,153,retry_later
2c134eac-87c1-4741-8057-84b82871ad3c,ce190a60-738c-460a-b772-b731f5e7c4e2,5793.75,UPI,gateway_timeout,314.71,0,75,retry_later
a47cccb8-afc1-4f4f-a4fb-ba2a24eda15d,e84687e1-1ee5-49e5-897d-d47de19c26cf,6020.14,Credit Card,expired_card,817.57,0,96,switch_method
010e0e1e-41db-4821-92d2-02dfb8e63e69,90849fac-c972-4640-a09e-eeed452c0a44,2251.26,UPI,risk_flag,219.05,0,52,give_up
e75df27e-310c-49a2-a2f3-f484931db0fe,88fe8e4f-e062-4b2d-85b4-1953ad8a082f,4355.8,Debit Card,expired_card,290.46,0,65,switch_method
68a0efac-589a-4cea-afa6-0ae41ea959a2,0699eb48-bb71-4f62-b23f-0244f7650f48,1721.6,Debit Card,insufficient_funds,312.68,0,29,switch_method
306e8a50-ecf1-40cd-82d7-148110e623b8,ea0586dc-e025-4189-80a9-3ec9feeefea0,2450.44,Credit Card,expired_card,281.33,1,68,switch_method
2cb206e6-0b68-4dd4-8ee0-c7e2e1211d68,9a0a365b-55fa-46e9-9710-f40024e66137,8221.34,Credit Card,gateway_timeout,669.5,0,229,retry_later
f56f325e-8e6a-446e-973e-aa445458c691,3ad946f6-6118-4527-93ce-98ceba569342,4076.17,UPI,gateway_timeout,221.73,3,62,give_up
88090ec0-757c-402d-a40a-248994398670,27ae4d9e-4d89-4ca1-8916-1edf5ef8f2aa,1450.91,Debit Card,incorrect_pin,562.48,0,25,switch_method
d15468fc-c34c-4271-a670-82bb7c176cd3,4677bc5f-7523-4365-811f-23470f70f650,10488.88,Credit Card,gateway_timeout,610.44,3,20,switch_method
f4590b6d-38e1-42fe-afca-d2d14408fac3,798690bb-c15c-4f32-b698-9c53ac0036da,83.57,UPI,gateway_timeout,181.52,0,198,retry_later
7e74986c-e8b1-4e49-972c-6d380881e9ad,ada2b8f1-ce6e-4909-ab51-18f94ecc65dc,26047.97,Debit Card,insufficient_funds,131.82,0,12,give_up
8fa20854-8a4a-4de6-b556-46751d8ce512,37118a04-857b-436a-9923-05de007a9e80,196.81,Debit Card,expired_card,547.85,0,98,switch_method
6c75277b-a1eb-4251-b886-4a52649e5e78,eb1b147a-6faf-4584-81a6-131fc3c4b1bf,800.13,Debit Card,gateway_timeout,1675.87,0,37,retry_later
0f200391-618f-452b-baae-b3f48652f0fa,e202481d-fb2c-4c8f-8874-62b13f0dac0f,1714.38,Credit Card,expired_card,198.77,1,35,give_up
ab902cb3-b870-4989-933e-287ab6c96502,8016bebc-1e34-40b6-be70-11e9d5b39876,1494.54,Credit Card,insufficient_funds,55.85,0,82,retry_later
4e878336-fca1-4d76-a6d2-b91680305eb9,c881c5d2-1dd4-4447-b3b4-baa75114a219,6689.77,UPI,risk_flag,405.09,1,9,give_up
e872d5f9-36be-409c-b29d-7e214ce48c98,af0394ff-04f9-40da-84e2-b90be58c172d,457.06,Debit Card,insufficient_funds,1140.78,0,37,retry_later
bacd7f16-b48a-4935-be7c-2147dd6e73fe,b0488850-0ef1-44f3-8de8-74a8e875ad94,2537.66,Debit Card,gateway_timeout,1906.91,1,2,retry_later
8d2cfe81-310f-46b5-be8e-6a14aa72d6eb,78939700-1b20-4c17-8cce-0536506d4d11,852.63,UPI,incorrect_pin,2191.7,1,66,switch_method
b04bf34e-f4d8-4a9b-b87f-bdc42d1778cd,8beaa3e4-919c-40b0-85ee-ab22ec8959f9,2653.63,UPI,gateway_timeout,231.3,0,3,retry_later
969fd20c-e082-4282-982b-a987339b7926,c5a183ea-5e73-48a3-bf6b-e0da9559b840,1662.03,UPI,incorrect_pin,24.92,2,5,retry_later
cac72a89-5aaa-41bf-a59e-08e6d3fcb0f1,ba322b0d-6ffc-4ed2-883d-277fba98478d,2040.23,Debit Card,insufficient_funds,389.95,2,111,retry_later
28dc3036-1fa3-46ed-be90-1b4661ac8e49,65e105be-5ea6-422b-bd15-5a247b197a03,884.57,Debit Card,gateway_timeout,91.27,5,35,switch_method
bc278063-e39f-4e11-a538-d22c91e027d7,4c1b68ee-f398-4848-b842-938f928cf390,931.61,UPI,expired_card,5081.38,0,13,give_up
1c8b2d53-5c34-43e5-9839-af8333bf0dbd,11ce8ca7-8861-4b09-9916-cf5598f8b3bb,2626.62,Credit Card,insufficient_funds,1626.28,2,53,switch_method
512427c4-3064-4f08-8d5a-5a8bef1e371f,5a494fec-2dc0-4770-b6d6-e3cac15709d3,6166.15,UPI,gateway_timeout,129.86,3,43,give_up
6126ad21-cbdf-4379-aa7b-c95b145ef48f,2a9ef8a3-ec61-4418-bd0e-531a663dd26e,830.67,Debit Card,insufficient_funds,330.71,1,31,give_up
90f5fe6b-8e1f-4d8b-aece-33c721623e3a,3d1ad4c8-a111-47cf-9f02-640ddd127580,584.41,Debit Card,risk_flag,350.46,1,141,give_up
7555b2e8-dc8d-48fe-a886-9ed2a9094490,8b04ac88-1200-4dca-85d3-4d91a4ee8825,4013.82,Debit Card,gateway_timeout,1209.7,4,83,switch_method
5c94b502-70e1-4816-beb1-c2e29e445ac5,6127f624-c5b3-44bb-a610-093845e40e7b,1733.24,UPI,gateway_timeout,10.31,5,9,give_up
d32b99a3-8f9b-42ba-a573-e133f1e62593,af6bfc84-8ea6-4c4a-96bf-d32dfdf7ebb9,5322.23,UPI,gateway_timeout,179.53,1,50,retry_later
12880fad-fef7-48e8-be06-999e93627ed9,b49741ec-3399-4a64-ad29-c631cb4556c9,556.94,UPI,risk_flag,501.07,0,5,give_up
94ec9f55-2905-42d8-a28e-7827ea33c254,31d1712b-be56-4ef5-a75d-88d91d00f2aa,178.88,UPI,incorrect_pin,63.78,2,16,switch_method
f7f643a1-7f09-46f5-ad58-5862907266f1,1ae960ef-ae26-4d26-8bf5-dbb681cf374c,904.24,Debit Card,insufficient_funds,918.51,0,144,give_up
4a15899e-e7b4-4a64-bb25-7d46b7312c50,325ed9b5-d4c6-477c-a74b-25c857ee3858,667.63,Debit Card,incorrect_pin,2376.94,0,37,retry_later
bcfe29d3-fb4a-4ec8-9122-32841b7cc19c,0d948288-ccab-4fd9-9aa5-0fbd4e3cd7ce,1632.02,Debit Card,insufficient_funds,755.49,5,133,give_up
b4be5d1c-a977-4f7c-aa35-2bb830f05365,ea9facbc-2541-4bc6-b7a1-b103124cd1de,790.05,Debit Card,expired_card,808.16,2,10,switch_method
e0bd11f7-c7f7-42f4-b52f-fcfc21222ef1,7b87b7f3-776e-4197-a75b-3d4bc24a6c15,4737.77,Credit Card,insufficient_funds,1931.98,4,13,give_up
ee58aeee-8b08-4379-9abe-5b01b307ef0f,542705ac-0110-4cbc-b396-17fa2696d0a5,1243.15,Credit Card,risk_flag,1090.93,1,26,give_up
ae50f834-177d-4f62-a306-3c2f1a66f7ae,2c0504c2-64c5-40bc-b9ee-764fda6cd00e,2198.69,Debit Card,gateway_timeout,374.55,0,27,retry_later
71f443d0-d2b7-4409-a746-bd1d1784b74f,e4dd9be8-20f6-447f-9e83-d5828f45a731,2219.25,Debit Card,incorrect_pin,252.19,5,82,give_up
2eddd38c-24c3-47e2-9f3b-69b4e6e45909,4a5fda3c-4d08-4d54-8ae0-8f44c4dd6116,2329.58,UPI,insufficient_funds,136.34,0,54,retry_later
15c17a74-c719-4b05-b669-fd799bc3bb3c,d105a012-19b9-4b0a-ba97-fd544aedd840,1752.21,UPI,expired_card,74.24,2,48,switch_method
1d169687-4f89-4f27-b841-6ff114affa46,f55713f6-f76f-4a35-b7c6-2751ac5359de,3511.44,UPI,gateway_timeout,186.02,1,55,retry_later
2b0350a5-99c0-4287-a245-a4eb6bec1aff,ad329a6a-e4e1-4a91-9503-adb732f4c574,642.68,Debit Card,insufficient_funds,572.87,0,79,switch_method
12037b45-c47a-46ba-b033-7f8d0cc864fa,292cdc40-7333-448f-bd12-3e4caf1d532c,11150.54,Credit Card,risk_flag,244.83,0,133,give_up
337c18d6-f989-4cc3-ae72-dd4874213cd7,bfae43e9-ea9b-4421-8613-1c857537b782,1329.42,UPI,insufficient_funds,511.0,0,32,give_up
46c03379-3ec8-4bf4-a5bd-c5aac7938707,208630e0-84ff-4b11-ab9d-3ab4a950a28b,328.65,Credit Card,risk_flag,202.06,1,97,give_up
61d23a5c-5d13-418f-bd3e-5294a2b46825,0ad129f6-1e78-4152-8408-4fd1670baac6,2308.83,Credit Card,expired_card,1568.08,0,41,switch_method
5030ae69-227d-4a7b-82bc-d4d220c8fc1f,31de7ac5-21bd-4831-a6d0-41e9e06654af,597.93,UPI,gateway_timeout,3089.33,0,76,retry_now
3fa38281-e6f2-4e1a-8d56-066ff3986781,045df670-b687-4c80-8941-56f712b48a3d,4293.83,UPI,gateway_timeout,664.84,1,124,retry_later
58d90fcd-153c-464e-8a47-879220e0f054,9a17b335-1a95-457c-b4e2-75bc28ff8014,31967.89,Credit Card,expired_card,64.4,2,1,give_up
ae52eeff-337d-4f78-8f09-572e5a77a0ce,53b8ea7c-98c2-4405-8ed7-2ff372a4a34e,650.31,Credit Card,expired_card,790.53,0,47,switch_method
264e3ba8-0447-4241-89a3-39f0acd6467e,e7fd23e1-cb82-448b-b1eb-2c9e1188911a,2785.23,Credit Card,expired_card,1311.82,1,272,give_up
b534ecd4-1681-49d5-b0d5-88a12bed9409,6fa18152-f7ea-4391-a45f-2e1efac407fb,184.54,Credit Card,insufficient_funds,3508.11,0,41,retry_later
00bf450a-a9ff-4d0b-9731-5fcf38df19f7,758b478c-7e75-45f8-8a9d-b8277961c445,3261.94,Debit Card,expired_card,123.95,0,119,give_up
75d470df-29f2-4a8c-803f-4774f4a61b4f,2455da04-068c-4505-adef-8ccb0a8e2e83,571.68,Credit Card,expired_card,20.79,0,12,switch_method
7ab33798-5649-4ac2-9053-dfd54e008bb1,6afadc36-33a0-47ba-81b1-6cd949197527,802.49,Credit Card,risk_flag,503.93,1,55,give_up
15ec4727-3613-499e-b00c-f4040f00032e,c5a72fc6-af55-43ef-888c-016a97ce5ceb,431.96,Debit Card,incorrect_pin,196.68,0,122,switch_method
716d438e-1063-4305-bb47-1b075edb87f2,cb18c269-66a5-4861-ad05-7bc3713a6055,4683.48,UPI,expired_card,1387.48,0,33,switch_method
7493ccb7-7b7d-48fa-b0f9-c0c826d4ee03,e53e0fd0-1b0d-4584-b08b-81b90fb00ecf,6697.54,UPI,gateway_timeout,1805.37,0,40,retry_later
66624949-b9c4-4155-a12d-1f295f0a92d0,3080082c-321f-4873-876f-91eaf677695b,1863.85,UPI,expired_card,2284.93,4,5,switch_method
366d1b83-f799-4ddc-acc1-88b98c7147fd,f89362df-0a4a-4d3c-86c7-e5f19709fa1d,587.72,Credit Card,expired_card,35.61,3,2,give_up
21117b1c-e76a-4f42-aa70-979272e0ab83,0c7362df-b93d-4d2d-93c2-500de8b5f7e5,14276.64,Credit Card,incorrect_pin,10.0,0,37,switch_method
f6e1d92a-a519-46f3-bcf1-4d4de5f9c982,abdd8ece-ab59-4f0c-a5d9-102f9823aea5,681.62,Credit Card,gateway_timeout,231.1,0,111,retry_later
ffe132c9-969a-4395-abb3-576f209ff1e1,d8f4df8a-9e74-4dee-b1d2-6f362e115c74,108.78,UPI,gateway_timeout,136.7,4,160,give_up
43f6bc32-2003-4521-bce3-5d941aa3e9e5,5f0eee8a-b550-400f-9078-cc19b851ca72,3281.01,UPI,insufficient_funds,487.12,0,64,retry_later
26b2b654-a73a-498c-a057-ed2aedfc8596,60ddc550-ea69-4688-9261-8c3eb9991f83,430.0,UPI,risk_flag,814.43,0,105,give_up
fdf52320-d452-4ee0-b3e6-603cbc913ac9,e63b3b0b-6664-4303-a14e-d327f70db143,6536.72,UPI,gateway_timeout,691.34,0,79,retry_later
01307948-7318-4a9e-8b95-876fe1ae9b6a,769510ee-aab6-4879-b5a8-1c201d64f048,1101.6,Credit Card,expired_card,1083.96,5,72,switch_method
d0e70660-2f5f-4956-be9b-0cff573e634a,da54b1f2-57f9-49b1-8c8a-14bed7ab10f3,3963.28,UPI,gateway_timeout,1790.32,2,87,retry_later
49b1f0d5-a6af-47c3-82ad-3bc8ae01a4d7,e8b69b99-932e-4886-9d07-5d071303681f,11180.77,UPI,gateway_timeout,117.33,0,42,retry_later
ff6284c4-8294-453a-8a12-2825f5b96e89,8dfe0e4e-14b2-4056-ae93-ac8b9b7e7884,375.58,Debit Card,insufficient_funds,4971.88,0,36,give_up
55c64f58-80c0-44cb-b446-6fdc21d6ab53,8934d741-1a29-455b-b76b-1f92612dfd7f,866.34,UPI,expired_card,306.0,4,10,switch_method
eca928f5-951c-44d0-aa3f-083cc3486c23,6dc6b585-e6c6-42d9-aff3-e2a8122ca50a,1638.65,Credit Card,expired_card,17.05,0,111,switch_method
9c0b235a-7f40-48f7-b99a-1801f7240a33,45ad724d-d100-4683-a8eb-ecf9aa855613,13343.93,Debit Card,insufficient_funds,114.95,1,2,retry_later
53d26247-89e5-4251-9679-445d26055371,4032f442-d845-4a34-9f64-7e9ceef1a1a4,768.24,UPI,gateway_timeout,1870.91,0,18,retry_later
fb2916e4-b638-4385-aa01-138569337f7d,c91fcce8-a2a6-4d24-a5e4-c872fc566797,834.76,Credit Card,risk_flag,1366.49,2,44,give_up
097ad1b8-5875-471f-9b0c-7c49a01ac5dd,b3069193-cad7-4e33-b6de-6384b5c4d9d0,3366.34,Debit Card,insufficient_funds,932.88,0,213,give_up
a533f7a6-3a1f-48af-ace2-2c91dea08920,10de5163-e5c0-498c-a21c-5d9539b50b9e,853.72,Debit Card,risk_flag,1185.41,2,92,give_up
f5ea2d9f-75d9-4488-b05d-3c98ba4a0177,b6f29cc8-0cef-4b71-8453-802e5de93de6,2204.56,UPI,gateway_timeout,151.44,0,27,retry_later
b1f851da-e949-48b1-a5d7-b323b1de2c89,f08836ac-981a-4819-bbcc-90fe86b55934,240.57,Debit Card,insufficient_funds,64.15,0,75,give_up
9aa579e3-11af-4bbe-b19b-4e5a10dec997,36c96628-d05f-4a1a-b0ca-ed232b0f00fd,32164.83,UPI,insufficient_funds,667.52,1,160,retry_later
7f0208af-b223-45e6-bb50-723e77bb6848,2bcd931d-d111-4a21-abb2-ebed5d96e680,313.56,UPI,gateway_timeout,89.58,2,46,retry_later
f4cc4279-7531-49d6-a4c1-723fe022ec23,1276a900-6dd6-45b2-bfde-f008868eebe2,1190.02,UPI,incorrect_pin,547.83,0,37,switch_method
acbfcea2-bf55-4dfc-8343-002a304d5528,2ccbeadb-d707-42af-a49d-a81ade7fd55c,1733.29,Debit Card,gateway_timeout,441.33,0,48,retry_now
acc13f06-fc67-4dbe-b9c0-67e504612c50,8fb02377-fd2e-4188-aca3-aec28af7dae8,21730.99,UPI,gateway_timeout,329.07,1,22,retry_later
9d22ef0c-9672-4282-a27d-2f3fe89a4657,19f9b4c8-67bf-4d4b-ad96-18f9e24fc733,323.02,UPI,gateway_timeout,839.37,1,142,retry_later
74635242-14dc-44df-9c2a-c00ed8366494,72274ae2-4d8f-4cc3-84e2-fe7068eecad1,23832.74,Credit Card,gateway_timeout,1019.85,2,95,retry_later
f501db5b-8eba-4a85-8de3-0608518658a4,f39382ce-b4dd-438d-b6dd-f405ac8b6dc0,4838.35,UPI,gateway_timeout,1585.22,0,73,retry_now
228590f4-6074-40a3-83b1-a79c14821e57,51db5c92-1d0d-41d0-b4e2-e34e6bac3146,3109.52,UPI,gateway_timeout,1644.88,0,53,retry_later
1a09a4fe-b247-4401-881b-1a5f40f8734a,f394f21e-55e4-4be7-8071-95b15fb215e1,502.69,UPI,risk_flag,3626.69,1,209,give_up
ca956712-cc2c-420a-a20c-50184cfe5c2d,693b274c-ae0f-4535-b5ad-81c7662f62b8,3798.96,UPI,gateway_timeout,191.91,0,21,retry_later
752ea193-87ef-47bb-8ba5-38f427f82d57,e26d3cb0-3b5c-42a9-ae2a-b741140810f4,705.9,UPI,risk_flag,895.25,4,19,give_up
74ebaeb0-6124-43dd-b1d7-6b532fa1f1b3,e6e5880a-7331-4eb5-a7c8-b15d9bbc6a1e,9383.05,UPI,gateway_timeout,472.92,1,16,retry_now
1ad139f6-8f14-4438-ae99-e3e81dc5892a,2f97f00b-34ba-41af-97c9-265ab501b175,511.64,Credit Card,risk_flag,323.78,1,81,give_up
7c774f4c-873c-42fb-bff0-2de0418950a4,28627959-6efa-4d75-bbe2-d13f44dc273f,1560.71,UPI,gateway_timeout,529.88,0,95,retry_now
4f4c4754-0a28-47c0-9f7b-84f652f4a2fc,18815dc9-1fe1-4d2a-b170-3b25671caa81,878.44,UPI,risk_flag,55.66,0,54,give_up
11f23b82-ef3d-49a0-b035-ff111385a7fb,94751943-5394-4d6e-a43a-52e95f1e5db3,500.81,Debit Card,insufficient_funds,1287.4,1,63,give_up
e15bf8fb-9c94-4464-818d-725daa669b43,c7fef1ef-5d04-4a1e-aca0-6c25862ef92d,4739.64,UPI,gateway_timeout,376.96,0,25,retry_now
c5076cbb-e00d-4b44-a3ba-8c3a099dac53,1d34d6dc-a6d3-439e-b749-baf50102094b,3626.77,Credit Card,expired_card,854.7,3,2,switch_method
a7749dbf-85aa-47b4-bbe6-8f1c48730ba9,7aac32fd-acb2-497c-9f39-85f997470ae3,8705.53,UPI,incorrect_pin,1391.49,0,17,retry_later
e1fa3c4b-4be5-4e04-8907-cb7d6cc08789,fe0290f4-4882-473a-8db9-e4a350843d08,178.78,UPI,risk_flag,1298.96,0,52,give_up
739756b9-e279-431d-9f41-0537c2e26778,868e8e15-5232-4e27-9b2a-2a3a5bbc59dd,7211.43,UPI,insufficient_funds,594.89,0,100,switch_method
9de2f4d1-93e8-42ae-951e-457da5564b87,9df52648-9bdf-4930-aae3-f337ec3f5504,46961.51,UPI,insufficient_funds,929.55,1,90,switch_method
3926349c-8a85-4848-9b92-b24130a2d268,a76d7d9c-c687-40b9-abcf-fa1250d6dbbb,1005.12,UPI,incorrect_pin,25.35,0,11,retry_later
f3d01cb8-7017-47ac-9a67-e1399539349f,b31eda1b-f808-43fe-bc8b-b0c7d74f54d3,21241.1,UPI,gateway_timeout,3273.32,0,3,retry_later
f0ad401b-1c2d-49ae-abc8-e9590d5a7e72,00916d00-228d-45d8-bc2f-4bc542ddc29d,1284.2,UPI,gateway_timeout,883.48,1,114,retry_later
7fbb82ab-b1af-41a7-821d-8e05ae9ef463,79b50eb3-7716-4bc5-810d-d331fed4746e,303.65,UPI,insufficient_funds,228.33,0,4,retry_later
497e4f8c-f47a-4356-bac4-2a98cdd3c6a6,ee040f2e-e4aa-4eff-83ef-e91b8e69990e,1215.22,UPI,insufficient_funds,2971.14,2,29,give_up
bc37f218-47f9-4c13-a1af-a6191181a012,399bc81c-e698-4ced-8482-7a30a58def9f,7063.28,UPI,incorrect_pin,879.12,1,5,retry_later
fbcb89cc-b5ee-4489-a739-4c3a18921970,c343fe99-3459-4294-80d5-8274e61a730b,608.12,UPI,insufficient_funds,284.85,5,49,give_up
bd9a67ab-38ec-4202-881c-671bc9bbe0f6,4bc12818-bf31-403b-a3a9-ccffd18cbd81,828.45,Credit Card,risk_flag,2136.79,1,27,give_up
c570a9f8-0f01-4595-bbc9-d01f3044dd8e,642e70e5-0f86-457d-95ac-177175228db8,3911.21,Credit Card,expired_card,143.78,1,13,switch_method
ae49b203-7352-422a-b7e3-2b1f40d5cc00,4e3d346c-e198-4c85-978e-2af17c6145ee,1815.25,UPI,gateway_timeout,571.49,0,54,retry_now
e0ffbf7a-57cb-44ff-98a9-4f45048ae9f7,76c63d03-f14e-4a87-9060-573985423a2c,3866.13,Debit Card,insufficient_funds,140.76,0,27,retry_later
0895bdf1-b78c-4fe7-96f5-113580e07409,130eb32b-3484-48d7-a931-3711ceb9e5db,2463.11,Credit Card,expired_card,138.41,0,10,give_up
93ab10cd-16b8-47d9-bcb1-564da4d2c6c2,4ac36927-795d-45a1-842c-0b7aac31ff21,3372.85,UPI,incorrect_pin,219.25,1,72,retry_later
076df6fe-8495-4e2f-9d0c-56429282e820,7125df8a-99cb-4e32-b4cf-718bdc2a9177,1030.72,Debit Card,gateway_timeout,118.79,0,108,retry_later
e572c9ce-6090-46e2-802d-6cd25d81d811,0bb85fa6-8622-4a6c-815f-42827a84b435,2443.66,Debit Card,risk_flag,159.6,1,19,give_up
a81daabb-4478-402a-99a4-528877aa332f,c300c59f-ed5f-4505-9d7a-8e22507c2a5c,541.54,UPI,gateway_timeout,137.89,0,12,retry_later
dad6c946-064f-47ab-bf07-131bc2f42058,ef27343a-5d5a-4c59-bdc5-8bf82c3c9184,9652.42,UPI,insufficient_funds,9158.87,1,4,retry_later
5fe967a2-11b9-4844-88a4-c1b116dbd117,db990a83-6710-4cb3-9079-1fad11cda918,792.7,Debit Card,gateway_timeout,72.34,0,45,retry_now
15d50fc1-fa75-45f2-803b-194476b87154,16853455-2032-472e-8a35-fa3f933aeb80,7843.98,Credit Card,expired_card,489.19,1,106,give_up
4a818266-ab01-4e29-a134-12bacebf4364,3085ecd9-d9a5-4a8c-8ea7-ff9f5c974c79,1334.5,UPI,incorrect_pin,812.52,4,17,switch_method
3ae5531d-480f-4ee9-9a2d-cb16bbd15315,187b6906-8c56-45a6-8b85-5045ab596649,2351.01,UPI,insufficient_funds,717.19,2,37,switch_method
ca0ffb6d-9785-4107-8920-cb7ada19f87c,50a23b17-ea91-4a95-91cb-ccb3ff13bf9a,950.08,UPI,incorrect_pin,802.09,0,10,switch_method
b043a2b8-7166-4694-88ae-aefdd7c10009,6d8a1efa-644d-4591-b30c-3469f71ebe35,482.61,UPI,risk_flag,2946.04,1,31,give_up
1226028b-d553-4cba-aaea-65be0063789b,c1430dd6-cf69-4002-a28b-f7b6ca05f687,187.13,Credit Card,risk_flag,1107.48,1,0,give_up
840365ff-e3a0-4a1b-8728-8d40be1960e9,f696d5ad-cb51-40bc-843b-193eabc72325,458.55,UPI,gateway_timeout,158.21,2,144,retry_now
787e6f55-ee45-4637-9cf6-847b18bfd202,13103295-09ed-4c60-9aae-5ff552f06af9,1186.68,UPI,gateway_timeout,106.82,2,67,retry_now
091beeb7-952a-4d61-b21b-adc3b7468a38,1d084290-6b7e-4758-bbd1-ea696500ff7a,2381.4,Credit Card,risk_flag,107.66,0,24,give_up
f60e15ba-ca19-44c9-aef3-b6605d78dddc,37908f96-f348-4983-9a6b-8f5c2919bb7b,6724.37,UPI,gateway_timeout,10.0,2,127,retry_now
f1699a62-de98-4b02-805d-d917dd507c3b,1d500062-7f11-4390-9392-aac2db6d560b,1012.84,UPI,gateway_timeout,310.0,0,12,retry_later
b2ef1e26-6ccf-408e-b3df-6fe91bfdc223,80a73965-c88b-4d90-8f83-dbe9c25189ff,574.47,Credit Card,insufficient_funds,4856.93,2,4,retry_later
2656666d-0884-4212-97b5-1d4b063bec80,c1b2fbe6-1dc6-4a37-a372-49ec2762d000,277.13,Debit Card,expired_card,459.89,0,171,switch_method
f9e0eb94-787e-42b4-9912-383765029302,4e3aecec-374c-4ab3-84e6-54efa87f864f,3374.77,Credit Card,insufficient_funds,867.22,0,22,switch_method
dd34e5fd-5b91-4ebf-be0b-f1b3ec982a79,ab57e9f7-530c-4629-82bf-9096f3fcded8,10917.83,Credit Card,risk_flag,990.69,3,164,give_up
eaf26d9b-daf9-4f34-ba5d-480cc420193a,9f2690bf-1104-4b65-926a-ccc8dc06dec3,9379.01,UPI,risk_flag,3813.96,0,60,give_up
5a37507e-5a06-429f-bbbb-a9dddbcd87e3,d6028bda-5f61-4b21-9b1e-302eab9f97e5,4550.14,UPI,risk_flag,3567.62,5,234,give_up
642dd363-72b5-4935-b454-d2028f17eccc,da85ba6d-c4ff-467f-8461-b3416669eb11,4146.86,Credit Card,expired_card,470.94,0,84,switch_method
75eb1681-470e-4846-ab56-a3410831bb5f,05eaa157-0007-4abf-a8f4-1b745011e0ed,16430.77,UPI,gateway_timeout,483.01,1,6,retry_later
2ab69a5d-cd87-4e1a-85b6-5bd39223b6ba,363ad509-a057-415f-bea4-3adc1cf1328d,2784.17,UPI,incorrect_pin,2194.26,2,114,switch_method
8cfadb9a-ef2e-47f8-93e8-2d1a21b9a066,c7ad065e-7c8f-437f-8cb5-5e36e981e546,4187.96,UPI,risk_flag,524.52,0,9,give_up
fd5be5ed-7d48-4205-b7cc-844a840a4bdf,147d6151-493f-41e7-82fc-451a1563eaeb,1191.52,UPI,risk_flag,150.65,0,70,give_up
cf24a1e2-93fa-4974-a816-7c8596fb45d7,e53874f3-bff2-4d22-af07-aac0ccc75438,307.77,UPI,gateway_timeout,310.2,0,41,retry_later
e3275b47-6b44-4676-8382-438145766613,bc38a4d4-000d-4f8e-9757-03ee3b2c75d0,743.22,UPI,gateway_timeout,31.88,5,73,give_up
3167ff89-9396-4b32-8225-e20dc493a4d4,43300de8-d2fc-45b8-af0f-5671e80faef1,1786.64,UPI,gateway_timeout,496.36,2,86,retry_later
bf5945da-1ec7-42b2-9401-54e3d7c31f85,378c2785-697e-4f05-b681-fd9cbc33f5bd,1956.71,UPI,risk_flag,10.0,0,97,give_up
dda1d94c-bf58-4e1c-b1d8-8fd76d7192a6,79904e11-facb-4477-abb8-392986060304,22118.54,Debit Card,gateway_timeout,5461.68,0,108,retry_later
06fc04ac-4d98-41db-83d1-c579940ae5a7,cc3ad761-e854-4de2-91b8-fc88160e0172,2009.54,Credit Card,expired_card,1777.46,0,112,switch_method
38423ffd-1aaa-401a-a443-5119b0546c62,96332876-0e0b-4e18-a09b-8fb8ae26b271,8370.73,Credit Card,expired_card,14.46,1,31,switch_method
06d8ff9a-388e-4891-8558-062a7ef682e9,308a824e-253d-4b79-b272-36c0703348d5,1027.0,Debit Card,insufficient_funds,845.87,5,132,give_up
d3bd6a79-6430-4585-af71-aff7e8b112a4,29dd6341-e9f6-4f2b-b1db-a80841cba144,1205.71,UPI,insufficient_funds,191.15,1,76,switch_method
2a6a9bd5-16dc-446f-a40a-4527873c43ff,caafa0a5-3ef2-47fb-b66f-05e1e87ab17b,321.27,UPI,gateway_timeout,249.65,0,109,retry_later
6c0c46d2-cb36-402c-bb2b-2bbf7e43ab5a,4924ba6e-50ea-4d53-9775-aeceefd4975a,688.82,Credit Card,insufficient_funds,285.24,1,271,retry_later
b02d08d3-4a74-409e-9e29-7c905abc94e2,61cf00ad-585a-419c-9ced-20c8149ed9a0,3587.02,Credit Card,risk_flag,1113.43,5,7,give_up
cb2f3b41-24af-4a69-83a2-744621b66286,906c90f2-d45b-42c3-96e1-de1fa4b6f455,1825.9,Credit Card,risk_flag,390.48,1,27,give_up
bd33de72-f782-43a9-9841-f33015eb0406,9b110387-1213-4bc6-9ace-bbf0a18618f4,6159.93,UPI,gateway_timeout,96.48,4,98,switch_method
b8a5f91d-b65c-454e-8854-1491ed2006bd,a9339339-2e18-42bf-8cec-f31694bcf088,2288.45,UPI,gateway_timeout,313.87,0,5,retry_later
c50166b3-365f-4148-8eea-048b89368aaf,2ee49638-481a-4074-9bea-b982eee20e02,1143.46,UPI,gateway_timeout,347.19,2,46,retry_later
504cdb7b-a6ca-4245-bf18-2781fb74844e,02d7b5a2-4ef0-40cf-8842-0cb9405497a4,29518.9,UPI,risk_flag,648.86,1,117,give_up
680dce30-05ce-4a98-b03f-6a6be74014bf,c4fb9a9f-b1d6-4280-9c97-714afe0cd8bf,1600.27,Credit Card,gateway_timeout,2086.4,1,1,retry_later
410df7cf-72f3-4348-a39a-f5c82d9bed5c,3d8fa1c1-1699-47f8-bb33-0b6dfe287ccd,8200.1,Credit Card,gateway_timeout,101.62,1,168,retry_now
41084f44-d45f-4070-a5b7-f687c969692c,b69c1d2b-ed4f-4f19-8760-f1288d5a0f79,1073.23,UPI,insufficient_funds,31.86,0,229,retry_later
f951f36b-7f02-4b01-bca4-70f57d4e847f,b8c646bd-8853-4d42-ae20-8715fd44d30a,4548.17,Debit Card,insufficient_funds,433.12,0,23,retry_later
74ec2631-47a9-49a7-9b63-4d4193ec23f0,bf32ed96-be79-4375-9fd8-7144d01cfb4e,6041.58,Credit Card,risk_flag,102.39,3,87,give_up
9ae34341-f3f7-4f4e-83e3-060c43802fee,1738e531-1b21-4a80-b902-73d4daaa7e8d,2370.93,UPI,gateway_timeout,495.29,0,8,retry_later
1b6fff5e-bc2e-4866-90fa-ce5951ed001d,1cc7cf93-7237-4fbf-b18c-39f53440acc8,84.7,UPI,insufficient_funds,660.55,5,88,give_up
6f3b081b-9b05-491b-92c5-8310c44331f4,12144c2a-437a-4418-8475-33b88f2158cf,1851.46,UPI,gateway_timeout,3542.39,1,39,retry_later
f75ce27d-a3b1-4b9f-b06d-3f64943df0f1,7a05e6ce-73b5-4b76-9528-b78e98b8e86d,8951.69,UPI,gateway_timeout,10.0,0,118,retry_later
635dcd99-dba9-4b2f-a026-d6d045c9ed27,430752df-6230-4ab9-a16c-b270f9e81b77,3589.35,UPI,gateway_timeout,5125.44,3,14,give_up
6d9050c9-323e-4ef7-8a9c-667625fb6292,076b6dcf-3a46-482a-b0f9-936eca6ddef9,3227.91,UPI,gateway_timeout,348.06,2,67,retry_later
f81db04b-38d0-4973-8740-49e971765054,634fa195-0924-4318-b1fa-64c07e6e53ba,192.69,UPI,gateway_timeout,607.16,0,92,retry_later
b15f1610-2cdc-4527-819a-cbd6f412982e,0987a5df-7afb-4eb3-bf2f-7ec78b7bbca8,708.68,UPI,insufficient_funds,46.81,0,13,switch_method
623b7b1d-a2b6-4783-927c-c099ce7fc503,32e13aa8-8383-4f0d-9a3d-8cb8e0be9035,3086.41,Debit Card,gateway_timeout,4365.33,3,102,give_up
8f20f813-4b60-49dd-b753-d84885dac910,61e18fcf-df1c-4cfe-8bc1-ceafc8c56af9,3082.51,UPI,gateway_timeout,12.44,2,190,retry_later
8da4e898-cd22-48c2-a37b-d3b82807e55a,0c64ac34-f407-450d-931b-1fbb8445e9bd,8769.78,Credit Card,insufficient_funds,371.11,2,57,retry_later
853aca04-69e4-4509-ab22-80b5079dbabb,ff1f5922-13bc-4ce7-b1f9-a3e55da6a53a,1497.68,UPI,risk_flag,767.49,2,92,give_up
b0256863-72a3-4b30-becb-13842aeb8404,ebd8d91c-d4ae-4b55-8997-d9b70231601d,3064.29,Debit Card,risk_flag,49.53,0,45,give_up
6d8f6f51-cf55-4b60-be08-580d3b393c58,eb574de9-b53a-48f1-a145-6b40e7f33085,1846.94,UPI,risk_flag,271.91,3,54,give_up
dc784985-f323-42b4-8631-4ab8e679c7b0,4e41e01e-eef6-4921-b7e5-0774a1517a77,501.18,UPI,gateway_timeout,1130.37,0,0,retry_later
1be417f4-4860-4806-af26-82eb3eced5e2,45fe160b-7f6d-4c0a-b031-05c21fdc4456,96.3,Debit Card,expired_card,226.28,0,44,switch_method
d94e8241-c717-4cc6-af1e-96c816bd047a,98653568-5122-4b6b-b972-32a6cae14501,3166.28,Debit Card,insufficient_funds,473.31,0,51,switch_method
2739914b-3b88-4330-870b-592efb43a52d,d7f54245-2e5f-4e46-afb8-7e56bf3dd573,2266.82,Debit Card,insufficient_funds,159.51,0,66,switch_method
0854f3ff-f977-4ef7-abd1-48410b77084d,b9f669ae-2cd3-4d04-9600-eb4364f91388,809.46,UPI,gateway_timeout,63.53,1,11,retry_later
0d7297e6-be7c-4e05-a79d-e9c2c1edf850,07bee0f9-fa91-4957-a415-ba4483796a61,220.32,UPI,risk_flag,85.53,0,16,give_up
8a0c417b-a691-4a7f-9cb8-b84cca3dd4ca,6a76ff4e-4583-4cac-9470-39b73ff18cc1,4099.67,Credit Card,risk_flag,1253.31,0,84,give_up
a4576dee-fb2c-40e8-9824-dc4fe379f76b,0ad53998-0a1d-43f5-a70a-b51d12ca7626,1279.6,Debit Card,insufficient_funds,1369.58,0,11,give_up
702c44fc-8c50-43d5-b766-c9ce0cbe068a,7db8ce08-a378-4394-b8e7-f044d29908a4,3729.16,Credit Card,gateway_timeout,172.78,1,32,retry_later
c4326261-b3b3-4a90-9d99-d98701e03556,15ee2dc8-ebf1-4f44-aa96-2e17942fb4df,20399.45,Credit Card,expired_card,1927.71,1,17,switch_method
7eeb05d9-850a-4a34-a0ed-e3a09089788f,9bc543ac-8335-46e5-ad6b-ab74c5a7dac7,111.74,UPI,insufficient_funds,702.2,1,47,give_up
7f8eed67-8c85-4219-80f8-af6dc7b2ea9b,c36525ad-d013-46e9-ac64-0e7fa04985a7,728.16,Credit Card,risk_flag,928.86,2,259,give_up
70b1be4e-aa4a-486b-84b7-599bc47232e7,a7c1c38a-169c-43a6-994f-e6febfbffada,1377.21,UPI,expired_card,21.77,1,114,give_up
9c211107-50ab-4d37-995e-22e31f1655a7,9cb96818-aa39-40b3-9b55-ddb18b9f35fc,11983.36,UPI,risk_flag,354.78,0,18,give_up
623d7154-22aa-401b-a5da-6d3d9489f259,4f09f230-adf8-40a5-9af2-0ae9d8172115,215.44,UPI,insufficient_funds,174.04,4,27,give_up
c9bd917d-eab3-4d08-aba1-9aa4092f281a,e63a06c7-4224-474b-9ed7-ebed2cc1ca67,22395.59,Credit Card,expired_card,835.98,0,150,switch_method
2822340a-fedf-4819-b100-7a7639f050d8,ee8e3eed-4ac0-4447-b8e5-24cf3b6f9f5e,2157.3,UPI,gateway_timeout,32.65,0,137,retry_later
05cb953c-5648-4ba7-bde5-2ff5c5733cf7,d6aa4d4f-b4fc-4641-917f-e3a1d446159e,1595.91,UPI,risk_flag,237.21,1,10,give_up
77a807a1-1e3c-4971-aa35-5eb58f4ee0f6,bef736ed-88dd-4cce-bce5-952f624306f0,1397.61,Credit Card,incorrect_pin,460.47,2,106,retry_later
0672ec43-a94b-4ed5-9f96-ea50f53956ef,c3755dda-d027-4d6f-82af-72540b524cbc,1025.42,UPI,gateway_timeout,436.52,2,21,retry_later
036e0de4-1839-4c63-ba01-654f88518823,a318b832-ec50-4e65-a10b-9317f87ac348,7062.48,Credit Card,expired_card,682.07,0,47,switch_method
a80bca0e-bd30-4977-8199-b056263194a1,5a3db535-9945-4d6a-adcd-62b201f6f95e,450.75,UPI,insufficient_funds,52.59,2,0,give_up
0edcee81-7064-4d48-aa06-ab09154afa97,fc96a85c-334f-471a-95da-27063928fd30,2832.85,UPI,gateway_timeout,2294.14,2,393,retry_later
ee71f591-cec2-458d-b7f9-b8453aa786c2,9f27b1e3-a4f5-4825-8234-def56a105857,1097.25,Credit Card,gateway_timeout,388.89,0,85,retry_later
e9a49198-d7cf-43f0-a691-2deb2667fff8,58a8f872-b2d3-4928-9fa5-b0b9c9b5e7d9,671.31,UPI,gateway_timeout,718.32,0,16,retry_later
38df7c9e-db05-4b00-b01a-9f0375f93b2f,f0161e6a-e5ac-44bb-93ae-c6476356cfbe,52144.17,UPI,incorrect_pin,93.43,2,69,retry_later
d208209c-f9e3-4355-9ed1-9f5f5f308aa1,17646fc3-3064-4b9a-ae6d-d148bd921f82,3117.44,UPI,incorrect_pin,364.21,0,20,retry_later
bf25327a-e6b6-4461-bbe5-f46fb14b9fe7,b246a883-127c-48a8-bc50-bf5fad3ac6cd,4012.8,UPI,risk_flag,982.44,0,5,give_up
055ee8a3-e76d-4f3d-92c3-11c1940d7243,0460ad10-b8f2-498c-91c1-e90eb7aa5af5,7935.56,Debit Card,risk_flag,391.3,0,33,give_up
e3a15085-e7e3-45ba-97a5-1b234d1338be,03135ff8-eca4-4c7c-ad0b-d3c770c58072,284.93,UPI,gateway_timeout,85.79,0,57,retry_now
98f96bf5-1894-472a-ac0f-223c40dd347a,52dcd3e4-72dd-4f10-a854-f8e52021424b,17640.97,Debit Card,expired_card,632.81,0,5,switch_method
3286b4ce-d4e0-447f-968f-bad1e3cce33a,f2cad245-de48-497f-8c6f-994c45c8aaf7,69.29,UPI,gateway_timeout,411.81,0,43,retry_later
845a00e5-83bc-4147-91d1-c4ad1b1831ce,293e53f2-d6d3-4061-86d7-1795c5de1872,665.54,Credit Card,gateway_timeout,196.69,0,43,retry_later
6195fd3b-6427-4e12-af0b-8c0ebc5584f8,96d10117-5456-4150-abbc-a9a1db1cdaf4,995.51,Credit Card,risk_flag,181.29,3,59,give_up
5d9b8ffe-1c47-4640-be14-3da0bd513a6f,61dcfdd3-b538-424b-8a88-b948029780b9,3851.59,Credit Card,risk_flag,35.88,0,16,give_up
2252cf79-d6c0-474b-98c1-688105439ec6,16ca11a2-b13a-4b9d-a7df-bfb2d4058d3c,2402.66,UPI,gateway_timeout,606.03,1,1,retry_later
04496e1c-05d9-430b-9dfa-dc1f5b3724fe,0eda00cf-5d2c-4744-a365-71369aca4b3c,1455.55,UPI,gateway_timeout,508.88,4,23,give_up
7a341ef6-c1c0-4fb2-b977-d2d737caa635,76ad1456-f62e-4214-8aad-61246583d968,1780.06,UPI,gateway_timeout,921.71,3,30,give_up
b5fdadb4-53ee-420a-9b18-85eab1ffe133,58ed0b99-0680-4a1c-839f-996fd478cc1a,507.03,Debit Card,incorrect_pin,1453.87,0,60,retry_later
43d0e61e-a84e-4829-b7c7-bee63f57ad5c,b19b9aef-21ef-41a6-b9d6-ae09476e11b1,258.16,Debit Card,insufficient_funds,276.01,0,159,give_up
75c41d66-406a-4331-b5c6-d48733b493f2,a12ee851-1649-4647-b10d-b8cc3179f838,4649.27,Debit Card,gateway_timeout,72.97,1,13,retry_later
c50bc360-de7c-4e98-965a-3a0f9d01ce43,b5514ec0-f1b5-4893-af31-4b36bf00c3a2,4455.16,UPI,risk_flag,245.96,3,69,give_up
6d971f66-a0ad-4990-a607-ca0b171a9f14,ada3e142-52fa-4a8e-89c4-9748d00fd9c6,14183.61,Credit Card,expired_card,514.75,0,6,switch_method
fcc1f587-8f43-422b-836a-257f87df8350,20e9b514-dff4-45bc-8351-80fafdb3dcb2,647.41,Debit Card,gateway_timeout,63.97,0,12,retry_later
45c26095-aa74-47b5-8fc4-a7c0d4e99e0d,2b578b5b-1903-4cc6-887c-40ab51115117,4450.0,UPI,expired_card,5900.13,2,42,switch_method
bb9b0f8c-2e5b-4154-9ee2-f9b25545b28c,db769573-42bf-4b7f-a362-a67c685d13e7,1250.35,UPI,gateway_timeout,298.74,0,73,retry_later
08995ac0-9681-4de3-a6eb-0656bf7176ee,39ccf985-d981-465b-bc38-ef4ca607af98,8498.27,Credit Card,incorrect_pin,1526.68,2,117,switch_method
f8f2d3c0-2cd4-432e-a1ed-5c1e474e04b4,fbca957e-9222-42ad-8dc2-c5ee47bacbf6,6826.39,Credit Card,insufficient_funds,166.74,1,81,retry_later
7e5d2e29-4c65-4e0e-880b-9a3b7ac6191e,6869dec3-94d8-4864-9f22-72454f96a74d,2379.33,Debit Card,insufficient_funds,365.24,0,0,give_up
b7960ae7-4ef5-46cf-8509-7a1ccd4732f3,f15fb86d-8287-4b07-8461-826e6b460be0,1162.83,UPI,incorrect_pin,387.68,0,69,switch_method
7bfb60d5-4fe5-4061-9010-21c31b608794,04a53b8c-5f4c-4e0e-82c4-65465ed5dcd7,6305.72,Debit Card,gateway_timeout,668.12,1,104,retry_later
79d8fbc1-595b-408b-8aba-cdce1fec0979,93c40c5e-71c6-4a2c-abd2-97185e8000b8,4192.18,UPI,gateway_timeout,750.92,2,44,retry_later
13b8d3a4-90e7-48ed-8efa-5a68c69e4dae,afab83b2-804f-4797-9bc5-fc22c7ac9f85,742.65,UPI,gateway_timeout,62.89,2,202,retry_now
36a7e405-c4b0-4d04-92c1-cfbb64a42627,433b8774-1f82-422c-84d7-6aaed075454c,321.78,UPI,incorrect_pin,14586.05,2,0,switch_method
293715d7-e2fc-498f-8d0b-3bf584fcb25a,19626bd6-40e6-4fea-9c1b-98026eeb0f04,1242.53,Debit Card,insufficient_funds,1090.01,0,102,retry_later
008aae68-80b0-4313-86da-86520d5e3e09,3e89c7c3-445e-4b1d-be0b-962f457cc370,12965.38,Credit Card,insufficient_funds,760.24,1,24,give_up
71076691-ddff-47e6-a3cd-f57290976367,0408158d-06c4-480a-9bbb-53052131a28d,8025.93,Credit Card,expired_card,411.72,1,63,give_up
a47695b0-376b-465b-bceb-eb61c1d1a18b,3e379e47-0fbd-42da-b69f-850c3a62e868,425.8,UPI,gateway_timeout,137.39,1,70,retry_now
a4aba347-84fe-46f7-9446-ef313121ff06,a2c17daf-b021-4662-90f5-19e8c8e61f11,396.2,Debit Card,insufficient_funds,26.88,0,21,give_up
808ee7e8-3e79-4c43-aeab-c32e6338948f,f4608993-3daf-4895-a1c8-608cb0fd8b73,9481.42,UPI,risk_flag,179.86,2,323,give_up
48efaa41-ee51-4bc4-8cd1-e01c2ae0207d,ceddcd98-1aa9-4043-ac12-c66d7ec937d9,413.09,Debit Card,expired_card,6322.54,1,6,switch_method
e30651e1-f0b2-43ae-99d8-ae57809c161a,02cfff44-e652-4142-9a97-ba936f483eaa,3505.48,UPI,incorrect_pin,4761.26,1,10,retry_later
625edb9c-dcbe-46a6-aed5-4fc02d692272,9d144c95-e1a8-4099-881e-ab6e5361a3e9,811.68,UPI,gateway_timeout,315.21,3,133,give_up
a92f62a8-696c-4885-b650-7910f8f48138,dc58003d-ac5c-4dfb-b14f-7ac0713d50ab,14796.68,UPI,incorrect_pin,153.5,0,7,switch_method
51765ef5-1c7f-4eeb-a9e5-64cff5b486cc,d44dbf33-22d9-47c9-a8f6-a3c4d42c6ab9,664.11,UPI,gateway_timeout,792.88,0,28,retry_later
da39f2a8-dc42-47f8-9f6b-caf61556cd32,c0eb5744-4ad9-41be-82b8-e5a5147b4805,7993.39,Credit Card,risk_flag,430.91,1,79,give_up
9a614b49-658b-4371-a6a0-a5deb7f61d52,499943df-61aa-4748-ab63-b077893bbf81,2299.2,Credit Card,expired_card,13.09,4,94,give_up
3f81b675-2c05-417a-b0dc-6f9d1568873f,a5457eb6-6378-47e7-a855-105320711fcf,2509.54,UPI,gateway_timeout,2807.84,0,185,retry_now
3f304691-6e46-4bbd-a6b7-c8dde53b4a1d,4db8b344-6ffe-4c88-9975-a3f070a17634,139.57,Debit Card,incorrect_pin,261.14,0,93,retry_later
7c4877c5-b441-4596-9065-90473926ada4,b330e0f8-6cf2-4046-be6d-9a2e8370eb14,103.15,UPI,gateway_timeout,278.63,3,111,give_up
77b21358-7642-426b-82cc-d3161e7e92e4,90d4489c-c5c3-416b-b0f0-ba4f2cd6d94c,1357.32,Credit Card,risk_flag,3847.97,3,178,give_up
5ca563ba-823d-453f-aff9-9ae8d0f0eb39,c6c67409-6af1-4d3c-b06c-66e9cad2f8fc,2492.34,Debit Card,gateway_timeout,9686.05,3,48,switch_method
c1c9980c-ae88-41c4-8e4e-4d28d23d1a46,fbf365bc-b448-42b9-bc42-b343a0e07d89,418.74,Credit Card,insufficient_funds,1256.37,0,25,switch_method
9148f96b-33d0-45ae-a6e9-3817dc12b00f,3847bee9-9487-4f2a-8185-dc3a0f922cba,439.09,UPI,gateway_timeout,510.45,2,86,retry_later
7011dff6-5ef8-4481-8f0c-68b1b320df49,d75f0fac-b5f8-4353-82e2-5f689e1fa31d,3751.51,Debit Card,gateway_timeout,54.11,1,10,retry_later
49de2db6-7190-4545-a245-7d756ef8f662,15c4e476-6b88-45b6-bd8e-bbb7794365b7,3758.26,Credit Card,incorrect_pin,134.97,1,4,retry_later
4d07d21e-c2b3-49cf-bb17-7a27f7fd497b,c72a8e65-ace7-4717-b1a4-906513bfe6fe,1511.62,UPI,incorrect_pin,558.01,0,92,retry_later
78fb5122-3740-4c06-bed8-13967ed3a97a,aed336b6-765a-4830-a6ca-d91eaef940b4,4985.37,UPI,gateway_timeout,269.31,2,180,retry_later
f3106a82-d346-4971-a171-f43511b3e56a,5ef9df7a-8f2d-43ab-8904-0640dbfced9e,392.89,Debit Card,insufficient_funds,1263.21,0,35,retry_later
f87bf9b9-3cb3-4e20-8517-7492bfa15cbc,e0360145-7c69-4f3c-ab3c-7fb7075e9b43,1138.29,Credit Card,gateway_timeout,694.89,0,10,retry_later
49df0cb3-2254-4902-afcd-2b4ead68df13,e4c61402-69fd-4d88-bd34-a0e0d56370ce,15401.82,Credit Card,incorrect_pin,609.72,1,41,retry_later
100de315-3269-4d64-8759-abfead2a8ed9,9f22a4d7-14af-4f7d-aa81-055f66bf88ba,1975.98,Debit Card,incorrect_pin,529.61,0,29,retry_later
fa34f4d8-debc-4ca4-8b9e-3b7be9ea5ff4,db3d5527-5933-4b4d-9472-132d59dbba85,2130.7,Debit Card,incorrect_pin,4528.32,0,27,retry_later
c0485cba-c39a-48c8-b723-eca99907d610,ae7f8302-c6d3-433d-ab26-a8f429546275,36233.18,UPI,incorrect_pin,103.15,0,59,retry_later
e2dcfce2-df6d-4dfe-94d7-2315ab11449f,4e00dec4-7ae9-4281-b017-c00f33522e55,293.2,UPI,gateway_timeout,202.68,2,11,retry_later
5fac0d62-e1c5-4447-ba10-15876c89bb90,8459ca17-f746-468c-b16f-a4c304734f21,5091.66,UPI,gateway_timeout,222.49,0,28,retry_later
3173e28f-af1e-460e-8318-8bcc3881e8f4,548c8c8a-8d97-4790-a5e6-3bb0273293a3,15727.75,Credit Card,insufficient_funds,93.24,2,121,switch_method
ec987772-ed3d-47f9-98da-0990c37e8f01,29bce574-500b-426a-9050-2ca24144f1d6,1185.22,UPI,expired_card,593.01,1,78,switch_method
7e6420f0-d408-4626-922e-29488963e3b9,555e3abe-404b-42bb-a88f-f96141ecc718,5527.66,Credit Card,risk_flag,1026.67,1,3,give_up
46b43d2f-a3bc-4ded-8f89-adc4f329df87,87e4a0e1-89da-4c27-b4e2-6b142712c3a1,504.4,Credit Card,gateway_timeout,597.4,1,43,retry_later
9cc365c0-37b4-40d4-a78f-0636a7ac225c,83fa8a37-5df0-4543-8487-8bb2e015cc9b,740.44,Debit Card,incorrect_pin,603.57,2,5,switch_method
a19332ba-ce58-4af6-a9e7-306e5ac552c3,024d69aa-2dde-43d6-80f3-a7bddae02169,2982.32,UPI,gateway_timeout,3393.14,0,189,retry_later
cbe451b2-e9ef-4fe8-85f3-9640b2d0a13d,fc00a626-154d-4e2b-b419-b4638654a5ce,5105.82,Debit Card,incorrect_pin,293.91,0,16,retry_later
958c83b4-5118-4ef0-a84c-2bbe9d93a07a,b8313e3d-cc55-439d-a7cf-84897717a7a3,7763.72,UPI,gateway_timeout,1113.7,1,161,retry_later
a1978426-06c5-46c7-9d0e-2dbbe4fa35d1,3ef0a02c-e5e1-4035-9861-8331b3f1cbfb,13912.14,Debit Card,insufficient_funds,783.82,5,107,give_up
a3a0e5d8-0d04-40a9-8e67-d406023e670d,0a786b87-17ce-4797-ab48-adbcad3fa924,1656.26,UPI,gateway_timeout,607.55,0,48,retry_now
95450f58-e376-4c3d-9b6c-83a8faabc360,4dfc9dfe-9318-41ba-8d18-0d2fdc9fed28,8532.99,UPI,gateway_timeout,482.0,1,24,retry_later
75fe3eb8-a16a-4ca6-8ab1-1de6e551b8ec,527b7f2e-0a43-4f48-a70c-5b38bc48a894,1158.64,Debit Card,insufficient_funds,212.03,3,117,give_up
4eabc5d7-00ef-4e92-8f8f-4f1fa8edf305,e7118141-fa6f-48d0-8f12-969517fbefef,5841.36,UPI,insufficient_funds,167.19,3,9,give_up
1325d017-fbc8-44e9-8ab7-36b1bbd4935c,296f50b9-43b5-4f60-8e9a-d061082b63b3,2367.84,UPI,incorrect_pin,718.41,0,11,retry_later
4745f98a-1a49-408c-8727-4f9b49414d49,ef5f18be-208a-4614-875a-1aba1a9eb27a,3227.24,Credit Card,risk_flag,108.18,1,15,give_up
7f088975-6000-4596-8c51-a344b5909dbe,0f5e257d-f3fc-4f81-853b-62b0d4190e35,3135.55,Credit Card,incorrect_pin,290.53,0,54,switch_method
7e7ffe1a-9945-4a10-bcfd-9a262072ceee,5de1aad5-953f-45fc-8ea2-c51b6902b91c,224.5,Credit Card,risk_flag,239.59,2,22,give_up
f4d0895b-c3ab-4fc7-b1e7-7aa21e798eac,a7b8cf84-b78e-45b3-94f6-61a1d8ed7d39,419.32,Credit Card,expired_card,529.59,0,271,switch_method
0a0134ad-f21e-44d8-a568-1a6f19ed6b60,c7d7e9aa-4ec7-4bc4-b963-5ff95d10d2a6,2065.86,Credit Card,risk_flag,107.1,2,13,give_up
505028df-33c3-4feb-a147-787089167a07,c359cde8-e266-489f-80b7-85a34ecd849c,201.65,UPI,gateway_timeout,32.78,4,98,give_up
0c2193e1-969f-4f58-ba49-2691d51ad0ec,8c01683d-f593-44af-b480-c6d974badc28,5327.16,UPI,gateway_timeout,631.02,5,6,switch_method
4a18d126-f335-4cab-9ba4-81cb3fe2b0dd,90e34ae6-d78f-479f-9438-e7d24a0c9acb,5614.02,UPI,risk_flag,1073.0,3,26,give_up
514d2ef6-113a-4513-a116-1b8ab3ab2a47,9706ffaf-58f0-4f34-9e9d-90ec6710009d,2766.45,Debit Card,gateway_timeout,176.69,0,16,retry_later
89ce6d39-7fe6-4429-8ae6-88843a1660ab,f64198ce-48da-4ae0-a96c-010adcecc196,420.95,Credit Card,insufficient_funds,982.24,0,225,give_up
00c99f80-0d77-4ea5-8aba-58120f4f47ea,4e5426b4-460c-4e5b-b143-05ce32b8d432,10874.55,UPI,gateway_timeout,155.2,1,1,retry_later
bb2de5ba-36f8-4a1c-a5cf-650495ce6f64,810cbc2d-3aea-4392-a0a6-cc65daa48320,25549.52,UPI,expired_card,154.79,1,76,switch_method
be5d4ff3-6d60-48f3-80f9-c6e2c117a774,59b69a87-50d4-49fc-badf-5e529cc53ca5,2189.0,Debit Card,insufficient_funds,222.96,0,17,give_up
05139b3e-a9de-4489-af8d-de28fb8b8f50,80b59208-008b-41c7-b446-7c865a220c8d,3511.14,UPI,insufficient_funds,63.21,0,100,give_up
98e71b68-b7e6-4420-b839-1dc3d435b684,c0083b5a-3d6a-44c0-83e2-37c1384cdca3,2350.21,Credit Card,risk_flag,1065.6,3,22,give_up
b7724e71-a054-4b91-bd31-6e5c47949b1d,1b7d37e8-02a3-417c-bb55-b4444023855a,3602.85,Credit Card,risk_flag,533.08,3,12,give_up
fe4bf78e-937c-4561-8999-fe610bbf72d8,eb082e27-344c-49ee-a79c-abc47a2602dc,1547.77,Credit Card,insufficient_funds,71.78,0,70,give_up
c41078aa-ae6b-4bb1-8848-4bb50c667d61,c8fa60f5-38f8-443a-beef-a1d035519131,1728.6,UPI,gateway_timeout,343.5,0,17,retry_later
45bcd042-96e2-48f4-9aae-3e75608d0abb,974ea50e-50d1-4380-9d84-423a76b9036e,5868.96,Debit Card,incorrect_pin,404.93,1,39,retry_later
441ab39d-3431-4bf1-a39d-1ad454602977,3764903e-ce09-40eb-8237-0d2fad062aa4,38151.16,Debit Card,insufficient_funds,3560.75,3,8,switch_method
afc8c1ef-b481-48d6-9322-6d55effca008,df60cc97-985d-4d02-bc36-42ff0597cc17,292.92,Credit Card,insufficient_funds,647.17,1,77,give_up
248d60bf-c837-4260-a9dc-d356959c7d4a,e2a3aebd-c522-41e2-827b-af6b66d31cae,1579.78,Credit Card,incorrect_pin,377.6,4,31,give_up
7d0c29f3-2b50-4d8a-a44e-f1d222eca047,d56dda38-5704-449b-ae19-a3ddb4bd841a,389.71,Debit Card,insufficient_funds,3584.8,2,9,retry_later
eb8651be-df4a-4d8f-96a2-6bac41a897df,8aacd229-a378-42c6-bb53-a1085ec206bd,14323.15,Credit Card,risk_flag,167.47,4,81,give_up
c617fadc-b4ce-4e6e-ada6-0deffb6ce56b,e66a374b-be33-434d-badd-35b7dd253977,842.14,UPI,expired_card,685.57,2,6,give_up
8d6438fc-4678-4d76-9693-4220c98972ec,91765bce-c728-4f47-8165-24454f013fae,276.95,Credit Card,expired_card,6049.87,3,51,give_up
ffea41d7-ac54-4587-a0c7-0878882ca6f8,3b069e07-3dfa-42d4-aa1a-f10595dc3655,4144.94,Credit Card,expired_card,339.58,2,56,switch_method
2c012a3f-d63a-4656-8ea6-3abfa54301a8,e006e3c2-ab87-4505-8b24-fb9ab92ea89e,17458.89,UPI,gateway_timeout,276.16,0,159,retry_now
d8e292b6-2c62-40ea-8f6a-eb689d3b8c00,f1ddc132-0935-415a-a69d-d9ff3c6081df,4284.15,Credit Card,insufficient_funds,141.26,0,9,switch_method
c5d58299-f866-493d-ba80-05aa048b53d2,160cb5a5-4b85-4bea-a6bd-3cdc64bc372b,2359.58,Debit Card,insufficient_funds,23.11,3,63,switch_method
34ce5d89-3d73-43be-a344-3d1c411232a4,5d7d9fa9-5668-4b45-b85b-a5d9b89e9f58,3077.53,Debit Card,risk_flag,1576.99,0,28,give_up
79db9828-1610-4059-9108-74c27d01f037,ba365186-6835-4e6a-88b7-89dcf2afdead,11376.36,UPI,incorrect_pin,1201.85,0,30,retry_later
cf519f17-bd93-4cdf-b12e-e404a4d8ca1a,caaca638-c21f-43fa-a616-508d69b65e26,580.3,UPI,gateway_timeout,16.05,2,41,retry_later
32ee9d68-448c-40b0-bdc5-f1bcaed2fb56,e46820cd-3f86-4735-bf36-37031fd0fc78,1563.37,Debit Card,insufficient_funds,1556.73,2,15,switch_method
e64cc318-cce9-4df6-9108-e4b3ad0af5d2,b773be5e-3b01-4223-92af-573e10e69cc6,1003.75,Debit Card,gateway_timeout,132.55,0,37,retry_now
a57dc85d-7029-4965-8314-8a5f3293b394,0252e9a2-7569-4aa8-a62d-6de72ccb6054,396.14,UPI,insufficient_funds,416.48,1,69,retry_later
b77c6aa4-ff09-4474-b767-b7f21dd71773,731aed83-c93f-4c1b-92cb-6d54d8accc9f,1179.81,Debit Card,gateway_timeout,655.41,1,36,retry_later
8201f518-284a-4d71-be04-1c0e736dba13,37e93d00-2027-4747-8b56-e53372c04b56,7631.48,Debit Card,insufficient_funds,1033.33,0,2,retry_later
9ff47e9c-33c8-4bb1-a5ff-88264146b36f,8d4659fe-60cc-48db-8a08-1327eacfd132,3776.61,Credit Card,insufficient_funds,433.38,3,17,switch_method
f3535635-4f63-44fd-ae5e-b7eb6d2192ed,ed8611a0-cc92-4eee-bdb5-c111cb4309dc,4178.07,Credit Card,risk_flag,162.63,1,25,give_up
d606ff0a-9eed-4688-82fd-bd9891e1533d,6b5c0373-ed28-4b2c-a7f5-b3177b8617c5,2187.29,UPI,gateway_timeout,56.86,5,26,give_up
4b96e25c-0d60-4c6d-99a0-309705906d93,a507c76f-f63d-4087-be67-e7bf0fb177f9,3570.0,UPI,gateway_timeout,540.5,0,5,retry_later
c64ce9bd-9aff-4578-b964-b6607fe5cce5,beaf447e-56e9-4705-946f-c739673a8e3c,638.57,UPI,expired_card,705.84,0,35,switch_method
7f374175-4529-4a15-8f84-965c0b4dee40,d70b04d4-90c0-4c19-83e7-500946f3f9b2,1209.11,Debit Card,gateway_timeout,50.12,2,70,retry_later
1884508f-ba41-463e-9606-f0e495f1ad78,98181207-b07f-4968-920d-bc7e741edfe2,2320.66,UPI,gateway_timeout,297.25,0,2,retry_later
d220d36d-1e0d-474e-ac24-08199136242b,4a4c26c9-2e3c-4b0f-946c-9588f3febbf9,2593.52,UPI,risk_flag,102.45,0,83,give_up
e657de1b-5738-4890-88bf-6aacbb1d5cb2,8c0e64af-6fed-45ee-ad88-27b738aa589b,2741.46,UPI,risk_flag,2063.58,5,186,give_up
50f0737c-9bcf-47c7-b95d-7960bb5fc807,49df09e0-0da0-4ae2-bf78-385e279ee5e7,1510.45,Credit Card,insufficient_funds,25.63,3,0,give_up
ecfb1c4d-bf28-48ab-853b-58025239a0e6,2aba575b-64ee-4f41-ac97-9c0020c31f71,1106.93,Debit Card,incorrect_pin,135.11,1,12,switch_method
f9a24d54-8f68-492a-a99d-5094c3a92100,72ac2394-269f-4e4d-84fe-99bfef0b07a4,109655.91,UPI,gateway_timeout,934.54,1,47,retry_later
5b5eb522-65eb-4ac2-aa91-690c6b6f6f24,23f7d1ae-de59-4f70-8f68-9b3617e17682,5877.13,UPI,gateway_timeout,3407.23,0,14,retry_later
3747a490-faa0-4f3a-bacd-cd5aaf2a5d69,324c4358-a69e-4ece-af3e-d3f6d1a898a7,3093.6,Credit Card,expired_card,1241.29,5,86,give_up
81e99e3f-66f7-4ce0-80c3-65b8908669d1,703ce716-feff-4e8b-8515-01c0b1ccb00b,1335.19,UPI,risk_flag,639.43,2,22,give_up
d547bd59-0351-4540-9955-d10aca450908,de491eba-2760-4d16-bf44-393cb4633498,1005.68,UPI,risk_flag,33.45,0,20,give_up
a2a35ce2-5ca4-48d5-a93a-9cf1b8fcc075,b2f508aa-293e-42d5-8c4c-8aca5ee85f34,1525.32,UPI,gateway_timeout,258.95,0,0,retry_later
fc2267e5-b208-47f4-8862-323593ac4e56,0d857bc7-f477-4f41-b5d0-3ced86add5ce,2645.66,UPI,gateway_timeout,59.79,2,18,retry_later
5dc66a61-0de8-40dc-a019-26bf71aa3157,a06fba3f-b5b1-42f6-893b-de7d1c3713e4,156.87,UPI,gateway_timeout,1260.75,0,14,retry_later
c769c9a4-a45c-416a-9b29-62051f2eb765,31725a80-effe-4db0-8681-f4beb7e65d2f,235.05,UPI,incorrect_pin,827.47,4,25,give_up
96182c34-69b0-4b82-bbbd-88945439462e,00c6e05a-93b1-4e60-85d1-5e5576b2ec4a,790.02,UPI,gateway_timeout,50.52,5,9,give_up
8cb462dd-3a53-4b1c-bf15-9570740105e8,5e728b11-7545-4691-8819-970b387fb54e,2366.77,Debit Card,gateway_timeout,1080.1,3,54,give_up
e8088942-c4b6-4901-ba67-74cc36050199,88c6e0b0-ad9a-4547-bbfc-df55f42cdd2f,1324.7,UPI,incorrect_pin,988.15,2,16,switch_method
1bcb8703-cd1b-4ba7-8edd-7d89adb4a2b0,32bb6343-90af-4463-bdbd-693467e3df76,12351.81,Credit Card,risk_flag,18.85,1,106,give_up
fc48a42e-c8f7-4894-81b1-f72392c68c74,283ee55e-3cc5-4382-b03f-3dc32cf16745,263.19,Credit Card,gateway_timeout,285.65,0,20,retry_later
e00719a7-74fd-4496-b59e-0c0e6ed1b840,dcf0b7ab-b528-4737-b813-c38f320a21e2,680.79,UPI,insufficient_funds,163.08,2,14,retry_later
57eaeae0-eb84-4a58-9935-5fd13066b289,519836ce-a046-4afd-acf5-d7a3c7df93e8,13044.47,Credit Card,expired_card,109.94,0,3,switch_method
4e1f1ea6-dfa6-4421-a33f-39dffbfefa8f,2d16f103-6466-4901-bde9-15e4506aab90,2144.06,UPI,insufficient_funds,169.75,1,80,retry_later
01eee049-02a3-4551-96e2-f16413c2913f,d60e30c6-340d-4db2-83c4-69a53549db52,5711.83,Debit Card,expired_card,191.72,0,42,switch_method
f057e9b7-8fb1-4193-9cda-aad91a30a1dd,ba15a4cf-0837-4db2-800f-be481678e647,26020.01,UPI,gateway_timeout,272.32,0,7,retry_later
a94c7eac-3702-4e0d-8a33-3ed601eb34dc,2983d010-7776-4ed2-8c18-04805bf33557,733.67,UPI,gateway_timeout,1901.84,0,15,retry_later
31636cfe-31db-4bd0-b2bb-6130d8896c3e,80a899dc-665b-4c39-9ec0-6ebc54518409,1589.05,UPI,gateway_timeout,4125.8,2,399,retry_later
6b3c9b11-3fd5-4cc9-9735-c49ec10ed462,789d3ff5-ce0b-4ca0-bddf-d1f7a996e69a,1268.82,Debit Card,insufficient_funds,255.39,0,98,give_up
22801f7c-f164-4723-81c7-678ce05a59be,67614bcb-9527-4c2e-a4a5-a72d30f8b340,142.46,Credit Card,insufficient_funds,623.09,0,25,switch_method
4572dada-f19e-48b1-ab78-97b779b0e208,9ecf9eaf-98f2-46ed-ab36-4af909c1e9ee,1207.71,Credit Card,expired_card,448.18,0,46,give_up
f7b471fc-f95d-4a38-af15-8862cf49ec6e,c701bbf7-596e-4ad2-8bf3-758c3b29b514,5683.83,UPI,gateway_timeout,7409.83,0,32,retry_now
63766869-cff6-4180-8c2a-44242bfc5ea9,c627adf0-53b7-41b1-ab96-25f71ec2360e,3651.04,Credit Card,gateway_timeout,3035.3,3,2,give_up
fd80358e-8c5b-4c88-a6c9-d260f054969e,09eea614-4814-40c8-84b7-799de8670719,4043.27,UPI,gateway_timeout,1044.44,1,90,retry_now
cd3ceb82-aa07-47d1-aa6f-f3a9963c785e,0c17ec37-0b12-46a5-b1e7-af56de9b4425,1109.69,Debit Card,insufficient_funds,2944.99,0,75,give_up
a822b730-02d0-4d08-9b09-1755b220cefb,19e145c1-17d2-422c-b297-e91d592f1467,770.53,UPI,gateway_timeout,616.96,0,31,retry_later
8e7dfd3e-48ae-4e62-9c9f-e6ebe8f40c93,a15aaed4-94af-4748-956e-9e6c054308a5,9414.75,UPI,gateway_timeout,151.79,5,112,give_up
69ca4db2-876b-4b4c-a7bf-93cb9f94afc0,0bccd4b1-048e-4da8-9866-5c39fa4d3f14,947.18,UPI,risk_flag,123.33,1,45,give_up
0429516e-171c-40e9-a7a9-e09b9fc7dd30,8105b6ff-b1b2-4ca0-8399-7e69c3980cd0,2649.98,UPI,gateway_timeout,88.88,0,4,retry_now
85885779-4d6d-44ae-be22-3d042d467a33,e4a90ac1-899d-4576-bf0a-d349afa8b279,2235.76,Credit Card,risk_flag,83.44,0,18,give_up
a6d44126-c8bd-4a7e-b26e-09e682834324,f14c497b-44a0-4a54-afd0-f8f3d1077b70,12091.19,UPI,gateway_timeout,3206.19,0,37,retry_later
474b8119-5feb-4288-8f94-9691d9783435,3306d97f-d556-4a1b-a7d3-ca7524c8a4c1,6392.21,Credit Card,gateway_timeout,553.86,0,6,retry_now
987d4002-4b9a-40eb-9d77-766b497a7a23,3dabac55-b8f3-4d87-92eb-16384fadf047,335.68,UPI,gateway_timeout,879.6,2,50,retry_later
c9c8c889-898c-4f86-b0e2-7fd3a01eeaf0,afcb3c87-5c64-46d7-acbb-275a5f85d55f,386.13,Credit Card,incorrect_pin,250.27,0,7,switch_method
649d67a9-7c15-4463-999a-39f4a4b5c171,aeab84bb-3df3-4624-a8fa-d9ee8b84debb,3837.52,UPI,risk_flag,489.08,2,13,give_up
80865401-e6ac-4a26-bf21-a79ab06f71c8,0acc781b-aba3-431e-8389-673ca923bf2b,1662.97,UPI,gateway_timeout,6697.92,1,134,retry_later
f5bddcbc-9f93-4ffb-af87-ad34577f372d,b7414954-592d-4700-b4e1-11ebc5e52673,1000.52,Credit Card,expired_card,333.55,0,514,switch_method
ce01cd1f-3535-4978-9d11-86536a98d92a,5cce3e23-0fc4-4ef8-81f5-dd2affe916de,6770.41,UPI,incorrect_pin,275.44,2,47,retry_later
95ec0916-3bdc-4be2-af36-4ba59e1b54b9,d8b37b71-0498-4b8e-a88b-09ce83baaa8c,2306.99,UPI,incorrect_pin,296.28,0,57,switch_method
ef6cdfee-3465-4ca5-9e5e-82ea51dc6844,cde2c23e-5354-4058-b830-4a16791a59e0,1935.64,Debit Card,risk_flag,68.24,2,95,give_up
6c173e25-84a1-4c04-8c7a-cdf341a0fa9d,bc85f2b4-c3c0-4821-8fc1-ebda7349c91d,4982.95,Debit Card,insufficient_funds,183.88,2,71,retry_later
11fe842d-5d89-414e-9aa8-777bcf0772f3,654265ae-6cc7-4cce-9cbb-d30597866e18,1110.27,UPI,incorrect_pin,624.13,4,12,give_up
21a6adeb-9af3-4bf5-87b9-dcdd320dd36e,83ced961-19fa-48b9-a043-b146e14d1b84,13892.09,UPI,insufficient_funds,279.69,0,31,give_up
7b5dcb41-2fd5-4f5a-bea2-17b706e8fe61,c5ab90aa-65aa-4a05-a976-d47615b85698,649.07,Credit Card,gateway_timeout,299.84,0,45,retry_now
169237c5-c61d-47f0-9f15-ec6d4ef77ebd,6c6aa51b-854c-4b84-87ae-5cad19ad165a,4247.17,UPI,incorrect_pin,51.03,1,26,retry_later
1324648c-0a4e-42a8-9273-bf63336cb0d8,0f884e7d-c843-4ddd-84e8-988f43270812,11660.74,UPI,insufficient_funds,93.6,0,11,retry_later
c1bf7dee-af97-4af8-a85f-d39358ff1220,9ccfdd6d-de6c-470a-8b3f-55fd09fc910f,301.72,UPI,gateway_timeout,533.43,1,79,retry_later
f1684c41-7f05-458f-acd5-8cd29e461901,e3a5d18f-f986-45c4-b025-329ae152ea81,1157.09,Credit Card,risk_flag,175.09,0,13,give_up
8118cd12-5f2f-4419-8b2e-2748ef39235a,3ebb9a83-94dd-459b-ac3a-c4983207e981,7981.4,Credit Card,gateway_timeout,681.22,1,18,retry_later
6f0b5dbb-a9d2-403c-ba52-e8359f5788f4,742c4408-7d2f-4938-a97b-1f1b08bf2cbd,8138.96,UPI,incorrect_pin,189.36,0,20,retry_later
8bb869de-8745-4152-88b7-8c4620c8617b,51276d33-8241-4908-9db4-cb0b79af438e,1446.72,UPI,gateway_timeout,544.86,2,10,retry_later
da138293-550d-4b2f-90e0-2be61f3313e9,ad8e8d62-3d38-4b44-8193-9128b437b7e2,695.71,UPI,expired_card,5056.88,2,113,switch_method
bb2893b8-893a-43ab-a758-88ea7f66164f,5c50f4d0-eed7-4b9e-9239-f4c2bfdaa43f,6264.89,Credit Card,expired_card,287.23,0,56,switch_method
08d9d3d8-cb36-44c6-b006-46a7fd7775ef,9548a0d5-d366-41bb-9a43-6996c22e9485,8422.09,UPI,insufficient_funds,419.54,2,108,give_up
1b494366-ef33-4717-a9e2-64dbbebf6c93,c4359bd7-b4e0-4716-b16a-a1bc4c2e51e6,397.8,UPI,expired_card,4680.78,0,40,give_up
231c2825-429a-4322-80dd-03f173392561,f212b5a0-6872-428e-9f84-989548adae0a,378.01,Debit Card,gateway_timeout,881.46,0,43,retry_later
9532561b-9219-45ea-992e-37c686554639,5c0757ee-2706-4538-9052-89339eac9885,2423.17,UPI,gateway_timeout,3109.1,0,57,retry_later
a241fe13-29a5-48d4-a832-f45ba7e09653,ee273d75-9631-44bc-b2f4-e40a73f5bb5c,4097.65,Credit Card,gateway_timeout,65.98,2,27,retry_now
62aaa7d2-926b-4fc0-885b-f48102e42cbc,f7a4d058-bd66-4045-a011-a398aabc1d3f,1225.63,UPI,gateway_timeout,29.47,0,41,retry_later
1136eb3a-6e74-40ee-91b5-63448936a8dd,d326df04-e21b-4d84-87f4-6f2e37bd94ca,4372.46,UPI,insufficient_funds,210.05,0,47,give_up
0533d16e-12f6-4e1a-9a72-729f26bc24bb,a7e54b42-39b9-414a-a210-04fb2de67142,718.25,UPI,risk_flag,1014.0,4,184,give_up
0e9517a5-f5b6-48b8-94de-12cf8bcadb6f,57095ebe-b15f-4a7e-a74a-0e809468646e,115.69,Credit Card,expired_card,777.92,0,128,give_up
d45e133e-d6b8-493f-a310-b287cdbfd6a3,c945db4f-9734-4068-8a5b-cadfd00087d5,1042.03,Debit Card,incorrect_pin,5547.75,4,8,switch_method
580b0c50-0b22-4b4d-8df6-98495ed39da7,51fd9845-3250-4c19-a840-c6637a6fa826,1962.95,Debit Card,insufficient_funds,3606.45,0,2,retry_later
1d2c69c5-0935-4a97-8e71-66c638987511,8f91e4b2-fa60-4e9b-b29b-e8e093bb0f39,1263.21,UPI,insufficient_funds,184.13,2,68,give_up
feac2c67-6b93-4c71-be8a-a7192df32610,0864e7ab-ccef-4106-bcdf-93ee4622235e,400.94,Credit Card,insufficient_funds,425.64,1,3,retry_later
a49ff326-4baa-40fd-9f62-5dc3995f8fab,5cb5e62c-2fd3-40fa-b632-e55cba9badc8,170.66,UPI,gateway_timeout,262.87,3,3,switch_method
191aac24-ee1c-490a-b443-b9951862854a,3ab34737-a0c3-4aaa-8d2b-5082aaf09dba,926.75,UPI,gateway_timeout,1034.72,5,10,give_up
c072081e-ce20-48c9-9709-c30b8403f34e,10c44c38-83e3-4886-94a3-296fb46af126,5807.77,Debit Card,incorrect_pin,54.7,3,26,switch_method
94a51810-44ef-420b-a8cd-57285813a038,0800f466-02e7-4618-a0cd-7e3dbe5a59d4,9256.27,UPI,incorrect_pin,71.33,0,34,switch_method
04d5a61d-7522-43c5-babb-8f0f6b8dbfb9,87f3cea1-6583-4d1a-bc6e-3c5770e6b345,8467.81,UPI,gateway_timeout,368.57,2,43,retry_later
2af88657-0f14-4134-b296-a98e1c022787,4cad5ee1-b898-4879-92f3-b58af9d6e5ca,625.98,UPI,insufficient_funds,844.89,2,291,give_up
d17f5258-3edc-4c97-a975-b1563a27976b,a69c1a82-2123-4ffa-9008-30105e6ad17a,403.5,UPI,gateway_timeout,61.8,0,29,retry_later
20b3857f-e64b-4794-ade6-de94c87b983b,df044343-7a66-4257-87c3-0d8d205801c3,3448.26,UPI,gateway_timeout,2901.96,3,16,switch_method
ecc10a78-e431-4003-83fe-3751e7bc1867,2677b45d-6a83-480d-b9de-254728a6cd48,4128.34,Credit Card,incorrect_pin,10.0,1,51,retry_later
0b3a476e-e7b3-4ee0-b04b-eb8ec15e04e7,9cb7dffc-9fbd-4249-a75c-177ae0bf65c3,3041.85,UPI,gateway_timeout,1226.69,0,14,retry_later
c26e6b11-b6e3-40a7-9519-3e585953df45,291d02d2-729c-4bf6-b720-70496c825471,131.86,Debit Card,insufficient_funds,323.38,0,169,retry_later
82db5e5f-f409-4912-bc02-a008d3eed74e,f78a774d-a3a2-4d55-be8e-b1352e5b76bf,585.84,Debit Card,insufficient_funds,74.45,1,18,switch_method
705cd815-cd83-470c-a4dd-47a375d9aa63,ef9f78db-1b3f-4a00-b5e7-4f54f93ac284,1739.59,UPI,gateway_timeout,2128.95,1,275,retry_later
e9b27154-909c-41ca-9a8c-75d46b3d4c62,6a16031f-edf2-48f1-8c80-965026abd364,3406.31,UPI,incorrect_pin,11358.93,1,32,switch_method
9016ec33-0538-4f04-ba6a-d088a0d92628,4bdee78a-6a50-467b-8d96-0504b7b7157b,4902.5,UPI,gateway_timeout,3021.37,0,100,retry_later
cb5c992d-b948-41bf-ab2d-b0d7553cd7b3,52901111-1605-4cd2-9e76-6e3489c9c4d8,2180.98,Credit Card,gateway_timeout,75.07,1,62,retry_now
90af5255-7bb5-4095-af89-b5efede7424c,705aa01d-7e5c-4be5-8bdc-28fbae663726,2779.48,UPI,gateway_timeout,987.35,3,162,give_up
f6181e94-0ae5-4c90-afdb-d26d95753bab,e23c2c70-b094-4791-9c84-2b05b0d192c8,2018.93,Credit Card,risk_flag,12.41,0,58,give_up
6f4043b0-e462-484b-8030-52ae45bc18c0,6aaf4500-fd26-4d93-aabd-c7f24efbaa1f,4408.57,UPI,gateway_timeout,3232.6,1,52,retry_later
258d67b2-e8d0-4248-a168-92bef43c80b3,4b42f70a-5d1c-4011-aca2-699cfcc4757d,2715.48,Credit Card,gateway_timeout,374.07,0,63,retry_now
c234f5d2-29c4-4018-b1dc-bb91bf4b0dab,ecc57de0-272f-42fa-b8d3-07e2c6b96639,1969.35,UPI,risk_flag,263.39,0,92,give_up
7154c666-264e-4d0a-9293-2bb4c2bbd16a,030c1d06-bc64-4673-b714-3f561ccfcff0,1275.53,UPI,risk_flag,224.27,1,137,give_up
47f9a12f-c5e8-43ad-b6c1-0e856a038c9c,8af46bc3-3217-4ee6-8878-e655103eea2b,2009.58,Debit Card,insufficient_funds,107.93,0,18,give_up
5980c63a-7ae7-49af-81d5-92c8b3813f3f,95195201-1a11-42b2-a865-2a261d5661b2,3394.69,Credit Card,risk_flag,946.92,2,13,give_up
081bf4e5-8e8d-4714-81b1-51d2bde03e47,bf2ee46c-f5d1-4e9d-9874-63163b586ed4,2559.89,UPI,expired_card,690.2,1,2,switch_method
2d025da8-ab59-4f82-b787-f90ee11c9762,27141f70-9e4f-420e-b947-3ae1d34564b8,2966.31,Debit Card,expired_card,12.54,0,27,switch_method
c47f76b5-c554-471e-89f5-b2cf01dc551c,cffd74ec-2b48-421c-884b-7619b8297fc5,10358.25,UPI,gateway_timeout,1843.47,0,112,retry_now
0bb59d7b-6942-42c3-8010-2c2be55adc53,794f54ca-0ed3-4df6-864c-dc816da99026,2552.21,Debit Card,insufficient_funds,716.45,3,4,switch_method
755df4a5-9ffe-49e7-acb8-bc22bd0c3b78,e996f142-8147-4c71-a84b-c23f110a1d98,777.67,Debit Card,incorrect_pin,2383.99,0,46,switch_method
36228a68-94b2-4029-99f1-4ee82a1042fb,26c25a78-1619-4b74-b844-8a18031dcbd8,5702.66,UPI,insufficient_funds,271.24,1,71,retry_later
64b7b8ff-3945-4dc1-8d50-77deb7ba5925,4c7bdfbd-f16b-46b3-8d81-e7aace07597d,306.11,UPI,gateway_timeout,4639.82,3,108,give_up
221f7c1d-7372-42ee-a40b-cdabb32161d4,66ade343-f7f2-45b2-b09a-c106be8dd238,443.26,UPI,gateway_timeout,195.47,3,52,give_up
c6bf389a-5181-4336-b1e0-abb3a9afc510,39cc6a35-3b49-4ddc-9cfa-5f090dcffe37,2797.84,Credit Card,risk_flag,596.09,1,12,give_up
4e79cecf-1c21-4dff-9896-fc0d602b3314,0eea8fa2-c6d1-4b73-80d2-ff8e50c9e1de,3538.0,Credit Card,gateway_timeout,8440.61,0,200,retry_later
c8b9e463-d5ad-43ab-aaf3-06fecb14dde2,bb603101-79d8-46f0-b648-34b7a3743bfc,358.32,UPI,gateway_timeout,167.51,0,5,retry_now
b2bc9c38-5166-4067-a86d-7bf1a54e9acc,e9344c96-3aca-4b87-b557-9f5562452ac0,1099.2,UPI,incorrect_pin,212.17,0,87,switch_method
72855358-5c0e-479b-8f01-3520d8065e3d,47327e91-20fe-45a6-829d-92d250656a03,822.29,Debit Card,risk_flag,2539.67,1,5,give_up
9438e25a-f618-468e-bfc2-c70364b21965,5b97a262-2aeb-4c74-bbee-b803b0967693,960.37,Debit Card,gateway_timeout,2138.65,0,9,retry_later
37fa9dc6-8b23-46bd-a66a-c2fcda3ec990,6c153c2a-9c20-4af0-a29e-56058391ad1d,6165.21,Credit Card,expired_card,914.18,3,137,give_up
485b3688-ce73-4e7e-98bd-f56ff277857e,7bb3ff8f-cee9-471e-9129-b105484222ab,4529.91,UPI,expired_card,28.72,1,83,give_up
aa1c5b9e-eb40-4b0d-a551-e89946ab001e,1bc4c103-5287-4345-ade4-91e7ef148555,1763.65,UPI,expired_card,732.68,0,27,switch_method
b23d62c1-7cc4-427b-88b4-b5c4bfde9dcf,d558a55c-5121-4c82-8bbc-510835320873,889.14,UPI,gateway_timeout,745.26,0,61,retry_later
822eaf7f-8dd0-4f5e-96ed-03a37961c6b0,13db4f7f-c44a-4120-8c4c-212ff7ecb955,312.77,Debit Card,gateway_timeout,139.65,1,36,retry_later
d193bd32-cd52-4d1e-bd8c-7681e33878c8,bfbba8c6-edde-4a8c-aa66-efaaa8311f93,11455.67,UPI,incorrect_pin,362.91,0,4,switch_method
06e0cc86-dcca-4bb4-81bd-ccc510e4d131,6492cb8b-8e47-4928-a56a-351ff0d05054,3903.97,Credit Card,insufficient_funds,41.3,2,76,give_up
6989d262-c79c-4ba7-811b-31c0d4faf794,f8b21cdd-6dc6-4c14-a306-59d3c7e3a7dc,721.5,UPI,gateway_timeout,191.95,3,86,switch_method
b01fc4e1-180a-4931-932f-a54c61854a7f,913dc1ad-7e3e-41f6-8a34-25aefbf059c1,4607.68,Credit Card,incorrect_pin,816.85,4,128,switch_method
93bebedf-0fc1-4280-9538-d18bcf18a644,509af0f7-ec69-4c7c-b764-5e4ebcae8e66,1650.29,Credit Card,expired_card,2264.53,2,46,switch_method
da34d713-374a-49b6-b574-7f49a55e47a4,d8936dac-9e1a-4cfa-9eba-f94eefa34c9e,1244.83,Debit Card,gateway_timeout,130.7,3,67,switch_method
425c543c-2b57-48cc-b8d5-0ae4a87dc079,b49299ba-2b56-4484-8700-9703033e1ef4,3183.62,UPI,insufficient_funds,146.74,1,34,switch_method
cc063b10-ab67-4874-848c-7a5f25baae69,c0c28907-a2f3-4de1-82e4-020c622bf29f,689.56,UPI,incorrect_pin,84.77,1,23,switch_method
fa422023-5b71-4bae-ab05-ac3aead88cbe,b0e857d8-fd70-4621-87a3-b51b0a27c886,1156.46,UPI,insufficient_funds,2435.14,2,31,retry_later
2af137a6-1ce9-4da3-a563-d55b4ed363c1,afa8bce4-e130-4edc-8dbf-3dc06be6e837,2117.31,Debit Card,insufficient_funds,139.78,0,145,retry_later
62565327-49ae-448f-b58d-0fcd5a6c4f1d,97bae9cb-890b-4c74-8224-44d4bca1994f,944.55,Debit Card,gateway_timeout,2008.44,0,10,retry_later
6e7f723a-b2ec-4b6b-a1c8-5f9c9b03f50c,ff4b5671-4410-4fb6-9b20-a8537332c776,4314.82,Credit Card,expired_card,977.23,2,17,switch_method
5fa78c07-a448-4de5-abd5-fb3fb0377b9b,2cb95c74-e8d5-45bb-b909-73e70266905b,20532.96,Credit Card,expired_card,93.32,4,55,switch_method
079a199b-9364-4192-a204-90307bd00e85,774e8aec-fb41-4e38-bd8d-e8e19c18665e,678.18,Credit Card,gateway_timeout,1948.55,1,7,retry_now
5e6d5090-7c84-4c58-b973-34a76163e8f3,0c59a634-ed09-4e24-b20b-2e6d3deb6cd7,207.54,UPI,gateway_timeout,457.9,1,133,retry_now
530064a5-6982-49ba-a7de-98b81b232655,fb98958b-b785-4900-a28f-660f909a304a,133.99,Debit Card,gateway_timeout,206.66,1,2,retry_later
2b52cc63-f4e0-4478-8298-cffcd49b0a81,f1e6c39d-8e5a-4d0e-8872-4a19be7a9d76,1486.81,UPI,gateway_timeout,35.08,1,84,retry_later
c2313a34-393b-4bbe-b6b3-f882c68b2b36,3b35e746-8784-4690-bbdf-4ef3cb3e1673,763.48,UPI,incorrect_pin,187.34,0,28,switch_method
c7c33540-48aa-4615-b69b-854be2aa2f9c,faf96a7e-a5f4-451b-b63b-75bed5170283,2368.99,Credit Card,incorrect_pin,290.05,4,3,switch_method
78fb9294-4e8c-451c-939b-8d7642f37494,00e7f17a-3857-4438-ab7d-8942c8d17b77,2148.18,UPI,incorrect_pin,741.52,1,111,retry_later
7a96ab90-8454-48c7-8b39-cc6faf858e0c,cd05c283-54e4-478e-8514-44a6a704407c,224.94,UPI,gateway_timeout,102.14,0,61,retry_now
5f618c40-e43d-465d-aa05-c2d435b793be,49cfd5dc-523b-4c73-acf9-6adc51b60cad,170.83,Credit Card,insufficient_funds,490.93,2,0,switch_method
f0850f61-3f72-43e0-9244-36045776e2a2,5d37312b-ddc9-4dea-8b38-e0bb63527f8c,2656.36,UPI,expired_card,199.12,0,18,switch_method
8c1af1c9-5b36-4dfc-9633-8eec616fa22b,06679d41-2f21-4a6b-8674-c87d14bb2066,2156.1,Credit Card,expired_card,29.43,2,26,switch_method
d3c62d72-df10-42a8-a3eb-9b9a06d8e1d5,e6e2ff78-78e7-4b6f-be60-6e2bbcfbefaf,1039.44,UPI,gateway_timeout,92.35,1,23,retry_later
d7de84f6-8f57-4fb2-b009-e92c6cc116f5,b2394324-e3b6-4bee-90d7-65961353c84c,209.71,UPI,gateway_timeout,320.9,2,41,retry_later
16293e70-8ffa-4e34-9b45-a9d1d2dc0832,47d0285f-9ce8-4193-929a-46b8f2bcd4c9,3336.94,UPI,incorrect_pin,887.05,0,44,retry_later
2e59352c-6cfd-49c6-bbc9-58f8e7cc5b86,6ce1c840-e06d-4840-b925-f22e4f578fe3,9447.16,UPI,incorrect_pin,1568.96,0,30,switch_method
8a78f310-b458-42d3-b8b3-e29daaf46e59,5187250f-2733-4165-8658-7fe8dd08f97d,2595.09,Credit Card,expired_card,137.83,0,24,switch_method
92bbd317-5f2e-4757-88c5-f74eb2725c17,b8057c37-e943-4d7a-a5c7-b371e235ad55,600.81,UPI,risk_flag,4673.16,1,42,give_up
e0425a5d-e7a1-4385-bd26-64238a1e03fd,71fbd1b0-fd44-4890-82b0-fd8e593b2d57,1915.85,Credit Card,expired_card,4223.05,0,2,switch_method
e8aed6d4-7ce4-40d7-a2d8-f9cea9ba9aa6,570be0b9-f654-4db6-83ff-43ba6a8ac33d,306.14,UPI,gateway_timeout,256.61,0,62,retry_later
9cbe87ad-b9c7-41a8-9e0b-ba5736dbcd6a,2cd14ee5-d78d-4668-9756-00f7c68f91eb,7153.44,Credit Card,gateway_timeout,204.93,5,55,give_up
50d14ede-ecc7-4859-a955-0d5c080112d0,0fcdfcf8-2b1f-4640-8e9c-4c8d7dfe28e9,2011.02,Debit Card,risk_flag,186.52,0,19,give_up
8729ab2e-d122-44b9-bacd-0c740f6f9d9a,2b3413f9-4fbe-4f08-a2d6-0ebcd5d669ad,181.53,Credit Card,gateway_timeout,177.65,2,11,retry_now
f2f01ee3-3a10-4711-8489-f2c078284148,0370f8d8-1810-414b-b000-289d2a71d1a6,1223.07,UPI,incorrect_pin,1443.8,2,4,retry_later
f0269347-5b32-47fc-9dc0-02650208538c,12092f7c-6888-4bed-a1e8-d7705ebea0c0,3302.03,UPI,incorrect_pin,669.31,3,53,give_up
48ce0f54-93ef-4b31-832c-5c2cda2a5e61,0c684960-0cf0-41b1-a9eb-0bd68760e0d5,1172.67,UPI,risk_flag,1218.01,3,50,give_up
49a5e696-c0e3-41f0-b2b4-86f8ca456217,e2b943f8-5215-443e-9371-4aef7ba519fc,1263.11,Credit Card,gateway_timeout,6855.27,1,45,retry_now
9b5dd1f2-e832-433f-9a1f-72eebb8a0df1,f09233cb-a753-4172-9aa4-3344115fb7d5,368.07,UPI,gateway_timeout,183.2,1,254,retry_later
bb36c202-caac-4baf-88db-671340d5aef9,f6a86a4b-3ac6-49d7-9de6-e53bc62d6251,3776.31,UPI,incorrect_pin,518.54,1,45,retry_later
69861b21-e0d8-4218-b439-8c48a7be1e76,d222ab91-3958-4ee4-b7e3-e7c2dd64ebfe,778.21,Credit Card,insufficient_funds,34.6,0,76,give_up
83a38216-720b-4aad-a488-5a67695d9b5c,78e9a6e6-c450-4fad-9569-1d2c0c95e843,109.58,UPI,gateway_timeout,1034.22,0,7,retry_later
862ef7ca-3182-45c7-abaf-5506fbe78e10,8bfd69f3-78ce-472c-a879-d499574b2880,1115.84,Credit Card,gateway_timeout,4508.27,0,21,retry_later
7e437def-58fb-4937-8d7d-2bed39801cf9,b96d94ca-c7b4-4fe5-a6bf-a98b28d5694f,6473.65,UPI,gateway_timeout,194.53,0,19,retry_later
ada62bbf-f8b2-4814-aadd-a100123e262c,c1897858-a005-49da-8b39-feacee8a6f31,1093.34,UPI,gateway_timeout,347.54,2,51,retry_later
de44aa05-6213-4c2f-90a1-0aa1586c10a0,cb441eb2-9e69-4f9e-924b-bbdc6f2a9b6b,17315.9,Credit Card,risk_flag,751.67,4,24,give_up
f1b1e7b3-a640-45bd-aec5-c62a11cd0834,63c8b72f-3933-4a3a-a490-e35399c6265d,3157.89,UPI,gateway_timeout,23050.4,3,61,switch_method
6f2f28ab-5fac-47ea-a890-eed20ea06e06,c2c29e96-6b7e-436e-b0b0-4363a5e8279a,2808.44,Credit Card,risk_flag,634.98,0,70,give_up
60af0d05-a07f-4dd2-9b82-5ea1680ffec1,156b546e-7d35-4a15-aafb-d7171c1d85ab,1530.09,UPI,gateway_timeout,439.72,0,2,retry_later
4d306982-6e1b-4363-b931-4a4d941d602f,a069809f-4075-4111-b2c4-582c476dc29e,1654.46,UPI,risk_flag,1173.4,2,61,give_up
61673ce3-a543-444e-bb3b-26dddd6a46e0,b803fe0b-20e6-4c04-a01c-e0c4ccd199d3,1283.76,Debit Card,risk_flag,469.73,0,7,give_up
13c5418f-d915-4c7a-992f-1eaf16023ae4,ce955955-28f0-490b-90f0-0dfcb1f0d92a,1220.54,Debit Card,expired_card,620.85,2,37,switch_method
5a401565-c54b-410b-8038-2d1ea1a301ac,5e19a233-4eaf-4f53-8fa5-19114c5ce729,3605.18,Credit Card,expired_card,615.55,2,77,switch_method
4e6489df-e2fb-4952-84c1-92eb4a36c563,b26544f2-ba47-4c8f-b225-4d917e6e12b3,535.62,UPI,gateway_timeout,124.43,1,72,retry_later
b8270605-25e5-40fe-bdb2-936310555b07,6d14369f-5dfb-4bda-acd7-ba6b413a7aa8,446.45,Credit Card,incorrect_pin,339.18,0,21,switch_method
d25bbbd6-f667-4dcc-8ccf-09a7137c5b87,872a7fd1-8f07-4c3f-8169-11b681594e8a,419.83,UPI,incorrect_pin,215.61,0,19,retry_later
70305bd0-8484-4344-9216-34f4fc87e784,b2c26edf-f5ab-4fe3-915b-c7c14aaba973,25831.52,UPI,gateway_timeout,3889.25,0,34,retry_now
f24abd76-6980-4e88-92e1-5c5ecdd440f7,a8489a48-a7b7-4a27-9668-9407e9857b43,3602.72,Debit Card,expired_card,299.78,1,12,switch_method
36c91777-89a1-480d-876f-d4b2ec8ced00,adb95afa-d1aa-4320-a743-cb7544cf6b17,2686.08,UPI,insufficient_funds,1009.8,5,220,give_up
31531612-f899-483f-b7f0-5219ee9aee16,8bfa9b15-cbdd-499a-8c69-c312f3eeea76,457.25,Debit Card,gateway_timeout,35.44,0,25,retry_later
dbfac925-5841-42e7-aa47-e9298cd7a79b,ceec5219-7814-4aaa-8fad-fdec21b8f370,4065.72,UPI,gateway_timeout,66.83,0,153,retry_now
c80c53f3-34f7-425b-a832-7f2da5f0f361,b0986804-3e57-4326-a53a-86da4f9e8c2a,1553.8,UPI,gateway_timeout,4053.07,1,143,retry_later
3b8770cf-f3cc-4dae-a5b5-07544f851982,7dcd5095-2f07-42e9-a781-3b80dc6b4512,2388.5,Credit Card,insufficient_funds,20.56,0,27,retry_later
d328e362-1a82-4598-a29e-bf629680ff88,d0c626d8-de02-424f-a37a-f59a8ff82d19,507.96,Debit Card,incorrect_pin,262.53,3,17,give_up
e30029c0-3ddc-4cc2-84f3-d01430908c18,e2aaa44d-a6e3-4d04-848a-7bd09d1121a9,2226.86,Credit Card,risk_flag,776.16,0,88,give_up
eabfa939-5939-45bc-ba2f-aaff51c7d3ba,071b8f94-b2de-49f1-b8a8-ab0e5645c52e,1042.12,Debit Card,expired_card,43.57,4,15,switch_method
7f2de728-0984-4a5c-80e0-100b8cfecb55,b89759fb-6fae-4525-a250-3327c9f13ebe,668.28,Credit Card,insufficient_funds,78.78,3,44,give_up
1ec1e44f-3dbc-4baf-8dc8-c7004b6c3c45,35a42940-d7a4-42b6-ba57-eed7ab8db51e,4695.4,Credit Card,risk_flag,3001.22,3,7,give_up
cf583929-6bf9-4d62-9cab-408d6c3759d3,3969d811-82e1-4c0f-b77d-7368954a2783,244.93,Debit Card,insufficient_funds,1244.65,0,29,switch_method
682a9c2b-435c-4f4c-8fbe-5b77501d76ed,00d3f50d-2201-4ec9-87f7-e991a47b5ad9,3767.66,UPI,gateway_timeout,51.78,0,4,retry_later
cf333fe0-859b-4e8e-9779-df1c8062143a,de4d18cb-8be2-480e-8157-49486f6efde7,4402.08,UPI,gateway_timeout,125.44,2,19,retry_later
75b866d4-7f73-4769-a6de-09614666face,5befa5ee-dd04-464a-95a9-79565a8ca932,576.2,UPI,gateway_timeout,395.86,2,65,retry_later
e385461c-4299-4e95-93f5-c75c73d01dee,3d5d4782-7260-4b9c-b9db-90c89deaa6cf,622.39,Debit Card,risk_flag,250.26,2,284,give_up
022baec0-0f8a-44be-9fbd-9520f4633f46,82a0da5f-1f91-4ddc-b4e6-fca605a332c0,1352.98,Debit Card,gateway_timeout,262.77,0,17,retry_later
c0b153a3-9da1-4436-ab7e-4c7716ba0792,04a41082-3e62-48d0-8e3c-c88ee4dd008d,2608.8,UPI,gateway_timeout,493.58,0,38,retry_later
3329ee37-7af5-4ca5-8aac-5170962c9e4c,a3c5defb-a588-4d97-b244-c376b0e6b0c7,1482.21,Credit Card,expired_card,222.87,4,35,give_up
b295f47c-0492-4d1d-87d7-8361b41e90f3,71829810-a4dc-4de6-8554-6858730879e1,3176.8,Debit Card,gateway_timeout,2199.36,0,12,retry_now
ff8b5ca1-1457-4a83-b7b5-15c557c41cea,565a953d-49d1-488b-b861-a1997fd8799b,17887.79,UPI,gateway_timeout,463.65,0,56,retry_later
c2dc980a-734c-4bef-9e8a-5cc4352ef1e7,d9d2c14b-739d-407e-b34e-ee3c5555a8af,934.46,Credit Card,gateway_timeout,1417.64,0,77,retry_later
ec1cba83-c632-4e3c-a9e3-50234cf321e4,afe7e8f0-d403-4dbd-8cb3-fda39175526f,194.47,Debit Card,incorrect_pin,1856.93,2,9,retry_later
da80aa13-b858-4bbe-ab01-36dc2603dbb4,a7c3dd4e-f91f-4759-bc1f-2db511e3257e,5290.67,UPI,gateway_timeout,138.71,0,84,retry_later
ffa10a7f-a7ec-4891-9a65-6c0dde729dc7,4b95feb8-90ec-4f7e-a14a-d9dcea28f74c,16127.95,Credit Card,risk_flag,1244.73,1,72,give_up
22c97b84-28f8-4c1c-b451-edb4fae09a8c,987f73e0-a310-4d1e-ba7f-644eeb8f7d4b,3012.72,UPI,insufficient_funds,706.12,0,13,retry_later
8caa7780-e5fb-498b-936e-0466d09ea4f9,c372be54-871e-4177-820b-e2f8043754eb,439.63,Debit Card,risk_flag,247.9,0,62,give_up
2fb8ec3a-785d-4341-a23e-ac80058e3ace,9aa23a74-e355-4f8f-b5e8-320e8dba3ac2,1539.08,Debit Card,insufficient_funds,222.64,2,30,give_up
86b0a20a-36fa-4672-849b-3753e43cc857,c655d609-25ce-4418-9e6c-ea6e3bae15ee,422.39,Debit Card,incorrect_pin,393.26,0,68,retry_later
da24bea7-916d-48c0-9f55-4b1aad42815b,a12d0e34-ec9f-46b2-8b3d-f0f9a509cd4d,4170.17,UPI,risk_flag,880.51,0,41,give_up
6adc0761-0f20-4a7e-bf5f-0bbd661a77b1,ca96dfa8-d7d5-4dca-963b-0b17409aca6f,312.1,Debit Card,gateway_timeout,1498.87,1,2,retry_now
4a5a3067-5f17-44b3-96c7-8154428cdc78,af0fb0b4-730e-48a6-95c8-8f8988223a9b,1223.94,Debit Card,insufficient_funds,64.86,0,92,switch_method
ae464f6a-4a34-45c6-a6ec-d34ffc5ed108,8565713b-e663-4f24-85ca-f72b30410bd7,489.98,UPI,expired_card,380.26,0,48,switch_method
286ac400-fa5d-451a-9fbf-f9e497ef5a8f,71d1c225-b120-4a7f-b029-ce4e5d9e4092,2132.12,Debit Card,incorrect_pin,360.74,3,77,give_up
7bfffbf4-9933-418c-8749-8768613e0382,24673b4f-a02c-4249-bd38-b62637651b7a,1123.0,UPI,incorrect_pin,115.97,4,8,switch_method
81140464-87ec-450e-a663-ac6fb9b9a372,4a260261-8b9b-4f96-83cb-cfccc55e71b2,2275.13,Credit Card,insufficient_funds,672.26,0,76,give_up
8c447dd5-43b2-4c96-96b3-6f9f8f3b1761,cb289757-3b75-4621-a98e-f6413c45097b,1861.35,UPI,insufficient_funds,180.06,0,32,give_up
4741c9ea-40e8-41e3-94ab-0a92f992c5a8,7ba27723-fe39-4551-aa71-31604cf44cbb,501.37,UPI,incorrect_pin,343.38,0,96,retry_later
49bda23f-4ed4-4ad3-afc1-30d8a670a19b,1d7e13cf-8be6-4ab5-9c23-98b2e58c9096,4084.44,UPI,expired_card,71.05,3,54,switch_method
8f389e41-e7f0-4ce7-aa31-4a4f6700c1d2,3de97c10-7555-45b6-8da6-9f1e2e4a6e38,1696.98,Credit Card,expired_card,201.07,1,26,switch_method
7a34a1aa-3331-45c7-93ef-8a4ecdbb5d04,d0461b1e-183d-49bb-b570-7ebcb6d2216a,500.15,UPI,incorrect_pin,4762.83,0,13,retry_later
3e6dad26-dadd-4e2d-826b-fd79aacf1a22,49c51593-ab5a-476c-8f9c-a28469699bb1,33296.4,Credit Card,expired_card,404.24,3,101,give_up
5a7a6cfc-0f6d-4fd3-89af-05570fbd30fb,2110345d-da9b-48e4-9f4d-3b08e8b32e44,3358.87,UPI,insufficient_funds,560.36,1,49,give_up
27db4664-4b8d-49cc-8644-1274b75f8323,090402ef-3840-4f9a-b809-a219f1a54010,1481.43,UPI,incorrect_pin,2307.13,0,262,switch_method
30483147-69cb-4b79-a8ec-80601ae8309b,8ed238d5-f751-4ec8-b1e3-3171ff801407,11381.74,Credit Card,gateway_timeout,441.68,0,28,retry_later
3142cbad-ff2c-4b3e-bf2e-3222fc47ae96,be48b550-177c-4f2a-b558-b71ebf7cc645,19818.29,Debit Card,gateway_timeout,2923.84,0,69,retry_later
f2adb522-7fef-4395-bbe1-c19490c79e48,698f596d-4cf3-45d1-8f2a-f3c0736f6fa5,1496.74,UPI,expired_card,367.61,4,58,switch_method
747c0f7d-c985-4fe3-8c54-450277b27935,4cebd7f5-9bac-4d20-af13-9c914e9d773f,2840.16,Credit Card,incorrect_pin,45.93,2,60,retry_later
ca474c86-fe57-42d6-9c84-fecdcdb220bf,c6099a1b-c28f-4cc6-8061-705356c3ba46,500.49,Debit Card,incorrect_pin,518.96,0,80,switch_method
b0e54e15-1f30-4613-b882-c9ed9839a30f,805dcda7-89eb-4fbe-94d9-eccc9d356d6e,1493.16,Credit Card,expired_card,6324.77,1,8,switch_method
df64cf3a-4e0b-4e9f-bc9a-da547b6e4a63,09fa8b8c-6f91-485e-a023-b550c6b18a7e,1395.79,UPI,gateway_timeout,97.99,1,47,retry_later
dec0e46c-0998-48f8-a5f1-7c1bb1154812,fab73ee0-3875-4859-a36b-6c79425613ab,2299.1,UPI,incorrect_pin,3991.55,0,42,retry_later
8cb0b769-5f61-4376-becb-f985546079bd,9375ef67-8c87-49fa-908d-271a2fa8e26e,2786.63,Debit Card,insufficient_funds,447.92,0,25,retry_later
e9b52a13-c7e8-497b-af55-2eeb7f38c7f5,4ba53ae1-a211-4672-b093-32d63c3bae22,3743.5,UPI,gateway_timeout,193.62,1,34,retry_now
503efeef-d066-4935-81a4-27de7b42c021,adaa3f17-0883-4048-8a95-1e871a37d189,2462.51,Debit Card,gateway_timeout,134.45,0,43,retry_now
98fc8249-8d39-49e1-958a-3a9062651de3,c5861d8a-0c0d-424e-9b84-3f43de499032,374.67,Credit Card,risk_flag,556.49,0,23,give_up
f6fca157-7bb7-48d7-9d58-07404901dbce,828e6c7f-4d90-482e-a071-5121f5674f8f,533.78,Debit Card,gateway_timeout,74.53,0,20,retry_later
47ef1495-22c4-452d-a35c-26375ec06471,8eb27d00-774c-4f92-a53b-41f09cc3e994,888.62,Debit Card,gateway_timeout,1716.8,0,80,retry_later
3c4c5f88-4049-483d-ae64-6917c6835b2d,8034d2ee-5407-4cfa-adaa-634e94b735a0,1252.74,Debit Card,insufficient_funds,150.16,1,4,give_up
b513d2e5-2e7f-4844-8872-d933b8ad3837,6d3c9b41-2e19-40be-b702-9d6794347145,7086.92,UPI,gateway_timeout,1136.83,0,22,retry_later
667eaad4-f4c4-4147-bb05-b900f68d0d7d,3900fe5b-a6cc-4355-b644-b086b95bb481,398.69,Credit Card,insufficient_funds,545.79,1,63,switch_method
c0d60c05-ab35-4f2a-b9b2-b0a642933d23,57ab43ff-d154-449d-b33e-06feb1e7360a,1136.1,UPI,insufficient_funds,62.49,0,14,give_up
727f55e6-7d58-4cfa-975c-981813d2fb0b,18af9f7e-7446-4870-9b27-33f5edf496a8,6241.1,UPI,incorrect_pin,34.31,1,50,retry_later
89b7d36e-d141-45e9-b4dd-d7a05bef5926,cf195136-6bd1-4cfd-b093-8669faf3f4a3,1224.34,Credit Card,risk_flag,242.26,0,21,give_up
799f1514-7044-426e-ac1d-d1e11c4ed2b2,202c3831-affb-4c3d-8fa4-0099fdcc2069,3289.66,Debit Card,risk_flag,71.14,1,111,give_up
6afd337d-8764-4394-8fbf-f30e0b8e7937,e7e6a8cf-6961-47cd-86e7-c74a1615e0bc,1508.08,Debit Card,gateway_timeout,103.6,1,25,retry_later
1cbcd1ac-b289-4073-8f1b-0b46c2bc7c73,5ee155f1-2092-487e-9a37-7e8dc3eb9151,2524.55,Credit Card,gateway_timeout,1575.62,1,15,retry_later
b785af46-3a26-4302-bfe8-21e28b16f7e2,05079f16-3df7-43aa-8b50-9efa00f87542,1343.44,UPI,insufficient_funds,1349.07,2,45,retry_later
932fab96-7ff6-4a6e-823f-5571d5612914,16b65beb-c943-492f-a48b-bfc17a787c8a,4303.51,UPI,gateway_timeout,722.56,0,8,retry_later
beac5deb-0943-4f93-b549-1369256b4c6b,7720e66b-9361-4f54-a5b4-34da48c6aec2,242.6,Credit Card,gateway_timeout,125.27,4,95,give_up
8fc4040a-7c4f-490c-8eba-ddb9c854f311,201690f2-cd8b-48ec-975f-434fe708607b,1127.43,UPI,gateway_timeout,3563.43,2,68,retry_now
47da486a-fa7b-401e-9ac4-0abd1bce048c,0220a669-141a-4ed6-b767-54d1ce250ccd,2658.57,UPI,gateway_timeout,376.45,1,88,retry_now
7522a250-858c-4dd2-9ffe-84a15a201c88,8468b3ba-ae74-47b0-9a9d-2f6326b99e79,3618.46,UPI,insufficient_funds,354.47,3,30,give_up
c35ec6c8-f102-4ecf-810f-ac6156022f41,869d671c-075a-4762-88c7-0334e9fe77ad,12592.27,UPI,incorrect_pin,194.82,0,108,retry_later
e24d35e7-a850-4a1f-8c27-3be443a89791,0380be90-7d30-4524-bd24-046e5c9ae8b5,1087.53,UPI,incorrect_pin,43.22,0,40,retry_later
2d118ec8-7714-4fd5-81ef-fc4413a184ab,4291d29d-64c3-4d3d-826e-dc0a9381ff0e,12373.67,UPI,gateway_timeout,23.48,2,5,retry_later
10d3a151-c0d2-49c8-9fc7-389db0708a5b,cdbc4c63-c5a2-4c06-a043-4d79ac036385,767.6,UPI,insufficient_funds,474.03,4,15,give_up
a633ba75-5354-45d6-abbc-35fa45328afc,28385ebb-3a3d-4411-80e2-a4af211fedcd,10170.44,UPI,insufficient_funds,5165.65,0,74,switch_method
b675b6cd-7f48-4a63-9fe0-017ac5626c61,94137de6-996e-49db-9e6b-d698eae1b86f,5232.83,Debit Card,incorrect_pin,98.91,1,136,retry_later
ab8fe0db-3ee7-4e2d-a4d0-2c1cdf38b4ed,ea1f5485-6a08-407e-a155-533995bfa52d,551.42,UPI,expired_card,90.74,2,6,switch_method
ecd547da-2912-4acc-8642-553727d90194,b0453549-d47c-4cb9-ba2e-a857a1652d5d,2694.99,UPI,gateway_timeout,595.28,3,119,give_up
a7926fa3-03c5-49fb-bc7a-5c3b5a06b372,b3062599-11fa-40e7-9c09-45dd13feb352,1691.54,Credit Card,gateway_timeout,32.23,0,96,retry_later
3205dfe9-08b5-4ed0-abe0-6471397bcce1,fcd4f397-1dfa-4a50-8c21-692ec40aff35,4077.58,UPI,gateway_timeout,228.65,0,26,retry_now
646e5a2e-ee58-4253-8ed3-dede8141b1f1,73dc8c97-ad2a-471a-80b2-e8752dc62814,1352.55,Debit Card,gateway_timeout,156.97,0,70,retry_now
421cf074-1051-4c75-a633-22bce8c4f1c7,94269481-a9e7-4504-99d8-5ee3b00da17c,1212.67,Debit Card,insufficient_funds,64.26,1,12,give_up
b4037232-ffc5-4e7b-90db-948b1c8f3d22,f6695e57-eb2a-40e8-aeae-855f362e4ca9,10719.53,UPI,insufficient_funds,109.09,3,100,switch_method
23f4cf50-3f10-4739-a822-274bb51687a9,76ccbe9b-4978-4db6-8446-f25be1b7a8e1,1590.28,UPI,incorrect_pin,112.01,1,64,retry_later
1f72b21d-9951-42cc-98f9-9dc82e418f3f,7095f5a8-e80c-4055-b58f-0ec79703c48d,5294.1,Debit Card,gateway_timeout,374.67,3,34,switch_method
9d84fae3-59a7-41dc-bd7d-ae3ee5a9b87d,892a4a7d-1bbc-418c-9208-da14f7a5c4f9,1348.9,Debit Card,gateway_timeout,44.29,2,119,retry_now
a73192f2-9b6b-42f4-8da9-dc04a9ff05da,47ce2fc0-e551-43d4-8f4d-8500aaad7e69,15782.58,UPI,expired_card,153.63,1,8,switch_method
972b0ba4-b762-4b52-a553-f28ed82994b2,9db1826a-1dc2-4ef7-b209-58f950d20770,748.57,Credit Card,insufficient_funds,572.47,0,112,give_up
232033dc-a31f-4fbb-8810-e1987a17a4b6,b0a04a24-e64d-4361-8d24-5fd027ae1447,813.72,UPI,expired_card,26.62,0,1,switch_method
dea14763-71a2-44a2-8c57-17b6bc66f874,b353b0f6-7343-491c-b896-9ca18319a926,13119.73,Debit Card,gateway_timeout,2784.31,0,83,retry_later
cafb80bd-b524-43ca-a5d9-1fac9e2090d6,86ca8528-9f69-4e01-bfc1-fc04a1b9211f,1013.91,UPI,incorrect_pin,417.37,0,51,switch_method
c6f6d444-ae70-4876-b992-73d1a641830c,0e4b887f-d786-45ea-9301-c16c3ad8a118,14492.65,Debit Card,gateway_timeout,1038.52,0,71,retry_later
ba0320b5-41f4-49e0-b6af-cac8a89e69ab,43479783-5857-4237-bc19-2d8e49708f3f,5764.03,Credit Card,insufficient_funds,693.67,0,31,give_up
05a144fa-6c3b-413f-b532-bf8a07187a40,2f085b28-63a5-45f7-80f1-383eabb0a5da,1478.75,Credit Card,risk_flag,464.19,0,119,give_up
cc40f1f0-aa67-403f-9dc0-296c5b51c562,b0ac8588-06f3-49c8-89af-b977af5f68a7,171.18,Credit Card,gateway_timeout,458.91,1,22,retry_now
56c41e5d-782a-4889-b896-8a8651580009,218e7161-8eff-4b81-a1ac-7963093766cf,1763.2,UPI,insufficient_funds,8727.25,0,19,give_up
aa07a44f-c02a-41eb-a6d6-fb2e44d9aa73,a0bf9ef4-c435-44e9-b3ff-d3c6053365da,2063.42,UPI,insufficient_funds,2511.63,2,21,switch_method
1083ca08-5c3e-4233-a86c-498e2c5d8941,ee2c3c2a-26c5-46b5-9e60-bf80fd0504cc,8245.17,UPI,insufficient_funds,4547.55,1,89,retry_later
29dc998a-b70b-49d2-a9cd-9dcea34b916f,20be0141-43cf-4520-b99a-17101bd5879e,14256.69,UPI,gateway_timeout,7238.82,1,41,retry_later
67fc71fe-0279-43f7-89ff-43019e6084a1,e4483ead-7487-4e05-bcd3-d4bd343b9944,742.12,Credit Card,insufficient_funds,849.7,2,46,give_up
7a8d42cf-49b5-4ad1-ac79-26fbc15b5cae,62206d94-0f70-496a-8183-2c73bedf4ff2,5123.21,UPI,insufficient_funds,100.21,2,106,switch_method
769e558e-c87a-4e8b-8538-5c3c57ecdd69,456b2e10-b61f-4cba-a927-9eb548e07ed8,4890.37,UPI,gateway_timeout,39.28,4,107,give_up
75fcddc4-dd9f-4cf3-ad68-e67d773d0f55,d53cea01-68f2-4859-a363-51120b3b7d72,7298.59,Debit Card,gateway_timeout,76.15,0,10,retry_later
a607bdd7-7fa4-419e-b357-feb9fabc3ef2,07189694-4e73-4791-96d7-cd783c5195b3,3457.49,Debit Card,insufficient_funds,1602.09,0,47,retry_later
573116ed-a3b3-409f-be44-497b31861421,5d48dc69-a0ec-4923-a971-d83e7601cac6,144.71,Debit Card,gateway_timeout,605.76,0,8,retry_later
28d6b277-17d1-4a24-9afe-f62d18023482,b7862380-20e4-4341-aecb-3b0e70a23577,1477.27,Debit Card,insufficient_funds,23.43,1,121,retry_later
1ef06a08-f820-44c6-b92f-51519444d3d7,a9e177c2-6534-4377-b588-b668c520360c,402.45,UPI,gateway_timeout,205.3,0,108,retry_now
25f3a11a-c9e2-45e5-b233-25539ba63236,3abb4d22-0ec6-4a07-b4ba-fbbadb1b73e5,1389.38,UPI,risk_flag,1042.75,1,113,give_up
22e49f37-675c-484a-a609-7cc1c57ec944,70001dd1-3b9f-41c3-87fd-d0cb6dcebeef,6464.01,Credit Card,insufficient_funds,458.51,0,73,give_up
c6bc0736-f046-4825-88ee-1c5ed1c8f1e6,1f2248de-436a-47e6-bf07-94b2f60b58c9,2688.39,Credit Card,expired_card,31.71,1,37,switch_method
92c13b48-0111-4ba5-aa84-dc0ad006674a,c20ae263-3290-4398-b02f-4caf234af376,8042.68,UPI,incorrect_pin,269.66,1,31,retry_later
92e497b4-d89d-43c3-95c0-6b54c28d0f8c,f3002d43-9e88-41f7-9ce3-ecc3fb8f9502,2819.4,Debit Card,insufficient_funds,203.24,0,30,switch_method
ad9c620f-a390-4126-9524-a982c8036b1d,65194501-8d31-412b-81d2-64ca62ca6a83,334.35,UPI,expired_card,1036.93,1,4,give_up
cfbe46d8-9dc0-42df-b685-6c27d0c0500e,8380eca6-beed-45c6-98ee-207cb613169b,68.23,UPI,incorrect_pin,406.7,3,178,give_up
9868cde9-e861-4cdd-b548-bb183fa55b85,06296bb4-635f-4e99-934e-d5c6ee245509,2193.93,Credit Card,risk_flag,2071.63,2,35,give_up
3d601dfa-5e52-4ec7-ba43-c027caba18bf,38bf409c-254a-4150-ae82-c25d530d8f4f,1369.08,Credit Card,gateway_timeout,44.89,0,159,retry_later
074260bf-21c7-44bc-8ec6-089d27ef553f,31fe9c86-7e30-4004-b4a2-e5d936bc963b,507.74,Credit Card,insufficient_funds,268.7,3,126,switch_method
0b0ba71c-ab44-4ce0-89f3-1e360c6aa25f,aaaa80b2-26f8-40b5-8680-1fd1d75d7acb,198.18,UPI,insufficient_funds,1057.44,0,105,retry_later
7e6ad068-a3df-44ce-bc4a-510e8298a76f,7aa8d6f7-c9d3-4ff4-b9ad-99e5f6fe5776,695.64,Debit Card,risk_flag,18.56,0,53,give_up
56e4ca10-3c6a-4d71-9b63-c92d3285814e,20434a18-02d9-4ff4-b550-0ade47087b8b,1404.11,UPI,incorrect_pin,507.63,0,6,switch_method
de37eabe-d223-4d5e-ac10-0f5e81fdfe1c,3d634349-c31b-4586-a9eb-e31d05ed6867,4296.87,UPI,gateway_timeout,62.31,3,23,give_up
ae155771-2863-4091-a490-26c4eabbe9e3,d9e89f24-5794-4ffc-b2a4-ddd3fd4a2634,2310.5,Debit Card,gateway_timeout,44.46,0,55,retry_later
0afd7c92-cd7b-43a4-917e-a49f12302664,ac47aacf-332b-426c-81a2-2eb04029fcb3,14625.0,Debit Card,incorrect_pin,85.54,0,0,switch_method
14cdb2b4-09a6-4eff-bac1-cdc3511e917f,28f97ff0-14dc-4dd9-a6ea-ba3fec50fe94,470.46,Debit Card,gateway_timeout,537.81,3,2,give_up
d7148ec1-afa0-44ff-a86f-f470756743f3,1f8983ba-659d-4e76-b336-6aec0dce355a,5683.81,Debit Card,expired_card,5132.85,1,67,switch_method
29f71c28-36f0-4d40-a3ce-268ee0292d68,7d5b4340-bc60-44c6-b581-bf8353167391,1922.71,Credit Card,gateway_timeout,377.88,2,131,retry_now
c83f2eed-0df1-4df3-8261-0fd421718150,17a8b6ca-9051-4e0e-888a-7b0df82d0315,4460.74,Credit Card,insufficient_funds,286.33,0,115,give_up
d73f9d0e-480b-40a8-ba27-040119331d78,74c1ab62-3307-4d11-9ff3-26c917d24f0c,1025.08,UPI,incorrect_pin,1685.94,0,11,switch_method
9180ab0d-e8f0-4773-ad9f-c13bd82b9cb6,40a15dcb-657b-48f4-8ee9-0ab8689ad6d9,7282.17,UPI,gateway_timeout,1113.72,5,145,give_up
03e5e929-3d8c-4f7e-ae63-88d32e88af52,78cdaf75-b88e-4ae3-bb89-ac2205d1a977,2653.92,UPI,risk_flag,116.27,1,71,give_up
3bbcf066-497e-4af1-9a98-ca637f6490af,b7b4fe87-2811-46d6-9803-9a5f0c990191,747.49,UPI,gateway_timeout,59.57,2,75,retry_later
f554f4cd-a536-4ae0-ba1f-5a050fbb9c12,29281ec1-63a0-44b7-b0e2-6c5c404e8650,1780.0,Credit Card,insufficient_funds,858.83,4,21,give_up
87925053-7aad-4a93-be51-9b732476cc0b,c493d67e-4bb1-445b-83cf-5de33881478a,1324.22,UPI,gateway_timeout,75.41,1,75,retry_later
9c660bb1-8f00-415d-a38a-0b71549e0b45,9cb67833-6a97-474c-ad72-e4fc9dea20b9,3415.0,UPI,risk_flag,4632.91,0,74,give_up
64fdd432-ae2b-46ca-aa10-3462a8311414,678c11f0-4edb-469f-86ac-4c75acf0f838,390.06,UPI,insufficient_funds,855.65,0,54,retry_later
fc37134d-b7f8-42e0-9b50-d49f51150311,436f72e0-947d-42e2-900d-ef101c64f5f9,1740.35,Credit Card,incorrect_pin,6552.24,0,26,retry_later
3fb0fb0c-6283-435b-b726-98c8c9e61498,e1b47fa6-65f9-4ec5-a1a4-a6f54dfb15ef,3022.68,UPI,incorrect_pin,36.91,0,99,switch_method
9b0ea30b-e68f-4c02-b9ed-aa5fd3a31d77,59397fff-e37a-4a28-8edf-a5e546630807,1887.35,Debit Card,incorrect_pin,2935.37,3,166,give_up
6554a34e-a1f3-4afa-8ef7-b44d5dbeb444,3b4615ad-f4f4-4394-aa1a-ce56f3f351c7,10415.22,UPI,incorrect_pin,6703.74,1,122,switch_method
5b39a2fc-4a8c-4121-8f58-e9f46f681961,7e96b604-35b3-4735-bf37-0d16f8c6b979,4945.48,UPI,expired_card,378.01,3,16,switch_method
df756dd1-72da-444c-8708-c79ee368eb38,3c78a93a-7787-46c1-9627-97fbdacf5b7d,1790.54,Credit Card,gateway_timeout,207.16,2,35,retry_now
ddd46955-9a26-4090-b89e-554649679298,4ff186b6-c6a7-4fee-948e-70ed3a8986c2,2396.34,Debit Card,incorrect_pin,175.87,5,25,give_up
96bdc0bc-6724-4f7b-8b90-2e25e6d22d05,9a42f527-2481-429e-a513-991aa9f250e3,2655.44,UPI,risk_flag,1394.7,4,73,give_up
b9b2bb08-7460-4c03-8692-d744a899ae2a,be184747-6d97-4b13-a5f1-e1518d1d2966,3054.25,Credit Card,expired_card,254.93,2,106,switch_method
5a13a89e-08d7-4784-b8ed-4b89406ae312,b95dc5c9-bbba-446e-a561-bb05aeab20b6,168.45,Credit Card,gateway_timeout,12.48,3,14,give_up
4ced7f30-f27c-4d28-a19b-5b78db8bb207,fda58f21-803d-4650-9459-e4a7f96dd89c,1221.72,UPI,risk_flag,175.55,2,176,give_up
c950509d-6baa-47dc-9de4-61aa86b7634b,cdef5e9d-669e-45eb-b22c-603e3dd49d97,262.49,Debit Card,insufficient_funds,191.63,2,67,retry_later
1b224622-e368-48d4-bef2-9e6bd9212a68,7400c715-e3f0-45b4-b4b0-cf96b274b260,9525.86,Debit Card,risk_flag,1072.55,2,14,give_up
31c76947-6ed1-40e6-9bf6-0526e8a5f635,5d0994a8-ce00-4787-b1da-10fad5f7d202,1670.53,Credit Card,risk_flag,248.0,2,27,give_up
636a3633-6a47-4cba-b98f-cebcb6ca6ca0,a46f1446-5666-4efa-9746-32e9913f2cab,1406.21,Debit Card,expired_card,104.19,0,6,switch_method
812acb4d-b21a-4a46-a8e4-653d5a396078,a834e56a-f795-48a1-9ee0-d5cf2b58a75a,5801.3,Debit Card,expired_card,58.19,0,54,switch_method
124314d0-76a3-4d7f-bd53-3b8a6d97a39a,45fef48b-8587-4166-9937-bdd514315408,3130.73,Credit Card,risk_flag,788.72,0,11,give_up
cd9980da-dc59-40a9-af68-d8883a70b84d,9c8bb858-65d7-49f6-8af4-1c5b29765d20,416.87,Debit Card,insufficient_funds,309.46,0,70,retry_later
fc9bf719-8495-445f-a642-d3875f85e4af,863a6a6c-11d9-4b7e-aa59-3d751943ca2b,1648.83,Credit Card,expired_card,3857.88,1,80,switch_method
cf28b17c-bde9-4155-957a-ca42d1c402be,a0f555a7-2b07-40a2-b601-e97926e7c041,1169.44,Credit Card,incorrect_pin,67.72,3,39,switch_method
54bff9df-f4ed-437e-897c-1b8f3e082266,88f92d0a-b533-4340-84a2-bb7d308eacde,187.19,Credit Card,incorrect_pin,1024.17,1,5,retry_later
d5483836-503f-41a7-9f31-9f3435bc4ac1,bd0b75b1-a454-4215-9c75-27682baa4e8a,737.04,Credit Card,incorrect_pin,64.39,0,56,retry_later
91f25606-c840-43fa-9cab-004dcf5e6c9f,f1877ec8-f70f-4492-ba23-52db351e9172,1424.25,UPI,insufficient_funds,2008.44,2,27,switch_method
43dfb60a-3827-498c-b334-56ecff4d9026,9cf9cd8b-75ab-431d-97eb-e05fc537d182,1557.07,Debit Card,insufficient_funds,4436.92,4,179,give_up
7684bd21-9ad7-49fb-96f6-784e93d160e0,35888c6f-1a56-43a6-aeca-dbd405f3f446,263.25,Debit Card,insufficient_funds,185.79,2,43,retry_later
5a71e2bb-befe-427b-9e76-d55bd4e4fef7,4da3d49e-56d7-4d28-9223-dcf963ec5002,8080.15,UPI,expired_card,87.07,2,4,switch_method
78c6bd2e-a83d-429b-81e4-3bc5b7ab9c56,a9fb4e6e-b26c-4819-a09e-236a6e8e67e0,1583.3,Debit Card,insufficient_funds,795.52,0,60,give_up
2688ecc5-e6e3-4a90-9d01-3987251434bb,db9920a8-6bde-4a3f-ba24-4fda7a7b3dc7,1898.5,UPI,incorrect_pin,1297.76,0,90,switch_method
d04ec1c2-3c55-4950-8d82-3cae9ab57e3f,4db9b34d-645b-448c-803a-a8f665c5da1c,3043.72,UPI,incorrect_pin,180.4,1,10,switch_method
469fdd8a-2623-4079-bafd-8b283b9f03e2,84ce24a5-87c1-4b66-8444-abfbfc41f512,649.04,Credit Card,risk_flag,2896.04,0,35,give_up
c84bf5e5-2f58-46e5-b198-bc98e2787b63,89b61f3e-56c6-410c-9eba-1fcd350694c5,3272.35,UPI,insufficient_funds,69.97,0,81,retry_later
3485ecaa-b5d4-40fe-a20d-fc51b24b35dd,ff0dc1e2-04c3-4a0a-8e7a-84af34d20e79,1121.93,Debit Card,expired_card,31.73,4,1,give_up
91654a24-87a7-4893-b88d-9db81d598607,c00afced-152f-4c18-b5e7-a01b74e9ab71,563.65,Debit Card,insufficient_funds,328.99,2,1,retry_later
a4e771f2-9d0c-4d05-9cad-258f34060ffb,c729c26f-e0b5-4f9b-a192-de27f5907e90,3810.37,Credit Card,incorrect_pin,281.95,0,67,retry_later
c4ba00f0-5a3e-44a3-9336-67b4de1213c9,0da9fa92-1f83-4abd-b67b-751ad94df52b,12571.35,UPI,incorrect_pin,462.13,0,77,retry_later
10ea8a2d-1679-4651-bdb1-151686913412,8e909f99-1919-42c3-b669-22059ae17bda,4639.11,UPI,risk_flag,546.35,0,112,give_up
c3d3368b-9a48-4993-a4e1-24ab4098d4d3,8239e92f-daf9-41fc-a4dc-d89a540ddfc4,6002.14,Credit Card,risk_flag,592.08,0,30,give_up
cd290b4c-1cb1-4e66-96a4-31362be87958,d7e9efad-643a-4b3b-add3-c066e5741a07,918.9,Debit Card,insufficient_funds,134.56,2,29,switch_method
87e3cf7d-dfa4-4be2-80ce-d1f70792b3c0,8c13b24f-ff51-416e-850f-e07b898fe599,226.58,Credit Card,risk_flag,349.76,0,48,give_up
7350ffc3-0eeb-4144-b426-f0131ce51554,c3030cb0-96ea-4b2e-9581-780564495090,12546.27,UPI,risk_flag,211.11,2,84,give_up
d1dd63d4-6a80-472f-8001-c235d4f2ec02,6a8f3807-60a6-4b85-9e00-de3778d0fef2,26130.78,Credit Card,gateway_timeout,125.48,2,61,retry_later
97cdbc47-317a-4703-8f4c-88d2a64fa5ff,a0f8ebcc-bb24-42f7-ba91-f3bfe35c4190,13435.41,Credit Card,expired_card,252.28,1,23,give_up
12e47497-e413-4d27-a634-b6bbd11b8d56,4faabd8b-3919-40b8-b453-28025d64c76f,1168.5,Credit Card,insufficient_funds,2013.37,2,25,retry_later
8289794f-7914-4653-9fad-b54c5e66ce52,3216acca-57e3-42de-88af-341c60b992d8,403.02,UPI,gateway_timeout,335.12,0,86,retry_later
842da405-398c-418c-a813-3216b40b2183,e9f66e46-d4be-4f85-b79c-29cd0e01482f,452.42,Credit Card,gateway_timeout,167.32,1,45,retry_later
6d8d974b-0ab5-4d96-996c-db2018fb8cc5,aeb8dbee-e6c7-4c9d-af59-d7a85ad9f38a,202.58,Credit Card,incorrect_pin,2642.43,1,6,switch_method
2f00974f-02c4-4bc5-abc6-ec2426d853a4,7448554c-925e-488e-b509-7b9f03ae8e9e,1572.48,Debit Card,insufficient_funds,489.98,1,9,retry_later
0df6b8b2-a67e-42cd-8bee-198734ea0b33,b246fbc6-d8e5-4d64-aa45-1bbd067fff4b,14579.64,UPI,insufficient_funds,1690.82,0,114,switch_method
43da12d0-4fe0-4538-8b88-60c0d2c91b1a,0db833ab-dd50-4f23-a657-9a95bfd7509a,1503.93,Credit Card,gateway_timeout,20.93,0,403,retry_later
f3cf0800-467a-4174-8f79-8cf1bfc7bb68,4d35f3e1-919c-4e95-a6dc-2075c092b9f9,2678.52,Debit Card,insufficient_funds,2974.83,0,24,switch_method
1351535d-86f1-4ee0-a989-1dc009509432,6a70d4a8-546b-416b-8225-2a3da9c46a70,10810.53,UPI,gateway_timeout,4667.07,1,29,retry_now
4b51559a-755b-42f4-b21b-4f9047b51021,65efabb3-289a-4bb4-89b1-c6967c474b53,1069.21,Debit Card,insufficient_funds,104.58,2,10,give_up
07e0b8aa-a517-46d4-88e2-109043775057,463a4121-13c3-459f-95cc-ed478d2ef0cd,25493.81,Credit Card,risk_flag,708.94,1,16,give_up
9acd7c1e-94db-4aea-abbd-adb177478eb0,1a92173a-dd23-4f06-85aa-f7eeea8ca038,24094.11,UPI,expired_card,266.69,2,33,switch_method
314adcff-c539-4777-8213-d7f67c09f720,917215bf-cbe8-453c-af0e-7c51a2f5fa5c,1524.7,UPI,incorrect_pin,49.08,0,20,retry_later
c8d126e4-932e-404f-aa6f-af509e8413dd,7af977bf-fbf2-4e9d-b7f6-a24fdb91a6fa,853.38,Credit Card,gateway_timeout,306.06,3,72,switch_method
f1c5b835-4a68-4250-9de7-c15f6ae57526,fa009a97-cf63-45bc-9c2e-e37af562c680,4475.66,UPI,gateway_timeout,177.41,1,46,retry_now
7f35411c-9799-4ba6-9021-a328d021bdb2,62100c5f-48c4-4937-bef4-6ea5ff614e24,1150.81,Credit Card,incorrect_pin,937.26,0,103,retry_later
12416df5-b677-4eb7-aa08-3be4520c2580,b2162ed5-2550-403b-ad5f-35aebffb1bc3,402.01,UPI,insufficient_funds,175.23,1,77,retry_later
8ea81c27-a09d-41df-ae93-d79d8f80c40a,8b651083-5a8f-4323-bced-1ea18a381cca,9562.56,Credit Card,expired_card,116.47,1,8,give_up
8bf5579a-890c-4a13-a486-0b6a146461fd,dcf1eb05-3238-402c-ac15-54762a0a0f58,8790.1,UPI,gateway_timeout,968.41,0,7,retry_later
0ca76e0d-8e7c-4911-a5ae-fbfa880be8f2,d274b20d-6369-4de8-932c-e29766075a6a,2213.13,Debit Card,incorrect_pin,123.75,2,135,switch_method
a8e8671f-dcbd-43d6-8d05-9a1e743558d9,04049935-199d-478e-a867-16157bc5c5e8,350.12,Debit Card,gateway_timeout,599.21,4,102,switch_method
1eef213c-a44e-4a5a-918c-a4220cd74265,ebe1aabf-f3a2-4524-9083-6c758558d9f3,365.63,Debit Card,insufficient_funds,54.82,0,37,give_up
8dc3cba7-d259-4149-b18f-1258149d1260,f5e63b03-074d-4c6b-89a1-4739e1160c7e,2078.49,Credit Card,expired_card,208.47,1,8,switch_method
c7a15553-caac-441e-b905-cd098c70f061,9682e690-d340-4ee0-94a1-250613259ffd,944.04,UPI,gateway_timeout,813.58,0,137,retry_later
25eafcc6-f70b-4a35-ad89-cc55fa69310b,bd0c6f21-9c42-420d-acbf-0588110b4bd3,1160.47,Credit Card,incorrect_pin,3231.24,3,15,switch_method
a7dfa0c5-3480-4c33-b38c-5eda0c3b39fb,3e540607-621e-4070-9e75-19c5297a64c3,6826.4,UPI,risk_flag,539.47,0,2,give_up
93401b57-e698-46fc-9a4d-13c6cb6f3ffa,c00a3060-c163-4bd7-8646-1f7bab60a827,4689.74,UPI,incorrect_pin,63.01,0,154,switch_method
5bf6d4ba-6c89-446e-a8a3-fba021d9bb1e,54128252-8ead-4631-88c8-d70525495422,10846.37,UPI,gateway_timeout,131.04,1,99,retry_now
fda7305b-4371-4f24-a17f-93e6ad7bdbdd,50778414-6fa7-44b7-b668-9f72edddec96,498.79,UPI,gateway_timeout,152.11,0,70,retry_later
4fa4e5fc-66cd-4db0-b057-29dc27e8433d,20cc8b65-0cd3-457e-adde-d55ea8b8a1fa,1157.31,Credit Card,risk_flag,268.17,0,2,give_up
df9735c1-7ee4-45a3-878b-006f42e3871b,ce796548-3308-46f8-9ef7-14882b1d607b,4849.72,Credit Card,expired_card,2973.76,0,45,give_up
037c08e4-8f8c-4ec3-805b-0536f868fe4e,fca6f4ee-377a-425e-902d-131266ce519f,3237.32,UPI,insufficient_funds,114.82,0,63,retry_later
af6062bc-a89d-47a7-81a1-4b2e1eb3b302,0bc60eb4-c127-4f11-9123-9b256b4cf254,13254.53,UPI,risk_flag,2452.23,0,85,give_up
42e56f5a-bd76-4449-9324-252111cbe309,b5dd66ae-cea0-489b-8b0d-24ba2c102bcf,3123.46,Debit Card,gateway_timeout,384.97,3,38,give_up
9c823a18-c903-4fc1-bf4c-d368c63ff514,9ce1e004-e42f-4615-8e01-db498ef8bf79,19981.09,UPI,gateway_timeout,4207.43,4,183,switch_method
6b59a1cb-8499-4d7d-a2e4-bbda4faf273f,fc8b267f-7d08-48ae-ad5b-a4f5767ee843,3648.32,UPI,gateway_timeout,3092.42,1,16,retry_later
47941cb9-5c83-4e56-9a0a-aa0b756d5268,78b9a2c0-d8e5-42c3-b59a-f62dc8797559,7192.67,UPI,gateway_timeout,171.71,1,4,retry_later
46459b6a-7e52-47da-949b-be7ac4d5bfe2,7356692d-58c7-4f37-9337-5e23e28756e0,1187.29,Debit Card,gateway_timeout,857.11,1,24,retry_later
df030fb4-1587-4bbf-ae9f-65e59f4a2542,426e7523-6d5e-455f-aa28-1f840732ef30,1841.94,Credit Card,incorrect_pin,303.26,0,65,retry_later
979297f6-35a8-44b5-b9e9-f89aaf07c962,656ba0b6-8bab-4005-b45f-23ccdfc81c46,5908.98,UPI,incorrect_pin,60.16,0,80,retry_later
440e6c90-f5f4-4bfc-82cb-ccc70e941fbf,844eccf0-4322-4e42-88b6-671aea7f07df,14718.66,UPI,incorrect_pin,2262.78,1,80,switch_method
f15550c9-49af-46d2-9629-9b143fbc3421,b4449c87-ce15-44c6-82e6-a2203ab01357,4665.77,Credit Card,insufficient_funds,93.82,0,7,give_up
2c0211e0-163a-45b5-afa0-929c311127b8,c0158f8f-a13a-4208-903f-fe47ffbc3e1d,1622.75,Credit Card,incorrect_pin,95.77,1,129,switch_method
945fcf6d-aab0-4eb1-9dc7-dea7152e8808,f0e9a44c-51be-43fa-a17d-d2a1a14ee620,10834.99,UPI,incorrect_pin,45.64,1,19,retry_later
5c6fb3fa-3945-43b1-b9db-22e1d67c6fac,4773bca1-8075-4808-a019-49142f051f4d,104.63,Debit Card,insufficient_funds,590.73,1,14,give_up
22861859-ac4e-40ee-a076-3112db35107c,71ed3610-0c20-4a57-9fec-e6df507297d9,284.6,UPI,gateway_timeout,36.18,2,57,retry_later
19763736-a81d-4b4a-a7dc-ecbfb01d26ad,dc1dec23-0fea-45a2-9fda-69d5ec583cd3,4385.79,UPI,gateway_timeout,574.9,2,14,retry_now
b0fde11a-a44c-41c7-8ae6-c5f20943988e,698aa081-6f40-44e1-920a-b2a35c23d95c,1841.51,Debit Card,incorrect_pin,1080.63,4,42,give_up
56e3deeb-ba8e-42f3-8c60-e28148c171b1,719e7f48-5d0c-4162-b831-5946c92f5596,3972.57,UPI,insufficient_funds,590.28,2,31,retry_later
b0bbdb7c-82bd-49a1-8a09-ff0f295f3fd8,6178caa6-2d14-42e9-a36d-f3d03e350916,1965.95,Credit Card,risk_flag,574.53,0,15,give_up
8d4b049b-deb3-4d05-9eb6-84e7e91fd04a,703bc254-c060-429c-942b-28b1dea1bc12,3798.0,UPI,incorrect_pin,10.0,2,20,switch_method
3caf189b-7253-4ceb-95c3-17d8f3feb705,c1ca209a-13c2-47a7-93e4-017a748b0962,627.21,UPI,insufficient_funds,37.29,1,33,retry_later
0f92d49a-7d0e-4918-b3fa-420b91ccb0a5,08e314ea-0cc0-4f2c-afb9-adbbf3c6d4f5,3795.73,Debit Card,incorrect_pin,152.21,1,25,retry_later
1025fdd8-af99-4531-83a4-bf22d12c493f,59856c34-b88c-4b40-ae16-813b86ab4d7f,6586.25,UPI,gateway_timeout,188.62,1,28,retry_later
03250492-519e-4e30-b948-90d775f59eaa,19797be2-2d04-46d3-905d-9fc1bbe11538,8837.12,Debit Card,incorrect_pin,2348.04,0,79,switch_method
93bfde2f-4a98-4fe5-90f0-bbd484524040,202a5539-892a-4891-b8a3-1c1b7153afdc,24775.75,UPI,expired_card,643.2,4,11,give_up
acd6de80-6b83-4caa-b2b3-824f1bbd1d6c,a6744643-e8fb-4a35-9bab-dd7725754bc1,2483.26,UPI,risk_flag,132.45,3,59,give_up
aece80e3-480c-42d9-8212-30d58e5101f4,0db8369c-4e7e-4b33-9165-5716c973983b,2581.39,UPI,gateway_timeout,734.74,1,68,retry_now
bb37d612-f84e-4181-bc60-acb3143bece8,ae5a2ca2-8aec-4fbd-b03c-59318b23be7e,249.6,Credit Card,expired_card,1575.76,0,97,switch_method
3720794d-be60-44e3-8f28-f83e2a891715,7ab0fca6-3b3c-4004-9558-7da4c55582ca,906.11,UPI,gateway_timeout,471.1,2,112,retry_now
eed05b6c-2f2b-43fe-adc2-1cee98f8233e,cf933b66-745d-461a-9054-bd754cd8fe3b,1406.69,Debit Card,incorrect_pin,961.47,0,10,switch_method
9053582c-3554-4fd7-b0f1-3e704eeb133a,b76fc23d-5a44-4b26-92f5-971abc1fd768,7082.74,UPI,insufficient_funds,2632.91,0,8,give_up
dc2fc35b-03d3-4178-b385-84f2e0732a96,ea25c15d-05fe-40e7-b9b0-071c74edc5d0,817.05,Debit Card,insufficient_funds,2092.14,1,57,retry_later
8c58110a-5dd2-4f86-a7ff-e07f3b426e79,2f2fe097-1811-4538-9cb2-afb067353e3f,5091.06,UPI,incorrect_pin,315.86,2,84,switch_method
f8e31253-0ae4-4843-8610-72714faa8ad2,91ac74ef-5fc3-4f1c-84fc-ffc1d5744647,1804.23,Debit Card,risk_flag,784.11,0,19,give_up
ffb38919-144f-4909-80b1-08b8a2c9694a,33ee7b2e-8914-476c-a3ed-376f1846f600,1436.09,Credit Card,risk_flag,227.53,2,44,give_up
96f7a740-cd10-4702-9362-24d5564705c7,6f70114e-8397-4616-8db4-c64d70b5f0d5,2498.79,Credit Card,expired_card,8684.57,2,88,switch_method
8d2db36a-c878-41fd-a9ae-44a0d38851fa,af087106-06ff-4c33-89d0-efdc6383b360,1087.35,Debit Card,expired_card,4850.0,1,87,switch_method
e1fab20e-53e5-40b2-8625-320c42858fbe,2975688c-3a88-4263-b7a0-79915e4275d1,1035.1,Credit Card,insufficient_funds,596.21,0,63,retry_later
afe70ea1-3f7c-4524-a678-3ef777eaae7d,16268208-3e93-42b4-9ec9-40567c7de6b4,197.11,Credit Card,insufficient_funds,118.81,0,4,switch_method
5d9a80f0-e020-4fb1-b0b5-0534875dd8ca,0faa6891-2560-49a2-8632-715c96c8186f,1309.84,UPI,expired_card,5197.6,0,3,give_up
19e451e6-a431-4130-b76d-4c4883f5dd65,b20ed760-3584-4dcd-8f6a-70c9618d4cf9,968.78,UPI,gateway_timeout,799.36,0,29,retry_now
cfbeb08a-a895-4cdc-9c24-4eb34b833e41,c5132483-7f59-417f-9643-c33265240170,924.47,Debit Card,expired_card,278.78,0,1,switch_method
e8ff4736-5982-42cf-b9fd-2ac892335281,6e5e4edc-4697-4d0d-aba0-785ee0e60566,3108.62,Credit Card,gateway_timeout,192.92,0,140,retry_later
c668c6cb-b134-4452-8487-4e3c2cd18be7,2c18f3b1-4caa-413e-aa71-3b46bb8b8e59,4256.58,Debit Card,insufficient_funds,2991.69,0,1,switch_method
f6e2b428-e970-4f1d-a66c-3c6f0aa64555,8008b20e-8895-4f94-8bc2-7fb340b48a53,2445.13,UPI,gateway_timeout,10.0,0,1,retry_later
a34826dd-e2c5-4494-82a1-283311f52887,67e69ab0-5e30-4ff5-91fb-bc111cd11ea7,6594.82,UPI,expired_card,169.94,0,10,switch_method
e825c99d-800f-43e5-ba2b-e232415f4dd3,b423eb22-797f-4527-8183-4376ff8bd094,3820.86,UPI,expired_card,969.44,0,59,switch_method
033154d8-1e06-49ea-a61d-55edcb4432a7,74d0d73e-b1cf-487f-a561-b4464706c0e6,1232.04,Credit Card,expired_card,160.15,2,46,switch_method
835afd52-2f5a-4cdb-9392-de4592c7b769,69eb3903-84ac-4480-9bef-e78ea5659168,990.58,UPI,gateway_timeout,53.36,1,64,retry_later
c6182ee4-b13d-4bdb-9951-9d5d1594a1f2,f142bc5e-6b99-4f94-99ee-1b1378631ce4,2715.33,UPI,gateway_timeout,66.07,0,134,retry_later
5df47c26-1cef-454b-bb87-029521ee1e94,4bf8ac14-0f88-4be3-a5e5-b63488fbae32,3811.95,UPI,gateway_timeout,99.37,0,36,retry_later
0dabe0ea-54c7-45f8-928c-762e163f3ee2,96301e10-871a-46c8-836b-dd6120741cd7,11127.75,UPI,insufficient_funds,180.02,2,2,give_up
7aa07db1-e5cb-4737-ba70-47b7b72eb1f6,8521ccd9-e105-460c-962d-04101eb25699,8505.98,Credit Card,risk_flag,116.86,0,86,give_up
682f8eb0-e733-4246-bc65-a2aa21e77374,5156057c-199b-4d1a-b49b-653a9446bb5a,894.34,UPI,risk_flag,2502.81,3,100,give_up
4291944d-6a25-4e3f-b471-25ed4cff5f01,f527d524-1288-49f8-bef6-2d08c12e4871,1583.5,Debit Card,risk_flag,64.99,2,3,give_up
8c325b01-e530-42be-a72b-ecbf63dd6893,04ca669e-b86d-4c14-a046-14229f105e90,4325.67,UPI,expired_card,1733.35,0,16,give_up
582c3663-560b-4120-95d3-a145f616766e,be14010e-000e-4374-b264-5592e9b4a314,7247.39,UPI,incorrect_pin,646.41,1,88,retry_later
55515506-3663-4f3a-9347-77f9a4e53cba,337275cc-6be7-4869-9cee-c499fafcddbe,6128.22,UPI,insufficient_funds,963.34,1,28,give_up
0e139949-6d63-4e59-be86-f44cf07c40e0,86f751fa-6e65-4f64-b49b-c891c03a8a57,1663.97,UPI,expired_card,7318.23,0,38,switch_method
896cfcb7-d02d-4922-ba78-adaea85e98e6,5ad30e7d-b6a8-4b11-bdd9-50c2f4b1c635,354.17,UPI,gateway_timeout,941.91,0,103,retry_later
61a2bdb6-2a39-4337-b817-897b21beec34,828a831c-10f4-4157-b498-add68daf1b31,493.43,UPI,gateway_timeout,27.92,1,5,retry_now
66941130-20d3-4837-8e05-82e4fc96776e,98ca3a55-a3ac-4fad-b647-5acc10327c33,2577.11,Credit Card,gateway_timeout,1636.47,3,67,switch_method
f8274aed-2ae0-4b31-b0b0-022322e54a05,a640e115-9445-45eb-881b-f7bd6d58dcdd,2821.13,UPI,gateway_timeout,563.55,0,14,retry_later
e38b82aa-dedb-4590-ad51-cf5f30554842,bc35ee5b-ab64-4572-bf1e-8f6600d82053,433.42,Credit Card,expired_card,53.47,0,3,switch_method
8a942b28-b3fe-431a-96ea-7adca3d4e646,472da5f6-b97b-4834-8396-8df615b69937,1915.9,Debit Card,expired_card,23.96,0,65,give_up
74d2b19b-990e-4cc8-b2fa-983de3db92af,451a9652-1be0-4fa1-9223-c426afe9a543,4107.59,Credit Card,incorrect_pin,3822.69,1,7,switch_method
b5300a8b-f8a7-464e-9f55-c5592f1a6046,1c8cb2e1-d50a-4cf6-aa33-454241431752,404.8,UPI,insufficient_funds,766.68,2,82,give_up
7d7627b8-4228-4f38-abb4-1177b8eb9265,ee198e93-f31f-4e91-afe3-5cee8070c0b4,7604.51,UPI,incorrect_pin,157.3,0,13,switch_method
6d430821-6bf2-4d55-a47c-d0219087c6e1,d0e162d6-4620-4926-b936-8cc23755fbb8,1106.78,UPI,gateway_timeout,40.36,2,2,retry_later
7cbc8ae8-0f6f-4f32-967a-2b28e253179d,6e403709-fa32-4f2a-ab40-9f052c669369,9273.32,UPI,gateway_timeout,45.65,0,6,retry_now
f3aa8378-59d8-4167-ad34-7183ae5b5a22,6e7d8289-261c-45e1-a8e1-e7e8f98b7827,903.71,Debit Card,expired_card,1644.84,2,110,switch_method
3d4bd678-a52b-48a8-84e3-03609de51219,9a2d4b8e-5ace-4f98-b8bc-4933323f555c,475.99,UPI,gateway_timeout,5647.9,0,27,retry_now
77caa368-5dc2-4e4f-b52b-e5b6abee6829,67b50a61-4805-463d-97db-e5c8715496f5,996.67,UPI,gateway_timeout,484.23,2,21,retry_later
fc4c8f48-311a-43bb-b4be-7100a2a3a40b,1233c581-5a5d-4319-815c-f2b44f20305c,1597.68,Credit Card,incorrect_pin,587.62,2,40,switch_method
ed6b2d60-b807-4273-ad36-a81df9a6996e,fd6f6999-e2d8-412b-91ce-7a9dcdd06764,1091.14,Credit Card,gateway_timeout,66.88,2,60,retry_later
47574f88-b341-4c66-b5a3-84e7635657bd,179221e3-e8a3-4bf7-ae8f-4e9be2de8b8c,1365.39,Credit Card,insufficient_funds,382.23,0,2,give_up
1de67847-8c4c-4f9d-b34d-82882d06610e,fe60b3bf-f296-410f-852c-0fa01486bd66,2791.0,UPI,insufficient_funds,489.73,1,137,give_up
62fb7711-49f1-4e60-8594-b001fe09c858,9de8806c-fc37-4b15-a741-6764c1667789,1447.32,UPI,gateway_timeout,226.69,1,190,retry_later
71238415-0d08-4b4e-9806-063707847a5e,14c1cdd7-1c9c-4c6a-beec-70922767b5bf,1659.14,Credit Card,gateway_timeout,315.99,5,32,give_up
32a694c5-0ffa-464c-96d1-668f15f67609,02443468-3f01-475e-92c8-32b8c0e5de38,195.98,UPI,expired_card,26.84,0,31,switch_method
918cd805-7394-4dd5-8376-0272110977b8,9784104d-3e77-4a70-aba8-e5ec2db9f048,3008.53,UPI,insufficient_funds,249.7,2,126,give_up
996f2d32-68aa-4076-a112-375c35550fcc,a1ba68dc-a2f6-478e-ba1c-072937540805,1610.07,UPI,insufficient_funds,448.84,0,33,give_up
61ceb69e-dff4-4f65-aa49-14f527fe29a3,aa6a8875-1c62-47fd-9de4-211b2f07b5dc,14667.37,UPI,gateway_timeout,191.5,0,116,retry_now
211e2d73-fdc4-4aaf-91b6-306c8b331d59,06402a62-a59b-493e-bf74-cb06451c6306,533.02,UPI,expired_card,345.65,0,1,give_up
065cdd3f-59d8-4e27-b403-2c126bbd4f71,1048f07c-84a0-46b4-93b4-00fbd3f3594c,172.3,UPI,gateway_timeout,838.74,0,40,retry_now
16620e71-57e1-47e0-9101-d06adc3e966e,886ee89b-3989-461f-a78f-cf2296b7a431,4037.94,Credit Card,insufficient_funds,900.47,0,182,switch_method
06a575a8-5323-4be1-bcc1-529a361c46e8,86d05b80-f28d-4f3c-a5a0-a6820230335f,2836.95,Credit Card,gateway_timeout,505.39,0,17,retry_later
ae4fa207-f44f-4c9b-b863-090cfc00f49c,9f018df1-ea95-4af7-b622-c34cb6197519,487.38,Debit Card,insufficient_funds,324.44,0,18,give_up
13c2bdf7-3ab0-4062-921e-978c9b0bcd29,5e88be6a-c2ca-4f09-964c-ed93a055637d,247.48,UPI,gateway_timeout,3214.4,2,59,retry_now
ee2d226c-012e-4691-adcb-7516edff399b,866eec2e-7142-4ba1-a269-2b70f65822c2,13341.25,UPI,gateway_timeout,10.0,1,156,retry_later
e19de90a-22ce-49f3-963d-a5d1a5b8c8eb,06ad3c0a-618a-4704-8f94-6da6924023d6,11365.57,UPI,gateway_timeout,1019.57,2,13,retry_later
f4ebcac5-a8e3-4ce2-b829-10dde860bea1,a1caea0b-ba6b-4e99-a87f-4a65d9f33392,71.26,Credit Card,insufficient_funds,60.45,1,152,retry_later
8a9cac17-1222-4790-9c64-dc04f604e11c,3915931a-0b79-4858-a4e5-e699011558f6,996.56,Credit Card,expired_card,854.46,2,65,switch_method
d6c90a5f-7b9a-45f0-896b-33a555355628,60344981-5c6b-40d6-b3e3-1438ce33f05b,15731.96,UPI,insufficient_funds,329.35,1,298,give_up
680823cf-af55-444f-b2bb-0d08ec399d5d,739ff72b-e315-459f-b582-0bcc75c1658f,973.72,Debit Card,incorrect_pin,42.29,0,80,switch_method
0866e7db-1456-40d6-bafb-72647c3e79da,8b6ffbab-e83a-4eda-8267-1edbc84d4a67,955.47,UPI,incorrect_pin,90.3,1,66,switch_method
6d5d8402-6438-46de-ad27-45e2967b1960,a75f135f-3dd8-4554-9a09-27e20842860e,1251.89,Credit Card,gateway_timeout,160.74,1,101,retry_later
3fc2e71e-a506-4062-b715-fb141aa50530,93eab30d-cae5-4ad5-98e6-26d3ebd22c4c,421.08,Credit Card,risk_flag,22.61,1,11,give_up
a8101424-7ebb-435b-9a12-506acd9f07cb,c3e522fe-5dfc-48ff-b226-797829b5a4b6,197.12,Debit Card,risk_flag,384.85,2,175,give_up
0c118fbd-8599-4b16-8afb-983ff45631fa,a76e272c-078f-4f57-9e79-1dccf97965a0,7103.28,Credit Card,gateway_timeout,162.96,2,10,retry_later
bc720042-a7ac-48c8-afab-e4ca2f35fbbc,a076e0ec-42c6-4d67-af24-1a68d291fe48,164.71,Debit Card,incorrect_pin,1323.99,0,1,switch_method
4d904ae6-4d0d-4f34-ac52-1fc2b493d6f2,99cf3f8e-f5c4-4da9-92f0-a4e351580e02,2493.53,UPI,incorrect_pin,4688.81,2,71,retry_later
f836a01c-c9a7-4b41-9510-c176416df115,95d0dcb7-e5c7-4915-9779-4710edba4924,5724.75,Debit Card,gateway_timeout,556.37,1,12,retry_later
cd4d5925-cac3-4b13-805b-1606e9b567f8,1f880746-9ed7-469f-9d77-8b59c9181471,274.08,UPI,gateway_timeout,827.7,0,85,retry_now
ed35d421-33a3-4be3-aa2c-b933ee9b2146,425af0c2-5625-4234-90d9-528430e0fac4,543.73,Debit Card,risk_flag,374.47,1,95,give_up
d77868b1-e712-48e2-a0b6-e65efcdda15e,bf4f0a01-ac1e-4d4a-9926-7c16c0ed50e6,8752.84,Credit Card,gateway_timeout,609.29,2,16,retry_now
7e1a493b-3f37-47d3-91c6-a57f038e343d,bc5b46f5-eb23-45d5-b2fc-d8b4e0bc376a,3614.68,Debit Card,gateway_timeout,19.05,1,5,retry_now
180dc8cb-dd06-4ed5-a06c-e4ecaa2521ee,5e7f7e25-4322-40e3-8ac7-3508f31a9d74,810.4,UPI,incorrect_pin,4220.45,4,41,switch_method
48a21f89-7817-4fa5-9749-90e2dd3d88e3,c10ec0f0-4277-45cf-a893-30e60c236565,8629.34,Credit Card,incorrect_pin,164.93,0,132,switch_method
07dbba53-eeb6-43e1-a283-2e9b4d6eea01,b8d94e10-91f3-44ed-ad20-3ecb18df4657,8677.57,Credit Card,insufficient_funds,18.34,2,112,retry_later
d63b6eb5-896d-4484-b8ee-7328db231a98,271062cb-b220-4f49-934c-7caec7f75bb2,2565.14,Credit Card,risk_flag,38.19,2,7,give_up
3efa57a0-cb03-4bc4-8c25-cd5ad708eda3,619d7731-2d94-4dc9-9a30-35e4dc7c77c6,561.04,UPI,incorrect_pin,1751.32,2,200,retry_later
bbd854bd-72d2-46b5-8509-c4a2100b61f2,5fcf1bc2-320e-4e96-beeb-1532b2aedc61,1056.29,UPI,gateway_timeout,2044.81,0,18,retry_later
01ae1bf9-e9dd-4ee6-ac53-26ebdf2f1c15,be6a09e4-f9ae-4ae7-9876-dbb3d2ab6abf,2623.6,UPI,gateway_timeout,877.68,0,25,retry_later
efe94bac-b5e9-4956-94f6-bedbbaa71b50,1f4078c6-4867-4ffd-9ac1-666ba0c72168,1414.92,UPI,insufficient_funds,4572.0,1,9,retry_later
4ab8c7c1-e927-439b-b56b-d88657f1f382,6cb1f9ee-df5b-429b-b826-21975043ebdf,6128.13,Debit Card,gateway_timeout,5105.2,0,28,retry_now
b0ff2085-8daa-4530-826c-5653ee4cad9f,16ae32f8-3780-417a-9159-8e5a79cebf12,247.47,UPI,insufficient_funds,242.11,3,60,give_up
2e5d9e13-ca39-4ee6-94cd-d0b596db3b81,53a76f7c-1814-483a-bdef-f5bb06b37528,259.16,Debit Card,gateway_timeout,706.02,0,42,retry_later
e60e4b44-7867-4731-9e89-0291783b364d,cd67ec3c-671e-40dd-a5a7-015f53c21cc1,2287.31,UPI,incorrect_pin,384.97,1,105,retry_later
d85c138e-5b7d-4cef-86b8-a04a97b6346f,98d0d8a3-faeb-49b2-89c9-7fd61acaf862,954.31,UPI,expired_card,4652.93,0,61,switch_method
8eaa5c31-74c9-490c-9ef7-97d3ca7e3cb8,845f39c8-1d2a-4543-aeda-d6d64c8f923a,800.18,Debit Card,risk_flag,1365.17,1,18,give_up
3c1bb509-6882-4c03-a334-093a7d74d75d,b5de8ac7-d382-4e82-a01d-109fc757902b,181.55,Credit Card,insufficient_funds,461.91,2,48,give_up
ec7afd1c-cd39-4919-ab2c-3ecc5c318b53,652451fb-59ee-4792-bce0-51ded58dc187,1854.57,UPI,risk_flag,71.1,0,3,give_up
b887057f-ac5a-4094-b177-a78c830cda18,3f9bb711-b6c5-4c31-9a4b-27110da739ad,1688.2,Credit Card,risk_flag,113.84,2,52,give_up
eb9ca865-996f-4daa-9602-4076c798b736,71839610-94b2-41b1-b92a-b3b183d7f88a,4228.16,Credit Card,risk_flag,10.0,0,29,give_up
6dcb36e3-ed9b-4088-8731-8b0caf0089b4,13e83575-153a-4b05-b823-d0d125e174cb,1977.48,UPI,incorrect_pin,188.29,1,6,switch_method
a3cf44af-c00c-4ada-a84b-7aa48f7c3c00,83dbf057-3b70-407a-9935-d3fed19007ba,1521.75,Debit Card,insufficient_funds,1369.21,1,22,retry_later
47526ff3-917d-459a-a556-db67adb2d0bd,34192fdb-0903-44a3-a9d6-23c7098015aa,8350.7,Debit Card,gateway_timeout,481.87,0,137,retry_later
aa5a5cde-12ce-48c3-8d3f-339f02736e95,442ed4bf-7103-459d-9717-de7ba6a800e4,328.26,Credit Card,expired_card,905.61,0,52,switch_method
680a5079-24c5-4cc6-b9b2-e79133cb1e7e,078470a3-da34-4bfc-b633-eadbe24eeaf6,3631.15,UPI,gateway_timeout,943.03,2,140,retry_now
04108919-493b-4d85-9cc2-36d965296420,0a1b1055-936d-430e-b516-d7d8bf7d6c53,205.92,Credit Card,expired_card,62.27,0,31,switch_method
fcc9c758-ab47-40bd-9098-9960e309881b,23639f58-b310-4a0a-ba76-e3d595e09a44,607.97,UPI,insufficient_funds,1984.71,0,231,switch_method
ae4dad78-bed3-4381-b25a-45b597d7fdf5,efdc8307-4047-47be-9c80-d4d261a49218,373.73,UPI,expired_card,126.72,2,26,switch_method
ce7bfb1a-ec34-443f-8047-5307ff950405,3526176e-fcbc-4230-829d-9eb3242ddd99,4996.66,UPI,gateway_timeout,729.33,0,84,retry_later
020a8cff-1659-47af-9190-4adbb9fbaf4c,730ce018-f185-4a74-a622-e2b06aca2f77,1660.65,UPI,incorrect_pin,2884.75,2,21,switch_method
d7e0604d-5f6e-4397-a456-7f113adea6f0,8e1e8b72-d1aa-4bf0-ad4b-847398ed5409,1776.58,Debit Card,incorrect_pin,4221.77,1,6,switch_method
9ac0ef4c-13fb-4cab-b282-893c0f7ddd55,a86928bd-4203-4038-9334-54f662496ff7,428.91,Credit Card,expired_card,336.73,0,107,switch_method
099d07df-a034-4463-a001-dcb9a4a87f25,379e1f2b-1ec4-4f0b-8b1a-308dc470d96b,1224.64,Credit Card,incorrect_pin,7223.83,0,86,switch_method
6f37f84f-fb5f-4f3a-9dbb-088965e50aa5,66831fc4-6286-477c-bb6f-b5c1bb5ff650,670.15,UPI,incorrect_pin,1514.51,1,103,switch_method
ed7a5168-56a0-42f5-88df-d627319a3d7d,11edc76c-2323-4a87-ad82-b7085dd4eefa,2976.46,UPI,incorrect_pin,70.92,0,21,switch_method
01cf2a6d-2135-478f-90f3-a7f62123da95,dfd2b54c-c2ec-4daf-b144-e040c3fa411a,498.49,UPI,expired_card,464.09,0,72,give_up
276d9422-47b2-4004-b390-7afac29cfc45,85b21059-a931-4ebc-a9d5-5a95895330f6,10185.62,Debit Card,incorrect_pin,192.14,2,14,switch_method
e616db4e-4a16-41c4-a558-e46c46b9d2e1,29bb48d7-3848-456a-92ed-3d53576cb4df,204.74,UPI,insufficient_funds,1730.28,1,0,switch_method
2a459f40-11b6-4aac-a1be-3827b8423b68,bdbb0c23-4d08-455f-8c91-c96591f085f8,633.67,Debit Card,gateway_timeout,211.19,0,120,retry_later
f17ad3ad-9783-456e-a555-f015cadaf46e,7121163c-4394-4442-8b05-1866eeacd80f,16000.27,Credit Card,expired_card,600.64,1,44,switch_method
cab06f7d-d850-4c4f-9951-3f43173fe8c0,8fa53319-78e8-47dc-8496-b827f90930fc,1026.92,UPI,incorrect_pin,680.58,1,246,retry_later
d58c23f4-dfde-4759-ae38-d41e087b946c,0a1643b7-ac46-4d52-98a4-7ec7b8135bab,327.23,Credit Card,insufficient_funds,10.0,1,29,switch_method
70c05a15-571d-4a9c-ba70-8af16e9aae3e,365fb23a-ba33-4351-9a3d-4f41eb0ff2f7,2403.77,UPI,expired_card,1480.28,1,188,give_up
aeffdcdb-59e8-4e5a-a7c5-db5b2e78361a,fac78066-8bc6-40b7-86a0-78e27ed95d6b,974.56,Debit Card,expired_card,642.9,4,57,give_up
48f64b2c-2474-4208-98a6-bb92b6454a80,6674e24c-2f44-45c0-83a2-deec4ebf2d9e,609.94,Debit Card,risk_flag,243.31,0,43,give_up
99b6436f-7d6e-4f02-9756-a70563fe320d,6d51db83-440f-428a-a760-addf58522154,435.01,UPI,gateway_timeout,109.27,0,21,retry_now
c5917d1c-20ef-4a5a-9fdc-47010096a928,53f7a9ea-5d55-4062-b9e0-e7201ef81eb2,66097.47,UPI,incorrect_pin,32.06,0,104,retry_later
1084feac-18a0-4509-9432-a008ff238bef,a3465657-aa64-44bc-bb79-082e537273c6,1303.73,Credit Card,insufficient_funds,290.97,0,105,give_up
45483354-aaaf-48da-9d37-42240a65936d,dc437891-60ed-4477-bcbb-5a0c5ed0e4e9,147.93,Debit Card,insufficient_funds,585.2,0,32,retry_later
fee898d7-0ade-4938-a4ca-51a9a1666bf4,1053869e-4b13-44b0-bf30-f04fdbb2fda5,12604.67,UPI,gateway_timeout,69.19,0,77,retry_later
2ec1ba32-9694-4621-a457-98689e4d6e65,cfa38c01-c725-4692-90a5-fbba1226d420,4001.37,Credit Card,incorrect_pin,448.32,1,35,switch_method
1125d8fc-b2a3-4cc4-99c9-24507655dafd,ee0c9c80-cd6b-42e6-82ed-9f80328a28bf,667.54,Credit Card,expired_card,857.33,0,80,give_up
e107a699-f0dc-4c73-bdee-2635abb87d8e,5ec0079d-e94f-4cb4-a260-5fd5eca527da,537.51,Credit Card,risk_flag,8876.7,2,308,give_up
173da539-e883-498c-8414-1e052e4f9695,ce89f572-a1c9-4739-802b-01c86b1e80d1,4339.5,UPI,risk_flag,31.02,0,18,give_up
2c04ef5e-e665-461b-a58d-7d12b4cd113e,cf675af2-aa9f-4c3e-a897-5170325076cd,1311.6,Credit Card,insufficient_funds,457.95,4,60,give_up
71a4d085-d9ac-46fe-b39a-e9ff4dbccfd0,bc366474-6afb-42f5-9456-ba0b2cc9c8d6,147.85,Debit Card,gateway_timeout,702.43,1,28,retry_later
871cd051-063a-499f-af90-5512fe7f1e32,9b71f2ef-97dc-4fd5-98d6-31d25b5288ed,18460.93,UPI,insufficient_funds,315.4,2,47,give_up
15fdac6b-3931-4eb3-b7e3-a7e8941f057c,340ce22b-2db2-4335-a1ce-50e5ded9186d,1028.45,UPI,gateway_timeout,715.59,3,124,switch_method
6866e2be-7565-4dbd-be02-493505789353,ffa29535-9cc9-4f5e-be72-a2e5e5fe49ed,12635.22,Debit Card,insufficient_funds,534.21,3,25,switch_method
384a0d9f-6cd8-4dd8-8a45-3b80344e0a49,b157dd57-84d9-4a08-9cfd-4a62026d146a,9527.76,UPI,gateway_timeout,459.8,1,4,retry_later
af03c702-9afe-4629-a2ba-ab31d7da4f5c,361c4ab8-fc0d-4bee-b02a-ccfd7db741bc,492.1,Debit Card,insufficient_funds,1019.45,0,96,retry_later
36758217-1130-4a68-bcc4-7316343f835e,8919133b-741d-4fe8-91e4-b6680ac632b4,6926.76,UPI,incorrect_pin,4484.86,1,48,switch_method
0ffc762d-93bd-4088-9d00-e670ac69f9db,0b4cc499-aa62-4d44-ad50-afc4a89adcd6,775.2,UPI,gateway_timeout,112.04,0,35,retry_later
8d476e51-dd4a-47d4-954e-c4fd9b3b34c8,34e6f1e2-3274-4ece-bebe-6df5aebb700c,159.7,Debit Card,gateway_timeout,1770.52,0,12,retry_now
e391b67b-f834-4297-bea6-bbc5ca86642f,f01bb870-b594-4d5d-88ec-037fb4d05069,1041.09,UPI,gateway_timeout,1138.09,0,5,retry_later
b2bc7af3-f6e7-4089-a004-6eeb25643243,9d803f37-d127-49dc-8afc-b2d8ce7f7260,3031.85,Credit Card,risk_flag,181.17,0,19,give_up
5a10a33b-e13a-4cdc-9054-9c43814f4640,1aab9a40-4bc7-48bf-9326-b5a5fa482b3d,990.73,UPI,gateway_timeout,227.2,0,76,retry_now
6def4141-36da-4ec7-83a4-a82715ff6673,8f55d167-9059-4424-bbe0-0f049b727c8c,1212.98,Credit Card,gateway_timeout,1281.52,0,31,retry_later
160da8c0-3bb8-4e3e-8bcc-33cff407c054,73e1eeda-548c-44b8-ab10-dd19d74ee0c8,7995.51,UPI,risk_flag,29.44,0,50,give_up
a8e0450f-902d-4fb3-b777-be3409d7aec3,af2747f8-8417-44d6-9e50-a88d2e7b0d57,2076.51,UPI,gateway_timeout,605.36,0,5,retry_now
0621c02e-915c-4a37-9db9-0787268f414d,67b4ed30-057f-4daf-8401-ab27247ea3f9,604.08,Debit Card,expired_card,629.03,0,7,switch_method
7d03c73c-b790-4b02-bd47-3937215403db,b4339a92-9be6-4f9b-b2c6-e3bff46862fd,4503.63,UPI,insufficient_funds,67.21,2,0,retry_later
4e9deac1-de00-4ff6-937d-6c45c0923967,b4991c9e-5e4d-48c6-ba83-8abc499bcd1d,2337.83,Credit Card,incorrect_pin,238.65,0,67,switch_method
dda6c94d-5c66-4928-9d32-75f2a6a48860,3f538e70-4a79-4089-aab3-b182879862ee,68.16,UPI,incorrect_pin,525.41,4,18,give_up
3d26300f-1c88-43de-b6bb-ed8d7cc36db8,e20134b3-ed99-4601-95c2-323f796f3dc9,3155.36,Credit Card,gateway_timeout,712.44,0,204,retry_now
b283870a-9295-4ed3-9ec2-9be23d7ba912,d8665f80-d165-48f7-8785-9a8fb2bd8851,3009.04,UPI,gateway_timeout,315.15,3,22,switch_method
49073b5a-c5ab-43f6-87e6-eb62d06279de,54a0f0b0-1c12-48b2-8fcf-6c08424281e4,1855.96,Debit Card,expired_card,406.5,0,27,switch_method
53836e92-1e02-4ea4-8340-3b9eb52e4eb4,38f3b511-1e01-4537-93c0-2ff56df9c35d,5762.98,UPI,risk_flag,168.64,4,38,give_up
d38840c9-fb6d-48f5-add5-acb93e5e9ffc,135bb4d0-fbe1-4dc9-9725-3b8deb74cf5f,754.37,UPI,insufficient_funds,903.1,0,23,give_up
f119ee44-90ef-4e05-8006-43e8aadf3971,5820392f-1fbf-4ff3-9847-a28c5359575c,2800.21,UPI,incorrect_pin,51.45,2,102,switch_method
4a6d8002-4023-44bd-9f33-cb889d9295ec,56af821c-0b31-4aea-b185-aee881878cec,235.79,UPI,gateway_timeout,1023.3,0,125,retry_later
f5d59f30-da43-4a00-b419-66002c71ab7a,b462675d-41fa-4a27-a67a-09ee82797ff3,3069.34,Credit Card,incorrect_pin,515.31,1,0,switch_method
b4c40e82-1ee5-4bfc-bd6a-212fd03f67f0,6772e459-8538-4d3c-8391-ad8788836bb5,22901.96,UPI,gateway_timeout,490.32,0,63,retry_later
60694efd-6402-4a38-a838-b5e15fe37928,e00f9913-e7c7-420c-a86b-f2950fb31fa9,496.05,Debit Card,insufficient_funds,927.77,1,69,retry_later
f75a828b-5ac1-4bae-afc1-b972f47fe87c,255809ef-27f4-4eca-9433-a26ac58bcd13,673.34,UPI,incorrect_pin,105.68,1,195,retry_later
d73b787a-5005-42f5-bf4a-ad42dafd6291,c43e3bf1-5b2e-4b83-9ba3-4b186526eb7d,718.37,UPI,gateway_timeout,1194.24,3,27,switch_method
36745589-e585-4353-a345-d1880087c5ac,06fa8332-5037-4678-9a6d-bd5030afa4c5,2140.93,Credit Card,gateway_timeout,61.13,1,13,retry_now
4229a613-d1e4-48e8-8168-26c7890e3d50,578baa7e-95c0-423a-841a-7fe2798dfab5,453.98,Credit Card,expired_card,6076.91,0,44,give_up
79390868-45ef-40d4-ab5f-2ed189281cd6,9b2ad826-5bbf-4555-8259-a168d4a4e0cb,3126.35,UPI,incorrect_pin,498.97,0,35,switch_method
2a3ba7f2-a6a2-424a-8357-cc865a05a7cb,dd14953e-1b47-491e-9939-e79badda445a,5436.51,UPI,gateway_timeout,53.34,1,94,retry_later
01180abd-cb60-411b-9c63-850b68ef7f8a,59b65bba-b17c-4f06-9ec3-c3e81e8bbd78,3621.53,UPI,gateway_timeout,305.43,0,140,retry_now
29b8707a-a5a8-4708-80b6-7c6185455e66,a0238ca6-1923-488a-9eb5-2901e2342563,181.46,Credit Card,risk_flag,272.15,2,5,give_up
c40cfeb8-24ee-4403-a025-1210327a3a11,89d1b271-4832-4e20-a693-ee1e8167d058,6592.7,Credit Card,incorrect_pin,101.17,0,112,retry_later
52d04824-4e94-4c91-9394-e69e9a67ebeb,55ba5e1d-c881-41a5-bbaa-e36fb9d307da,6115.47,UPI,gateway_timeout,105.83,1,143,retry_later
cfebed6e-7e01-47bd-91a1-ff5f591ca84f,da655bb8-c45d-4c96-a980-6ddd0395fce8,5319.9,Debit Card,insufficient_funds,272.36,1,154,give_up
8eb26b50-aab5-4a6a-bb08-4d3655f7b1ff,d9c8acdc-fa8b-48a5-99f1-c0388db804ed,2935.68,Debit Card,gateway_timeout,836.31,0,86,retry_later
00d4dcb2-e12d-40ff-80fe-f60f829c20a1,fdf8cfac-6248-4e10-9476-972887a37031,2407.26,Credit Card,expired_card,600.02,1,81,switch_method
24d682d8-a498-4815-b1f8-454bb8dc1d1c,b7e14755-a9ad-49e0-be3b-013187569e7e,6919.55,Debit Card,gateway_timeout,818.93,0,0,retry_later
3eefbad9-8b3a-4178-8d29-7e54430666d6,3a5db105-b23e-4606-b712-0e96a2d59f24,22038.97,UPI,risk_flag,760.2,0,151,give_up
878e0ee8-61c1-4f63-85b2-ecabe15714f6,05a94117-5094-44c4-ab00-5389afccd603,523.77,UPI,gateway_timeout,32.26,4,25,give_up
fb61b55a-e0ab-477e-bc46-f20a5301ed8c,59bf7eaa-dd2f-43a2-b3d0-8a9b1d9e04d6,7343.44,UPI,gateway_timeout,7543.18,0,2,retry_later
bed181f9-76a2-40a0-9f7b-0fd8c82079f3,0458419e-87f3-488d-9745-1d7daf3e0ced,1616.34,UPI,gateway_timeout,440.48,2,31,retry_now
cdd04112-1e05-4eec-aba2-dd96838e54e3,1180e183-fe3c-4c85-b9dd-06f504a7dd85,1527.56,Credit Card,risk_flag,460.39,1,79,give_up
e571b0ad-e386-49df-bb21-926c3bde21bc,6cf6b1f1-13cd-4514-bb62-262c0d2afe3b,245.31,Debit Card,insufficient_funds,1480.37,1,34,retry_later
33bb32d4-4c0d-4c24-ade3-d4370f354694,df791a08-885c-4040-ac36-d210a663280d,1248.59,UPI,gateway_timeout,68.18,0,85,retry_later
c8119546-9e79-4417-a58c-402e2acaf33e,f2c03f3d-ca5e-4267-a5a2-0822bac7dc62,494.5,UPI,gateway_timeout,3352.59,1,42,retry_later
d4b7d842-2a8f-44d2-8789-e26ee2f14fc2,cea1f7ce-550c-4483-9e3a-ae2726b46b25,989.29,UPI,risk_flag,443.33,0,21,give_up
8d6a3620-3537-490a-a6a8-95aa3f80222b,05daa182-e060-4b67-a44b-214a43ae0477,433.7,Debit Card,expired_card,342.49,1,13,switch_method
5ce05811-2be4-4065-9ddf-c41780e64c0f,4c3f79ff-51ef-4784-b14d-d16e22bbc401,1008.7,UPI,gateway_timeout,2195.33,4,32,switch_method
fa13cf8d-c094-4671-af79-05f25ba5029a,6532f60a-3c9b-41a9-811e-c434e8bfa379,1066.41,Credit Card,expired_card,1647.88,0,2,switch_method
b4b94994-a55e-4cc3-9ce1-fbd92db8dc81,d668a9ec-5deb-4003-813f-19c8756ce397,2050.38,UPI,risk_flag,3442.56,2,32,give_up
e494dc82-a1f1-4bcb-9dff-bc897fba665e,05fe3430-bb00-4ad7-a8ab-1e9b7f83e269,221.59,UPI,insufficient_funds,677.4,0,4,give_up
8581651c-62b8-4e49-98ab-0abbc33bf1ee,c8de0990-0d64-427d-b28d-358392cabb4d,276.12,Debit Card,risk_flag,3744.38,0,125,give_up
3e40f182-f41a-409d-a37e-e3115aea40b5,8e4bc781-e4b8-461f-91e4-8686dcec5f66,2894.27,Debit Card,gateway_timeout,588.13,0,51,retry_later
a8974382-23be-4656-a2eb-a6ad8fade45c,ab6fa58d-74f9-44b8-b522-94ac586f5578,641.19,UPI,incorrect_pin,200.51,0,62,switch_method
8a172163-e38c-468c-a787-865be89ba325,a5aaa82d-4972-4ce3-b650-32d441497607,7309.2,Debit Card,expired_card,32.48,0,20,switch_method
34e5447d-f70f-4e9f-8d8f-58420ae626d8,bb029902-c647-4bbb-8c04-2128fabaf38a,2423.22,Credit Card,expired_card,135.81,0,15,give_up
7def23f5-bd62-4f8f-be9a-87d5dcd97c2f,a3dfa474-476c-4287-bac3-11301b706c50,3979.02,Debit Card,insufficient_funds,583.89,1,73,give_up
429758d6-80a0-4011-9024-397b9b99a7f4,5a6df10f-5940-4484-ad0e-c18db5e177c0,11315.17,UPI,risk_flag,17.67,0,66,give_up
0cff9923-d238-40bd-baed-678e96645fd8,08563768-f8ef-4dc7-848a-dc6cebab9c56,1208.79,Credit Card,gateway_timeout,662.12,0,7,retry_later
ebccc782-9053-4e4f-ae91-ef153cf95f31,eb8fd0ab-3c1f-4ea9-9a3e-706ce2e4448a,856.77,UPI,gateway_timeout,2925.33,0,16,retry_now
b9c99856-a5ee-4721-8b39-15905833e171,2c8b5cd6-e6ba-45d9-902e-b3c5fc16936d,5615.09,Credit Card,risk_flag,374.31,2,175,give_up
0d92153c-8638-429f-934a-810fe30db1d1,b7feeba6-1eb1-452b-8836-7e6008a5a912,3506.48,UPI,risk_flag,666.63,0,21,give_up
964ec572-cb50-41c5-be8d-5726ba6943fa,349732c0-11a4-492d-b3bb-5059e01631ba,1417.25,UPI,gateway_timeout,398.08,4,1,give_up
da713ad7-deb1-49c6-8840-149409d53067,8619f5b3-77db-4b46-add7-08232caf5d45,11035.75,UPI,risk_flag,613.17,0,3,give_up
b8eec2ec-dcfa-4e95-b2f9-8a553814f66d,a7a64f4f-7453-4701-9e1f-77f86f9373ea,1372.08,Credit Card,expired_card,318.33,0,89,switch_method
51f6b27b-4f04-4159-83a3-49535c33af5b,d1736c31-ac1e-4006-a4d8-186d100fa265,1886.74,UPI,incorrect_pin,72.81,0,84,retry_later
2edc2ac3-45be-444c-8f19-968ac2f343a8,5fe1f919-71ca-4035-beb0-fe6c0b15b450,1858.62,Credit Card,gateway_timeout,606.27,0,28,retry_later
67ffc0bd-ee6e-49e5-ad41-bb8d2147d134,118b05a6-a2fd-44f1-a9d1-a12765651098,536.48,Debit Card,incorrect_pin,547.86,2,9,switch_method
7cb106fb-6b15-401e-9d51-a427d7056375,1828303e-0233-431d-ad21-400aac857232,1999.92,UPI,gateway_timeout,7231.28,1,41,retry_later
5f6550ac-86bf-4a76-8fed-9470ae91ae40,90fe82af-5a94-4e5d-aa24-9de06875a80e,11112.08,Credit Card,gateway_timeout,1729.45,0,24,retry_now
3a4dc6e1-47c0-4aa5-9db5-1a0f0c60cf03,7dabc44d-827f-49fb-b6de-fd912d34faa5,3224.26,UPI,gateway_timeout,138.64,0,28,retry_later
3568ac68-09a4-4282-b67c-3d1ffa6571a4,8ded8cfa-011a-4144-b547-63fc6e996f6b,1882.55,Debit Card,gateway_timeout,982.56,0,18,retry_later
1f27daf1-e746-4516-9fb4-06e6d19aa53b,ca6717b1-3495-40ad-8c77-d3dede205bf7,1465.13,UPI,gateway_timeout,1400.77,4,3,give_up
cb0e60fb-cab5-40dc-aa48-9dc054c89da6,2bef0a4e-a42d-4360-8ae1-6c9a4e498e95,2779.78,Credit Card,risk_flag,166.01,2,93,give_up
cdf456ba-79ff-4668-91bc-47e133d79020,fd21e79f-7f0b-47fc-8637-845a081ff19e,4791.97,Debit Card,insufficient_funds,1730.68,0,57,switch_method
3da8895a-b3b8-4de7-a473-805e897eb17e,43a29877-e9f3-4c90-99e7-ee9e13be4d43,3991.85,Debit Card,risk_flag,241.14,1,107,give_up
2477d2d4-382a-4283-97a7-2c4d9687b17b,d92484a0-b969-489a-a6b3-ebea505dbec6,1174.47,Credit Card,insufficient_funds,1498.32,3,41,give_up
07711a47-f51e-4574-90c3-51dff20778d3,f8ee43f8-b603-4c5b-b57c-f947697b2917,2757.88,UPI,insufficient_funds,1337.57,1,251,switch_method
55eaa3bb-6cc8-4678-b1d3-086e1eb405d9,acd2fc06-e2f5-4913-a739-cc30ce1391da,3374.23,Credit Card,risk_flag,299.04,3,197,give_up
137f9fad-21eb-4c39-aee8-c6a48dc593a6,20aea1a2-8683-4907-8740-e52557b84566,488.16,Debit Card,gateway_timeout,84.78,1,19,retry_later
043f2d1a-81e0-4712-8763-0c44ad6557a7,5b643807-c010-4840-b646-fbce8a14b6d2,2250.03,Credit Card,insufficient_funds,199.27,0,29,switch_method
6637e260-8dae-4ca9-8473-67129d1d9c8c,408b2c90-8ad6-4910-a008-b641ef88e4a1,108.89,UPI,insufficient_funds,2360.13,2,83,retry_later
ace5852c-621a-486e-b5b6-556b2a9de72a,9d9dca23-812f-43cf-85ce-d3ab9d1c6887,3385.63,Debit Card,incorrect_pin,459.01,1,89,switch_method
2f6bd497-e822-4def-a22b-30e661084bf7,fd048fc7-0c08-4d31-9de4-cf3e9400bc41,4266.06,Credit Card,risk_flag,560.08,1,144,give_up
a0ca5734-089d-4c1d-83a0-5f107b104131,9a098c47-ff1e-49be-a882-ed766460d8f4,4778.16,Credit Card,incorrect_pin,634.78,0,63,switch_method
8d9583fc-5e70-4cfc-9991-25cebfafc37b,5084f070-dd4c-41d7-8ea3-fdb908006f6c,1081.86,UPI,insufficient_funds,619.72,1,38,retry_later
a717218e-3c05-4bb7-a036-d811487c97c5,9d535107-a365-4d8e-bab6-07c21042f08f,2702.04,Credit Card,expired_card,1552.52,0,28,give_up
bfdbea62-02c0-4589-9b4c-1b582006d34d,66fab77d-1278-4888-a62f-35ed453f627d,11511.94,UPI,gateway_timeout,251.79,0,32,retry_now
c03cc70b-5689-4875-bd1b-185b1603be1d,500a01a7-596c-4d04-98de-91841d5b5d15,11360.53,Credit Card,risk_flag,848.36,1,113,give_up
42d8ca48-870f-49aa-b7a6-0fe9c752e93f,aba73a0e-3354-429b-b83e-bc5f2eb4ad05,1740.76,UPI,incorrect_pin,379.84,1,234,switch_method
fc1be2b7-8a7f-43c8-b227-370c7db062c8,2fdbcb66-1ac6-4a53-bbf1-e08f19c670a9,2167.04,Credit Card,incorrect_pin,596.92,1,3,retry_later
74a20c7a-c8e8-48f0-b125-16b65b278860,4a81c862-10f1-4813-a0b1-e3586c83b26c,7663.2,Debit Card,insufficient_funds,290.98,4,52,give_up
0ffdb79c-c87e-4cea-b496-81fb03629478,8ead825e-4a10-4a68-a71a-bc94d838e4c3,256.97,UPI,insufficient_funds,5299.55,2,44,give_up
5162b657-647f-48c2-8922-2fbe5d715955,5defc0c3-7b37-4cbc-9f64-80df18912beb,1187.97,Debit Card,insufficient_funds,510.55,1,28,retry_later
90fc3d23-ec70-4e1c-aae8-8f2987010549,ab400a15-c5c1-4b90-abc5-862801ec2c07,10262.4,UPI,insufficient_funds,1168.97,1,114,switch_method
ad35f2d5-148a-4a8b-a2a3-8edb68a51b9f,82b3d6b4-ea81-45d5-bd8a-9871b0730866,6423.77,Debit Card,insufficient_funds,341.99,0,51,give_up
96e6d5dc-d473-4be5-be85-b696ba9ef1e0,f4fc44c0-983d-40c8-9adf-3b8d60a20d1d,2922.06,Debit Card,gateway_timeout,119.25,2,22,retry_later
64901a55-1f7c-41b9-abaf-259cbe2fa765,5b20fa2e-1b12-4030-ad5d-2de9d42ea8f0,255.29,Credit Card,expired_card,357.77,0,35,switch_method
8ebb51ab-c7a8-47b7-9523-bef75e7c9429,00a8755f-3fd4-4529-893c-421f1a907f66,1694.46,Credit Card,insufficient_funds,82.52,2,26,retry_later
57c3098c-437f-4a9a-a588-0b79a331a05e,cfcd5e18-dff3-4319-be5e-a58bbe49bd19,839.75,Debit Card,incorrect_pin,881.06,0,33,retry_later
82ea0f8d-15d2-4804-8ddb-8b08f12067e8,04a6c5b7-cfc0-4321-9b33-e70b4ced8648,2780.4,UPI,incorrect_pin,516.21,0,4,retry_later
02efa8d4-cb57-4f25-b3a4-8ce3169bee6c,29f1267c-c45d-487b-aa25-bc7ac52fa802,631.34,UPI,gateway_timeout,68.66,0,7,retry_later
929fd30b-9cd5-4266-b6c0-1f646e8d2cbd,e6a2699d-5dd3-48f7-9430-2c52e4a3f136,476.54,Credit Card,insufficient_funds,433.27,1,58,give_up
e7a04466-010d-4ca8-931b-5a5f1e6b3dc3,0293164e-1f7d-4df1-b96f-c9ee916d0a4b,123.43,Debit Card,insufficient_funds,376.91,0,69,retry_later
419582f3-45c5-4914-abb3-c4e9dd7d327f,269e140a-d08b-4524-8099-86db04a42906,8851.53,Credit Card,gateway_timeout,1165.93,0,60,retry_later
a2d45e99-b4ae-455e-b81c-b219b0c1b2cd,35a6715e-6128-4099-9ba8-7868192445cf,1075.24,Debit Card,incorrect_pin,333.04,1,86,switch_method
e959b717-9d2a-40fa-aeee-f256a30e11bf,6304928c-304f-4586-b4ce-ec95e5ad45db,2217.84,UPI,insufficient_funds,203.82,0,172,give_up
d547630a-2794-4791-bc86-ef9bc96184f8,e389cde2-cc5f-4576-aa1a-807bf954ea8f,1802.79,Debit Card,incorrect_pin,306.18,0,118,retry_later
cc63f838-338b-4c71-901e-dcba4e611a71,96600299-4e58-4d12-a900-9c403c8086f4,451.39,UPI,gateway_timeout,929.59,0,32,retry_later
add92031-5970-4b07-84e3-555312dd2ab1,60bb545f-3b59-4a9d-ba7b-c8034283e5a9,351.85,Credit Card,expired_card,266.38,2,14,switch_method
a9d78b38-696f-4fe9-84ee-efeb37793457,5f93877b-bf8b-4c95-a79c-cbbd126682cb,489.36,UPI,risk_flag,117.19,1,22,give_up
e0b10fc5-0434-49b9-be14-8704d69e1b41,b698fcfb-f6c0-46ee-b599-d69c6cc62177,706.19,UPI,expired_card,112.79,3,53,give_up
fbcd4ecc-8882-42bf-aff4-9443f9015e64,046f3fe0-cf0a-48b0-b5ba-456159ca7aa1,2911.98,UPI,gateway_timeout,149.64,0,116,retry_later
9c61aaf4-51fb-4bd7-855f-3b569aef4c82,c588d7e0-6ec2-4a50-9ebc-a3db8db32ab7,642.63,UPI,incorrect_pin,1825.88,0,72,switch_method
7f2fbfe6-fb89-45ea-930b-fc85f95f4b7d,3f914842-dfb5-4a4c-9e5f-28ae4c093059,17508.43,Credit Card,insufficient_funds,828.6,0,46,give_up
f20c820b-7984-4aed-9dfa-0496a3fba7ef,ee3e2032-6b97-4504-bddf-8abe93d71ff2,6872.59,UPI,gateway_timeout,374.7,4,55,switch_method
9e619158-1cf7-4334-9a98-b8602391e181,d2ffa2e1-0ede-4fd3-b246-bfccce626cf0,5171.24,UPI,incorrect_pin,184.48,1,45,switch_method
8a50eca5-2b86-4147-80ae-34da1e5d371a,e68ce896-040a-4333-8f47-dede5c3fc387,1547.57,UPI,incorrect_pin,3190.75,1,213,switch_method
40a75d76-187c-4019-8f49-4c93a5f73cab,177dc038-ab86-4e97-ba8a-058f1b7b7867,12946.3,UPI,incorrect_pin,225.12,3,101,give_up
5db023de-25b8-49d7-8d21-89baf888272c,f4642c0a-954a-4e18-a5d3-6b9d65f51fc4,1361.84,UPI,gateway_timeout,7126.94,0,91,retry_later
43dd0795-1484-4ef5-be23-c1e36e7bc1e3,b11466c9-0d50-4e68-9e23-f37358b91e13,1736.04,UPI,insufficient_funds,1650.06,0,43,retry_later
14b65fbe-ffbc-475b-91a1-633848ec15b9,3a4a5fd1-c195-4a63-a7ec-0a329a60742f,2255.14,Credit Card,insufficient_funds,343.95,1,24,give_up
062bb91d-e3aa-4cd9-94cf-860d7f2922fe,1d149d21-9bfe-4395-a2b1-1ef8a497759e,4502.42,Credit Card,incorrect_pin,196.29,2,1,switch_method
46a21435-073e-485a-8874-2b327ff24400,ffbe3792-7064-4247-b740-d9d92882e63f,4138.05,Credit Card,expired_card,38.31,1,2,switch_method
f6634e53-0d1e-403c-8d58-412aaa72acdc,fcb4a4aa-f8fd-47b0-9164-45c432e4eefd,974.9,UPI,gateway_timeout,157.14,2,1,retry_later
563c5cf3-9903-4e52-857c-faafa7dae6ee,d61691bb-9ae9-4bcf-92f0-8d951048a62b,904.25,UPI,risk_flag,493.74,1,236,give_up
4d4888d3-d756-485d-8cd1-514bfa1f60b9,322f8b09-5e3a-4391-9e6a-7382abe16f29,4154.19,Debit Card,incorrect_pin,2038.28,3,7,switch_method
dbb787dd-23e4-4771-bc64-180454096730,abac7d57-ca6d-422b-b3d7-00707ededb93,4581.62,Credit Card,expired_card,224.2,1,9,switch_method
61e3e898-1d2c-4a96-bdf2-3ddb1a9a79c2,221b2138-c9c5-464a-87a4-6e16ecef4667,1084.25,UPI,gateway_timeout,3510.4,0,39,retry_later
8ab46d36-4cba-45a8-87ba-2e5f82561053,9aab4242-b308-4b8c-9c12-384ff661c954,229.67,UPI,expired_card,700.95,1,39,switch_method
0cc6f55d-ac8d-489c-ba1b-7b7ecf380522,2f1003fe-062d-445a-9964-6750a033f426,1380.9,UPI,risk_flag,408.22,2,151,give_up
d752ce72-b3ee-4067-a6c1-018d29d6648c,9075af46-6a58-4e88-bccc-d686645dece7,4066.69,UPI,gateway_timeout,445.62,1,4,retry_later
f09c7b96-b757-45b0-91e8-7d9055efc140,afceb7ef-1ecc-4e2f-8fc6-a6565bb8304c,18902.36,UPI,incorrect_pin,1219.53,0,189,switch_method
9d9f562e-54e6-431c-a85e-f70b9f31826b,8dcf2bbb-45e7-4df5-9852-51419fa6f65b,380.94,Credit Card,gateway_timeout,1972.17,0,14,retry_later
c3ab32eb-2a29-4df7-b67b-2dc24a51a8fa,f9e762c9-5488-46fc-b384-136aa6eb88a8,1038.42,Credit Card,insufficient_funds,289.03,0,210,give_up
68fc2282-d6f8-46ce-b769-a5ccb086d263,e62d7265-9b97-4072-9ee9-3bfed340fde8,1089.83,Credit Card,risk_flag,180.64,5,46,give_up
cf65d6b0-fa82-4fab-be6d-1d195507e67c,9699f4ba-2964-424b-983e-16cb3a985921,10535.93,Credit Card,gateway_timeout,4114.38,0,63,retry_later
1e3c5c79-84bb-4bdc-ad29-129387c79935,8ca0ac5b-4119-4d46-8b4e-3d05670ee873,1727.75,Debit Card,gateway_timeout,123.58,1,22,retry_later
6b3b3586-cfa3-48b2-a895-43b56c328d4a,ee4c0aa3-05c9-4dc2-b77c-52f62bc03763,555.84,Credit Card,risk_flag,454.06,1,56,give_up
0ff277a2-4ca8-4f22-8897-949cd7b6fbbd,bcb04605-897d-4a0f-aae0-8bfbf4d91407,3737.99,Debit Card,expired_card,1699.72,3,74,give_up
111239b1-a044-4990-a0a0-ece0554034c6,95e8296e-aaed-4781-959f-81d6120b7e74,1068.46,UPI,incorrect_pin,1413.41,2,0,retry_later
b7973b7b-e560-4a48-99c2-090d121ed8e4,17883f6d-1b55-4676-830c-bdbf60b6287f,368.08,UPI,risk_flag,482.23,3,2,give_up
d4d8e75e-f7fd-450d-b53a-49fceae297cd,cf66e75b-574c-41d9-b214-b85036a03833,566.45,UPI,risk_flag,714.66,1,258,give_up
a88ef9db-82b6-4f4b-9e21-cab8d413105a,71f1de13-f9b6-4a9c-9b2b-91052eab3b54,17227.37,Credit Card,risk_flag,555.78,3,36,give_up
4d18951d-846a-4f79-866c-6d03bc6b104b,7d9b7891-0a46-480a-b028-ff3d95dc1e31,2979.38,Debit Card,gateway_timeout,821.03,0,164,retry_later
c17b280a-531d-4c8f-989f-c433f05e203d,03390948-34ad-4b07-b492-67b2769b9343,2079.93,UPI,incorrect_pin,1223.32,0,78,switch_method
a19beeba-973a-4ed8-8cac-77b22d1a37ee,2c07be0f-c836-4546-afd1-fac57f210267,1306.54,Debit Card,gateway_timeout,967.34,2,28,retry_now
cfab1d8f-e457-494b-a0f0-5071dc686e47,0b393810-e0f2-4001-adf2-7282f3b3877c,2643.33,UPI,gateway_timeout,101.55,0,9,retry_later
fe0ee415-4a4a-4383-959c-c89b2dad9e0e,9c7c7cd8-e3ae-4a72-b47c-2f1d809bce14,2602.71,Debit Card,insufficient_funds,502.34,3,229,give_up
bb5a7209-9122-4442-8c70-8c00889ce0d2,a837b519-0401-42b0-a56a-23faf8b76d59,2643.4,UPI,incorrect_pin,481.54,0,52,retry_later
32801d07-2814-41a1-8586-3718c373669a,4f074df9-278a-4176-bd05-2b56fb22c064,2099.17,UPI,insufficient_funds,711.16,0,12,retry_later
47fd8f23-3f99-4db1-8743-2ec30bf1c3d1,7b9e3f80-021e-4b32-bd52-a8fd00f8a861,5593.93,UPI,incorrect_pin,656.77,0,68,switch_method
bcf8efc8-02b1-4aff-94e4-7ec7e5ca5bad,a460fdae-93a4-43d5-adce-8b553f8b0e92,1863.17,UPI,risk_flag,511.56,1,5,give_up
33788434-f9f3-4256-bfae-6c7842423fbf,21f25602-e583-4850-8f08-3edd308a2f57,507.09,UPI,gateway_timeout,1983.35,0,121,retry_later
ea90dd81-0dfe-4226-8328-a7995285e826,d94a1ecc-d633-4b5e-b563-a35aebbfc90b,815.54,UPI,incorrect_pin,315.55,0,5,switch_method
149df262-ea3d-4812-8946-e49b141d4b76,182312c4-4f4e-464b-ab90-b8ba7fe9f6bd,138.0,Debit Card,insufficient_funds,5128.63,3,16,give_up
bba5d887-f8ba-49f4-b45a-f06b6d6908d0,5a75e7a4-2643-4bdd-9b0b-ee662e6c3e8e,25206.63,Credit Card,risk_flag,1025.2,3,5,give_up
1ce322dc-2393-4ff4-8e09-9f9951995f57,d61b4c36-987a-4751-940f-9336c67bbf8b,5550.15,UPI,gateway_timeout,63.5,0,6,retry_later
66ccb868-b549-4013-82c6-024d85f01ac5,0ff16c94-6730-4413-bd33-7491efcbd8be,614.56,Credit Card,gateway_timeout,129.9,1,44,retry_now
fe09635f-3c69-4736-95b8-bd7dd3c75f9d,893d1987-6686-4637-88d4-cd135349c78b,1253.38,Credit Card,risk_flag,657.08,1,69,give_up
b7329988-985f-4a3b-b2e7-92e126ccdf8e,2f790743-a19d-4d65-8957-3290bea8570c,790.02,UPI,gateway_timeout,1121.61,0,93,retry_now
8e366d5e-1fc2-43c6-8239-a3e2e74db516,40791401-92bd-468d-b5ce-02ccac57cf0c,13430.87,UPI,gateway_timeout,422.81,1,71,retry_now
8f38beaa-600a-4520-a7ca-02d5d3df70ef,ee1c8422-fe2d-4570-89ca-01324244f6d5,285.48,UPI,incorrect_pin,501.72,1,27,switch_method
955ab4e2-1a88-494e-8c0d-225bc2fb365c,a36066fd-ae76-4b87-88c4-366bf0751cb5,2098.17,UPI,risk_flag,240.0,1,48,give_up
d6454473-7cad-459b-ac7d-1b400220544b,b1b3dae7-ff44-4c6f-9f15-e8c70407a2ed,1570.13,Credit Card,risk_flag,211.61,2,157,give_up
af54dea9-30ed-4d84-8ceb-a672cc81926d,6fd816ec-addb-43ec-b4d4-16b86d4cc9b7,5296.97,UPI,risk_flag,2436.74,1,29,give_up
2bf4e95a-73f5-47f2-8757-7fa5afa45ae0,c26e8ff5-bb90-4553-beb3-542e1bcd8e98,1579.38,Credit Card,expired_card,194.37,0,17,switch_method
9fa4400f-2cb3-44de-b3fd-0b05a70eafe4,88c92483-bc75-425f-9024-05472b5dad9f,183.89,Credit Card,gateway_timeout,492.61,1,43,retry_now
ab5ec0d1-64b6-4042-ad3d-4284a90fa51a,7e29b7fe-666c-4c09-aefa-bcc33e448c6d,1304.46,UPI,gateway_timeout,103.35,1,21,retry_later
1b28e7a7-df7a-4fc8-90b4-2d57cbdc83a1,95c35a40-b59b-4bf7-abcd-bc5adc982870,510.91,Credit Card,gateway_timeout,412.37,1,18,retry_now
64d477e5-43d7-4686-85c2-ef9865c2b488,22743dd9-695f-4cd3-bbfd-ea06673a9086,2005.11,UPI,expired_card,89.08,1,90,switch_method
c1d4236e-1fb7-4b3f-8ea5-52dabafdf741,23939508-11ab-4cc8-a8be-8424e1ac683c,11665.96,Debit Card,insufficient_funds,120.1,1,132,retry_later
7dfca3f9-2688-4220-868c-b5b707ff5128,d1aa8c1f-c154-4585-8b28-11ae8008d02f,188.43,UPI,incorrect_pin,57.2,0,41,retry_later
467bdc00-b3f2-4ecf-ab48-082b5c441fe4,5a0456c0-81a1-45b7-9f54-a10268a12fae,638.88,Debit Card,incorrect_pin,85.52,0,90,switch_method
b2d590df-1555-4e2b-bcf8-1128d59b86ab,12d7db87-3ad7-47ae-9423-ed2127d92086,881.39,Credit Card,insufficient_funds,251.09,1,12,retry_later
060e9e0d-a9cb-4217-8271-118953ac90cf,191d786f-dc5c-472d-aacc-9dfa97d539ee,1100.9,UPI,gateway_timeout,619.92,2,47,retry_now
650feef7-5586-4276-8377-d5f119a28953,1ff6e6b9-ac6b-4835-a8e5-706dfb27e743,4732.28,Credit Card,expired_card,289.52,0,60,switch_method
0d1ef329-24db-45fa-aa98-1529a92a0eb7,4ccd037b-ae55-4202-bc78-541b90937ac1,1442.87,Debit Card,insufficient_funds,282.38,0,40,give_up
b9b034ee-c677-421a-ba50-fb57399f0e75,2bc6b096-5b23-465d-84a4-f677ed66e25b,3104.3,Credit Card,expired_card,322.51,2,7,switch_method
552816ff-bac5-4bb6-99b1-c69eec1fc5c1,fb1d3d3b-8f10-46ee-84d3-f0640214bf3b,801.51,Debit Card,insufficient_funds,1343.47,0,79,retry_later
212b713a-9073-4ec9-8d0a-e2c81d8fd3fa,f65306dd-64dd-41a4-9c73-fda049a3674c,2437.92,Debit Card,incorrect_pin,3864.74,0,109,switch_method
27966deb-5848-4a1d-a7d5-8111c3fadc9b,f34d6a88-9799-4d7d-8ae3-79a8aa2772e9,4969.81,UPI,insufficient_funds,123.78,1,60,give_up
ea8b84d8-c5ec-4a51-8aa3-86fabb7966cb,6f23dc90-4e4e-4a4d-afae-84b00504a6fc,697.85,UPI,gateway_timeout,583.83,0,11,retry_now
a4792818-9a80-4ce1-aaab-6b9167d9d908,d8f945d0-fb7e-486e-96a0-1f52dcf0e4de,4992.87,Credit Card,incorrect_pin,882.94,0,4,retry_later
a7152e38-8b51-4419-b212-dbacd721ad84,755f1f45-4133-4d0f-8c7f-a55f65a67bba,1935.43,UPI,risk_flag,540.98,0,21,give_up
649255ec-d7da-41b6-b392-4502b89e72d5,243e52cf-b76c-4ab0-b6c9-92e2fc871224,7038.13,Debit Card,insufficient_funds,487.31,2,2,give_up
52c1af88-ad49-4c29-86ce-f175c111ad81,c6fdf057-d674-4f3e-97c0-3af4ef200a71,1391.52,Debit Card,insufficient_funds,2216.48,0,109,switch_method
879fae6b-e528-4ca5-9d15-d91bcb10ac0d,0849e022-b444-4576-92a9-8f92ecda5b1e,2967.92,UPI,incorrect_pin,911.6,1,72,switch_method
2a21ded3-a965-47da-b115-b95be90f3468,3af356c0-7054-4851-952a-1a1d0aef2281,1715.07,UPI,incorrect_pin,1929.15,1,49,retry_later
ff7755ba-03ef-4fe0-b3cf-b9782f7711b1,10a0c2ae-d3a8-417d-8d04-773667fc6977,1595.47,Debit Card,insufficient_funds,5243.06,1,132,switch_method
0061cad4-ae52-4613-a1bd-4b46fa76d401,91f7a078-5e29-4fa1-94cf-461589d8637c,2531.61,UPI,gateway_timeout,46.72,0,6,retry_now
a30f2f22-5628-4d37-a95e-bedebb622cbb,1de07737-cf51-4f30-a234-ec5b028197c7,3633.13,Debit Card,incorrect_pin,411.25,2,75,retry_later
c17bc2d5-04fb-4419-b76d-0d6136aa8b13,4fa3b29a-0af1-4ec0-8705-4ed41fe0bef2,356.23,UPI,incorrect_pin,1850.09,0,9,switch_method
74888f2b-1145-4a22-a463-454904d6a10f,364a3f2f-c1ca-49d1-9347-c868592051e1,11657.72,Credit Card,expired_card,132.74,0,3,give_up
a3b08cac-4151-4817-892e-ab1ae165940f,8c776719-98c1-4e8d-a5ba-f4e52efcd3f4,161.17,UPI,insufficient_funds,336.01,0,8,retry_later
b4bca153-fd13-4410-a829-7d414a928329,7ab07e4a-bda9-4a24-b52e-18b4a48f1234,742.29,Credit Card,incorrect_pin,102.16,0,180,retry_later
e2d051e7-9144-4226-925f-8ada2bac6389,438f8854-2ce0-4671-bb43-5216b8cef9ce,1599.51,UPI,gateway_timeout,201.2,2,34,retry_later
48520a4c-54ff-4611-a5b2-fc6bf71acc0c,876d3962-556c-4fd8-b1c7-4b7eb7782f73,3090.42,Credit Card,expired_card,699.16,1,3,switch_method
16bae3e3-1cec-4520-9a00-4233b21ca326,c7c57634-bc7f-45de-beb7-1d300b20c06e,14031.0,UPI,incorrect_pin,10129.65,0,52,retry_later
746ee9b0-87ab-4cd1-adbd-42e5c5d34912,336f5988-74f1-4515-a907-10ba1a0d1313,161.45,Credit Card,risk_flag,361.99,5,13,give_up
2488c4ab-5e89-46b5-a4dd-36a03ae47ba7,401a5b22-5a9b-42f8-91df-17d167f13f1e,934.49,Debit Card,insufficient_funds,1219.68,0,0,retry_later
6223b6fa-9904-4f56-968e-974001b94140,02ca8a3f-4f47-406a-899b-8cdbe68e1b37,113.88,UPI,insufficient_funds,2351.34,1,85,retry_later
dec5dbc7-cd22-449d-8238-97bfe73d8115,846ff076-89e7-4915-8887-5cffb7594ebd,1883.92,UPI,expired_card,455.08,2,10,give_up
9a0c17a8-8727-4a93-877c-0f817fe4f0a5,bac151fd-73fa-431a-a66b-d201a3320fe6,2573.93,UPI,gateway_timeout,876.9,2,171,retry_now
9a238d29-9164-48cb-adb8-6734e0ede04b,ea0d50e8-8609-4d44-9158-ce1c5b44bb72,14300.28,Credit Card,gateway_timeout,132.13,0,53,retry_now
9f2c332b-57e3-48c7-84d9-6d705fcc56f9,1f0b3504-01ec-42f4-8a21-a0c012743ea2,2115.03,Credit Card,incorrect_pin,335.21,1,5,retry_later
e1668afd-1dd7-4433-ab8d-20bf767967e9,cc486131-46a6-4b0d-aec5-6ded65263d0e,7025.02,Credit Card,insufficient_funds,1826.59,0,14,retry_later
59b8a9a7-b376-4c83-82ac-5d2dabf6db2f,8451ddaa-cb20-468f-9cbb-f3d609583598,3862.18,UPI,incorrect_pin,32.83,0,56,retry_later
c50ae7cd-e809-4e16-92e5-c85a8354f0e8,e17457b2-038f-4dcb-b04e-97953ecfa11f,1026.77,UPI,gateway_timeout,1602.17,1,24,retry_now
5ffe610b-c483-463b-bbbb-a0a1eb1bb5f7,d4339d0f-f656-4f14-ad74-05c9cf83277d,289.56,Credit Card,expired_card,1302.54,2,45,switch_method
5e997333-f399-493a-a451-f8d953fc7b8a,f8152723-b817-45d9-94a6-f01092cbbe8a,2585.06,UPI,gateway_timeout,992.75,0,96,retry_now
1087a303-48c8-4f90-9213-0d4baf9408b9,785020dc-e56e-4206-82a9-b922da789b12,259.89,Debit Card,gateway_timeout,2332.46,0,94,retry_later
63341d65-aae7-4978-a4db-52619e93d799,20f2d683-8db9-4233-ac92-1860ca03d712,9737.79,UPI,insufficient_funds,526.0,0,71,give_up
a7b5bd04-ea60-4d59-86a1-f31e4e31f84f,aa1eeec3-e680-47a7-8e71-dc5d527a9311,1464.57,Credit Card,risk_flag,207.68,0,130,give_up
35682913-c27e-4814-ba39-7bbb986da31e,abceb387-f6b4-4d3c-ad62-f098f7e3878c,8550.38,UPI,insufficient_funds,141.01,0,13,retry_later
cfcc9a36-291d-465a-a1bd-0a01e3fb0269,856d40bd-669c-441c-9af2-51edc77b1cbb,968.47,UPI,risk_flag,267.32,3,11,give_up
4dbc8243-ce58-47d9-8c8f-406183b8019b,67adb23a-c6c0-4f39-9609-a0a328d3e39d,2564.47,Credit Card,risk_flag,696.81,0,96,give_up
0875f08b-55e1-4fba-b7d6-2011c5053e55,ce421307-1031-4740-af0f-f0e5e06aa75a,2373.58,Credit Card,gateway_timeout,6781.25,0,23,retry_later
ddb1f442-c286-4612-aec5-e38d7b568918,1d1624d4-edca-43f7-9c1c-c8b8b5302c6b,1705.21,Debit Card,gateway_timeout,610.65,1,43,retry_now
d2c3f4df-8ca6-4e83-bb64-c1fb1964d4ab,76158ccf-2ffe-4e7b-8c96-3b87d90d0209,1030.24,UPI,gateway_timeout,159.12,2,81,retry_now
934004d2-ca08-4b7c-9a2f-100971396955,5c8a2d15-4abe-4a46-be8a-925c68212f9d,3011.5,UPI,expired_card,252.51,2,30,switch_method
02ad69c8-e928-4382-b984-c2307dc5295a,7474e865-0836-4576-bb39-8a1e396d4f3c,542.39,Credit Card,risk_flag,90.72,2,8,give_up
c2bfdd50-953d-43ad-aac9-144925cbdf1d,679e61ee-4a81-4a58-9f19-d02571563e5f,375.3,Credit Card,insufficient_funds,941.09,0,68,give_up
9a9ee4da-8c51-413a-9eb5-973774cda3d0,8b539933-9ff5-4008-89ce-c87f7b0d1bd4,9096.77,UPI,risk_flag,273.02,2,101,give_up
cf1cd986-5942-4194-8f86-fd27e8c4a6cf,dbca0da9-5d73-41aa-82a6-273b24b118ec,4653.24,UPI,gateway_timeout,457.18,1,0,retry_later
bf96c45b-d146-4f5f-876a-25a405d42e65,fd701193-64f9-459f-8e00-81cce3f48dd5,1969.74,UPI,gateway_timeout,243.06,1,49,retry_now
7e280c52-c53e-4ad6-9b46-9f9c12f416ed,739141dd-2881-4cef-9f9e-32ad37fc8d1c,15751.41,Debit Card,incorrect_pin,200.72,4,38,give_up
8c979d3b-8715-48a6-afa8-fe096a436e09,92ed9e16-56a5-4705-9026-3d39cc6cf93c,1276.54,UPI,incorrect_pin,8968.4,2,18,switch_method
b1358d4c-b48c-4336-bbf7-9aa9ee3f2696,eb4b561c-441d-41de-8b67-686963c9ba98,10092.16,UPI,risk_flag,81.78,2,10,give_up
33a37b2c-a5aa-4add-8d3b-0a44da0ae45e,0bd340ef-2c11-4ed4-a31a-c41cbc8149b4,2271.61,UPI,risk_flag,74.35,0,12,give_up
32c8c94a-64f6-45ca-bfa3-833d53b87c93,6e1cb8b6-9f2f-4d87-9e74-a0abe4150dc4,477.15,UPI,gateway_timeout,359.06,1,77,retry_later
a13f6103-8af4-4be6-924e-5cb091965357,6bcc2af6-cb57-4089-bcef-6726fbd88ed1,19979.3,UPI,incorrect_pin,3975.93,4,46,switch_method
a547d8c0-c02d-44fb-be33-07302c5809b0,6fab27c6-1107-457e-9ade-155a2c933653,6554.61,Credit Card,expired_card,22.79,1,238,switch_method
9fa196e6-5855-414a-9f83-0a059a36605f,883a8854-0bb8-4eb0-84dd-2d058f345749,1544.84,UPI,insufficient_funds,746.0,0,16,retry_later
05bf7621-0fc6-4aba-b52c-d258f137de06,d3c5dd8c-b30d-45cb-b967-17263103192c,4653.26,Debit Card,incorrect_pin,604.5,2,188,switch_method
29bc5407-a3e0-4918-b09e-7eccb57915b7,87c2b3d1-18d6-4f25-871d-dc2ecbd9ef35,1069.76,UPI,risk_flag,153.76,0,43,give_up
6e0ade73-0cd3-4e9a-af3e-c76e4f914d5e,13c26acf-54cd-4127-b432-8e8ff540085f,5312.9,Credit Card,insufficient_funds,466.35,2,9,give_up
8aa27d38-7514-4370-8a1f-7cd55c3fef4a,8964c181-054c-4ca7-84de-c78961397598,80.77,Debit Card,expired_card,711.04,3,9,give_up
21fdecae-7d5d-41e5-8021-f22649f8916d,7e2fb58c-e261-459a-aaa3-c883c3441e82,480.23,Credit Card,risk_flag,2973.72,0,56,give_up
da0195bc-dfa5-4f4a-a5ba-e45cc66b7c6a,1e8090b6-8e7c-416d-96f3-0ee577dd6e93,6457.76,Credit Card,expired_card,231.28,0,106,give_up
34f1bed2-416d-4517-bc5c-5da271ac9a59,ddf659d7-3ee9-4663-820f-78a8e40dc059,1306.95,UPI,risk_flag,727.45,0,82,give_up
d347f615-df2b-40e1-a1b0-81bd7928f992,d1d49223-b362-4b0e-b2c1-596812cb0bb3,2368.01,UPI,gateway_timeout,320.13,3,63,give_up
00bde165-96e0-4a3d-b70e-717c0f16b43d,ba7c44af-da05-4930-a5ed-b210299e71b8,313.93,Credit Card,expired_card,548.1,1,11,give_up
516b160d-c3f8-4b42-82ad-0f5d2cb4310a,b02059a3-559f-4fb3-9d6f-50193a6d0b11,19974.81,Debit Card,insufficient_funds,44.77,1,6,give_up
f5dc7477-5d7e-4f1a-acd1-34aae3207f83,c777dec3-516c-44d4-bfac-78dd85c24ade,8498.87,Credit Card,risk_flag,1511.33,1,0,give_up
c4044b80-5942-4ad3-83bc-3ef170bf58d8,e9a9b8ad-4de4-4b7a-9abd-0d11efa7f540,1392.85,Credit Card,gateway_timeout,401.33,0,6,retry_later
2857c3f1-96df-4c42-b95f-cfb4869f3fa5,cbd5bdaf-25be-40c4-b05b-930d4b0af095,1068.38,Credit Card,insufficient_funds,4166.71,0,87,switch_method
f0dfac2b-3f2b-4e78-95eb-a417f1468a4d,56950dcb-4676-4602-9596-8cc310726fca,6894.54,UPI,gateway_timeout,1530.77,2,135,retry_later
318b8e25-ec8a-41bc-8f12-e3b6e31e14b9,1c971d8f-3daa-4cbb-bc09-a670a366b15d,23794.54,UPI,insufficient_funds,187.43,5,16,give_up
392121b1-8838-4393-99c8-44075f3fd139,6763f2b3-8ae0-491e-a6c6-5679f1ade949,6247.2,Credit Card,risk_flag,1230.8,0,95,give_up
a9863890-8361-4896-99c5-11d9c0f9eb53,5841e262-396f-471e-ba46-1a9a220f585e,30434.85,Debit Card,insufficient_funds,280.55,0,13,give_up
72f35190-1c4f-417a-9dd0-1d720ccfabd2,7c6859e2-84d3-4b05-9af9-fac3afd090a8,545.09,UPI,gateway_timeout,188.46,0,17,retry_later
7e30a84d-d9af-41ad-b427-85520fee37e7,98d9c7fd-9707-42e5-a63d-30c5fd62f467,623.16,Credit Card,gateway_timeout,31.1,1,15,retry_later
137ceb50-d280-4b3a-ab36-9c59371c008b,ccd22741-6fc0-4159-a727-02048b1a6f16,385.44,UPI,expired_card,103.23,0,3,switch_method
cb6b8d7a-90e9-4c77-b47d-37cc4d0c3b18,8cc6638f-bdc2-4b64-8425-5820058eb2f0,3210.84,Credit Card,insufficient_funds,754.89,5,12,switch_method
60c3f35e-e571-4fcd-9064-a600f0a4fa4d,88d9c4cc-bbe4-4f46-a222-484735eba4ae,2271.7,UPI,gateway_timeout,1692.76,0,28,retry_later
d73328ed-43dc-49af-ad33-e18c24153695,b0051d45-76ba-4917-b643-4c2d9e41c2d8,1483.95,UPI,insufficient_funds,111.62,0,31,retry_later
c6cb3c96-6b53-4a6e-aeda-da566bcac4ca,4b56809f-7801-406c-ba50-8a239698bdb0,5177.29,Credit Card,incorrect_pin,2349.19,0,22,retry_later
81d94307-7229-4b4a-bbcb-6a0fda9a16b9,7f15e360-c6ba-47ce-b0f1-0b8fd9a348ba,8973.47,UPI,gateway_timeout,581.28,3,43,switch_method
3fb3ad08-a3d2-42c9-857d-1e42d7bd0a16,67e7be72-31d4-4444-8235-051d8cff903b,248.8,Credit Card,expired_card,100.02,0,28,switch_method
454ad4d8-d7ac-4f5f-920d-2c46121c8823,6aa71f56-bf44-4bb8-a5fc-51220c98eb49,832.09,Debit Card,insufficient_funds,306.75,1,211,switch_method
5e2c68e1-c79e-44fb-933a-fd1120c9cfc7,8646934a-0d30-456b-ab76-70291187b002,5251.07,Debit Card,insufficient_funds,378.43,0,98,give_up
01f12933-0783-4c80-8cd0-3519bf926e95,4fb5c573-349f-42e8-b111-63cad04dca1b,984.31,UPI,risk_flag,177.2,1,160,give_up
65085e49-2340-4374-8301-b17cac868fdc,b6c7e0cb-9499-4a37-892e-579748e97f02,640.55,UPI,incorrect_pin,64.42,0,48,retry_later
2ece8d5a-a109-4619-aa9c-c8c71030f9cd,8fb6afde-ba82-4bca-aafe-bec4dacba544,6796.06,UPI,gateway_timeout,3775.53,1,68,retry_later
4dd4f538-c5dc-4ac2-93d0-68e752a21298,8baaafcd-a426-44a0-93a5-785bb653a89b,338.2,Debit Card,insufficient_funds,1045.93,0,10,retry_later
cac9a890-03a9-4792-ba3e-bc1a82c1d985,eb886024-41f2-4b17-8de2-90224a520102,1221.64,Debit Card,insufficient_funds,187.12,3,83,give_up
5b08b41b-ee59-46e2-b88e-ee681b6f66c9,269cc854-c75a-4e86-b1b8-127ce924b3b2,2771.76,Credit Card,insufficient_funds,193.49,2,16,give_up
f661fc07-e8fa-47a7-8500-737a27e002ea,e7d4497a-4537-469e-89ea-c1384b331173,857.51,Debit Card,gateway_timeout,407.14,0,9,retry_now
421ef5d8-5079-49d2-9e3a-71a2a55890bd,e63304e7-8f24-4d8c-b1a3-1be672c35935,5004.55,Credit Card,gateway_timeout,312.25,5,2,give_up
acf0e25b-1ba8-4314-b67b-35296a145d35,8ac99138-bbed-4582-81b5-0d650002a21f,863.04,Credit Card,insufficient_funds,1534.93,0,38,retry_later
bd68942c-8cbf-40ec-b827-8ca4905446af,cf824681-a9e3-4602-aec7-549d96f5cfbb,11284.73,UPI,gateway_timeout,205.29,2,20,retry_later
4dfc2155-0389-477d-9d57-4c093c6a718e,67596e6f-6498-46ac-8112-5a19e4140bc9,1535.37,Credit Card,incorrect_pin,1860.52,0,259,switch_method
678c5688-d43c-482d-96ec-fc598dc8f205,96ec43ac-68b3-4cb4-9cb8-91addb030dd4,4327.09,UPI,risk_flag,381.16,0,17,give_up
45fce0e2-23f1-4f3d-8c7e-01035e782eeb,dfedc377-673d-4c96-a085-9e1383b6864b,4768.71,Debit Card,incorrect_pin,385.03,0,120,retry_later
785a8fd4-dc8d-4a34-b6a9-3568b2ab6ee8,89fc70bd-4be3-41e3-a5e0-7d271bfae70b,799.67,Debit Card,insufficient_funds,220.14,1,22,give_up
f8664034-8b43-4271-9464-e2b3535520c9,4d1e6bdc-a655-4fa8-a5de-2842c31ef89f,125.27,Credit Card,risk_flag,1523.91,0,82,give_up
a2277133-9d56-40f8-b46f-a0d4f0b1eb9a,d44fde9e-fbb5-4e38-b677-19fbb64aba85,2889.92,UPI,expired_card,357.42,1,64,switch_method
43a2e6c9-1b89-42a8-9bf3-66caf9c7fc10,79948299-24f6-4eb5-8653-67dd1c6d43da,1986.19,UPI,gateway_timeout,277.01,0,49,retry_now
7ee84dc8-36dd-4c25-8061-a5b558343419,e1417c35-838b-4dbf-a40d-af022beca630,3724.08,UPI,insufficient_funds,510.48,2,32,retry_later
89670dbf-7153-4319-9534-bd77209fd2fd,1736ba87-7819-4d15-bf0e-9167e3cdd481,1346.84,UPI,insufficient_funds,616.47,1,66,give_up
09764c30-5bf7-4b5f-9c71-384c62ba05a9,880ded31-5165-48dd-9a98-8056097e09e4,1033.23,UPI,insufficient_funds,547.76,2,31,retry_later
97ff4957-a6c5-4d66-8f6e-5fc922803ad9,68645397-94e0-4639-983a-ad3162eaba12,24612.63,Debit Card,incorrect_pin,71.13,2,47,switch_method
47d0003d-bfb3-4b70-a97e-61b9fda4cd05,e491685b-63c3-4804-b3d2-b33d262c7896,266.65,Credit Card,risk_flag,285.67,0,53,give_up
ab0aa2ea-d225-43cc-acfc-3d19e9892a85,6c41f39e-1f97-4c9e-9f99-2d2dd2be13ad,4694.45,UPI,gateway_timeout,16.62,0,18,retry_later
753ca517-2185-4402-915b-11bd26ef7653,a010d340-e033-43f4-bec8-296681437063,856.64,UPI,risk_flag,1528.09,0,24,give_up
309a1efd-73c8-4b4b-ad7d-ccdd384d3950,cb5e5370-357a-46f5-b79f-9b61e4e38698,1168.51,UPI,gateway_timeout,220.6,3,1,switch_method
8e0495d5-f42a-4503-b116-901d0070d150,20ffe1c0-1cab-4a4d-b3db-08a87f17f0e9,1197.23,Credit Card,expired_card,2041.73,1,114,switch_method
6f519a24-fa42-434c-a265-4029f26ae7fb,3e8cc0e5-4183-4b1f-a90c-4f293de2cdec,636.21,Credit Card,gateway_timeout,154.61,2,84,retry_later
e7218022-3bc7-4b14-95cc-485fef030581,96b55952-ba28-498c-bf9e-0d460051f7ee,3799.37,Debit Card,insufficient_funds,983.97,3,12,give_up
6b91903c-d0ec-4b00-99c0-b2a7e83920c8,c94e22d7-0df0-4c44-93c3-b8d1dacbd5af,11024.07,UPI,expired_card,244.35,3,26,give_up
cb316f7e-4a42-4319-8b48-805c586c3d09,195837fa-988a-4a83-9661-b550d09aad42,3330.97,Debit Card,insufficient_funds,59.65,1,32,retry_later
8fc6882d-eeec-4316-943c-3bde7f44fea0,e4a305d5-2a8c-4c89-b92a-7ba1cdc91cf9,2068.12,Debit Card,gateway_timeout,149.89,1,24,retry_now
edae6cb3-53c0-4979-ad1f-a9b46b48ac10,6757ed24-451d-433e-8dbd-132854f2cbf9,501.51,UPI,gateway_timeout,4720.89,3,96,give_up
b87a9c67-b10c-49ca-b2e0-afb031c5db2b,8a65f95f-9c81-42f5-aca0-13c9e4beb0cb,3539.97,Debit Card,insufficient_funds,168.17,2,77,give_up
0300b5bc-d4b3-4447-a375-558da769f7c7,2caf424b-64a6-4f8d-b909-37696c6c3d83,29829.54,UPI,incorrect_pin,674.31,1,87,retry_later
3328a83d-5058-4461-97b8-1ab721bd201c,cb38776d-7e3b-48be-834f-5cb7539313b0,1102.24,Debit Card,insufficient_funds,6594.05,1,140,give_up
2cf70649-25af-4e47-8788-f4965788e00a,d01ee7c7-d1e6-46f9-880f-31d80760bece,1109.01,UPI,incorrect_pin,481.18,1,54,retry_later
e183c062-bc4e-4763-94e9-ab88222b7129,8a426275-60bc-423d-9835-dae44c7b445d,871.82,Debit Card,gateway_timeout,1320.44,0,57,retry_later
d11bd6f8-8aff-4619-a752-7883219f5540,4f941568-5a61-496d-8c3e-170d929c5a5f,956.96,Debit Card,risk_flag,457.25,2,76,give_up
5e6ac4ff-9ee9-451f-9473-e0088d2dafa9,4824ba89-30d1-4933-9f6d-97ca224e3276,50.96,Debit Card,incorrect_pin,605.22,1,68,retry_later
b95a3c2a-9d5c-4cc9-b816-f5f891d60da6,20f4071c-3ce7-414d-84c6-a18a085c1e1d,3061.15,Debit Card,insufficient_funds,196.51,0,122,give_up
20b718a8-2fc3-4c76-9015-c91c7b653c2a,05c154fe-c760-4385-bde3-53c757d9e270,602.32,UPI,gateway_timeout,23.27,0,88,retry_now
063893c4-c400-4341-b3ee-0d6b903dbe33,d0a19f04-5d4b-45c1-960f-a53659ec39f7,222.89,UPI,gateway_timeout,974.92,3,7,switch_method
fe47c935-baba-4f48-b87e-449ea7d9b8c3,03c895d5-abbf-4e9c-98d9-3df0b28cfa52,4813.34,UPI,incorrect_pin,91.59,1,158,retry_later
2b25d989-729c-4222-84bf-f153135bd40a,8564a7c9-a43d-45a5-a000-580bd7f64296,442.91,UPI,insufficient_funds,421.33,0,68,switch_method
ee431896-41dc-4356-a0e8-4eee86e971a2,0a798d52-f5c6-42af-a7d2-6791a47bc6ae,1164.13,Credit Card,risk_flag,1391.01,0,8,give_up
07615223-70c4-4c71-b72d-fbaae23693af,18da437a-4b4d-4cca-a99c-6c6717ce66cf,12165.69,UPI,gateway_timeout,34.86,1,88,retry_later
56b45611-fead-4f39-a89f-ca03bd395900,75308208-f495-4aad-8904-d1f4af831f51,289.46,Debit Card,expired_card,367.72,0,26,give_up
f3f6ffb3-6200-408e-a316-1f644177305a,c1372f50-e2f4-476b-9920-3bf88c581efe,246.56,Credit Card,expired_card,1478.64,1,98,switch_method
620b4556-0657-41a8-ada8-0fd5e7d36199,8d24a308-1d5b-4a2a-90d1-6c0fefbfafc3,2565.99,Debit Card,incorrect_pin,4082.05,1,186,switch_method
d3ed4fec-c513-49bb-8110-216480aa4b43,ec9b9ddd-baeb-4b2c-97a8-267c0c92806b,8057.3,UPI,gateway_timeout,841.37,1,17,retry_later
b3495f98-8505-4adc-9f1b-f5912e725483,dbd122b8-cf17-4d93-804a-85919136b939,233.54,Debit Card,gateway_timeout,494.33,3,116,switch_method
f346b37b-cc3e-4025-9587-e4a51d21d369,09f0cdb9-af89-448d-b69c-7e01250b2356,3071.73,Debit Card,expired_card,234.84,0,89,switch_method
22188289-7fef-4253-91bb-5d3a56000f88,7f75a32b-b3ab-4efb-a784-bfbd0b690682,3847.96,UPI,risk_flag,288.99,0,66,give_up
4756e68b-38a7-4f67-a9df-ca7f577184d3,8cf085fb-73ea-4302-aa1a-0c433790d3bb,124.35,Credit Card,gateway_timeout,331.77,0,29,retry_later
5db9b72b-0c68-4080-8c49-506461df2e0c,87088668-772d-4668-acb3-01a5c6066080,5105.39,Credit Card,risk_flag,17.78,0,6,give_up
467c5b4d-d1cd-43e0-8def-d1f63b2d5162,6be07180-06b0-40e0-a338-b374699742d4,5651.0,UPI,gateway_timeout,4881.2,0,39,retry_later
af692752-d1b1-44bd-9921-854bf0a77378,1a290023-a524-4c9e-91d7-d6919a4d4c6d,1205.54,Credit Card,risk_flag,1890.95,2,6,give_up
3531c3ed-cc03-499a-91e8-e0a23ac580f6,be2157e3-d9e2-436f-ad98-834fba9c6266,9210.05,UPI,expired_card,146.11,0,41,switch_method
30d8ef13-e8fc-45a6-bfaf-73529b761753,d56e7546-6592-4626-b5d5-a7fa948bfac3,7921.95,UPI,gateway_timeout,167.75,3,102,give_up
b613cb7d-6f2c-4f19-8a15-cf0e0d2c52f1,204a1646-0d2a-44e0-a80e-3b6b200aba91,2067.41,UPI,incorrect_pin,415.04,0,362,switch_method
13c1d3ce-a18a-4fd6-8575-52c1939421e3,d822385b-efdb-46dc-a968-1cbab4653caa,1005.38,UPI,gateway_timeout,502.43,1,13,retry_now
064edb41-08d8-4d80-9ff5-5815495c795c,65affa8c-5182-42fe-b284-c5d4b3fceeb5,510.47,UPI,risk_flag,934.06,5,13,give_up
ea5cedf6-e9d0-48d7-9672-0e28e1fde9ec,61655de5-3fc2-4e95-8d43-ff217f7854e6,1721.87,UPI,gateway_timeout,10.0,0,99,retry_later
4d618e41-d892-4d67-b20d-14df4070331b,a0372d64-7bb9-48bb-8cb2-ae2e9bf9edfa,3792.14,Debit Card,gateway_timeout,10.34,0,37,retry_later
d66a3ef3-0e45-4b1a-8771-b19f0562cbaa,46696dbd-9890-4c1c-bd00-dac228c9845c,1186.27,Credit Card,risk_flag,241.58,2,148,give_up
07edb9fe-c179-4e60-9758-0988f0c06fd9,610b03cc-16a1-49f3-8369-a7a250297dcd,103.88,Debit Card,insufficient_funds,104.24,1,87,give_up
6ed75be5-0d54-4909-ab9f-06003aa65d1d,24012786-b08d-4ef8-a8ca-e19a72f325b1,9408.12,UPI,incorrect_pin,529.71,1,80,switch_method
75d1e26c-f597-47c3-a0ab-ea4ea78e78b9,9668cb6c-9633-4f02-9305-6a5da62299fa,2315.29,UPI,incorrect_pin,7847.59,0,6,retry_later
5e6c04e7-6959-423d-8e96-f11a11d2ba1b,1940981c-8380-48ca-b12d-b7f895a53ee9,1103.77,Credit Card,expired_card,659.09,2,2,switch_method
4c9457fa-0d82-46d7-832e-6fdbe0e786c7,a0cfeded-0113-4f6f-85e7-41679c4c34b4,5509.92,UPI,gateway_timeout,5613.0,1,22,retry_now
cd0068ba-4325-4aa8-b893-8fb8f01796ce,8d7a346b-c80c-4e44-99c3-45301364085c,13121.8,UPI,insufficient_funds,397.22,0,14,switch_method
3e07377e-5ff9-46f7-98c8-d03e814a3a3b,8ae4c606-d53a-4f7d-bbc2-40682b3dd29d,50.0,Credit Card,gateway_timeout,248.13,4,74,switch_method
68d16c3b-0854-4c59-93dd-135e7acb0f83,3d23398a-ca32-4fe5-ba52-944e07bc6228,3179.7,UPI,insufficient_funds,295.08,1,35,give_up
d861d0b0-69f3-43bf-8a13-07746f570c53,52de286a-e8e2-49d9-ac78-0e4e86f460a3,282.97,Credit Card,gateway_timeout,220.82,1,44,retry_later
63bb917d-893a-4266-80c6-8a8eede5bce1,e8b7c531-0783-41aa-8fa6-dc6abb49c868,3459.38,Credit Card,expired_card,141.34,2,100,give_up
f76d9e0a-b5c9-4b6c-b2da-5f6ed1c8cb73,d72d7dc5-8921-4165-9c8d-efa581c2b8af,2135.18,UPI,insufficient_funds,4107.95,1,39,switch_method
060f0dea-601a-4d65-ae15-812a081583a0,ca057160-a317-4348-9ef7-bfb54418463a,4131.7,UPI,expired_card,714.93,0,47,switch_method
d01fa87c-cd79-4187-9995-4bbf7a0a5e27,1d4bf4ca-d166-43e3-b6e0-92ad1bdfa840,944.8,Debit Card,gateway_timeout,1142.93,1,110,retry_now
bf4762c7-649a-46f1-8cd8-a3651804258e,f81545e8-33e0-410f-9331-588b5bcd5b35,158.35,UPI,gateway_timeout,345.59,2,33,retry_later
38c328af-de8c-4b9d-8156-c151ffd4f1e2,c84e7ccc-7d0a-4ce7-8d64-957f15a57f00,1006.79,UPI,gateway_timeout,330.04,1,5,retry_later
241ca664-be9a-4244-b7b5-1b41c1618b14,e8862d1d-2b51-4572-ae39-4a0da5a6d69d,3068.37,Debit Card,gateway_timeout,45.78,5,44,give_up
8f32c520-bd56-4e44-8f94-3cc89d20c50c,0f4043e7-28f7-4f20-8351-22a6caffedfe,6768.33,UPI,incorrect_pin,779.38,0,51,switch_method
dae0903f-c222-4853-9ed7-06608b6e374b,b6fbf977-5147-419e-9810-7e0dd4d9cfa4,394.11,Credit Card,gateway_timeout,186.68,0,43,retry_later
ac4b695b-779e-457c-a38a-133aec96d7ff,1c78bb89-cd4a-41cc-b376-af7482125a55,6871.78,Debit Card,gateway_timeout,410.01,1,17,retry_later
eb6bfdf4-7e5c-4f04-927c-58b9b68a42c7,19a49d6b-3cb6-45da-8605-976481d84942,778.81,UPI,gateway_timeout,1272.16,1,15,retry_later
acc456f0-16a4-4280-b1bf-92228d886fd2,c7d13153-6b9e-4c4a-ab08-ac75dd91590e,2896.29,UPI,gateway_timeout,492.67,0,27,retry_later
de58ed83-f07a-46e1-9d87-7df61b51a510,f1ddec66-601f-46b3-8af4-6c45243e8be9,931.82,UPI,gateway_timeout,361.11,2,10,retry_now
440ea696-9cdb-4e1f-b546-bde5a753513a,946a6e8c-2ebf-4a55-b0ec-e8729b6c4af6,2291.18,UPI,risk_flag,2476.4,0,65,give_up
f34dad73-7d25-42cd-9baf-ebc583fbe4fc,cf5ec3e8-6dd1-467d-b971-b9e7cba5d394,5764.31,UPI,expired_card,465.32,0,57,switch_method
1603b559-d541-4ec7-9516-5c10a6374280,f1935991-2ebb-49b1-bec2-48f718562fb4,366.82,Credit Card,incorrect_pin,88.06,4,60,switch_method
a5978b79-d98f-4f79-ba84-0fac7136ce32,6f461716-42af-4857-a002-b67f296aaaf5,747.04,UPI,expired_card,158.87,0,15,switch_method
551cb6fb-ddcb-4664-b76a-eaabaf5c689e,bce7ab5e-00b1-4e5d-b6a2-cc65438262bf,2299.51,Credit Card,risk_flag,549.51,4,16,give_up
2873f2e5-99c0-4181-9442-b73523788ef3,f4b36d09-aefb-4d0d-a661-4cf5df5d3382,41030.0,Debit Card,gateway_timeout,834.9,0,92,retry_now
736cf12b-481f-4723-91b4-140f4d0a387d,0f349675-746d-4f2e-b3c4-b1d771d1974b,588.66,Debit Card,risk_flag,802.11,0,70,give_up
b14c63de-88fd-433f-9f2b-397a1d10bcd1,40545148-e6ea-4b0b-935a-9ab136146860,25646.8,Credit Card,risk_flag,72.45,2,124,give_up
69e232d9-788e-4863-ac9a-f802f4f03900,bab7ae0c-71b4-44e6-8a6b-b8f383377ccb,24483.39,UPI,gateway_timeout,196.96,2,31,retry_now
90eba186-b60a-42c9-9925-6bd6e4914639,b9bb0592-85d1-4bc8-9511-dac6d10fd6b2,1593.19,Credit Card,incorrect_pin,171.42,1,47,switch_method
6d9576f2-f0e3-4172-a0ee-723c2ef3948b,60ead33d-799e-4a49-960a-e4d770f77673,1227.09,Credit Card,risk_flag,336.06,0,80,give_up
183c184d-a6c9-4344-9c79-705cd2335c67,deeafc7a-f152-41c3-9108-61d5019d1aed,735.33,UPI,incorrect_pin,317.82,1,219,switch_method
b5888478-c69f-4b91-8a97-c715bf2d3fd8,461735f0-ae9f-4e30-9ebf-0f8b7829615b,1654.64,UPI,insufficient_funds,143.59,0,274,switch_method
46638c56-4e0a-4971-add6-af007bc2e0dc,37473b5d-4dd0-4f89-87c8-e30f1bd9d291,290.4,Debit Card,expired_card,710.58,2,426,switch_method
71ac198d-00f8-4c42-bd84-f5d2ea293f20,4adcc963-30da-4f86-958c-7a96bd878ca0,1637.44,UPI,insufficient_funds,373.64,0,132,give_up
5e83044d-1b5e-471f-b8ad-856e9eb7f4b1,c1e1663b-9613-4b2d-89ab-a0516a02bdef,12656.73,UPI,insufficient_funds,813.17,2,61,retry_later
93007283-937d-4142-9c88-2843b3a83c86,9c9aa3b7-d11e-416c-a1cd-04cde76a79ec,816.96,UPI,gateway_timeout,699.75,0,0,retry_now
fe0286d3-013a-45a0-9ee8-6de18135fe40,6218a000-cf88-4f9e-93f6-9070e4dd1dfa,1322.21,UPI,gateway_timeout,3024.77,1,72,retry_now
945e94b5-c031-4732-a487-fc92c9d2b77c,4b4547c3-008e-42e9-a363-f5ef5992f873,198.05,Debit Card,expired_card,554.77,2,16,switch_method
bda3c1b8-b200-4d3a-9eb7-56eea5a4c7ce,9e137d50-57f7-45d0-9b4f-f02077637598,2940.34,Credit Card,risk_flag,562.79,0,3,give_up
1b584ea0-9bf2-45e7-9ec9-463fffff40a2,96cdb4d4-1321-40dd-bf8b-9049fd1b028a,2549.94,Credit Card,expired_card,948.03,2,71,switch_method
30a95498-65e7-4b8e-a5bc-22a1b8ca06a5,022d6feb-cf53-4311-9d63-4e82d75de060,1964.15,UPI,gateway_timeout,1630.14,0,84,retry_now
c75543ef-da63-4421-8965-fa2b9b177fee,3306d8e7-c600-4e98-b66a-bab84e43fd6a,1363.93,UPI,insufficient_funds,791.94,0,64,give_up
8c31394e-c7b3-4f46-84e0-3a7b1c4c6498,34297c22-1f3d-47b0-bf0e-4493805b3b70,1235.73,UPI,gateway_timeout,1304.55,1,27,retry_later
57b518cb-362b-43bd-b007-9eff8efbd97d,5e629bf6-5eb4-4bc8-8985-e64c4419ac80,3471.95,UPI,incorrect_pin,340.74,3,42,give_up
6077525c-626f-423c-9de4-4571315b66cd,d78525d2-a1cf-41fb-8588-1c88a5e94455,1741.56,UPI,gateway_timeout,477.23,0,163,retry_later
a20831ab-be61-409f-acf4-3998e98257ca,555ca393-f2f6-4616-9c87-6127f42909d0,2722.93,Credit Card,gateway_timeout,1663.74,1,78,retry_later
7f1ba150-5b0a-48ec-a738-a4194f2d6b6e,75eb429a-92b0-444a-b2cc-06a00e1aa1cd,2391.03,UPI,incorrect_pin,64.56,1,42,retry_later
4d989f66-2dea-4184-b491-6f77695639a1,1eee0378-6e51-453e-88ee-4894dd1484a2,7788.9,Credit Card,gateway_timeout,637.81,0,54,retry_later
7b84ad4a-6900-4481-862b-f25d59695e4f,bd5c8728-4e2b-4837-8530-8c74172597dd,4359.41,UPI,gateway_timeout,186.36,0,157,retry_later
bbf541cc-a372-4669-94a0-85c3d7d7d04a,9aff37e4-2a9e-43e2-b302-ffb60af4a332,2323.25,UPI,expired_card,2539.4,1,30,switch_method
6750fd26-4db2-43fd-b5bf-610bab0baac2,06413da8-66db-41e4-a8c5-2fb819aa0748,13016.18,UPI,gateway_timeout,223.62,0,6,retry_later
0d54efdc-a593-44a9-a2aa-6e4296a58f52,3730d132-f81b-4e4f-a613-7a07e5419478,3122.37,Debit Card,expired_card,163.88,1,23,switch_method
4425dc7c-566d-4e92-9c28-f96009966b04,f008372e-6252-4500-ada1-8b40aa755406,9862.07,Debit Card,risk_flag,278.0,2,32,give_up
1f613492-31fb-4af8-97a0-93929ffd7790,1cc52477-a8d7-45e9-8b30-48bac9b694d4,3979.95,Debit Card,insufficient_funds,397.5,2,19,give_up
ae070e6a-dde5-4014-b2ef-51bca4775835,15e7a549-e1c9-47c9-9e11-98de4837096d,164.93,UPI,gateway_timeout,522.63,0,45,retry_later
34fe9ac6-0832-4cdb-a6f0-7abf5e013c2e,c9b64ce8-4834-43cc-9ed4-ab154cfbcda0,9860.43,UPI,gateway_timeout,518.21,1,21,retry_later
fd428307-e996-4176-a56a-d7b5b9cf3d30,9a864ccb-033f-492b-ad44-25d67a3fb4cc,2155.39,Credit Card,gateway_timeout,143.96,0,6,retry_later
a370748d-066e-4274-b000-e872dc923cbd,ef85607a-0b5e-4828-86e9-a7a12c0ff64c,1689.96,UPI,incorrect_pin,899.49,1,12,switch_method
713e7e99-c592-4382-866e-b3557bdc6edf,d85b01ab-29fe-4317-aa7a-24221eb171b0,2606.47,Debit Card,insufficient_funds,167.97,5,150,give_up
78282064-6424-4784-b111-6d0f9231e0f3,caadb71e-5b49-40d6-ad6a-487bfcf0311a,1154.61,UPI,expired_card,69.91,0,59,switch_method
17440c93-20f3-4179-90a1-951a766d1855,27999f2c-481c-4f7c-ae02-87202bc9d601,2428.76,UPI,gateway_timeout,260.37,1,22,retry_now
312bc274-db38-48b0-b6f5-a315f933fe79,292033b6-70bf-46a0-9cc2-e3f03a0cbc46,837.62,UPI,gateway_timeout,225.53,2,27,retry_later
1666ea9b-1edd-4908-8ca1-5d96c00b78a0,6d9dc9e6-b043-4aaa-b31b-080704f027a8,9476.34,UPI,expired_card,523.0,1,40,switch_method
9eaa97ee-83a6-46f6-a635-f0bff75b2dd7,900e2acf-a601-46e1-b52c-0267571d8946,1559.84,Credit Card,insufficient_funds,357.8,0,67,give_up
ed9cd421-98db-4dca-9ab4-46e51466b525,4b083771-4608-48c9-bf40-24f103145b86,1099.53,UPI,incorrect_pin,18.63,0,52,retry_later
e0408a05-0759-4a5b-b077-e96b5cb6d25a,d2d44db1-290d-4f0a-ab8c-cb036e2ad5f1,543.26,UPI,gateway_timeout,1005.28,1,161,retry_later
4d06eac3-fda5-489d-a14a-761330fa5e65,b1d7f629-dc4a-4d19-9df7-45ab860c268d,2564.22,UPI,gateway_timeout,5643.11,0,58,retry_later
3091c661-076e-45ec-b9e4-1dec00cd3a08,565a8679-951f-464d-9351-a9f5f2b419f9,2305.93,UPI,gateway_timeout,248.89,1,145,retry_later
f0bb6767-9074-4e71-9558-f51342466aaa,84f78be5-56e2-40dc-b5ec-c6b93f764192,2995.76,Debit Card,gateway_timeout,294.42,0,0,retry_later
4abf7cb2-5c8a-41cd-b021-b7fb66b2fe5a,81aab626-c92c-4394-b64a-aba27f450434,475.6,Debit Card,expired_card,1422.9,2,132,switch_method
744b1b38-c496-4a2b-975e-8d13b3ec95b0,638217e9-1ce9-4f65-8162-868a3e8d6dc7,225.53,Debit Card,gateway_timeout,41.64,0,76,retry_now
65705a9f-b3aa-451e-ad30-c47d456744a9,1599e64b-00a6-4eb0-b60b-0a55dcf0ea2e,4077.62,Debit Card,incorrect_pin,474.45,0,11,switch_method
88efdda4-6e6f-48e3-975e-2f5776f8c093,05a2fb67-1151-4376-9dab-ae667e40da76,12456.96,UPI,incorrect_pin,67.62,1,18,switch_method
0f57952e-9f59-4064-84fc-d431ee6fae97,a97bac8e-3c18-4986-86a8-a23ff6ef926d,476.15,Credit Card,gateway_timeout,184.66,0,46,retry_now
0039b3d4-c189-474b-ab99-3d0fc2eba44c,ebbcdbe1-41e3-4e45-b235-264e4786b5ef,14275.12,UPI,gateway_timeout,210.11,1,8,retry_later
4ddc2ce5-e6ba-482b-8558-71cf9bac58b2,d2bfde31-d0f0-4785-9990-43d3c5f7c48a,2615.17,UPI,risk_flag,63.74,0,92,give_up
27976004-7de4-40bb-85c8-2f1db11b2433,271b7a38-b743-44c5-b039-1984c332831a,1791.52,Debit Card,insufficient_funds,2775.55,0,93,retry_later
62ef871b-c871-461a-adfc-089e0dfb3ed6,ae820dc4-4414-46e2-a1e1-936819cdfd62,1078.35,UPI,gateway_timeout,5746.11,0,21,retry_later
56f29be0-5ce8-4a46-914b-b55cd54e6475,004b4a81-2021-4d49-b228-f2753663b995,298.91,Debit Card,insufficient_funds,6375.3,0,4,switch_method
99236576-ce23-4871-8a4e-e07025594857,cc8ed6e5-9d35-49f3-91ec-f4f33c0b7ed0,6529.25,UPI,gateway_timeout,559.68,3,269,switch_method
f76168da-f204-4757-873d-156d9c275723,91c88941-b973-440d-97d0-d2f6c6da830c,659.65,Credit Card,gateway_timeout,959.08,0,17,retry_later
47fe974f-a072-41cf-bf42-da927a09a5cb,2b63808a-a174-40c7-a33c-48325bb2a92e,656.06,Credit Card,incorrect_pin,4214.47,3,4,switch_method
1282177c-57f7-4d5a-b307-7855527c95e3,bdf9ef82-b03f-4f8d-b529-740e10cd2cc3,6564.98,Debit Card,incorrect_pin,245.83,0,24,retry_later
f8db76bc-f960-4fd4-9c49-59af5ae11ace,3e018136-a9ec-4ead-a892-ec4040d16561,156.35,Credit Card,risk_flag,857.84,1,208,give_up
575feef8-806c-4dd6-be8f-2b25c5147b14,7bc45c53-b169-40ff-abc0-8b3951ac301f,249.47,Credit Card,insufficient_funds,247.61,1,94,switch_method
6792a06f-9ee6-4b4c-ae75-678ed5b0ba72,6d289357-4990-4ef5-93b9-ac90eb322a9f,1765.92,UPI,gateway_timeout,2002.75,3,39,give_up
f360033c-785a-4585-9774-feadd604da67,e830ea25-9378-4b86-a138-ea94309300db,2647.23,Credit Card,risk_flag,451.52,2,21,give_up
25b16175-c182-44eb-8e61-b4fbe31b5c7c,95678507-4624-45dc-8366-aa0c5d1e0888,3395.33,UPI,risk_flag,25.71,5,33,give_up
3518e1b1-a6ad-4b2f-a688-70a5dccbf83d,8782fdeb-cc69-43a5-9763-2e686e850188,1221.29,Credit Card,expired_card,412.96,2,1,switch_method
5d7b3e79-3c4b-4a19-93e7-e337f01411a8,8bfb2cce-1b36-4c97-a761-885c390b5dcb,48507.83,Credit Card,insufficient_funds,9738.91,0,76,retry_later
d56aa876-46c9-4f1f-8af6-da7d2e77603d,178fb51c-cd54-406a-a08e-b3736ceb57a9,1344.45,Credit Card,risk_flag,256.49,4,6,give_up
ce31e23e-34bd-4c63-852d-68f81c99eda4,873efc2c-a222-47cb-8cd8-f1554bcf4261,1339.4,UPI,expired_card,226.21,5,43,give_up
e4c92240-00ed-4364-ad47-c14cb4b1f1c2,573769a6-f34d-4c8a-88c9-f838f8e67a39,641.57,UPI,gateway_timeout,462.59,0,50,retry_later
a6d8cbab-4b55-42d5-98e6-f011d6601676,ee4b17f9-29a9-4328-ad47-dfde80f49003,2124.05,Credit Card,expired_card,126.55,3,0,give_up
d9fdf310-6b0b-402a-94df-11c024bc5569,2110a19f-058a-45bb-8182-26a2ad172eeb,4021.66,UPI,incorrect_pin,356.85,1,234,switch_method
a3a41907-b187-4bea-a5f0-9c9912984828,0f9f7ecf-21f1-4b5d-9fc9-31700da2bac7,8644.27,UPI,gateway_timeout,948.05,3,21,give_up
9e1ed87b-3790-4e41-8183-8a7a9a2c5fb8,91d9eda6-8e5a-47b3-abfa-4ce28c7e1f40,260.85,UPI,gateway_timeout,277.25,3,4,give_up
46797f44-09d7-4318-a0ba-15206da37337,e4ed8fca-d861-449b-badc-23a2b13791e0,1313.18,Debit Card,insufficient_funds,281.98,3,115,switch_method
37ae2cd7-2f5a-425e-a971-2dded8477ff7,6b656000-9e54-4324-b4a0-a36b7721c800,3231.54,Credit Card,incorrect_pin,1930.01,3,9,switch_method
c9add170-b812-46b3-81d4-ce898240dc1e,ab7c43c5-0e29-468b-96c4-436c0adcf31a,3878.39,UPI,gateway_timeout,397.8,0,1,retry_later
b4ddfb21-cffe-4246-ab1f-04b2daaa7c55,c906bb92-19fc-4145-8f77-2d028c57f447,1823.5,UPI,gateway_timeout,72.88,0,40,retry_later
93ba4c1f-d9b1-4e60-881d-aa5a2589b967,cb6ca939-a4a1-4cfa-9346-e918ebfa6b26,3659.75,UPI,gateway_timeout,378.75,0,8,retry_later
95bd2d1d-a34b-4bb6-bb21-9dc71080e561,943094eb-52da-439a-8fb4-8d0c63da262c,631.66,Credit Card,risk_flag,29.41,0,242,give_up
49bf3d30-15c3-412b-8ab7-d54c67535309,9d527d48-2870-4ba9-80ff-e316b995f563,13701.73,Credit Card,gateway_timeout,44.88,0,0,retry_later
d0048fca-c878-4192-bf72-12cb31d2c602,f6000827-30b3-4915-8fe9-23ac4874acd9,6570.97,UPI,risk_flag,3712.72,1,3,give_up
03eb300d-2fbe-4c5d-9dc4-cb1c4220c473,bb8ac67c-4d72-4ed3-bb66-705b316b3b68,314.69,UPI,gateway_timeout,132.88,0,107,retry_later
dffb945e-0c3f-4adb-bd7e-78e1ff80b7bb,ad7102e4-2409-4a24-ab90-bb99a3f44ba5,446.91,UPI,risk_flag,255.11,2,16,give_up
160918fb-4e18-4327-92cb-cdd7cbdd03f9,f25ee779-8c3f-4809-bb7a-b9685e9fa4d2,463.59,Credit Card,expired_card,356.4,2,145,switch_method
f6b8a2d8-25e7-404f-bc02-5e96e7f91a36,3cde48d6-2874-4d76-8bc0-397d7ec414f8,4364.95,Credit Card,insufficient_funds,12.49,1,22,retry_later
b6a549a5-a17c-46a0-a870-cf91cbf0b470,fab55998-2fdb-4836-86b7-856ff5a3e5a6,340.31,UPI,gateway_timeout,35.71,1,4,retry_now
f8e968d5-7eb7-4bf0-865e-1dbfffad44f0,65c7c74e-04c5-4b6c-8fcc-47a4b7c75023,1175.76,UPI,incorrect_pin,584.04,0,0,retry_later
905f5aa0-804e-4776-a58b-43a8cea450c7,0d503fb2-a214-4ccc-843a-23b09b89296c,3265.33,UPI,gateway_timeout,380.11,0,19,retry_later
c6a72aa6-1200-4e0e-9b13-1f65db35fc7c,9073da74-b30e-4757-9a8f-2168f8ce209e,1659.02,Debit Card,insufficient_funds,3112.93,1,38,retry_later
8b47f477-b0e8-491c-8b43-ec6d421ee137,17d32da3-6bfc-4ca8-84fb-b066cb2d73aa,2531.47,UPI,insufficient_funds,2147.44,2,0,give_up
e9121ccb-88a7-4f69-98da-45cede0c3140,5341ebbc-c42c-4bcf-88f1-3173be772cb6,452.35,Credit Card,risk_flag,241.53,1,52,give_up
f73b69cc-4cc2-4857-9841-4ee12f7bb093,36895bb5-a31f-480e-9c4c-122780f246ef,3917.9,Credit Card,incorrect_pin,673.72,2,24,retry_later
e8157348-4b68-4b75-b6e2-5ee7306f42e4,25966548-1354-4af1-8e78-b77a3d29bbb8,814.7,UPI,gateway_timeout,128.82,0,29,retry_now
69b24004-c448-4386-b674-2fa785cec814,eeb69501-eea2-4d8b-9a73-00e83e7c4356,1185.59,UPI,insufficient_funds,62.91,0,18,retry_later
be956f5a-be4a-4d3b-98a0-34162054b349,339405dd-c259-41b7-8af5-30fd3831a7b2,2462.79,UPI,incorrect_pin,754.23,2,45,retry_later
95aac30b-be94-4816-8c75-eab6643e7d98,11a34e06-3939-4488-8709-b4b9fd9203e0,2067.31,Credit Card,expired_card,196.71,0,15,switch_method
2e7fb4fe-cd44-4381-a733-a17174d4d745,8828935e-40d8-443c-b54c-5ab9d614701f,1865.29,Credit Card,gateway_timeout,2358.14,1,8,retry_now
e8e81690-1bda-4e56-92e0-6015f4f9defe,5d897e5a-f8c6-48e7-9cd7-6ee420a4f0cd,681.42,Credit Card,expired_card,10.0,2,132,switch_method
ee69a08c-215a-4e4b-be7d-23e00c405415,67fc7083-2274-44bf-922b-44a116f773e0,1224.86,Credit Card,risk_flag,1626.01,0,29,give_up
0ebcfe50-7c3b-4405-871a-0ae0a7661dc4,0ef317ab-9dec-4cf0-80ef-7c1abc86b9d7,1813.18,UPI,gateway_timeout,198.86,1,4,retry_now
b4bb03dc-99cb-420e-b4ed-0d7549b80fca,7e9612e9-0504-421f-b06b-119eee12a992,302.59,Debit Card,insufficient_funds,44.05,1,15,switch_method
ecf64b4a-f2b3-451d-97ed-4b456e3f4363,aca80177-27e4-4921-8566-fc642a9471f3,990.99,Debit Card,insufficient_funds,756.9,2,22,give_up
092265a6-db13-4ce5-8334-12d4eb6021f5,5550ce17-7c4a-40d9-ba71-87ab6ad701fe,2992.86,UPI,incorrect_pin,1710.3,0,88,retry_later
620436db-e19f-491c-841c-0e60e753519e,ac98493e-6b2d-4540-91ba-94892b2dfb4c,343.55,Debit Card,incorrect_pin,1078.95,2,1,switch_method
2105f123-ac5a-4f36-99c2-6290ba2c3aab,a989d672-1694-443d-a771-3b29c4f19798,8131.95,Credit Card,expired_card,211.04,0,39,switch_method
bd5316f4-bc91-49d8-ad04-506da84f6650,801189ec-26de-4323-8414-5d8d150ad915,9419.12,Credit Card,expired_card,115.81,1,31,give_up
2f8289a8-8107-42f9-aeac-232fae920c81,1abb1386-e026-4cab-aae4-d515c93a87f1,358.28,Credit Card,incorrect_pin,596.32,0,207,switch_method
b9b8fc51-7c7d-439b-9cb7-90c2fe4b538b,916327fc-5ddd-4666-98e0-5463b14e666b,10560.81,Debit Card,insufficient_funds,25.71,0,11,give_up
90f198ef-262f-498a-8c91-5f54f98329f0,303c6e85-dd57-49e8-8513-614ca20fecad,1500.19,Credit Card,risk_flag,1150.13,0,59,give_up
f17ceced-f708-4b99-8e36-bb9228014507,424f75b1-e582-447c-bd3c-ff85d847e64f,3115.26,UPI,gateway_timeout,217.11,0,13,retry_later
f6c4f3d3-537e-4a6d-a8e0-bfce4494ef34,a9ab0388-c4cc-4c9d-aba0-6788b25f8b4c,948.0,UPI,gateway_timeout,299.13,0,47,retry_now
fbb31fc3-fcee-4179-bd7b-553f5c094cb0,07b4f7af-fcff-476f-93ea-7ee03993f291,6002.66,Debit Card,gateway_timeout,473.97,0,48,retry_later
8ea8866f-364e-4c9d-838c-7cee8c495efa,8b4e153f-065d-4451-8751-d9d1bc3918a4,3065.37,UPI,gateway_timeout,13.39,3,4,switch_method
2cc8730c-fdc8-42c8-bbf0-83e0f7354d05,b302dfe1-22dc-4f9d-b8bb-fb260d1ec5f7,627.41,UPI,risk_flag,2222.16,0,36,give_up
e4bdfeea-fa0a-46ff-b21e-e878a489d037,9977cc0f-cdfe-4aae-b794-d320fa212bf9,397.52,UPI,incorrect_pin,914.19,3,37,give_up
d2665afe-187a-4c00-ac4c-4ed46278171f,bfba9b56-f36a-4303-85c4-66ac8b970ef8,270.86,UPI,gateway_timeout,341.99,3,23,switch_method
e88399c1-19a2-4a9f-8381-e29db310d566,21a94dd0-5d82-4bdc-bb29-6976dac34891,2308.43,Credit Card,expired_card,167.34,1,19,switch_method
c310cd37-68bc-4a57-a1ad-9056143e4986,03ec7fa2-b044-44ec-8dde-43ec9c6c6d3c,3805.54,Debit Card,insufficient_funds,231.11,1,15,retry_later
5c8e07e9-3c94-49a0-8aa6-db27dcb27eb4,4dc4ed0a-8cbf-4003-9982-1acce8664e48,4214.37,UPI,gateway_timeout,565.03,0,0,retry_later
a315a307-b4f7-4ffe-bf38-c78cf0f203a9,8dcf6ec1-1881-4e7d-b6ce-dd288c3fac4d,1550.95,UPI,insufficient_funds,192.18,5,0,give_up
98c64b0d-9aec-4d11-8dc9-13ad31e68abe,60e92f13-1bcb-4aa7-9c39-259963559169,401.78,UPI,risk_flag,829.45,1,53,give_up
15cb801f-e842-42fb-844c-698006fe62a3,23c31540-a660-4c9e-9b73-9368e6f3060b,744.94,Debit Card,expired_card,11595.81,4,20,give_up
8fbb56b6-8f9c-4a82-a025-b8dbd01202d5,8558d0ad-d39b-4b55-8428-7935dabddd6d,8087.32,Credit Card,risk_flag,829.3,0,11,give_up
e1765d54-0a8d-4ef9-a3b9-b8b734f9ad95,a02db0f4-1657-4ce8-a723-6a9a828d6090,962.93,UPI,incorrect_pin,552.93,3,69,switch_method
63a99e21-abb6-4a2b-b0a1-75883db6ed08,d616ed0c-d74f-4ddb-902d-6fd1f89c9b77,2178.61,Debit Card,insufficient_funds,152.55,0,45,switch_method
2085e1f2-a5c5-4735-b2c8-89a021d340eb,f57bd863-9ed9-4c48-b25e-ee98cfeca637,446.6,Debit Card,incorrect_pin,275.19,3,147,give_up
fcbd9701-f4ff-4a0e-9a33-973c71a05a0e,801891f6-229c-4003-a1eb-125f16d06fa9,2800.51,Debit Card,incorrect_pin,3841.26,0,106,retry_later
90e51aa4-230c-4c1d-b31d-ef27bc7aa701,c106bea2-396e-4fca-8de5-3429809656e7,997.26,Debit Card,insufficient_funds,480.02,1,77,give_up
2130bb1a-b68e-4467-affc-cea912bb1377,2f83e4f4-0b1e-4ccf-b005-a09f657172cb,7049.6,UPI,gateway_timeout,10.0,1,8,retry_later
82701a69-36be-43a9-8630-6ec703e9e397,0c50ba2c-657f-4b07-8c1b-463802e90b2d,4942.49,Credit Card,risk_flag,541.71,1,65,give_up
0c5c2f08-20e5-4ae6-8dab-3e4fee6359cc,3f6d78f8-f631-43e6-abbe-9c0782f4aad0,949.16,UPI,gateway_timeout,716.02,0,71,retry_later
254d9f2f-5ae3-44df-8f7c-b1c4d3ee8e8f,a1c33e4f-7a7d-4c56-815a-b80c698ade54,1533.54,Debit Card,expired_card,670.98,1,86,switch_method
3bf86469-0ead-4e0b-bfc2-1c9deea8756c,bbfd004d-30ea-4cec-9063-be16bf9256db,883.2,Credit Card,incorrect_pin,684.52,0,18,retry_later
6796e587-28f3-4bbc-88b2-018720b5803d,50504c70-0540-4bcf-91d0-c06d1655b82a,285.64,Credit Card,gateway_timeout,223.84,1,61,retry_later
7f79b95b-60ae-44c7-9427-05db96ad5927,3cea38fa-b8f0-4a8d-9a57-621cbcfc1d9a,593.08,Credit Card,incorrect_pin,604.01,1,57,switch_method
9ea24fb6-626d-4664-9d25-7faa0b34150a,b4f0504d-2d99-401e-b258-fb488e2c0ef9,2339.48,UPI,insufficient_funds,562.99,0,29,give_up
55cdb0b0-bda9-45f1-9a1c-e2d82a577f19,ad7345d9-0a3c-4bb3-a397-2e497ed60e76,2759.59,Credit Card,risk_flag,310.11,2,65,give_up
1318f817-f325-4c6d-b16f-ba1010673f76,aa2ab2ec-548b-4bc9-be82-8e206bc13ab6,2193.19,Debit Card,gateway_timeout,1238.46,0,5,retry_now
b2f04c83-2b63-4b69-87fc-36374054c150,a66c609e-da85-4c07-b6e2-3dddd1bffd37,1221.39,Debit Card,gateway_timeout,727.63,0,61,retry_later
d451d293-2e12-4737-9ce4-d3d4a7da673e,7e1596b5-3729-421d-a785-18ca2d68cca0,6081.38,UPI,risk_flag,313.49,1,55,give_up
e63886c1-fbb6-4c87-b361-391260bf3957,0b04c40d-758a-4ecf-9c56-b9cf2f9ddb8d,1963.74,UPI,gateway_timeout,922.14,3,14,switch_method
92f7be3d-3d97-44b0-bc4f-a0701a3b8944,07c96e91-e7d8-4a43-9fd6-4f065a08dcec,4510.8,UPI,incorrect_pin,10248.16,1,102,retry_later
afc8fdf4-8b41-4aa6-846b-04da42c3bfd4,91632b2a-8fec-47a3-8d09-936c16023862,180.2,Credit Card,gateway_timeout,764.62,2,124,retry_later
a9518cfb-5202-49c8-988a-d687c413390b,2fc9f984-fc4a-41c4-b0a5-9dadaa98bc5b,50.0,Debit Card,insufficient_funds,384.96,1,14,retry_later
320b99e0-c964-4af2-b0a2-b935e9f86fd3,b07872c4-b7ed-4d52-8f35-8c74d5c31aa4,2614.75,UPI,gateway_timeout,1580.42,2,4,retry_later
df173769-e7b1-4a9b-910e-51eab24b4299,0bd9e38a-c2d6-4d3f-ae83-4f09f13794e7,283.67,Credit Card,expired_card,305.74,0,55,give_up
ac19941a-5a1a-4421-bf44-2a9307e53fe7,bc95fdda-b02e-4bd7-86dd-239905e02e4e,1371.71,Debit Card,risk_flag,125.68,2,39,give_up
517293cf-befa-45f8-8e1c-3d6b37c957cc,f278b1f4-29cb-460c-8b67-df943c814c0e,1220.81,Credit Card,risk_flag,125.36,0,33,give_up
032662c9-7f08-4bbc-9323-c2ee752db436,d170ecd8-183a-452e-984c-ce167e7b79ee,14237.3,Credit Card,incorrect_pin,618.41,1,85,retry_later
f84dfef9-119d-42c5-a0fe-253fa8a4a387,cac7573a-55d7-40e8-a74a-77227ab712b1,3041.16,Credit Card,expired_card,2627.98,0,209,switch_method
e771e882-d20b-4b8f-8173-e431134d9541,d675d8ec-5611-4092-8e27-55c5de732cb7,2243.11,Credit Card,gateway_timeout,7401.25,3,38,switch_method
a46007c6-5781-4c81-b046-5cea242b4699,c6309ed8-9a50-471a-b9f7-5e1723fbf370,5367.34,UPI,incorrect_pin,125.49,2,0,switch_method
aa5b50c7-8cf8-4b10-aa82-a198a11acc37,5419a633-b296-4dbf-b014-53455a8176ee,2919.15,Credit Card,insufficient_funds,2273.37,3,54,give_up
e68bd444-d288-47f7-b08e-289700ca6197,1873ce64-2ca8-478d-8a60-0e24444eb62e,997.27,Credit Card,risk_flag,221.4,0,63,give_up
947e2837-23d4-4bc5-9e4f-cbc33de6d0ee,25c708d2-040d-49dd-a0ba-6d913ff2a668,7280.24,Debit Card,incorrect_pin,3385.18,0,105,retry_later
263870c4-5bed-4d3d-ac9b-89c0f73a589e,dc6e7a32-c350-40d8-854b-c552ab56bed2,427.23,Credit Card,insufficient_funds,55.97,0,13,give_up
74a79808-d97a-4a55-b41e-1fadb0af7d23,d3101b6b-9ce4-442e-be3b-de919e193a4b,2752.38,Credit Card,gateway_timeout,188.2,1,44,retry_now
77f74039-321c-4439-abba-6fe01ac77853,aa122044-2d90-441a-82da-7a6b615f443d,241.81,UPI,incorrect_pin,211.26,2,35,retry_later
d58c6d3e-8ffd-4dbc-9bb5-69d8a61cf356,885d7d5c-88cf-42e8-9a57-175fb8eae9f9,2356.96,UPI,incorrect_pin,4014.66,0,65,retry_later
4f3b3e7d-6665-4fce-8dd4-71dc537daad9,20a27bc0-4150-4e11-9529-5474a165e106,2323.63,UPI,incorrect_pin,91.5,0,3,retry_later
7bb41c0e-5d0f-49a7-8743-b092e38c04e6,ad62a0a9-8486-40b2-9127-a591ae94b7ef,15984.77,UPI,risk_flag,207.99,0,129,give_up
252a5ddb-bea8-4943-9651-b810b8e7f83a,69736944-1260-405e-a7ba-a7110187184f,236.4,Credit Card,risk_flag,120.8,2,42,give_up
af0e98fa-a3be-4590-a768-72c70412763e,4d731bed-f59e-4c9c-9356-6ae82bb1e3ac,827.86,Debit Card,insufficient_funds,247.86,0,125,give_up
c4836b0f-50de-4777-bca5-d7ecb6d2ab59,1bad722e-377c-4210-9ef7-bf5261134405,5268.43,UPI,insufficient_funds,2193.85,5,24,give_up
179b6943-0706-410f-8987-42c2460cb43d,999cdd45-85ed-415f-863f-bf1e47a4ee46,2795.91,UPI,gateway_timeout,25.57,0,63,retry_later
660537e3-8f23-4c33-96fa-e9317ab6e504,f13312ff-d4a5-4a70-8e16-1170c970357b,2285.63,Debit Card,insufficient_funds,40.0,2,188,give_up
2bfdb7d2-96bb-4f60-92da-b5807a79e3d8,6813178c-447d-40da-9372-7c6542d46d79,521.66,UPI,gateway_timeout,528.53,1,172,retry_now
9623db4f-44ac-4706-8aaa-5e263db7f004,95bd9002-80a2-436f-b6f2-c8682ff149f2,838.77,Credit Card,gateway_timeout,942.12,0,173,retry_later
3908f97e-72a5-4b52-a7ad-1fe0317e86f7,4b28b81d-27c4-4f2a-b29a-7164a7519db9,9122.99,Credit Card,risk_flag,8433.98,2,2,give_up
19a7e881-4c66-4a4f-a286-e50c718f1a06,eb73b20c-4226-4fe8-89f1-a394e6df0445,1690.94,Credit Card,risk_flag,96.89,0,30,give_up
90f453bb-2ebe-4ae2-84c9-a24b6e94f23f,d0de0e2a-e642-441a-a960-eec806444f43,2945.3,UPI,risk_flag,368.08,1,3,give_up
f7720c3a-4645-4b38-b54e-c8ad60ff4276,4534e128-bc2c-4d33-90ea-a0a3e991a8ec,1556.59,UPI,gateway_timeout,675.08,1,22,retry_later
1aa416a9-2e83-4774-abef-8b3e695f1c25,2fa66493-a1c5-4785-905a-f26e9881022d,388.38,Debit Card,expired_card,663.56,0,11,give_up
147c5154-1425-465d-957a-ca8187284f09,1fa55172-b279-4576-9839-78b06cf1b297,6087.26,Credit Card,gateway_timeout,822.02,2,58,retry_later
6870e99f-f4b1-46cf-8702-c33c75ad04de,924cd2b0-7eee-4bcd-be0c-0891a13bf2b7,3477.96,UPI,incorrect_pin,105.75,1,91,switch_method
74676281-a221-4d62-bbb5-7f9790eb42be,abcb3316-6a81-44af-9e13-e365ca99f198,36218.59,Credit Card,insufficient_funds,115.77,2,43,give_up
be852b17-d2f3-4796-a332-86e0e5bf8427,6c0c7eaf-5d29-465f-b713-58fe1730e9f6,482.87,UPI,incorrect_pin,871.91,0,95,retry_later
4605d204-3b5a-45d2-90f9-319d04d68f11,abdc2f54-1a2f-4058-8b4e-a4d3b2730364,5267.68,Credit Card,expired_card,264.79,0,0,switch_method
211e26bb-2abb-4077-9af9-6968b2e91673,563b4870-9983-4768-8728-d1c33b7f4c20,328.65,UPI,gateway_timeout,284.24,0,103,retry_now
58a2d909-ca99-40ad-8c81-b7583bcd9666,cae17b83-c577-4f7f-afb5-d8c8c8ade3a3,2218.42,Debit Card,incorrect_pin,1255.47,3,11,switch_method
7921fbed-38f0-4680-ba24-e7637561b880,e456f52d-7512-453b-a44d-854eeb7918d1,6434.69,UPI,gateway_timeout,1429.0,4,37,give_up
dd586e5f-5d56-4eba-b5c0-63bdb4437a64,1d3fbc8a-b8ad-4011-97b5-b52422e8de77,122.27,UPI,gateway_timeout,453.3,1,35,retry_now
488191cc-28d6-4197-b28d-f95538d9b6ad,0aa9aeb2-cad4-4170-8e5b-02bf57514977,1385.18,UPI,gateway_timeout,660.35,0,123,retry_later
c6c4e314-6a9c-4019-9d32-f486d1e36714,9ad64234-957b-4dd5-af13-806037bfbc2e,869.42,UPI,gateway_timeout,430.48,2,202,retry_later
cf6a1dc6-5626-45a9-9b2e-51cf2e0732c9,e6823346-b003-4458-9ae6-09d074fda972,725.93,Debit Card,incorrect_pin,351.97,2,17,switch_method
5020b560-3929-4958-85b0-0c79c4a378b9,9c9bdd73-327f-418f-8198-4a71a253d845,2983.27,Debit Card,gateway_timeout,719.65,2,4,retry_now
7a013760-72f9-48fb-b3ac-59dc8e4dfb6f,afd892f0-1b45-4517-a689-709a8d3e0c72,7761.19,UPI,insufficient_funds,103.95,0,63,give_up
9d891b4b-1182-4003-a338-49396a5a6cda,df7d4ecd-5af5-45e2-8c52-536e6d105b29,1520.41,UPI,expired_card,273.23,0,41,switch_method
0d59bca9-e124-4278-a5cc-b06066775271,d97979b2-eefb-4292-b829-ce4b20f64e8e,2361.69,Credit Card,incorrect_pin,316.69,0,50,retry_later
3ba22709-fdf0-430d-93d2-59a8e251ad5d,4b305537-1d87-4e08-9a27-d3fdd31d338c,2097.71,Debit Card,incorrect_pin,729.05,0,2,switch_method
a0e0f247-72bb-459d-b828-2c25ad94a35c,e7168e68-6e96-4ec9-9c72-016d2b4315b8,1812.29,Credit Card,insufficient_funds,13.31,2,89,give_up
ef9c1a91-4f64-4501-9c80-db589207b9fc,19835645-d0dd-4805-bdc7-9ed6b55289f2,438.72,UPI,risk_flag,928.78,1,15,give_up
edc4e2f1-6c93-4765-95cb-dd4bd763be8c,595a38ac-d9c8-4ea1-a64d-a8ba37f6a827,7638.66,UPI,gateway_timeout,678.61,2,24,retry_later
756803dd-f01b-4460-b850-e962e4913163,4202d8b2-f001-4434-978f-c9d547899c7d,2653.82,Credit Card,expired_card,591.76,0,15,switch_method
b6d69e14-8099-4495-a45e-bbc48ab83fd8,c1749193-0ef1-435d-ba95-558cabdaaa3f,3021.01,UPI,gateway_timeout,120.11,1,175,retry_later
575f1211-262d-486c-9d40-e844d45f7843,6fc405dc-4381-4943-8f6b-d8418f8fddf6,633.68,Credit Card,insufficient_funds,907.03,1,11,retry_later
cf9f53a9-a55b-433c-b679-180e8c80c4a8,962388d4-613a-4620-9257-f0eadd7cb8b9,995.27,UPI,insufficient_funds,47.45,0,79,retry_later
5d0dc3a6-d39a-4b73-8c98-e20cd1a10ad9,695f41d5-5db2-43ef-8648-fc429ded48fc,1438.02,Debit Card,insufficient_funds,298.77,1,16,switch_method
8322c6a7-01a0-45c7-88fb-ea9e2a021c76,27d31a22-f0df-45ab-8558-c0ff6adc14a2,246.08,UPI,incorrect_pin,963.5,1,33,retry_later
34af00d3-2554-46fa-8927-79ff7e604449,b84bd1d3-6776-49ac-96c1-c660599260ea,201.45,Credit Card,risk_flag,7293.59,3,332,give_up
938aa4f9-42c7-4715-a9a2-8c029e61e4fe,06bbbdfe-fc77-4203-b90a-d3e5cd22642a,828.01,UPI,expired_card,140.31,0,6,switch_method
875d848b-1aba-47fa-9dca-7765b162421a,248c5f96-379d-4a14-b016-5fa8c60c1bb8,3566.28,Credit Card,insufficient_funds,512.85,2,127,give_up
112e17a3-0d4d-4b44-b0b3-263582361dc7,9bc510e9-cd24-40ed-9739-fa2b59f66f7f,773.5,UPI,insufficient_funds,4360.5,5,175,switch_method
ab556d1f-069e-4fac-82b4-13f9d17390f5,7a7d9841-3bec-4cbd-b3aa-c9ffab0c2aaf,480.85,Credit Card,insufficient_funds,3404.13,2,71,give_up
1481ef81-3f7f-4b1f-995e-11180e2aec51,0b07b82d-2c4e-455d-bbd2-652659c37891,626.98,Credit Card,gateway_timeout,2593.14,2,0,retry_later
b48b369a-7d53-4094-9c26-21ffec43f884,94ab91bd-6516-4644-8ff5-475a1f8a6f08,1000.3,Credit Card,risk_flag,295.92,0,103,give_up
e80ace1b-f04c-4679-b1b5-a81ca1fbfb0e,3afdf4cf-5057-4110-a673-a4f54fbffe85,1141.37,Credit Card,expired_card,232.87,1,128,give_up
0eccf0b7-f45b-44be-aeeb-847772c7a36b,7ab891aa-0cc3-4ced-9844-96c9742e6afe,30187.34,Credit Card,risk_flag,10.0,2,237,give_up
e327bd42-302d-4ad6-8e95-db310cea1ce5,db132bb2-0584-449f-b34f-fefa23a39744,7122.45,Debit Card,insufficient_funds,418.27,1,109,retry_later
0fe12954-c097-4ad4-bbea-0c4d8ffdcabd,0261d4c3-8ff1-4155-b6e9-e4e7da99b45b,6851.39,UPI,gateway_timeout,462.93,0,35,retry_later
4c73f888-b848-439f-8b58-8e35a10902ca,95308c4f-05d2-4e75-92c0-76130496886a,8259.79,Debit Card,incorrect_pin,3602.34,4,70,give_up
ac78ae9f-105c-49fa-8a79-fcdf1dd79c7f,f21ee64d-1d34-4bba-a2a1-d8e5c6da0d84,493.5,UPI,incorrect_pin,356.1,1,39,switch_method
b7e0274a-9c46-4847-a393-55160fc1e5a3,c18380a0-e658-4c1f-914b-394144e62c1a,369.05,UPI,incorrect_pin,436.03,4,26,give_up
226ba764-95dd-4893-8528-8b2ea756c20b,f81d6182-4e2c-4229-988e-710e4c31efe1,428.83,UPI,insufficient_funds,637.77,1,59,retry_later
5b081b51-c2cb-4f39-83b9-e644ef116730,2c706f3c-f17a-4d9b-b510-b8fb9c47492d,10248.21,UPI,incorrect_pin,915.52,2,88,switch_method
c36ced91-71eb-4502-9146-c8cf5b5faafc,c71ed80f-e6af-47cf-a648-7a6141fa5ea3,887.71,Debit Card,risk_flag,970.73,2,60,give_up
e56554c7-be96-413c-b174-a69dbca6a001,c6e9527c-a905-4277-be50-933b0ab97cca,355.4,Credit Card,incorrect_pin,293.81,1,105,switch_method
632675c1-b5cc-44bb-8f99-1afb5e2d2357,e4514db5-da7e-4201-b234-769db1ad3fe6,1032.47,Debit Card,insufficient_funds,104.48,0,11,give_up
ba606f30-bb86-4c11-857a-6b14fcfe332f,17403e97-7c3c-409a-9d9e-16a4f5835cf5,1325.85,Credit Card,gateway_timeout,289.87,0,28,retry_later
7560ff41-46d2-40f0-b600-cc6ebbea9866,7c219eac-f3c1-44ae-bd1d-fb0bdfa0fe04,2563.01,UPI,gateway_timeout,231.95,1,22,retry_later
4a06fd6d-97c4-4239-b000-2754c38e0f4b,c51bc08b-b9be-48f4-8bc5-3a14b4739c90,2505.48,UPI,gateway_timeout,826.95,3,12,give_up
f4a8c995-d63a-4e0b-a511-ddb61d21423d,ae59d7fd-ae86-4051-a391-b452324ee9bb,616.07,UPI,incorrect_pin,1596.05,1,35,retry_later
5d7a1382-d324-471c-9f3c-86a58a182f23,c26d0fd5-e052-4d00-a13a-0b3db29473b6,4408.78,UPI,expired_card,5059.13,0,177,give_up
de505e70-b083-4d7c-abe2-d8288c8e1ebe,1803d43a-8825-4fbe-afdd-d868b1220308,787.65,UPI,gateway_timeout,1067.75,0,46,retry_later
c0b8fbd5-bac8-4d30-b5a0-b9512d43c25f,55256f35-d252-415a-95c3-39d7870c6ca7,1475.63,UPI,risk_flag,6077.98,1,20,give_up
d5eec396-b590-4dc1-96e2-19f3f37d0847,776f135a-781f-4f34-a0f5-615ed3fb33e3,4415.19,Credit Card,gateway_timeout,514.48,1,26,retry_later
3569cca0-8c02-4991-a458-77f345db884d,7025bca2-83cc-4fdc-836a-6e492d30e0d0,784.96,Credit Card,expired_card,1148.89,4,56,give_up
8da78f5d-c4e8-4279-8de5-3ceef0d604db,3e462344-eed7-491b-9a82-8a333f5d65d0,862.51,Debit Card,gateway_timeout,140.46,1,26,retry_later
0c445080-b248-4ebb-8f04-bc30141a3b06,386e6e06-c5ba-4bb0-a70a-5d80cd216594,3901.7,Debit Card,incorrect_pin,10.0,0,46,switch_method
3f7409a0-fbdf-45ac-b1e3-062714ff115c,61fad11c-3424-497a-8d48-6730ebd65bc1,592.85,Credit Card,expired_card,38.33,1,19,switch_method
3413b405-d81b-431e-be3a-24b96c3e1201,59cf1548-8c09-4c24-ad28-5a09edee482f,1096.38,UPI,gateway_timeout,18.14,2,25,retry_now
973aec2e-d8db-4b00-9a37-2977518df276,ed26c206-df1c-4152-b338-9be8d6d7824c,3723.67,Credit Card,expired_card,3023.93,1,73,switch_method
40195ac2-23f7-4d13-99b9-be6887ba5819,13fd25c9-74b1-4bd1-9d86-aff7f2e9dc30,26116.44,Debit Card,gateway_timeout,881.45,0,52,retry_now
1b560cc1-eafb-4e4d-86fa-319efd8defe9,de43fd33-e298-4f8e-b713-10b551470875,3972.0,UPI,incorrect_pin,597.54,0,5,switch_method
a0dbdaca-ed5a-42df-867c-a182ad208dbf,05441905-d21f-4fe1-b625-b25a629e2716,3342.36,UPI,gateway_timeout,824.25,2,217,retry_later
0de29b21-2ba7-44fe-b0fb-974758b046fa,98c02ef2-59fb-4528-bbb0-7d8ec23b7ea8,3604.87,Debit Card,expired_card,181.92,0,3,give_up
6dae2b4a-e4f1-4515-9538-70030c62edbf,e20d1803-412a-4356-ba6f-38c3c555a420,448.03,UPI,risk_flag,340.16,0,5,give_up
5df78223-0d63-4864-99c5-6b95b1acf54b,86803f79-7a54-4d69-883a-5ec9b534132b,2101.22,Credit Card,gateway_timeout,26.31,0,72,retry_later
db46ab46-4408-4bc1-be2c-749410190d9a,9d0b9782-9c22-4d84-9f13-4a1bae98ce47,1739.41,Credit Card,risk_flag,2461.19,4,73,give_up
ccb61a3c-ba76-46df-a086-b04144d009a4,968d64ed-aa4d-4244-911f-cdd6d49366e0,2746.44,UPI,risk_flag,51.84,0,1,give_up
aa4ed499-aee5-4030-b893-d9be81dacccd,c3f93158-9f12-4d9a-b555-7542fc5d452d,2103.72,UPI,insufficient_funds,315.29,2,61,retry_later
a417253c-f926-4fe8-8aa6-158bf8d6b19a,0bbdbcea-9c90-41aa-9fc2-d8b6f1349e5d,2961.97,UPI,risk_flag,3818.54,1,2,give_up
3bb9b017-080e-4658-81a5-d401c9ef55b1,bbba1c55-67d8-49d6-a3d5-e4094b820cd4,1206.03,UPI,expired_card,549.88,1,194,switch_method
f795be31-2ffc-453b-831d-0227634baf0e,08d64d83-72df-4f93-a0c6-12d682a7e725,1951.18,UPI,incorrect_pin,6478.56,2,71,switch_method
2ab256c5-2939-41ad-9b0f-778cee01aa75,968e1058-9a28-498f-bf3c-4c0b169c6fa5,366.44,Debit Card,incorrect_pin,4246.22,0,12,switch_method
9d325499-2cec-4947-8b67-133281e028fc,97d1e26b-695b-4f7e-addb-a33e3c5fd8b8,1192.87,UPI,gateway_timeout,312.53,0,10,retry_now
afb56bc2-7ef8-49b3-9f5d-2f3e863d7652,cfa546c8-8599-4b6b-8fe4-ce0f45f1289a,11026.8,Credit Card,gateway_timeout,179.49,0,50,retry_now
eff64865-3152-47e6-98b2-e5e31c7f5c05,1d3a5ee6-5f2e-420a-9264-2fb29788fb23,2736.54,UPI,expired_card,267.94,1,60,switch_method
f6b8501c-3526-47ca-a853-6759ebf3aca8,10f0e566-1ba7-4e6a-aaeb-3d92374904d2,1759.53,Debit Card,insufficient_funds,440.36,3,106,give_up
2aca819c-6a6b-493b-a87e-8183705239e2,029a1783-d7d0-4217-84b4-901badbf4334,21268.03,UPI,expired_card,617.42,3,140,give_up
1569bd1c-e6f1-43ae-a5ab-e90ec7a8e41f,52753f8f-89ff-4658-824a-195243c86258,308.25,UPI,gateway_timeout,498.47,2,29,retry_later
ca2cfb16-8fae-4d64-9d67-c74cd2906ccb,3880b5f4-71c2-4887-8358-ab02342d914d,427.39,Debit Card,risk_flag,10456.56,3,111,give_up
3e8a4d2c-7c6e-498a-8a7f-27cc31ad573e,c245ba5a-1b1e-4749-a2ee-ba1e755e62fb,16756.22,Debit Card,incorrect_pin,101.39,4,46,switch_method
50d26ee3-4270-4a54-b6cc-29442fed2dba,d755ab3c-e3d5-4e42-b24b-a40a094eb0c6,1919.36,UPI,risk_flag,287.04,2,38,give_up
cc4a14e4-c95f-4755-a560-f32c0fda23cf,e64f652d-4cc6-4bb2-90ae-9367ae9887fa,1319.02,Debit Card,expired_card,458.57,0,72,switch_method
de43fbe7-25cd-4f56-87af-d274a3d7b602,f9d24045-e29f-46fc-b494-f24b92d24cb8,380.33,UPI,insufficient_funds,402.02,1,6,switch_method
5756b352-8bf8-480d-9daa-3d5284185e45,414690cd-5d9a-461d-8cdb-aafcc282ec86,3235.71,UPI,insufficient_funds,139.61,4,18,switch_method
19c006b7-7d93-4c15-887f-07250d9fa094,304dedf7-b43e-4426-bf7a-68c4926e9f42,3669.45,UPI,gateway_timeout,492.93,1,101,retry_now
d29d7f78-b7d2-46e8-9a73-bc5c383dee09,1449b795-af25-4cd1-b393-f297bd209d3f,435.79,UPI,gateway_timeout,1095.49,2,42,retry_later
41b16c11-d27d-4a5b-b04b-f8b182405325,dff3f7db-c6d2-4ba5-b275-9e0bb21013b3,1506.65,Credit Card,risk_flag,1450.14,0,143,give_up
845a1edd-51d9-4c6c-a95a-1a658b170121,1b886b8e-3041-4ffd-a838-13bab0566780,1168.91,UPI,incorrect_pin,372.41,0,5,switch_method
0f9f67c9-c12b-4790-b64d-d30ca91b17b5,59ce34e4-7ba7-47a4-b188-e34fe3b8c915,2521.91,UPI,insufficient_funds,54.86,0,22,switch_method
49188274-f5b7-48ea-92e8-c81b0248826d,9fd9209f-d7a5-4242-bff5-fe65a18c2c06,421.99,Credit Card,insufficient_funds,775.11,0,26,give_up
29c06568-c46b-4c12-b49a-eee26868349e,5804299e-0c47-4f1f-93be-ebe1318ccfe2,9205.27,Credit Card,expired_card,1573.89,3,32,switch_method
ca9691d7-0a11-4a10-8593-96ccba92ddee,c732aa5e-d7eb-454c-95d6-2f5abe31ad48,5946.58,UPI,risk_flag,59.64,0,259,give_up
ac8dc1bb-1fee-4e7e-8d0b-d64c25c07d17,fe6182d1-48c6-4054-8853-15f332649d12,1127.63,Credit Card,gateway_timeout,81.31,1,22,retry_now
edd9edfc-7b2d-422c-9728-7836e95ef09b,05f12c07-2448-495d-b89c-ae0f6f19375d,1364.65,UPI,insufficient_funds,102.4,0,43,give_up
53998afe-d1ad-43dd-bb09-e5ba2aa862ca,b167e1e6-bada-488c-b755-9b0d7fb214e4,1514.21,Credit Card,incorrect_pin,182.2,0,46,switch_method
c850fc79-b6df-452d-85ae-e1fc6bbd639d,e4d08331-b94e-4129-a6a2-393cb58d0efd,657.34,Credit Card,expired_card,310.07,0,88,switch_method
2b2be6e9-707a-46d9-b4e3-a70fa00dfe89,603cd6bd-5536-4c33-82ee-ccce7817f55c,1015.91,Debit Card,incorrect_pin,712.22,5,43,give_up
68927f9c-4d7f-4ff4-bf3d-f5b4b16917ed,55c9ea21-2f06-44b3-b1c3-b459e93306cd,1272.39,UPI,insufficient_funds,4002.6,2,55,retry_later
f4429600-3905-4910-8f5d-e4aa92100798,ee191b83-2f8e-4d8d-aa38-6e5d4fb91b92,14716.56,UPI,insufficient_funds,10.0,1,83,give_up
399c6490-0da2-4f3c-a9e8-de6fc4f6000d,e5a2c9d8-80ea-45a7-91c5-1a864fed85d1,6189.46,UPI,gateway_timeout,1348.91,3,6,give_up
b1ef8507-2e2d-444c-bb82-71f868609432,ce3b80d6-d612-406b-900f-b5208fc34053,6093.95,UPI,risk_flag,304.61,4,198,give_up
a1f18026-8fde-462a-8e7b-e69508155ff7,4f628374-ab4a-4330-9d83-df293b22d18a,2924.57,UPI,incorrect_pin,186.88,1,112,retry_later
8ce8521d-3173-491e-8645-644ee52b2795,f346ddb3-d2b9-47ea-a679-9f9ff92aac81,423.04,Debit Card,expired_card,395.28,0,29,give_up
5dcc2c63-37bf-4e2a-a138-623c7602659a,a9e28930-890a-4b44-9bfd-f4051548ba2b,1713.1,UPI,expired_card,2542.18,0,78,switch_method
c22b21aa-5b03-486a-b62f-ec4f69073687,af36714e-9866-435a-9d51-e1ca41af0626,6384.54,UPI,insufficient_funds,125.8,0,86,switch_method
11a2c9b5-3f80-4985-be93-c8928989cf15,e01f1cdb-4e5f-4622-b26b-de0356cc2303,352.22,Credit Card,incorrect_pin,3623.01,0,113,retry_later
4a470141-494c-4fc3-a54e-7093d49a949e,195aa3ce-e235-4dc8-bfb7-ed53b787e0e0,4136.14,UPI,gateway_timeout,444.2,0,12,retry_later
a1901685-8228-44f6-9458-adb34d480e3b,60ced78d-9e22-4101-9eb1-02d41ff71b3b,37026.61,Credit Card,incorrect_pin,608.96,0,72,switch_method
dc99757a-da5f-4cd8-89f2-0bb6aec2d8f6,a8be021e-0f0a-49a5-b106-4835d233f021,7189.39,UPI,gateway_timeout,47.6,3,2,give_up
f83aa864-3c7f-4e16-80c3-07f1bb6de864,cacf03c3-dd8b-432d-bc84-03f06526ea4a,11364.37,UPI,gateway_timeout,411.6,2,7,retry_later
d2e533d9-c869-496f-9264-085ff92a6455,c3c6f92a-ea08-4aec-992f-a3eeca244a87,2401.48,UPI,insufficient_funds,3065.21,0,89,switch_method
a0818e1a-abf1-4560-b835-5fd9e114590b,a0a04680-bc97-412f-b7cb-78c8c31fe2ca,6363.36,UPI,incorrect_pin,71.56,2,100,retry_later
67f86117-5896-4de3-8f80-2bc101aef732,5431658e-e6dc-4104-a5a6-58c1154c27d2,711.08,Debit Card,insufficient_funds,362.4,2,53,retry_later
a6404fce-5cb9-409f-9794-d1310fdb5a07,af6b9928-8fbb-43c7-938e-dc5e7d342fe0,5087.91,UPI,gateway_timeout,893.58,0,52,retry_later
2f589da2-0654-4bb2-a5ad-0c22bda206bb,5f67ba25-711b-4d64-8663-23ba486602b5,4233.16,Credit Card,risk_flag,495.18,1,83,give_up
ec519e64-5d07-443d-9da1-f83b70d85d9d,bd84758f-2430-46f5-84c7-8e4f60e44686,2635.65,UPI,incorrect_pin,682.02,0,141,retry_later
ad0efd1c-b9a0-4f9f-be1f-a0c7b5c24951,d9dc88d9-5b3d-4e96-9b01-95323bf84aeb,10004.69,UPI,gateway_timeout,623.41,0,32,retry_later
006d979f-5e5e-4fa4-91dd-c25e9ec00a9c,1e971942-fdda-442a-a208-453254b33f1c,897.47,Debit Card,insufficient_funds,366.36,1,7,retry_later
9e9ed9f4-df27-4648-a34c-52c918f98e10,5fccc18d-5d4b-46c1-8cc4-425d0b008b85,1417.75,UPI,insufficient_funds,828.74,0,109,give_up
9e68b84c-6b87-4ec6-82c2-72d3d4985f97,89474599-7f71-4fdd-b2a6-145854826e5c,2046.94,Credit Card,expired_card,64.04,0,25,switch_method
48bce3ac-1114-4f49-afdf-961db6db3dc4,1049ded6-6ff3-46a2-97ec-d1ffa02e908d,474.14,Debit Card,expired_card,149.22,1,8,give_up
6e227357-afe4-4946-a1a9-fe52913796db,4b2ded5a-fdeb-40cd-9c2a-22e423e15b8d,2428.46,Credit Card,risk_flag,166.72,4,57,give_up
80d0f160-f50f-47e3-ac42-98ffd04cdcf2,744f588c-b33e-4b14-bc33-0e65ee5a6c68,193.52,Debit Card,insufficient_funds,241.87,2,51,give_up
9da54355-9f3f-4be0-932f-f9476a710e5c,c8c1c077-65cf-495b-876e-2929fab22c48,7051.82,UPI,incorrect_pin,78.87,2,38,switch_method
dcff2ab0-d455-4a7a-a2a6-677c0ff2e618,a8c54ad5-cdb6-4c97-ac0a-03546d62ff3c,1921.05,UPI,gateway_timeout,1477.39,2,117,retry_now
ef20148a-9b4e-4609-9b71-b6a2a22b031c,7093f353-68cb-4c2d-944c-8e5caf527271,918.59,UPI,expired_card,594.41,2,19,switch_method
285f5822-4280-4ad7-913f-2088dedb4205,3317b95d-2aff-4908-b6c3-913e12e47f59,611.13,Credit Card,gateway_timeout,301.89,0,0,retry_later
15b8cbf2-7985-4b21-904b-ff9970b25ef0,2f670359-2cf0-47a4-85e0-47badc392023,1332.81,Debit Card,insufficient_funds,91.16,3,23,give_up
fb7469b4-a402-43d4-99df-d0f8aec9285e,8cc2ef26-51f0-4b68-bd37-77592fd6f0e2,4423.73,UPI,incorrect_pin,201.42,2,0,retry_later
da10eaf7-8c7e-48a2-959f-1a073dd0a4a7,32b31d55-1992-4a51-8378-54a650bbd3c0,3685.13,Credit Card,expired_card,297.37,0,47,switch_method
39e67717-2444-4b2f-b91d-776c3c329f5e,27583d15-aad6-45f1-aa6a-1a6bf3fc98ab,722.56,UPI,gateway_timeout,175.17,1,28,retry_later
a67d593e-e90c-4a53-94f9-07a5febe2631,97640ccf-4b1e-4456-ba58-ace3f96b11a2,601.93,Credit Card,expired_card,2639.35,1,100,switch_method
d79072ff-9ddf-4aaf-977e-1665376b2879,33d224e7-081a-4ca4-8cf2-65cf8709e709,4247.0,UPI,risk_flag,55.51,0,95,give_up
ea37be4e-09bf-4f28-b30f-d186794bb30d,944472f0-cd3d-431c-b1a8-e1ec981a2c03,706.94,Debit Card,incorrect_pin,260.99,0,34,switch_method
313760ea-5aa3-4572-8505-4cd383e939bd,fbb113c4-dc41-4743-a056-fc248730d04e,1954.49,Credit Card,incorrect_pin,11291.52,0,14,switch_method
b99c0f7b-31db-48d7-aa6c-d6478721735b,33c1d202-dc26-4d29-96d4-1179aa25d2a5,2123.63,UPI,gateway_timeout,110.85,3,32,switch_method
0e28e0f7-4f32-4358-909a-5f385c2e2115,5c051a9b-dbc4-4e26-9aed-3b992d77608d,2712.65,UPI,insufficient_funds,1089.52,0,61,switch_method
77d4c9a1-3fd3-4ac3-937b-086ac09bc787,f3ec26ce-a2fb-40e7-9d74-ea5d1b32fa35,5517.89,UPI,incorrect_pin,1930.26,0,12,retry_later
62abf261-42ae-4b6a-a300-fad08139840d,8140290f-ef2a-489c-b0c7-93bf404eb434,350.08,UPI,gateway_timeout,276.07,0,88,retry_later
b6f5dcfd-6dd4-47a2-a1dd-34a61df78979,03f093e6-2836-469d-95ab-6276de8e0b9b,150.73,UPI,expired_card,10.0,2,24,switch_method
45697a68-2639-49dc-bd3c-5212ad3579d3,c9ef7284-87aa-4bcc-a332-8c8aa33b0d51,864.64,Debit Card,expired_card,229.59,3,161,give_up
796b0978-ac01-47d5-800f-2a58e255db5f,60213701-0668-42bd-8c06-fc6fdee9c862,18807.05,Credit Card,expired_card,1217.06,1,43,switch_method
1c55cb0f-2484-4832-affd-b034a567ffed,3bb94cf9-4320-47b7-86bf-07a9c441a602,25054.94,Credit Card,gateway_timeout,106.72,0,112,retry_now
edc0e4f5-e9a2-4d5e-9805-36d3f32b669e,bcfc5f38-744c-414c-86a5-2479c73c6e56,19546.08,UPI,expired_card,535.65,1,57,switch_method
659bc179-e1a4-4b4a-8081-3778d62de9d3,c0a268b9-8117-473d-be2c-edf56c7c835d,1406.87,Debit Card,insufficient_funds,124.79,2,48,give_up
ab025a03-a0a8-41fc-a9eb-5a7920ae5bf6,3a92d071-4643-471f-a6e6-6b36032adbc8,178.26,Credit Card,insufficient_funds,811.89,2,68,give_up
639b733a-5dab-42f8-90d1-b293c59f74c4,dba0db81-d635-42eb-aa9a-e75c5bbe3051,85.97,UPI,risk_flag,518.53,2,100,give_up
2fb97ce1-ed70-4981-b29b-f34ab1271a1a,b3c2c522-98b4-4da8-afe8-b98d12b377cd,813.83,Credit Card,gateway_timeout,343.12,0,62,retry_later
1fac7665-ac50-4cf5-9163-a41b3016bae4,dfb151a2-7543-419a-9b3d-e9514a998363,1397.59,Credit Card,insufficient_funds,477.6,0,95,retry_later
804249c9-c4a9-4cb8-bb4e-59dd8c56a520,3123a544-5ea9-4b24-a470-0772a4a2f244,9806.62,UPI,gateway_timeout,667.47,0,12,retry_now
74cbe81b-8f84-4ee2-b12c-0c456aa32e0a,11995fa6-0633-4a63-91df-6cd1991c7a62,5586.72,UPI,gateway_timeout,55.68,4,19,switch_method
5f1e915f-5ec4-4f06-af78-dad27e7bed98,906c6c34-9e6a-44c8-b4e0-9aee672f3d00,2429.95,UPI,incorrect_pin,396.74,1,15,retry_later
13e12954-18c7-4c5b-99ff-210c54503834,3a0b5ba2-fc19-4c07-b8a2-9b9a062cb8ce,568.61,UPI,insufficient_funds,948.64,2,96,give_up
a4c5c7dd-89e2-4fcb-b4f1-765882c6c956,d1261d9d-8d96-4b01-9ebb-7f0543bcf6c8,518.52,Debit Card,expired_card,845.61,3,5,give_up
5766d7e3-3d42-434b-89eb-45177a0c5d86,0c6f4c1d-74da-491e-876e-e082a6721945,2515.85,Debit Card,incorrect_pin,162.62,3,95,give_up
8ec4ee8c-10a4-4568-9976-42bdf879e9d4,23758fdd-688d-483b-bb0b-21e14d7f51ec,4474.57,Credit Card,expired_card,763.77,0,29,switch_method
a08ce3ac-2806-445b-9f6b-07f4af8438ef,b9af5cef-4705-41f1-b307-d043be549cc7,3009.25,UPI,gateway_timeout,234.61,0,4,retry_now
7b5dc9ed-3871-4f12-9e66-3791984b3e00,560e6a71-c565-4b0e-a04f-e9a182c3c7cf,471.08,UPI,gateway_timeout,283.34,3,33,give_up
4e76e013-9254-424c-9587-8ee391876057,9e2ec4ee-fdf6-4766-806e-6ae9d3639878,4212.74,Credit Card,expired_card,221.67,5,21,give_up
d25bd166-8cbc-47f2-bd62-7123d99164d2,28a5c264-5cec-43bf-818b-4f44fbb937b2,3145.36,Credit Card,risk_flag,140.49,1,53,give_up
4c1e2ee7-3610-4ad8-84dc-746b44062e10,d1ab417f-024a-4d14-815b-dbaa2853684b,449.5,UPI,insufficient_funds,1077.37,3,38,give_up
f2896705-b8b2-410c-b2a3-637ad1bb1b49,5d49f79d-a63e-4433-b906-c56a1389052e,652.22,Credit Card,risk_flag,504.37,0,21,give_up
4c281295-4ab8-41c3-afa1-0f8681c6eb57,0a3e20af-e60d-4883-b23d-2a3423cb899e,4425.09,Debit Card,gateway_timeout,119.9,0,118,retry_later
767bc984-f36e-4144-9542-88cfeeb0f45a,6bec1570-10ce-4184-84f1-a65c6376691f,1332.94,UPI,gateway_timeout,1428.04,1,31,retry_later
03def0b2-59ea-4267-b2f9-4e8b6022789c,d8e6cb60-7963-429d-ad82-d9744644a727,14269.67,UPI,expired_card,6731.4,2,38,give_up
ceb6ae1a-a801-456f-b76e-faf4639202e4,e5e60dc8-318b-4669-be63-87be6179aa32,3468.47,Debit Card,expired_card,365.29,1,112,give_up
f257c079-ab83-4df1-9696-12493c86e45a,2da78be3-386b-4df7-a4b8-248ec740f33c,960.43,UPI,expired_card,13.39,1,5,give_up
d33e7231-a22d-40a6-8b6e-19844a6175e4,a0f27f29-4add-4e13-a55c-0d401987ce54,1784.21,UPI,insufficient_funds,1435.48,0,29,retry_later
b84c4bdb-64a6-4d96-ae56-5e70b8c4080f,1988fa2f-7b28-4b3d-8324-58252f1da7da,1963.33,UPI,insufficient_funds,5387.66,0,30,retry_later
e9ced1ec-ebec-4e54-9d99-518a21bed1ba,a5e9bd10-79c4-4515-a0df-b137f8ed6e85,701.41,UPI,gateway_timeout,620.15,4,41,give_up
5c7967f5-9cc3-4760-9932-b85f4d03e2e2,9cb7aa22-8518-49d7-afab-83b5cf79ec55,552.05,Credit Card,insufficient_funds,4951.37,0,6,retry_later
e78bfa8c-d636-4631-ab77-ee74a1590d2e,69a1fa94-8f01-4978-a055-e2dd17a5e4de,4499.88,Credit Card,risk_flag,499.18,2,6,give_up
11578e13-c906-4c9f-a79f-d177453604f4,031f629d-251a-49bf-9b46-5e48c39f782d,5425.45,UPI,expired_card,37.76,2,32,give_up
4fa8639d-2402-4935-ae96-16518ee6c413,08d60a2d-4827-4748-a993-5295126729e8,3963.63,Debit Card,gateway_timeout,2330.2,2,2,retry_later
b28d8fed-690f-48c9-8e27-8bcc2c8f5567,86707062-1243-4c92-9595-381b2e14998c,12963.77,Debit Card,insufficient_funds,2721.26,5,17,give_up
4c335d2f-203e-4903-9fa2-e505bc9cf196,07f78cb7-cc97-41e8-8c24-2455ec46d98c,893.99,Debit Card,insufficient_funds,714.68,0,13,give_up
3794b214-acf3-44f2-94d2-4d5d5a4c87f6,aae09ac9-a7be-4e82-9e6e-70ba484f3b6d,15939.44,UPI,insufficient_funds,445.08,1,40,give_up
f8cb7249-2aa0-4f48-9313-0f9e67c7289d,c1622b07-7032-48bd-9e7f-7c32e78f50ab,560.49,UPI,incorrect_pin,7447.34,0,0,switch_method
50b6a1be-b46f-46f8-b18b-12bee995030d,d2b8b8f0-1142-4bb6-983e-294f3cd43897,484.69,Debit Card,gateway_timeout,546.68,0,67,retry_later
5847593e-b13c-4cdc-8573-8b1eaa4c5c6d,e33a413b-ef8d-42f1-a765-84ca9f982164,183.47,Credit Card,risk_flag,85.33,1,116,give_up
1e04c06d-f853-4a4c-ba18-b597e199dbf9,8abc70fe-5e5e-43df-bf4a-be3fb70c7b5d,1012.79,UPI,insufficient_funds,282.15,0,73,give_up
fc2b5a1d-590b-433d-9295-781b66e0c135,7459b48d-5b7c-4d44-bc62-c6e85fe4e4ca,939.32,UPI,incorrect_pin,378.7,3,102,give_up
23fe78c7-7a04-4056-a994-d794eee4763b,9f5396aa-335e-4a48-a014-9172984d40f7,3582.15,UPI,gateway_timeout,777.12,2,61,retry_later
2de55e60-0ea3-4289-b9e2-6e6b96d7503c,0e60333f-7bbd-4900-8b74-4c68de452f27,2482.59,Debit Card,gateway_timeout,945.87,0,42,retry_now
3eb80cbc-79fd-4685-812c-cf8e1ff0481a,03772876-a2d5-4003-bffb-91fa12eb4fb4,383.42,Credit Card,incorrect_pin,281.41,0,14,switch_method
9a312561-9006-4cab-ad94-2c9e81e5e10e,2d9c84e3-d728-46b8-b635-cf823b340d68,1085.13,UPI,incorrect_pin,311.86,0,19,switch_method
7d246058-f424-4369-adea-88052c83daa1,4334c9ed-a54d-408f-9d56-e43b83ff9822,1115.55,UPI,gateway_timeout,705.72,1,22,retry_now
984260ef-70ec-4af8-8394-f5db50a17a6c,139fea37-601f-42c1-b4aa-17f2a8d3f403,179.69,Credit Card,expired_card,85.56,2,2,switch_method
0d6b0c4e-df23-467e-ba0b-584ceb9839f2,45f5e7dd-a29f-4291-860a-d5c0b7f89e00,505.11,Debit Card,expired_card,107.24,1,146,switch_method
48bbbfd0-a96f-4c01-a1de-ef4def8d3431,76c22bb5-ea10-4c40-a5f2-3911c710b4d5,663.77,UPI,incorrect_pin,315.17,0,138,retry_later
239dd736-31a1-482c-a7f5-97129f7fe035,8be456d4-053e-49c1-a83a-0ef2d9de334b,11657.59,Credit Card,risk_flag,1189.9,0,6,give_up
a1844e00-60f7-4e74-b306-6f543564b2a8,252c0ee0-466d-41dc-9080-ca3798294156,2318.99,Debit Card,incorrect_pin,177.47,0,48,retry_later
ceab4a25-2cd8-4271-be82-305013ad6b7b,7f488537-884e-408b-96a5-fd38afcbc2c6,4276.2,UPI,gateway_timeout,363.59,1,37,retry_now
b3c0e278-76f3-4397-be22-854b94c27a32,1b854b2d-2091-4ce6-bec5-46c51d533376,257.69,Credit Card,expired_card,902.07,0,69,switch_method
8462492a-06d3-44be-9536-53a0412cf9ae,1af5ec11-62ab-49d3-8670-6589947369d0,8539.68,UPI,incorrect_pin,664.04,0,55,switch_method
d820476d-a6d6-4dd2-99c2-66330152ded4,529179d6-ba4a-4878-b40a-e8e2f97d28cc,9812.7,Debit Card,gateway_timeout,3207.01,0,7,retry_later
4b36ef6d-bdb5-4d37-b6ef-83ec5a501ca5,22af6e80-b054-4790-adac-a24ac614da0f,134.58,Credit Card,risk_flag,439.42,1,64,give_up
082b26bc-af02-4fad-b900-bfb2c9456856,237cacca-4f3b-47fa-8482-3791b3764f9d,722.77,Credit Card,insufficient_funds,8664.62,1,56,switch_method
84e4b060-d17f-49a5-affe-03d16f6e53c3,f60bb7b8-2fea-458d-add1-76d8020e8011,3444.37,Debit Card,incorrect_pin,1019.17,2,45,switch_method
bb0d3f3e-6f58-40e3-b926-95d1a3c4522d,d8d48e1f-94d0-47eb-909e-ba2df486b638,4178.49,UPI,expired_card,18.36,1,30,give_up
11ac9ad8-eed3-4799-b02e-d183e2104e9a,91f04247-17c7-4b17-8058-590a81ad0d30,748.41,Debit Card,insufficient_funds,48.3,1,185,retry_later
20059aeb-c2d2-471a-88a8-9e7e55adc61c,1c6732ff-7060-4fad-9f53-9c0d106d7836,1215.43,Credit Card,gateway_timeout,306.72,0,113,retry_later
05b3a57b-7928-452c-a820-8333bd31f405,e44d7097-1afc-4ba9-9a1c-38ed383ae02d,831.64,UPI,insufficient_funds,502.35,0,52,give_up
840e0b8a-95fb-4faa-a56d-2cf667e5bf46,fb92cb09-437a-4abd-92de-5bae4bcd03d7,2087.13,Credit Card,incorrect_pin,501.78,1,0,switch_method
e8fd557a-1f39-4056-a7c7-3900f0bc27d8,b1f75d74-70b6-4015-b797-e5269195b58b,8572.65,Debit Card,insufficient_funds,469.99,0,33,give_up
194a8368-e7d2-4270-bd7d-608bab13e704,2e6bc98a-5406-4fe6-9903-f9cf9f61c7ea,663.58,UPI,expired_card,10.0,0,72,switch_method
ce2f7de2-9a42-478a-9fce-fd6e2fb942e5,17677b54-e554-4cbb-9428-6fd6fb969141,6641.32,Debit Card,expired_card,304.64,0,7,switch_method
149141a1-be13-453b-8bc4-02bbfa1832a4,edc1f21d-bf87-42c2-8f3d-c98b737a4bdf,654.47,Debit Card,insufficient_funds,282.9,0,31,retry_later
0d8932cc-c06c-4970-916b-c223b95d7d2d,6be3eee0-d470-4211-ba8b-35ad36fed201,600.69,UPI,gateway_timeout,1872.49,0,12,retry_later
00260958-8b7c-424a-afe3-56d646e21a24,3b3fbbb1-ac9c-4214-988b-518062635ff0,5240.5,Debit Card,insufficient_funds,153.42,2,24,give_up
91dbfdef-ad3f-422c-8719-96e3905c8b4e,e16adf01-fcbb-49c2-9842-2f7f98cf00f9,5994.02,UPI,insufficient_funds,768.83,0,1,retry_later
1eb50caf-f10a-4cf4-977a-b227d54c7fc1,807fc5b7-d305-4ab8-8b11-5dfdb14ae25d,5468.9,UPI,gateway_timeout,202.89,0,8,retry_later
0e42c9a8-5b26-48fe-b1b6-008cd35ac4b7,57868578-0721-4216-a30e-98c7d95ad61b,326.84,UPI,gateway_timeout,18.06,0,36,retry_later
90549705-6f81-489d-a27a-e8e69f2ee69c,c60bba36-2158-41f3-97ee-3df9053ee114,986.6,Debit Card,incorrect_pin,62.86,1,137,retry_later
3c9a8261-7070-4ee3-9919-5a2036879a8b,cf1fa7da-845b-4e07-88ab-05393b058199,5270.52,Credit Card,expired_card,14.42,2,40,give_up
6cb1ea66-ed0e-48d5-ab68-39a5d77fe99b,3fe67293-f139-4b9c-b8fb-5e0fd846da01,1908.37,UPI,incorrect_pin,934.52,0,36,switch_method
dd06419b-93f8-4b98-941d-1b5ebc616985,4184ecd4-43a3-4107-9e9e-af1dd0f24c54,447.73,UPI,incorrect_pin,82.56,2,92,retry_later
f2bf738f-119d-4ee8-a63a-5f42734ca683,2d5dc37f-eb06-4451-87f0-6c5299d61a9c,3280.7,Credit Card,risk_flag,472.65,0,18,give_up
be829d34-3496-4c92-831b-5635f22eadfa,f12af92e-02f3-4d9a-b10a-c5ac81d83f0b,713.91,UPI,insufficient_funds,4310.32,1,5,retry_later
b6cc3210-c565-446e-b95b-f394f5624ed7,eb9d0057-1af2-4784-832f-6efb715d5154,18636.59,Debit Card,gateway_timeout,471.64,1,14,retry_later
65f6d8db-f2ba-43c1-9f4f-c155bcd54c28,b8067443-6954-425c-b1f5-fbdfcbedbc98,13470.99,Debit Card,expired_card,21.92,2,94,switch_method
2e167b8a-01c7-4cd5-9388-e51feabb2632,55683a0b-5b2d-47bd-8799-3fe20c438365,3965.26,Credit Card,risk_flag,177.87,1,67,give_up
150fa4b2-1318-4eea-b826-9471d7a005b9,19b4a8f6-355e-4a66-ad24-8999aa06a752,10607.42,Debit Card,insufficient_funds,3006.57,0,5,switch_method
4b50fb3a-ccdf-4bc1-bbf0-f4b53ddbb7a7,fede4ed6-d1c4-4471-aebe-76d1d0c80945,1966.93,UPI,gateway_timeout,254.47,1,65,retry_later
3657a39b-1364-4b76-9211-2865a8a6d75a,21300a19-a52c-4f51-9a04-98e9ba6885bd,4890.59,Debit Card,insufficient_funds,152.83,0,160,give_up
8481f976-a9ea-4a18-88ab-2275d26c192d,4cbe498a-51dc-4e16-8b1d-5a835b183fa2,12345.37,Credit Card,incorrect_pin,899.84,4,2,give_up
048550e1-470f-407f-ad9b-270c1094c9a2,3111091b-4cf1-4ee7-94c7-0b918c793ddf,2487.79,Credit Card,insufficient_funds,422.35,0,57,retry_later
f0fa47dd-ea9f-4cbe-9398-d7c6b71a71c5,181ebbc0-7800-41f8-8dc3-7104dec3edad,1297.58,UPI,expired_card,17.93,0,28,switch_method
5cfc013c-4dfd-40c5-bbb3-df9c20ce7127,ff2ba326-1ba4-4c60-a291-3a5358ac1d2b,197.16,Debit Card,insufficient_funds,4756.38,0,41,retry_later
5c3fdbc0-9884-41ea-b53c-8a64b6404137,14a95bb5-7ea4-47fb-ae0a-f4bb862e78b6,1622.83,UPI,risk_flag,82.2,0,45,give_up
6d087829-b6bd-4617-bd0a-9ae6a541e8e2,47e48545-716b-4319-8662-505cbef44081,5273.5,UPI,gateway_timeout,765.93,1,88,retry_later
989e1d5e-73ad-4929-80c0-2000be50764b,d4dc403d-640b-41db-b677-7e3af904fb90,6181.54,UPI,risk_flag,4929.63,1,48,give_up
623379aa-0c39-4a47-8f86-d84484e27ae5,7de93918-f41a-4988-8cb9-c19bb1477755,3483.09,Credit Card,risk_flag,656.05,0,53,give_up
6066ed38-c77b-4284-aa4d-d707d4251d8e,621c51de-305e-4784-a5b0-6471fc774473,894.54,Credit Card,expired_card,10.0,0,24,switch_method
569d4ec7-9276-4014-86bc-5a1debc26fd2,0df27246-f9ba-4114-8fc2-334554c3b130,138.4,Credit Card,gateway_timeout,286.1,2,8,retry_now
066e0905-0c64-4532-8e7c-e88b8fe3760f,197e2bde-a3fc-4477-ab7c-739fe1f9e2ef,949.77,Debit Card,gateway_timeout,172.44,0,68,retry_later
5a5c3839-262a-4f55-935e-6180d80fa3c7,490bfcf0-e72e-4caa-b5d7-701a9073cbbd,1217.25,UPI,gateway_timeout,151.3,1,0,retry_now
42f36079-0048-4f98-8bbd-8c1a4bb93f93,9e200559-3c70-45fd-9bd8-bed1fa9c5cf0,1203.74,Credit Card,expired_card,2228.76,1,23,switch_method
6ce7aa91-21ba-49e0-92dd-ebef64f110b2,aa5242e6-edde-45a0-82d2-0a99edf7e4ea,4040.5,UPI,gateway_timeout,2421.22,0,14,retry_later
70acd8a8-6687-4442-95b6-52d1f0574936,5c77e503-c98b-4456-919a-d84f5a41b41f,23893.92,Debit Card,insufficient_funds,276.91,0,29,give_up
0fd8dadc-be6f-47a5-a908-f47907e5ef4b,228b03cf-4973-40ab-b18d-443105da9b4a,2123.01,Debit Card,gateway_timeout,204.41,2,22,retry_later
ff65f03e-c96c-4939-bada-bdbec69b26bd,cdf7d98d-e87a-416d-870d-2d8421fd2b33,1364.1,Credit Card,risk_flag,981.0,0,73,give_up
e4f40b97-a99c-40b3-a7da-aef57cfd4adf,4cdf4b44-e762-41a0-913a-4f226ccbce8f,1290.79,Credit Card,risk_flag,459.6,0,18,give_up
2a6c7bfc-3ed5-4ef8-a2af-67f407b375cc,4053c562-b3ab-4b69-88d6-e6c53d338794,2125.37,UPI,expired_card,7399.12,1,49,switch_method
9a2caf95-e70e-47d2-8c28-f7d030c42188,626fbae0-c01f-4af5-8166-a4f410fdad6f,615.98,UPI,gateway_timeout,69.17,0,36,retry_now
33753266-f261-4db2-b1df-e01c439797bd,4b9531d5-c6d9-4e8b-94e0-61d38b53e9f3,2113.83,Debit Card,expired_card,4425.27,0,96,switch_method
a7f7ba71-4996-4e91-acc0-fd04d06ee640,5076c0ca-0412-444f-8929-335ede2da523,3248.85,UPI,gateway_timeout,5147.66,2,33,retry_later
1273c963-7b5b-44b4-a99b-9359f3cceb2c,5ad49f4f-6ccc-46e5-9053-34bfaca17812,2374.62,UPI,gateway_timeout,52.81,3,119,give_up
db1664c4-34c7-45a1-94a1-73663d5029d3,a7a43380-3dc7-4a07-a5c6-053f096f7b64,3277.4,UPI,expired_card,7497.76,1,0,give_up
d0ad2e3c-4e55-4ca8-b7b7-3b1e33678d26,27f9172e-66c6-482f-a466-44bbc7517201,3177.57,Debit Card,expired_card,909.43,0,55,switch_method
bc47209f-0b12-4aa7-b043-fee3a009d212,b3d27dc6-a3d4-4ac4-b91d-32c2997969a2,180.65,UPI,expired_card,157.81,0,0,switch_method
2af4e2f7-6f2a-44c0-81cf-74373aa5984c,bb434722-3c4a-4523-9e1d-47ccaab04d3a,4137.85,UPI,gateway_timeout,1227.81,1,75,retry_now
4d6b8440-5d23-447d-a291-9cecbc9b60ff,df7a8d60-5cb1-406d-b26f-cfaa30f4a7c6,755.73,Credit Card,expired_card,482.1,0,16,switch_method
292b7319-f830-4a67-82be-50e4e3857292,bd3440c3-f2db-4f28-9901-35289dc23a1a,435.03,Debit Card,insufficient_funds,2138.17,0,28,switch_method
5b5437c8-3d35-441f-9f4b-2c696ccaa0f7,9bd2bc1c-7e26-4be2-912f-d1b113b8645c,430.18,UPI,gateway_timeout,925.58,2,28,retry_now
30095aa9-25fa-43cd-a2c1-3009a2800214,ea9523aa-d5a8-4f72-b136-dff53f3c3526,3176.72,UPI,gateway_timeout,805.93,0,112,retry_now
2c564f90-1f7a-4764-be23-6758fc7f837c,48fb5bf8-0c12-42bb-97b3-62b1c4fd9206,1353.78,UPI,gateway_timeout,2474.89,0,6,retry_later
cd6a3c05-088c-4a15-82d9-fea01b6f5679,656b4242-b921-48be-9141-be890bac023a,203.05,UPI,gateway_timeout,1907.32,0,65,retry_later
9e059806-1f61-4464-84ea-73888191a305,bf40ac66-d37b-403b-8f15-cd625f7c48dc,3365.89,UPI,incorrect_pin,706.6,2,238,retry_later
78e840d1-721e-49e0-819d-7cfbae8c082b,4a8034b0-1819-4ad3-b5b7-415b9d21a53d,278.25,Credit Card,gateway_timeout,3336.69,0,1,retry_now
9475f767-5ae6-42ac-9a23-2fce03477c72,6b22f4ff-5117-4422-b2c1-fcbce60e0d4c,2168.45,Credit Card,risk_flag,347.99,0,202,give_up
2257396e-f892-4472-ac18-f3cf43256cfc,cbc6fd60-5690-4760-ada3-a0f1287d971f,2465.25,Credit Card,expired_card,612.39,0,1,switch_method
066bb586-3b75-4e10-abb4-a576c1ac8a40,7a4a972e-b133-4ea9-8640-b077c4e1e524,5717.29,UPI,gateway_timeout,89.19,3,110,give_up
196444a2-3682-4dcd-87eb-858d95720c61,f818bf9d-e1ea-4f5a-945c-3623962c39b3,18328.09,Debit Card,gateway_timeout,45.91,1,195,retry_later
9769d27c-0221-4f51-9c49-5c4a155ac491,79e5e9f8-7a09-4e5e-b1dd-bd562917257e,306.72,UPI,gateway_timeout,1034.97,0,297,retry_later
6e96b731-cd56-4912-bd0b-f113d2f2c819,8d26e1d2-630d-4bb8-b7bc-7e35a2743889,1688.82,Debit Card,gateway_timeout,270.5,2,36,retry_later
42529d9a-4c1c-4453-9ec9-51ad2260bda8,538c91c4-757a-415e-9760-13867e77343c,1262.39,Credit Card,incorrect_pin,315.67,0,121,switch_method
5422b62e-eed0-4b9c-bbe3-69d2e78448e0,483f2bc3-badf-4a0b-a22d-c098ca2b2cab,3177.58,UPI,insufficient_funds,163.74,0,7,give_up
d9d954e7-e298-4ce3-a6ab-4c45c16a685f,6c8bf6fe-cb24-40f6-ab5e-aabc472a189b,2393.16,Credit Card,gateway_timeout,614.64,1,33,retry_later
5ac6cb6b-7770-4ab8-a5df-3e5b9cddd738,a8ad5aa7-9e49-4470-b3c2-e0721c300274,1143.32,UPI,gateway_timeout,263.48,1,22,retry_later
b72acb32-f822-4417-86f6-af358623cf2c,ceba0bae-8887-46e4-9788-d10ffddcb1ee,1019.25,Credit Card,risk_flag,404.57,0,30,give_up
8b987046-ed19-4b0d-80c9-b37ed6ec0ca0,821c0e3e-5d20-4e3d-bfb7-855d57af8b05,423.53,UPI,risk_flag,140.69,2,72,give_up
3694996c-2281-4336-a31b-dc08959a8831,d67bc55f-97ab-486c-8c61-a7e91826043b,6530.38,UPI,gateway_timeout,5832.01,1,5,retry_now
29b54096-e674-490b-9ef1-f3def0ffb930,50d694a2-854b-4391-9992-8445878ab00d,3284.49,Debit Card,risk_flag,1027.61,5,378,give_up
08237865-bd8e-462f-a873-85642ef39946,c0083695-d9d9-4ef0-8b92-73b42e68690f,5961.63,UPI,gateway_timeout,13.39,2,60,retry_later
1a0ab2a8-e2b7-4497-8498-64c09c1c2a6a,13346add-8a84-41f7-ad75-1ae9d633561a,1207.71,Debit Card,risk_flag,394.83,5,124,give_up
02f15833-3b09-48f7-9773-3570ec09e60a,dbc9b422-62fc-4b9d-a725-9a49a4841e15,769.79,UPI,gateway_timeout,1892.12,1,106,retry_later
51d7cda1-a71b-4533-b1ce-60c7119c28bf,d63cf8f9-03ba-494f-bfc7-93aff5aa9035,445.05,Credit Card,gateway_timeout,10.0,0,87,retry_now
a0e8e311-3353-4410-a838-6fb200ee0f80,bc54f5c6-4ba0-4c84-a0c0-e5ab9592a71f,2883.02,Credit Card,gateway_timeout,323.3,2,2,retry_now
7774d75a-42a3-4d01-a761-b35916fa5131,a5cd5584-c014-450a-a02f-2abd6f097450,467.91,Credit Card,expired_card,152.56,2,43,give_up
07b8fbed-0750-4f37-8d82-60093edffd77,b4775bbb-c05a-49c0-8377-d4255b5f593e,19995.49,UPI,gateway_timeout,2312.73,3,23,switch_method
002d2370-1752-4329-b325-185ef49f2f39,ef34c6c4-e133-47ef-bb9d-d66c2783a817,330.32,UPI,insufficient_funds,763.01,0,7,give_up
2f1221c2-beb4-4370-9608-d9d2f8259a0e,9e4053d6-0a13-4136-bdcc-774c79c8a3e0,2580.55,UPI,gateway_timeout,383.32,1,25,retry_now
d4250831-6cf6-4aac-aba6-7f08ae69d473,96bf8bfc-119f-41bb-874d-d99a823655d0,13862.06,UPI,gateway_timeout,1121.59,3,62,give_up
b3031ae1-a914-424f-90cb-c2a8c6b14978,5b3dde21-b209-4ae4-a39f-28d7e9b8c253,3939.53,Credit Card,gateway_timeout,1250.18,3,15,switch_method
94070b54-e704-4501-9be4-1236e3cd4569,d54b15c9-a810-4776-ad1e-151a34ae8b89,2271.91,Debit Card,insufficient_funds,2101.64,0,35,switch_method
b2a7b9fb-c03a-4c9c-8968-1c940bc3e936,2140fd20-1a46-49b3-acd6-fd813f172443,513.36,Debit Card,incorrect_pin,537.93,1,31,switch_method
dc6d4474-f0d3-44bd-a64f-754f3f9b03a7,ee65204e-771c-49f4-a7f7-0164eeba6c6b,299.98,Credit Card,expired_card,2273.7,1,3,switch_method
8be98aeb-d264-42fc-af20-62eba9935110,f82cde89-6028-48a9-a281-2ae0562e30a9,4920.01,Debit Card,insufficient_funds,1739.82,0,59,retry_later
5cad6227-d7a3-4ba4-b529-55f5eaada91b,ccb7d379-fa31-467d-ad53-6542aba1869e,12810.13,Credit Card,insufficient_funds,1443.67,4,57,give_up
a657e959-6676-4140-89f6-7c765f49b11f,3ec38201-0df9-45bc-928d-30e54b45af63,1021.98,UPI,gateway_timeout,201.41,0,203,retry_now
4799a2bb-6e26-418a-bef3-a8cb9d9d5df2,ec294e40-46f4-4b6e-86c0-f07c15f74098,411.26,Debit Card,insufficient_funds,291.22,1,21,switch_method
0e89fbc1-f602-4120-bce5-bd58e9f9bc40,60be5bf2-48ba-414d-b63d-e78673b1629e,74.02,Credit Card,expired_card,202.24,3,32,give_up
3c43bdff-5976-453d-9eb6-807b2cca9ebf,f6c7ce02-9137-4a5c-afd8-cd774c4c501c,505.23,Credit Card,gateway_timeout,1925.1,0,31,retry_later
bc50f2b4-2cd8-42cb-b996-070ca1a60ec0,cada8c20-377a-40bd-8010-7159aa1a0b5a,1559.7,UPI,gateway_timeout,7655.54,3,151,give_up
38edfbd8-e200-4c18-8b2b-db572aa556b1,c98dcef0-7627-4a47-ae44-1a27abb98977,14455.93,UPI,gateway_timeout,1596.45,2,31,retry_now
7ba99eda-4e06-4231-a37e-169eb1211d8d,b18aa058-78b8-4086-b3da-ab558ecb1f96,4337.59,UPI,risk_flag,1430.07,2,35,give_up
42ef202c-3f73-4e2f-a0ab-848dac590202,d48b20ed-f173-4df8-a940-685878649e90,2688.16,Debit Card,insufficient_funds,461.66,1,17,retry_later
95a159ee-f9b1-4840-bc5c-6bf903b28724,334a96f5-1cee-40cd-bcd6-33ffb77e947f,1074.75,Credit Card,insufficient_funds,106.24,0,0,give_up
c447604e-a6b9-4bc4-bfbb-43637259d692,06ec86bc-2de0-4cdb-bade-7b441e5e7633,847.16,UPI,gateway_timeout,6095.79,1,7,retry_later
798eef6f-c9f3-44ee-b46e-67e1dd7013f6,230adf11-307f-40a4-908f-7da3cc8c2fcc,11241.21,Debit Card,gateway_timeout,51.22,0,73,retry_now
69914db8-dc61-4727-936e-729f87757b08,58a88878-0db3-4492-8327-7d8775f502c4,2347.16,UPI,gateway_timeout,2249.47,0,68,retry_now
51582b3c-31fc-4887-8ccf-4ed66b877ed1,0b796cb3-0349-4be6-860f-7be062089c1d,117.52,UPI,gateway_timeout,37.58,0,23,retry_later
128eb451-4e2d-4020-94bc-9c0927dc019f,54b51855-9678-4cc7-866c-69694b79514b,753.25,UPI,gateway_timeout,92.49,1,38,retry_later
38251d04-27e6-43b6-b609-35f24a339f3d,f7d434f5-f421-4bbb-b3d1-7609bd354714,592.48,Credit Card,insufficient_funds,10.0,1,21,retry_later
bc148867-23dc-4671-abf3-e491d18777bc,d9bb695d-42a8-4e35-97bb-26d175455fc4,888.79,Debit Card,gateway_timeout,365.48,2,78,retry_later
671bb2b8-51ed-4eda-8c61-7ec3f3708323,2554d23b-74c8-4fbd-91b2-d61aca750d86,3758.53,UPI,incorrect_pin,1032.04,2,110,switch_method
657140bd-7723-42d9-a69f-73fef9362a7c,cd9baaf3-33ca-406a-93c8-f50540c9a510,1572.34,Debit Card,insufficient_funds,168.66,1,137,retry_later
191c4858-e216-47ae-849a-797011522dcb,4427e252-baad-4e7c-adac-d06cbc8c5212,1636.11,UPI,gateway_timeout,400.65,2,11,retry_now
0720c5e1-2207-43eb-8ec5-d1ae38640ca3,ab6741d1-8e68-447a-b7f2-1084de06c43b,9971.79,Debit Card,incorrect_pin,49.43,0,71,switch_method
d8cc4544-a5bf-42ac-8cf9-eb757bd3ff62,e9fda553-bdd1-4b2f-829f-2a9912b39dce,731.14,Credit Card,risk_flag,3413.79,2,197,give_up
5eca9ad6-f60e-4db2-8973-a1e0c230629c,33f17e32-e243-4a54-b0f2-0e6c55fe6850,20403.45,Debit Card,insufficient_funds,948.88,0,63,retry_later
7efa1949-b766-4ae3-8b66-5b6db1de4f66,fad63fbf-5c48-45d7-b91b-94b2fa87487a,755.44,UPI,incorrect_pin,7446.31,1,25,retry_later
cbba9d16-e07b-4e67-ad05-7b5fa4fb514f,6b74098e-57c4-474f-b04e-1f4d24485ee8,2030.34,Debit Card,gateway_timeout,319.33,0,60,retry_later
8ab21e7c-0c2d-4ecf-857e-9997e380a1b2,03dffd65-416d-4ccd-bce6-a6b188467595,1254.43,Credit Card,risk_flag,399.32,1,69,give_up
a7715e79-71ee-4c2c-8055-1a653ec63227,fd2a5468-9518-4f36-9089-182d63e040b2,2122.7,UPI,insufficient_funds,1858.31,0,30,retry_later
2432be8a-5152-4587-b2bd-efaa3046e68f,1371809a-2bea-42ea-8ed5-3af7fc7cc877,3222.68,Debit Card,insufficient_funds,697.65,0,6,give_up
e81b786a-2284-4aa9-903e-1e161ec119d2,dcbe5442-9b9c-442e-9145-94140ee88cdf,3177.93,UPI,gateway_timeout,4249.7,0,55,retry_now
c1e710b3-b594-4f2c-801c-eefab0b1e5a8,a642443b-52c6-4159-a1c1-18dac688c39c,679.22,Debit Card,insufficient_funds,14.55,1,97,switch_method
fcb30a5e-349e-41c0-9b59-56c88b8784b6,875ca3d0-0149-42ad-a83c-cc80664ede71,419.98,UPI,incorrect_pin,5334.53,0,361,retry_later
1fd690b6-044e-41e2-9e29-748ea83ec8e8,d0a9de0a-c184-472a-9b16-c889870eefaa,46822.7,Credit Card,gateway_timeout,58.82,0,15,retry_later
dd7c7e83-5f4b-4090-b71c-0bc0616d7f49,6722f3ae-7907-4d5e-a146-8648357f2f94,963.74,Credit Card,risk_flag,1021.04,0,72,give_up
622fc560-01fb-49c0-a233-675f1defe0f2,6aa9a18e-a2f4-443d-908b-c3e0beb7f235,4487.16,UPI,gateway_timeout,54.09,0,1,retry_now
9a327b7a-74a6-4590-9130-1bb64fc135bf,14cd08cd-d950-404f-9d17-cbfe2bfb5936,223.65,UPI,gateway_timeout,10.0,3,210,give_up
c9ec7b49-7243-4156-9c5e-08633ca729c7,f1abe6b2-43a1-4ea8-a40e-6768ccd0de67,1257.03,UPI,gateway_timeout,66.34,1,0,retry_later
1d61b535-a62c-47b1-ac90-ddb74deb0d10,fdeabbe2-bb10-42f3-81cc-d61db6ca4a08,1532.48,UPI,incorrect_pin,350.85,3,26,switch_method
f897f702-53ac-4487-9a11-92b3fc744f3e,dac06c98-7e0b-4144-aff7-b41bd28143d4,3343.12,UPI,insufficient_funds,180.28,1,4,retry_later
6a34aa1a-ecee-48e1-a763-a1174649d4ea,217eee5e-92e3-464c-ba90-b18641d85e70,52.5,Credit Card,expired_card,137.34,2,58,switch_method
25118831-3a64-4f23-b39c-cbacde5a62b3,efc60d30-1e6e-41d9-a8f7-38c25ece10ae,2243.93,UPI,expired_card,764.58,1,24,switch_method
5feaa338-768f-4095-9e70-3dd2f7d24541,90f0c6fc-6e24-4762-b2b0-056673c7e09e,405.59,UPI,gateway_timeout,10.0,1,79,retry_now
ab4b36f0-bfed-4786-b2b6-526f3d93d0b9,61f4bc4a-58ac-41de-988a-c6b78a232900,2756.31,Credit Card,risk_flag,83.91,1,39,give_up
0e8d0321-f41f-495c-a187-53c88d324c17,3c4daa2e-b1ba-4012-960e-cb779080a859,470.02,UPI,expired_card,249.99,0,32,switch_method
4e8589b7-5763-4dfb-82c0-01906c868820,3b1c00fc-ec28-446a-bec5-a1c00770e650,594.59,Debit Card,gateway_timeout,1004.84,1,25,retry_later
68b36b96-0fc4-4541-b802-53e0d9d99c90,90e73db4-c392-437b-92b8-bffadd29be09,1266.84,Debit Card,insufficient_funds,128.1,3,5,switch_method
e67c94c5-ab06-490c-8631-1d40e6d2254a,e6ca11a5-3d28-48eb-b4f3-f374640dab55,460.34,Credit Card,incorrect_pin,73.8,2,13,retry_later
83ce8a86-5329-4478-b243-c13b54e2adf8,904dfecb-c33f-4232-9809-fe1755ed6803,974.38,Credit Card,expired_card,6720.07,1,61,switch_method
037945f8-d996-4f2e-919c-96734f4f68ed,ba5e713a-1bd8-48d2-bd12-984be3ad2db4,383.22,Debit Card,gateway_timeout,468.98,4,41,give_up
14185308-e77b-4cfa-8595-1a92d7f8272a,2265a796-af46-4a73-bf40-b1447c200f62,166.81,UPI,gateway_timeout,290.81,5,4,switch_method
d2f418c3-ac98-462b-8ba0-99909e985112,0488b993-dd93-40f8-9ffd-facf03bb4280,6790.94,UPI,incorrect_pin,846.19,1,47,retry_later
8c0e5b0b-c3a4-408f-88d9-e8229156f153,75c880a2-22bd-4280-9315-569224ec5c60,335.34,UPI,gateway_timeout,637.37,3,3,give_up
18c9d3b4-5b41-43f4-9cc3-700a0483afac,71ca6243-0eb6-4fcc-a60e-b9ab709f124e,1433.27,Debit Card,insufficient_funds,501.92,0,43,give_up
e7d01dda-56e0-4b7e-b6c2-560a800094ce,a6c8d85e-be30-45ea-ac16-ad9b4c0e6f10,4811.47,UPI,risk_flag,443.22,0,201,give_up
5dedb360-88e2-4039-8c66-48159c6f8d95,3384308c-a466-43d1-93be-c7d953935fe2,812.87,Credit Card,insufficient_funds,2332.84,0,22,retry_later
4fb9f38a-9112-4ba0-a297-f183318c711c,e006b310-72c4-4c53-9d9b-9a83d4f7503b,618.49,Debit Card,gateway_timeout,3840.16,2,77,retry_now
4a21b76f-6cc1-4dc1-841f-c822542cfc06,d8d11f65-44a1-4dde-b614-864474be8846,2426.27,Debit Card,insufficient_funds,595.13,0,82,switch_method
eae985d1-3d62-44b2-9e65-87c5e5be01d2,f84dd62e-a4f3-4e1d-b26a-ff30f883e170,7733.48,Credit Card,incorrect_pin,1714.24,0,31,retry_later
38521f61-8922-4d8d-a153-918e62331d02,9d086b29-4820-47ee-865c-a2623b84fbf3,395.4,UPI,insufficient_funds,320.51,0,53,give_up
8cd6cef5-9517-4ea1-a309-277c73cb7036,01dbd2fc-f2b5-4767-8f9a-1a108bef9998,1487.43,Debit Card,incorrect_pin,1641.59,0,38,switch_method
e0ce7458-088f-4448-956b-1a722ad0ffe7,e80383c4-c3f4-40a9-93f9-080df9600f17,190.14,Credit Card,risk_flag,5198.01,1,19,give_up
50b79021-a773-4184-b6dc-642e3b318bc2,ed77088d-febb-42b9-bee6-9d61dfc306b6,1084.46,UPI,gateway_timeout,548.65,0,84,retry_now
f220f1a0-cefa-42c3-9df4-cc0d7d5a0c89,a5953a3d-ded7-4a12-9d86-e07ff1c0a441,1890.25,UPI,gateway_timeout,1617.99,1,72,retry_later
9de43a44-18f3-4d1f-ad1d-293991df4737,0bb1c99b-6916-4dd2-824d-9ef170cc469b,595.25,Debit Card,incorrect_pin,1824.97,0,138,retry_later
31645e1f-6394-40ec-95d4-44c3d3969abf,cd3e290b-d63c-4d65-9aa1-6933601f6799,998.16,Credit Card,expired_card,440.77,0,57,switch_method
9788c9cd-a599-4f13-b6f6-a0fe20fb3228,a64ed887-2386-4b6a-8ade-78366a3818e9,289.83,Debit Card,insufficient_funds,7055.74,2,29,switch_method
5b834399-abe0-43f4-a633-789ef32a23c8,9080e98f-7b4c-4400-b914-b203ee6a2cd7,1998.6,Debit Card,gateway_timeout,433.11,5,75,give_up
f4f1d5a0-c08b-405c-aac9-6c34d7963f27,b089c6c8-6d7e-4ebf-8b32-e3229084d7b4,7132.4,Credit Card,gateway_timeout,631.3,1,57,retry_later
4964a707-a49d-4d17-9ab8-4a28067e5809,497a2995-7f02-4504-a07a-956251b7358f,434.29,Credit Card,insufficient_funds,2608.68,0,57,retry_later
64574aa4-fab5-4f9e-9879-887f88b169ce,3293d45c-ad02-4c65-8c29-a0cf27bf3e43,804.75,UPI,insufficient_funds,3350.62,4,113,switch_method
45172830-97e8-4765-8f72-900eab064065,5a80d4aa-736f-4162-a573-1949d92f3ae3,3474.86,UPI,gateway_timeout,2184.17,1,144,retry_later
986d6d59-d62e-4210-9800-14425d8e4d5d,1dbd4903-8a52-4cae-9ed4-c52d56860bdb,8740.46,UPI,risk_flag,527.79,2,11,give_up
cdaa7816-18f5-49fb-aec4-7ffcbc5f199e,73e8ca79-d414-40cd-9532-6588703993e7,259.53,Credit Card,expired_card,248.95,0,22,switch_method
f5fc5f39-489f-4d7c-877b-95c28e76753c,f2308f2c-5c5b-4ff3-b5cf-a3b1a530f30a,1451.83,Credit Card,expired_card,403.38,0,63,switch_method
b6a6f68f-48a6-4f67-9787-c431fb5c076e,a7ff014d-a31c-4591-b8e0-5495b0cd781d,2612.52,Debit Card,insufficient_funds,705.62,1,48,retry_later
fb5c6124-0dc5-4db6-84f8-0d7669ed9e61,70f1a8ac-68ed-40e5-9330-1e89a87d98c5,1583.4,UPI,risk_flag,57.68,1,63,give_up
2ac51e87-7cc6-4ccf-84f0-34bd5493fc72,a04f4ade-bcd3-41fd-814e-4d8ce8360ebc,72.25,Credit Card,incorrect_pin,1772.28,1,34,retry_later
ed2ff49f-b071-47c8-92af-3c2aeef022f7,f2c60aac-817f-404e-939d-63c9328223c3,3468.29,Credit Card,risk_flag,556.43,0,31,give_up
1bb8076a-22a1-4863-8e1e-6de252495ff4,d6c7cb92-e7a4-4c11-88e4-c78e78c229d7,13031.66,Credit Card,insufficient_funds,5517.28,2,7,switch_method
797fcfc2-9229-4a65-84c2-c7c43f0e466e,d318c319-7aab-4566-a387-f9f0e504b394,2104.14,Credit Card,gateway_timeout,161.43,0,58,retry_later
7377cac2-e9a9-48c0-b58b-a4553701142e,ad815959-8f19-449c-a1a4-db24ac9de651,473.22,UPI,gateway_timeout,747.78,1,11,retry_later
4cd4875c-4b47-42ed-86a9-b04ee27583cf,7ccb3fcc-5e1e-41d9-b549-625b289dced8,927.91,Credit Card,risk_flag,300.65,0,66,give_up
990f4408-8e0f-4788-a03a-3d5cb8b2ea8b,5e7e38d3-a52d-4d35-92df-49967fcd2090,18049.75,UPI,risk_flag,139.5,1,204,give_up
1d73d5d5-6645-493d-a516-b36a17749365,f8f1b9e8-4566-48f6-81fd-9ca2734187f0,5901.44,UPI,gateway_timeout,1788.36,0,17,retry_later
0e14fcea-7351-42fe-981f-59f2b63f8398,40cf579c-4e71-4339-8e1e-853430482d23,4154.86,UPI,gateway_timeout,630.01,1,9,retry_later
544712c6-de5f-435c-b998-9752a99feef6,1b955def-93a3-47c8-af59-e49bb0ee5655,2873.64,Credit Card,gateway_timeout,760.06,0,1,retry_now
bbb6586f-5b50-4d29-a674-d09862db0e55,1d3e48b8-1652-4c61-9fb1-5849bbb9e8fe,765.49,Debit Card,gateway_timeout,2257.19,1,28,retry_later
80d5b9ff-c71d-41f0-8956-1795e37c4d0f,93d4d085-b4db-4812-845c-0b2e1fab9f93,1393.06,Credit Card,gateway_timeout,395.14,0,14,retry_now
979150ef-7a1a-466d-8caa-02c1c0601730,9a93c789-6640-4598-bb43-6b888dfd1c41,1633.86,Credit Card,expired_card,157.63,4,40,give_up
ffacfd3f-76e4-4d55-96da-90858360ddf1,09520f0a-aa88-424f-90c7-0c4cd7cb3243,3693.93,Credit Card,risk_flag,665.16,5,44,give_up
c4a863c7-08b7-40fe-9fb3-75df951a5382,34fea8c9-561d-437e-880c-0847836b54b6,12856.37,Credit Card,insufficient_funds,241.87,2,25,give_up
b861fb97-e4c6-41cf-9565-f8026e2bb22b,b6dd11d4-f54d-41b4-8503-d7d67420b3b5,7737.54,UPI,incorrect_pin,164.22,5,83,give_up
8816a94c-98d3-46a1-911e-433f01c80bca,531e0094-44af-43ea-a293-5c1889157258,285.66,UPI,incorrect_pin,131.16,0,141,retry_later
97ebbad4-71cb-42cc-88bd-eab0907c0a73,5e34c12b-98ff-4f5b-bdc8-c2e13a496e3e,2419.2,UPI,risk_flag,269.5,5,14,give_up
51cbff00-9702-4505-b2b6-5bdedb44a5d0,1561e031-e662-4475-976d-72b46ed02188,4711.64,UPI,gateway_timeout,3948.95,0,108,retry_now
5d9b0ecd-5c32-4113-8a4b-e98a0f81701e,1f0094a3-4043-4c70-b8d5-608c6849cbbe,4042.1,UPI,incorrect_pin,280.59,0,8,switch_method
5e9bba56-2a8e-458e-9334-0fea153d00f9,f35b68fa-9494-42c6-90f9-c7336d0b6d99,797.91,UPI,insufficient_funds,415.03,0,15,retry_later
52c166ef-06eb-4097-9d65-0199291e52f5,65968103-6cf0-4cee-b6f7-3e0e142110a0,79884.89,UPI,insufficient_funds,814.91,4,49,give_up
d61fa786-e6f3-4cc0-b606-365f8bbb4531,fca949da-8003-47dc-b4d6-b51b507cac3b,343.71,Debit Card,insufficient_funds,1357.26,1,21,retry_later
6c683f9c-67bd-4a60-9b6e-2c679087ae2e,42f19db0-4fb5-45c5-864d-ccdb2a35d73f,442.24,UPI,insufficient_funds,2009.7,1,2,retry_later
3a65c3cb-5cc7-41f9-9599-2cb18114ff26,75724e38-f1f8-421f-b62a-5e3a0f1bbd28,2449.58,UPI,risk_flag,341.2,5,20,give_up
a8a02e7f-630e-49ce-86c1-aa0317a77775,46b27174-84b2-461d-b7d8-fd5640c58c93,28334.74,UPI,expired_card,2034.28,1,141,switch_method
9a3ea889-c025-4091-9190-708ef78c9086,db5f697c-8fc6-4c1d-9319-91d39215e886,609.69,Credit Card,risk_flag,532.33,1,11,give_up
19829820-8706-4cc7-9851-4622f98be631,34c26b66-7e61-4709-b8ab-2e2deb7c8075,1279.75,UPI,incorrect_pin,279.99,0,86,retry_later
128ec5b6-2721-4a74-b3b2-b8c942e7b464,b7d71a46-1636-4a03-b1bd-31d11c79696f,7335.51,UPI,gateway_timeout,1441.65,3,76,give_up
62f25fcb-ff06-4972-b9ec-bd5bdf7260fa,8c535381-a092-4cda-bb46-c03178b29670,1766.54,Credit Card,risk_flag,62.96,5,6,give_up
aac803c4-abcd-4494-9688-0c0e5eef4788,45d41824-341c-4382-8136-a1a7f52829a9,1170.3,UPI,gateway_timeout,8397.33,4,23,give_up
bfaff4b6-0cc3-43be-af19-cd33e560fdbf,4893cdcf-7946-46e2-a389-36ef89b26dab,3771.86,UPI,gateway_timeout,383.97,0,12,retry_later
fbed327e-f5e8-4be0-aec6-1b0a51bcf339,424d22b9-e769-4973-995a-bd086668412b,2576.72,UPI,gateway_timeout,1590.97,0,1,retry_now
a0d1bea8-a24a-448b-8f6d-c67244a3ed1a,f7d2a142-f9de-4690-8576-95413628a449,6902.03,UPI,gateway_timeout,23.41,0,11,retry_now
970066e0-3172-4ecb-852a-c83f73a9b6fa,22a905a1-8a50-45ba-8464-a5d3a26a5f8e,9690.58,UPI,incorrect_pin,331.74,0,13,switch_method
6b6906cb-2ab5-4178-bbf2-f154ae0853d2,a7d9788d-3d79-49cc-9f20-ab0bf01140b5,2694.87,UPI,gateway_timeout,296.86,0,10,retry_later
f05019da-86b0-4290-b494-d09f371737ef,7c05888c-12fd-43f2-9081-1a1ff1733691,2641.9,Debit Card,gateway_timeout,73.86,1,5,retry_later
f46a23a5-7daf-4ff2-a000-af9a59368b3e,4165ed94-1038-4c07-901b-c25531e143cf,2388.32,Credit Card,gateway_timeout,904.93,2,44,retry_later
2846fad1-c961-45c0-b862-1ec9fa2aeb7f,5a81d2f9-6620-404b-ac66-c0c0f3dabd29,3414.78,Credit Card,expired_card,340.68,4,23,switch_method
43e39eac-f568-4227-bb58-a899b8aff444,23f4b9fb-1f35-4555-a49e-5098452a605e,1942.48,UPI,insufficient_funds,124.38,0,143,give_up
7af6c81b-875b-49e6-8255-bc9839d551e1,81cf9473-bcc4-4cc8-9cf8-cd6ae050ea44,1806.61,Debit Card,gateway_timeout,68.39,0,12,retry_later
25badd95-9629-4927-a581-bbe635a463b8,413a9117-2421-47b9-86f0-1e30494e231c,8566.51,UPI,insufficient_funds,111.79,0,55,retry_later
cbfdde8c-c734-4331-a363-9d7e78766e36,83e06704-3c69-4c2d-b205-f00f98ecbd9b,12977.22,UPI,insufficient_funds,3422.26,0,138,retry_later
54e60aa0-5f9c-475f-b575-99339a4483d6,33f13a17-4b5f-4429-864e-eaf6c490a67d,254.72,Credit Card,incorrect_pin,359.26,0,2,switch_method
69380d0c-2fdb-44a6-8b93-50f8630b134b,677f8d7e-573c-40e3-ba93-5fc2646b1f58,1831.75,UPI,gateway_timeout,302.36,0,43,retry_later
879fbd9c-e78d-4ee3-8a5f-0d307c0da866,a3f03e82-8d3a-41d0-a175-504649abfa18,738.56,UPI,risk_flag,241.94,4,35,give_up
af935a1c-9c62-41e4-8142-1e8ff0245fd7,99ef70f4-baaa-41e4-b500-1467b4bc78f4,1206.81,Credit Card,incorrect_pin,3675.52,0,158,retry_later
e06fc108-86dc-4926-a844-8cef3d88ed01,59a9a343-b47c-422a-ab69-55e76e54d9f7,3051.14,Debit Card,risk_flag,1324.73,1,65,give_up
5ab5ddc6-85a0-4440-b786-74defc70dba6,e0e54d57-d580-4d26-bf17-d33d60381180,4316.8,UPI,incorrect_pin,3794.59,2,25,retry_later
0e87155f-6310-435c-b57c-ca4a38a30b48,e806a450-715e-4282-b5e1-478990e9f530,1562.8,Credit Card,risk_flag,176.16,2,74,give_up
35160f81-58a1-4f11-83fc-2011d0b94f3e,0370149f-e47b-41f1-8231-540a452b8708,150.3,Debit Card,gateway_timeout,1769.2,1,52,retry_later
62fe7435-9b2b-4196-a6a5-7509074d0c94,379b43bf-7f59-4e10-9483-0faf83d2d5f6,515.66,UPI,expired_card,10.0,3,25,give_up
1fa5b5d3-ee0b-4609-8a36-d462bb6a7c69,360e51ab-b73b-40ba-9f1a-2ed8002a8d0a,5799.05,UPI,gateway_timeout,138.35,1,92,retry_later
b019ddf2-8fb7-41bf-9080-012f23a7e84e,ec16bd60-9f81-4906-9ca1-54a5e5704647,51.29,UPI,gateway_timeout,127.1,3,66,switch_method
d5786f59-7a8a-4a0a-99d9-9a878549d169,874a2130-abd8-4a52-9ee7-8f57b03b9218,8464.66,UPI,insufficient_funds,5905.1,0,0,retry_later
81611137-7723-49ed-965c-edc1afe98d86,a95ab043-6eaf-443c-9753-c4f46da01ae3,3560.3,UPI,expired_card,173.85,0,120,switch_method
ab687325-425a-4546-b8e0-137f1334481a,1ba82fdb-9a87-4ea2-9d5e-49dd7dff3ac2,10006.89,Debit Card,gateway_timeout,3003.9,2,30,retry_later
5feb2d31-bc1c-49cc-8fea-b0a706f31f54,bb57ff39-e9d5-4bc5-a5a2-cf09ed56c237,1396.69,Credit Card,risk_flag,443.16,0,62,give_up
3e46747e-fcd9-4749-b650-16028d300bc0,0f650b7b-fc61-42eb-b73c-8080d04196eb,123.99,Credit Card,insufficient_funds,70.02,1,30,switch_method
c033ab81-fc81-4a7e-a9df-ae906fd6ab9b,7bb50bf6-7396-41a4-9d1b-3165cc9ed44c,3163.62,UPI,incorrect_pin,206.93,2,127,retry_later
f10caf30-0132-4e84-b8d8-d1bf044209de,bcaec8ac-55ca-49bc-a14f-769dbaee9f66,9481.04,Debit Card,gateway_timeout,69.64,0,63,retry_later
9370a81b-d36b-44ca-8522-a0b5ab830fb4,aa291a01-34db-444b-83a4-3941bc7f50ea,6015.76,Debit Card,risk_flag,362.84,1,51,give_up
68076859-f4ca-4531-8c49-e3e0ff12e47e,541629cf-4919-4ee9-891e-c766a203a3d1,763.95,Debit Card,incorrect_pin,72.96,3,235,switch_method
7edb2e01-90d5-42dc-9ae2-399e2cb16f8f,3294a1e5-b495-4354-ba29-6e8cae0690db,2023.92,UPI,gateway_timeout,1047.3,3,19,switch_method
cd2518c1-9233-4b2f-a7a5-5a3c44a7eb08,8cfe5cb0-7ed8-4ff5-a65e-ab1b0bb43235,904.44,Credit Card,incorrect_pin,1355.81,2,4,retry_later
ed5adc92-01fc-488f-955e-9fe4dfd67d48,eb56c625-8b13-44df-98e7-d4976f1d9ad4,623.25,UPI,gateway_timeout,133.86,2,43,retry_now
96ef83b6-b008-41bf-aa55-3d36bb612ae0,5713c314-22c6-44ac-a810-2193c4584aef,6260.44,UPI,gateway_timeout,264.28,3,33,give_up
5dca2b4b-1241-48f3-b4ee-33816d1405ac,b5b2fda1-eec3-493a-a3d7-3cdea42a7923,381.16,UPI,incorrect_pin,412.19,2,36,retry_later
f94a0411-8759-46dc-b176-a059c66664ef,f66932ec-00e9-44eb-9433-acdb65cef2d1,565.69,Credit Card,expired_card,169.79,0,58,switch_method
2dc4e411-8252-4bc5-80c7-52da488dc189,f810b299-1b2f-4ed0-9255-8bc1b634053f,430.42,Credit Card,incorrect_pin,95.32,0,57,retry_later
7ef52699-d228-4a4f-8dd5-d09e436de938,03189125-2c8d-4c7b-97fd-07d2c444a7d2,260.52,UPI,risk_flag,40.91,0,29,give_up
1974c8e0-98c9-4925-a95b-e428af76e9ac,cba2ba51-751b-4e7a-9ad2-29e2d975b693,2187.11,UPI,gateway_timeout,704.36,0,119,retry_now
0225262b-ab15-4187-adae-adad7173789a,ef87feb0-14d9-4a5a-9ac3-20d598e1d270,8184.14,UPI,gateway_timeout,2166.55,0,63,retry_later
951bab9c-607d-4c1b-a014-3586fe9299fc,f17102e5-9cac-4f73-bc33-07e9cc418bb6,1421.77,UPI,insufficient_funds,261.07,4,132,give_up
8ab792fa-a887-4621-937b-7f15ced0445f,170f728e-f901-490c-973b-a1a8f3de28bc,255.32,UPI,insufficient_funds,753.91,1,146,retry_later
b2300e14-9548-4c6a-9ed2-8441549229e6,b7ce094f-474d-4c16-a433-42869b71b3ec,5387.99,UPI,gateway_timeout,154.21,3,10,switch_method
96e4a459-3d78-4184-adf2-fcbb465f68df,6c54d58e-b50c-4bed-be9f-f6cbb352c137,16178.08,Credit Card,incorrect_pin,742.23,1,68,retry_later
4044c07a-6841-463b-a1d0-0b3d71fe2011,d02ad114-786b-4440-a060-84e2ae3b6717,780.46,UPI,insufficient_funds,24.17,0,22,retry_later
e07fc320-cd93-4a56-a4fe-44eaa41e9664,22aafe39-a56b-49ae-9305-b82163a5720d,970.57,UPI,incorrect_pin,24.12,0,108,retry_later
75f939dc-9de9-4ff5-b933-cb77ad040c07,f6174303-d2c3-4c95-921b-b3d5105221c6,3534.61,UPI,incorrect_pin,131.82,4,79,switch_method
30936f04-3e4e-4823-915a-fadf99a718ac,3cedfc65-b266-450f-8429-cd28a77af74f,14889.86,Debit Card,insufficient_funds,525.16,0,13,retry_later
d26c21c5-ecfa-4d54-ae20-5b9710732a9a,c8f2d5f8-8f2e-42c5-aa6c-bcf5916f5c94,919.85,Credit Card,insufficient_funds,617.03,1,167,switch_method
84bd767f-0661-4fb8-8dcd-d9f25d8069b3,1e4d5836-1a6e-4242-8d31-786ef5346d84,319.84,Credit Card,expired_card,862.25,0,69,switch_method
e46c09b7-7270-4cf0-b277-4de9ec2a7e27,c2eae25e-0df8-4630-8d7e-6f6044fb2f5b,4108.63,UPI,insufficient_funds,583.73,0,178,give_up
ba52685a-df37-4407-bfb7-a11093cb3925,02f5a02a-c252-471c-8e28-e17c9a218917,5109.15,Credit Card,incorrect_pin,421.04,0,13,retry_later
963d77f3-b657-48e0-b671-9045b7ff33df,fb8f1618-976d-414c-a5c2-a72b8aad3373,1822.51,UPI,expired_card,1269.36,1,122,switch_method
2a3ea3e6-9f05-48a6-ac41-d1c516679e7e,3e0d6cfe-7bc2-42ba-9022-dadbd70ce252,875.18,Credit Card,gateway_timeout,44.7,3,66,give_up
f86e15ae-f289-42a3-aad7-a3cd4879ffc8,ab9dc8ca-bc35-4fff-9a2b-39e32ec03e6b,6585.94,Debit Card,expired_card,527.03,1,48,give_up
7e535bae-5f2f-4175-8911-6b240e5fe1fe,cff7b972-677e-455d-89da-285c7bc7d41d,3591.94,Credit Card,risk_flag,362.0,1,103,give_up
082ff991-f7a7-4491-a0e2-308c498aee44,20844cc7-e5d2-448d-a0c4-70c4a2d7ffdb,665.83,Debit Card,gateway_timeout,752.36,3,60,give_up
1ced1a07-e85f-4898-943c-13eb3bd43937,6c89f68c-d772-44a2-83c4-46e1563a2e14,1927.2,Credit Card,risk_flag,2794.21,2,66,give_up
8871e344-de67-4ca6-91be-67baef4797fa,9ba55a9d-9fa6-4f31-9e66-8ddd58a4ce2e,311.93,UPI,gateway_timeout,244.81,3,17,give_up
5691d2a1-88ab-4ebf-a8b7-f94a8b543880,ed82e9a1-5430-4684-8b12-5d774553f55a,4410.12,Debit Card,expired_card,1232.85,0,101,switch_method
fd4c8c0b-2577-4bc6-a057-31429175b98c,d88985fd-ebe3-4961-96a1-73cf4e14f9e9,1285.75,UPI,gateway_timeout,376.19,3,63,give_up
c8199a35-fc81-4508-972e-ed5169fb608e,96f6e8c6-a497-482f-98c9-90f7906e195a,1026.16,Credit Card,expired_card,33.13,1,111,switch_method
cb708b60-b65b-4c49-8394-7f82aab7301b,337e5807-6a6b-4532-b04d-e56145ef982c,1732.4,UPI,gateway_timeout,357.71,0,25,retry_later
eefa23e6-9542-4e3f-a1ed-a9c80048d9d3,2571f3b0-2457-4373-94d5-c586dd0a9edf,1905.31,UPI,gateway_timeout,361.85,0,24,retry_later
3cfa3b43-95ea-4daa-a800-8fdba051c67b,31697744-146a-45ed-bb25-45a55a2813ec,5787.23,UPI,gateway_timeout,219.64,0,1,retry_later
38b8ec68-6fc7-4757-9fe2-1e51488796b8,1808da0b-1332-450a-b9cc-209ee91f20b5,3898.78,UPI,gateway_timeout,935.63,0,87,retry_later
fe2e22a4-52b8-412a-9288-6780f620e068,4dd1ce4d-5962-4507-9779-1bcf77cdc771,1475.38,UPI,gateway_timeout,372.47,2,24,retry_now
06de4a4d-2a1b-4200-b573-5be82074c1f6,a3cc9e04-c811-4970-b81d-04f9bc9a3fd6,4879.36,Credit Card,gateway_timeout,855.0,2,23,retry_later
f6b86ea7-7ccc-4a2b-93dd-744cf4037f4d,070b4652-375f-43e1-b7a5-919063901985,3044.09,UPI,risk_flag,6273.2,4,70,give_up
6bfdfacb-c3ef-4678-9bb5-254b3091ee7e,4fe2dcf4-0ce3-4468-a39d-38fba1047233,1038.38,UPI,insufficient_funds,1542.23,1,17,switch_method
8ae32d65-e0e0-45c7-80c5-f02f4479ef4c,ba39d274-e379-465c-9004-8dc0005f46ee,1537.43,Credit Card,expired_card,951.23,2,143,switch_method
5f10361e-fd22-4405-a6eb-82a05a7238ba,619bb898-7609-45f4-b77d-dbf606ee741b,1491.16,UPI,insufficient_funds,633.27,0,46,give_up
d00e6d65-79d2-4262-b08b-779176f8147d,304cf2e6-2ba4-4259-9747-dd7348526b03,3487.15,Credit Card,gateway_timeout,2779.2,1,209,retry_now
35426346-7056-4c58-9cb3-e143c9d8933d,220798de-f2d3-4309-af57-244c9a6aca80,1122.0,Credit Card,gateway_timeout,2714.11,2,4,retry_later
05f006fc-d874-4ea8-b5e2-c8dd58dcc7b8,afa16989-ccce-47b8-bd5f-799d77b7a3d6,1088.4,Debit Card,expired_card,27.56,2,24,switch_method
f09b5e1a-70fc-4d57-819b-f27d50b378f6,63833729-dcb9-45a1-a24c-224e263a7e58,23374.12,Credit Card,risk_flag,273.35,1,28,give_up
994deb0b-deef-4dfc-8e97-163b2a79957d,5b3965e6-1151-4be8-92eb-281183261d2c,6134.33,UPI,insufficient_funds,1743.53,1,78,give_up
bce3bbe4-b14b-4886-89dd-7f88998e2ece,85db470c-33ff-4660-a973-e3d0d254ebaf,672.65,Credit Card,insufficient_funds,1237.36,0,14,switch_method
286415fe-df8f-41d6-8ed2-1fcd956b8cbb,5139d9aa-7aea-41be-942b-04331983ca32,3797.97,UPI,incorrect_pin,65.42,2,28,switch_method
77f389d5-9678-42eb-9066-c3f0f7556a77,a2cf8e8f-1da5-4b87-b2c4-0493dbe4b13f,2108.76,UPI,insufficient_funds,617.54,2,144,give_up
63b3fdff-84dd-447b-9b57-ae9fc9059161,31dea725-b0f6-46ca-866f-b852d00cfadd,3007.96,Debit Card,insufficient_funds,381.22,1,7,give_up
5d13132d-a569-4bb5-9c44-de600dc35cbd,adf2dcc4-9d39-40a5-a96b-bf362ac57389,2161.47,UPI,expired_card,460.08,0,82,switch_method
619cbbfb-3f7a-44f6-9668-9cbaee27054e,c0fe6981-f941-4a0d-aa63-3c37dba438ae,8489.08,Debit Card,incorrect_pin,5013.94,0,72,switch_method
fa1054a7-ea06-49c7-9233-370c57fb9761,c2f7ce24-1d9f-4b30-9dbf-a07054608158,2833.61,Debit Card,insufficient_funds,956.84,1,8,switch_method
e97d295a-2422-44d9-a3ea-813b0c3997fd,d8f74827-e8e1-4567-84a2-b727991c118f,1667.84,Debit Card,insufficient_funds,604.01,1,69,give_up
c6f44265-361c-4d48-98bd-7882612071f2,bbd52fa7-31d0-43ee-863a-0d38fff9c3e6,7008.28,Debit Card,insufficient_funds,4622.77,0,50,switch_method
4948a2c4-1453-4f5b-b1ce-c6f744001efc,e6876aa6-beed-4014-90b4-2bc24899bffa,2448.6,UPI,gateway_timeout,930.97,2,20,retry_later
e5437e01-ab18-4e67-bc9a-dfd945207d46,97bc1fca-b4df-4d39-b753-52839511637d,2117.35,UPI,gateway_timeout,595.88,0,22,retry_later
4a7dbe2d-1c36-4ee8-b395-e261fe098cc7,2c9883c9-7508-4329-8665-7bfc452127e6,2719.57,Credit Card,insufficient_funds,244.45,0,107,give_up
22596f42-9c3d-4b08-8e32-20429327357f,4decaaa1-ab18-446e-8bda-c6db70be2f10,1600.88,UPI,gateway_timeout,511.29,2,15,retry_now
e3cc3a36-d474-4df3-8cb8-0dbb64b38cbc,3b1a6237-fa4f-4fb9-9ec3-0fdd11bceef4,1829.86,Credit Card,insufficient_funds,680.29,1,43,retry_later
ddb2da9c-231b-4076-879a-9207ce6df317,5155c04b-42a9-4d52-9732-f050f5af21ab,843.28,Credit Card,gateway_timeout,199.56,2,68,retry_later
63048329-8c22-42c7-8e15-ef68d5f62669,461c911f-43cb-4000-ab4f-4720649b5b31,680.95,Credit Card,insufficient_funds,257.76,0,8,give_up
86f72df1-dc36-4120-99c9-710ba7c0e49a,66900baf-86f6-4eab-8f33-6fca5d428c0f,493.67,UPI,gateway_timeout,217.55,0,161,retry_later
e6a76f06-dce1-477e-81b6-47111bc0c5eb,cfda237e-5601-45cf-af9c-0ae607ea25ec,296.02,UPI,gateway_timeout,529.31,0,18,retry_later
0711da3f-b220-4978-b780-4a0c281c017c,59dc71aa-c6e6-457c-8380-98f7ea6f8e40,576.15,UPI,gateway_timeout,2660.36,0,23,retry_later
0f649752-de15-4b65-82d3-1a3188f8384c,cf86c8c4-8084-4b62-ad56-ad94c769a3ad,1441.52,UPI,gateway_timeout,196.27,2,65,retry_now
fb1f4048-2a52-4a3f-93de-e67ec6f36a17,ac1470a1-c57c-41fe-8ece-5e11d15d5c7c,2067.41,Debit Card,incorrect_pin,99.93,0,4,switch_method
03420224-53e7-40e8-959d-dfa7beb9b2e2,e146afbd-1086-4715-b7a7-33029827e752,1270.69,UPI,gateway_timeout,194.33,5,59,give_up
9e2f92a0-c81e-42db-a5d8-563a80fdaad4,27d2f1e1-2a4c-4ebc-858d-956526762c8d,84.57,UPI,insufficient_funds,1873.78,2,148,retry_later
ef0be30e-1cbc-4b38-b909-1f5c1f47789a,648bdbe3-bc55-4267-9b5b-1e141fa296ca,14002.1,UPI,risk_flag,910.01,1,17,give_up
2e890966-e2e3-4eff-a368-97acca22e847,8eecca40-8e3e-4cfa-89b6-8da61fd12efd,7423.64,Credit Card,risk_flag,4680.72,5,26,give_up
ca1d554a-1569-43e5-a919-8b9d6e41320a,d4d263a9-1eba-46c2-82d0-13434b7acaaf,3227.58,Credit Card,gateway_timeout,420.13,0,15,retry_now
4b4ff153-a703-4858-a3fe-d66de8531e26,3246dcd5-686d-4a5f-8f89-e46f7066d2af,21584.65,UPI,insufficient_funds,613.85,0,102,retry_later
ef5ed61d-c433-46b5-b91b-bc42bcc42d3e,3bb4a985-d5e5-4010-8cd7-3e294b67369e,507.46,UPI,expired_card,308.23,2,11,switch_method
1f73570b-5fa6-43d1-b928-ff2c3bbeaa1b,0fc3e711-f868-4ced-8134-1cbc190b6897,21034.36,UPI,incorrect_pin,2593.79,0,25,switch_method
735c974d-d67f-4f12-b84b-2dde8100f1f8,7cc94b98-1ede-4e26-9e93-eb6f86265c56,515.54,UPI,gateway_timeout,521.83,4,55,give_up
6b0c3ff9-4e52-4f12-bbcd-7ce89c04c4f1,2793bdc9-145f-4c3a-bb35-65eac2ae8052,2466.02,Credit Card,insufficient_funds,756.88,5,31,give_up
3b3cdee0-201f-482a-a2bc-9d72730df8c0,91f74a3a-fb54-450f-a21c-5a6d23e3a5a9,345.16,Credit Card,gateway_timeout,819.62,3,4,give_up
b6b1bfd2-35c9-4626-afd0-56475cd3d8d8,0370c9b8-dac3-4472-9a25-8af9950aa7df,1842.91,UPI,insufficient_funds,730.97,4,177,give_up
1e32a36f-2b0f-494c-b255-894e17a03f08,90962213-d57d-4e8c-a021-5a728fe56fa7,2986.97,UPI,insufficient_funds,1014.34,1,24,retry_later
d02e364a-dbbc-4d06-a650-13134c64e4a1,16a4d871-0256-4d1d-b677-36cef0ba196f,1478.68,Debit Card,insufficient_funds,1360.55,1,35,give_up
c75141c9-c9f2-4583-b06e-af7bfcfecafe,a25a6293-a5ad-497e-843f-4dda9cd95b5d,4573.53,UPI,incorrect_pin,11.77,0,11,switch_method
7ba6ca9f-1a2b-4950-bc7a-920d5b19cc4c,3530410a-578f-4c5c-980b-44bfe553c73d,2056.41,Credit Card,risk_flag,3535.36,2,120,give_up
2f38840c-0322-4230-aa23-c4a0dba65f6b,39cd44bf-e4bf-42c8-9e30-cd66e1c3562b,916.77,UPI,incorrect_pin,12.74,0,20,switch_method
7b0b42a0-eb0a-42c4-8e12-29defd841963,326a2182-fe86-4ce6-8928-e679ce3fd8fc,865.36,UPI,incorrect_pin,242.1,2,1,retry_later
98d235f1-da8c-4a99-81ea-61c96f972f76,b31659e3-30c1-46fa-9a2d-00cbf23ee198,5188.44,UPI,risk_flag,68.87,4,22,give_up
8f3c3268-45ca-4ea7-ba47-ff09210fedc2,3f15d4b6-e0a9-4930-a489-ca37781c5f8b,772.89,Credit Card,expired_card,769.01,0,248,switch_method
f805ac70-f406-4300-b107-462613b48087,38b5b245-cc9f-416a-aac5-f12c11fa5e55,5943.32,Debit Card,insufficient_funds,47.44,0,9,retry_later
86d586cf-ade5-4cf5-94e4-9fe580032577,e3039e88-f88d-4e4f-8a73-8cb0803521db,8861.98,UPI,incorrect_pin,453.96,1,1,switch_method
adb9ca64-9229-4a40-8014-dea3fd8d6144,89098ae2-6a83-40c9-8ac9-883f5ac28474,206.58,UPI,gateway_timeout,149.92,2,51,retry_later
aed4827d-a1c7-4a64-acd3-eaa779b5f38a,13c9e516-7248-4fa5-896e-92730dccc6e3,7885.68,UPI,gateway_timeout,1433.4,2,27,retry_later
31ac8954-c09b-420f-99be-3882e55c0da3,5a1aae48-79f4-4a4a-be99-0f95771c993a,26332.24,UPI,expired_card,161.25,1,95,give_up
b0298324-ee88-4cc2-9ec6-13503d5d2ee8,6404e593-7b9d-4f9b-9e6c-c9c7150bce77,2508.91,UPI,gateway_timeout,3842.75,2,78,retry_later
73138cc1-dfa5-4c16-8745-1fef49ce1ce8,2072ff86-5149-401d-8a80-ecf585bf31e3,3939.5,UPI,insufficient_funds,506.85,0,12,give_up
36b55431-dce8-4443-9b01-daa44f2bedbe,7675012c-cca5-4c7e-a7d4-9757f041567a,6961.2,Credit Card,incorrect_pin,586.24,1,49,switch_method
1527c4ad-dc7b-4581-a32c-e48b93c9018e,7fcea7c3-8b5d-4640-9ac5-541ead543f9c,1263.79,UPI,incorrect_pin,44.24,1,1,retry_later
2571fd19-fb14-4911-ba44-404ab62f38fe,29d67c04-42dc-4973-a6da-ca39042e4ae6,2291.51,UPI,gateway_timeout,475.75,0,34,retry_later
6808fbc5-f489-4d90-82f5-6044e51e1105,c3092150-2da9-4ff5-9e13-f56e6c804b07,327.52,Debit Card,incorrect_pin,10.0,0,75,retry_later
26a20709-36bf-44eb-aa8d-03e8d79e88ff,4676f038-3aeb-4c8f-b42e-c0fe6578e13c,2165.11,UPI,risk_flag,397.96,3,32,give_up
aa20397e-2fe6-4adf-a27a-821981ffe82f,48caa95c-59bc-44f9-9fac-1c15dd17ba86,3454.89,Debit Card,insufficient_funds,288.77,5,7,give_up
29b40431-dd0e-4ae9-8a1e-c26e27329130,6cb2cda5-6348-4e57-9e71-4101c23c17f3,3536.92,UPI,incorrect_pin,1814.5,1,3,switch_method
b8610ca9-bbd6-4eee-82f1-cd2366b22b34,40822e24-38eb-47bc-9646-17cdab47a2a9,7223.19,Debit Card,insufficient_funds,68.21,3,115,give_up
eec31ab2-22c1-4f2d-8355-138a8c3dd431,ef46305a-4051-4548-8b54-d46431439e1f,660.34,Credit Card,risk_flag,134.49,0,133,give_up
8d76caa3-ca46-45d0-b41c-0b101cd0787b,0feddd85-8545-4056-815b-76b7efbed5b2,904.71,Debit Card,insufficient_funds,842.57,5,25,give_up
a07a3424-875a-4d87-9fa7-411f6ad67d64,b0a66482-9335-4d6b-83c4-f5fca19a4eb6,21251.01,Debit Card,insufficient_funds,1300.49,0,10,switch_method
8e63f1c4-f4f6-4ad1-a63c-411d9e97d898,dcde4888-a0fd-4e80-b3d5-e0d7f127f88e,1487.09,UPI,insufficient_funds,131.01,1,230,switch_method
cfc231f0-f240-493b-9a89-d8856ae9a6c9,c95cc5d5-0034-4427-83a7-056f0900a5df,2345.01,Debit Card,gateway_timeout,4188.01,0,47,retry_now
ff714ccb-889f-45cc-a2ed-c0b7f49dcbd1,bcbdf0e5-b7d5-4e94-8f4c-47f7d9cc3aa4,1657.2,UPI,risk_flag,3573.36,2,38,give_up
94b6e162-79a1-451a-afd6-8e88fb5d0bb8,a6fb7b26-1190-47b3-9d99-9d978ef37def,621.3,UPI,gateway_timeout,155.65,0,81,retry_later
fefd2da8-40eb-451a-a2e5-66d0904f399e,5fb923f4-1a7f-4066-8630-f029e2bad48c,14921.94,UPI,gateway_timeout,144.74,0,11,retry_later
adab6eaa-17c3-4c55-a78c-db15e3a198ed,e7642eaa-51d4-44c3-9c67-cce66e87c003,910.49,Credit Card,incorrect_pin,865.32,0,52,switch_method
30facc86-3c6f-459e-8679-25593899c160,3315b0a5-bc03-4931-872b-cf98e250c77b,417.6,UPI,gateway_timeout,97.65,0,132,retry_now
3dbeae07-f4c2-408a-be8a-2ddb3999ad28,33b62dbe-bcb7-4d4d-9dd3-21d7a3aae17c,1006.3,Credit Card,gateway_timeout,333.17,0,1,retry_later
5e8125c0-c10f-4968-98a1-5ad84ad9ab0d,73d0375d-da0b-4311-b3ec-d9bea29ad0f9,133.99,Credit Card,gateway_timeout,214.84,1,67,retry_later
ee6cdc4a-ab85-4e63-849b-d5c1356a5d53,a74bc40a-d870-49d8-a52b-c929ade790b7,775.36,Credit Card,incorrect_pin,729.49,0,48,retry_later
586640a4-d741-42c7-8d03-fea2058c25b5,4e67420d-de7b-4a7b-8262-47836f2802a3,513.59,Debit Card,insufficient_funds,3068.69,0,180,give_up
23d67f12-e1a4-4922-a2ec-5c316b2008a5,8354bb09-d74d-4fbf-ab79-5e03db9ef866,4034.58,UPI,insufficient_funds,318.19,0,17,retry_later
b034302f-1eda-4f9d-8337-5c74674af852,69de31dc-abb4-482e-ad90-723c4f697ddd,753.37,UPI,gateway_timeout,984.59,0,117,retry_later
ffc3371a-ce03-404b-ab3f-5e9b1f525fa9,df7079fe-e10f-4fee-9f89-eb036fa905f3,5733.87,UPI,insufficient_funds,6900.44,1,22,retry_later
d7076e5c-4838-49be-8ed4-6fc44cc7cb6e,7908d958-a88c-4105-befb-6f3b076c5cbc,11137.01,UPI,gateway_timeout,459.19,1,33,retry_later
f053df66-ee29-4276-9b80-aa75b2b125bd,491d47ee-6ac5-44dd-9d4e-dbee1354a391,4991.68,UPI,gateway_timeout,79.0,1,14,retry_now
2e7a3aa5-0566-40e4-bd31-3db2113789d3,11dea502-2a2e-4ae2-9531-89c64d049115,1366.48,UPI,incorrect_pin,74.88,0,119,retry_later
b13509ea-2261-4d41-b231-49431fdfeae0,c63116cf-57b0-4d69-aa83-e9d9207078ff,2172.1,UPI,expired_card,100.58,1,13,switch_method
e91bcbbb-67b2-4014-90d8-6cf999bf01d1,a2a7aa3e-fa6a-4a74-8c70-d055b09e0cfd,249.02,Debit Card,risk_flag,306.31,1,117,give_up
1fb2426d-fe62-4251-81f5-f88689d6b92a,74c6fc8a-abfd-4b72-bfbb-059f91f179e6,1519.42,Credit Card,gateway_timeout,1018.02,0,36,retry_now
baf0bdb7-313c-49ea-92a0-05b8f12bee00,61801712-bcb4-4746-b28a-6b92c8fcb25b,590.77,UPI,gateway_timeout,317.08,0,108,retry_later
82c6bdfb-02b4-47f7-a723-84cacbf3c084,5bb18cc9-385e-4e69-a4b6-3ba4ef43aafa,4458.75,Credit Card,expired_card,580.31,0,18,switch_method
d8d66cc1-8e79-4e29-a2d6-40358bab0a7e,29805623-ceee-43a5-acb6-8e74f96b4794,51255.49,UPI,gateway_timeout,2689.32,0,8,retry_later
68659d33-e559-4a61-b382-910ba9972ea0,9db4057b-8614-4144-a480-42faf2f9334c,3462.58,UPI,gateway_timeout,1136.79,0,48,retry_now
1dbbfb45-c140-4399-830d-7ef68caa11ce,f6c199e1-a75b-454e-acad-75d3404af17d,135.85,Credit Card,gateway_timeout,307.61,0,42,retry_later
5031544b-5e92-40ad-b55f-69bec05f05d0,dcdf4c4a-3619-4cdb-927a-a0827809bb93,1130.48,UPI,gateway_timeout,628.76,0,26,retry_later
8ca76a1d-973a-4274-a531-60d5eb781662,1021f467-3ec3-4ca7-bcec-0e473757369b,2120.14,UPI,incorrect_pin,1312.25,1,65,switch_method
b2ec353e-7023-4dd5-961b-87eb97d9d3cc,dfb1e1e0-23f6-4ecc-b459-726b4ee5cb45,2025.49,Debit Card,incorrect_pin,192.46,4,5,give_up
cf180e22-8e7e-4b46-918c-fbcbf4e5f1d5,fc99ea44-5890-490d-aec8-47831c447dbe,699.2,Debit Card,insufficient_funds,348.85,1,58,switch_method
3c3d7998-7ea9-49f3-b092-03625269d0a1,68a8b70c-540e-43ce-aa6c-2e2c6d17455f,2487.12,Credit Card,expired_card,155.95,1,14,switch_method
a2e19ac7-d884-4d04-a873-890fba36c9b6,45246eef-96a6-4c79-83da-5c66a46db27c,359.51,Credit Card,insufficient_funds,70.98,0,8,give_up
d7119127-be08-4109-9f07-d7d8b8509c58,fd81dbe8-efa0-4b9b-947a-97693e92dc10,529.33,Credit Card,gateway_timeout,70.03,0,144,retry_later
9897391a-a05e-4812-88f2-8b4b1ece9a69,b6824a28-0a44-46c9-a974-d62d47f92154,4186.15,UPI,incorrect_pin,110.99,0,36,switch_method
81bd5369-760c-4681-a266-a381ed1a7d8a,3207a3cb-36c7-4738-ab87-3ee25f35ba3a,482.82,UPI,gateway_timeout,2763.74,1,86,retry_later
342da8b1-a147-42c4-988f-a60c19548de4,66acc1be-25f5-4a0f-bf38-cfa0118824e3,3639.77,UPI,gateway_timeout,462.28,2,5,retry_now
3a2131a3-817e-47a3-84f3-b96f34c705ef,2b6a3bf5-b81e-4200-8290-730b90fc82a4,304.81,UPI,insufficient_funds,670.56,2,3,switch_method
d6817826-bfa5-4218-90e2-76c49173c78e,d54006b8-3e55-4b59-bbb8-55380a2f718a,17930.77,Credit Card,incorrect_pin,95.25,0,40,retry_later
8a882487-bc9b-44b8-8de7-96aee65815ac,cbea788e-e0b0-4312-8bdc-24dcdd75d76e,660.8,UPI,incorrect_pin,5091.45,0,22,switch_method
01c7dce6-7d8d-4319-9315-14655063ad90,d8944aa4-7140-4733-ae5b-6027d1af2687,1351.86,Debit Card,insufficient_funds,13.11,1,0,give_up
d16bfdba-bb8f-4d4c-9aca-6df5394061e4,eb1f2b03-0990-4104-84a2-4d0624166047,2778.86,Debit Card,gateway_timeout,515.22,1,12,retry_later
7687263b-9d4a-4c1d-8042-91a6883d6262,fba4c070-ae22-49bd-a18a-4e9796bb128a,867.01,Credit Card,risk_flag,276.08,0,14,give_up
cbcb0c16-633a-4acc-b242-0c0f495a1675,da94f8cd-f77f-4c76-9536-b08d2750a48b,2178.58,Credit Card,incorrect_pin,576.52,1,20,retry_later
084a3a0b-fa17-466d-8f08-e5fdd38f0b37,6416971c-bb63-404b-8b7c-f36931894dd3,3819.84,Debit Card,incorrect_pin,1300.09,0,125,switch_method
7543d1e6-c805-4463-a707-40f3ec072279,89052b6d-789c-4ad4-a364-115153a24e0a,6303.1,UPI,insufficient_funds,205.0,1,32,retry_later
f342e7b2-b0c6-43bc-8d09-a2fbf692b9f5,c32eda88-aa69-459e-93c6-d2fadb169c7b,5059.11,Debit Card,insufficient_funds,210.16,0,68,give_up
770efdf1-d0ba-4be8-a1ca-1c5cceb5a1a2,769c5143-8cc5-48fc-acfa-95a3c9f46a91,1446.13,UPI,risk_flag,10.0,1,1,give_up
657b22d7-670f-4c11-9e94-0ffb2a153c57,7175afde-663b-491d-a24e-32439d7cdcc2,1494.25,Debit Card,insufficient_funds,439.85,2,100,give_up
906bb631-9f75-4105-944a-b7b0d0e4d459,e4b790cb-4d9b-4f01-8bed-12aef185ac2e,38324.36,UPI,incorrect_pin,2344.1,5,16,switch_method
9168f02f-639d-4df1-8c84-2eaaa36cab3a,5e2d824c-5719-4743-a4c6-3dd16035702c,6215.84,Debit Card,expired_card,1337.37,3,22,give_up
0c09d72a-67ae-4339-9397-4f1d5776307d,b861d319-5e8b-40ae-9d63-d2f36fedeceb,545.46,Debit Card,insufficient_funds,204.87,1,2,switch_method
21f1fac2-8c77-4518-afc4-ef6c65645c85,9af8c93a-8c96-4e60-8886-947dc016ec31,2059.02,UPI,gateway_timeout,252.24,1,31,retry_now
88758d22-aeda-46f3-a3bd-340debe7e588,b85c9a8c-bd8e-4f81-81c6-988d07452389,1169.48,UPI,gateway_timeout,880.34,0,114,retry_later
d8ed9fd1-4fe8-43d0-8c7f-7859c5b95770,02f5ccae-b502-4e18-a0b4-997e1a21ed8e,1516.36,Debit Card,insufficient_funds,835.71,0,28,switch_method
5d4dd63c-c240-404e-9548-f136e114dee7,d0e95a44-524d-41fe-904d-0bbf94a6e62b,365.64,UPI,risk_flag,29.45,0,143,give_up
4353c914-02b1-4214-a442-b2a7db2ee707,adade104-8928-4963-a343-d90d526e3b86,1058.39,Debit Card,expired_card,160.7,0,121,switch_method
9fde76f5-99a8-43ef-b6e2-a27c43695648,47f6b220-778c-4027-ae1c-edab61c7822f,19053.81,Credit Card,expired_card,174.92,1,3,give_up
787ae8a6-a5d0-47df-b61d-4a727a6fe420,bcc6d653-61eb-4d1d-b9fc-9fd76ee2e281,3838.36,UPI,gateway_timeout,824.06,0,21,retry_later
ce7e8b43-9a2f-4a0f-b74a-71b5e5d47108,49a50f81-5340-4210-bc0b-67bcdf72a12b,70.92,UPI,gateway_timeout,1612.76,0,144,retry_later
6b8827c3-d82d-4baf-824b-6c6b9a1b0bc5,de496e02-47e7-4a91-9b00-21b61c60e41d,8793.26,UPI,gateway_timeout,19.74,1,1,retry_later
a946bedd-a5de-45bb-b0c7-4e339c71ac6e,389a56ae-1e91-4361-8121-6aea7f65dbce,7454.09,Credit Card,gateway_timeout,480.13,1,87,retry_now
aaeea9d1-1db3-4023-b0ad-f6788f2faa9f,26ac9fe6-b309-44e5-9a89-309a87472b5a,1133.35,UPI,expired_card,3558.63,2,142,switch_method
3aa54f35-3dd1-4316-a719-e141366f72f2,1b774d03-db6b-4114-a2d0-937ba1448cc8,4593.71,Credit Card,insufficient_funds,243.31,1,88,give_up
d271e018-1287-4559-8b26-2673e8a1eea0,45e5eba6-b6dc-46a5-ad2b-531962d86dd5,591.57,UPI,incorrect_pin,1762.2,0,81,retry_later
df9f8643-4dc3-4b58-ad7c-632d3fdde272,ed086bd2-3e8a-469d-b5fd-f00e1a5b4e82,981.09,Credit Card,insufficient_funds,81.9,0,111,retry_later
6821e95b-e8dd-4875-9c83-1aa5e707a071,bbbde9dd-6baf-4995-a838-64cfa1f89640,12684.17,Debit Card,incorrect_pin,195.61,2,65,switch_method
40560a97-ddf3-4511-9390-62d026a148b0,f72c9c01-ce76-498d-bbc0-c7978a13e870,1269.97,Debit Card,insufficient_funds,809.71,0,33,retry_later
a17925c3-9b97-4da0-90d9-ec26c26da100,32618008-3b08-4bee-8994-d4585d62edc8,159.07,UPI,incorrect_pin,426.22,1,3,switch_method
bcefe818-92a7-49bc-bb3a-264f829d07a1,edaacad5-aa7e-4a76-bee9-18974f8810f7,1665.21,Debit Card,incorrect_pin,707.43,1,93,retry_later
ff44869b-8359-4616-83f2-47b7ac18284b,25a45041-9087-4806-bb2a-dab3cb1d1180,1632.45,Credit Card,gateway_timeout,239.59,3,141,switch_method
818d8ee2-35cb-4336-898d-360f77dd7f26,414ba9a5-5554-42b6-b66e-70d8c3f91277,8585.92,Credit Card,gateway_timeout,296.23,1,42,retry_later
8896c5f3-0187-43f1-b4ca-d87f396e4d32,f65758a9-5074-402d-8b12-4eb54da6ae81,1842.06,Debit Card,insufficient_funds,374.59,1,45,switch_method
c169c529-0a8f-41f0-a7e1-214e47e71e11,ffff9362-9c13-45dc-b486-980f7dd034d9,1045.18,UPI,expired_card,429.6,0,30,give_up
84a05774-2190-4eda-90ab-f2a2fd736045,80dc1a7d-cc74-43f7-a313-fb3d440867de,7034.44,UPI,risk_flag,444.3,4,116,give_up
759b60e6-e111-4810-b558-01b0507f455e,fe345331-b56e-41b0-9ea7-f09b6c9fc882,2115.46,Debit Card,incorrect_pin,364.41,1,0,switch_method
337ac0bc-de2a-4d38-bc5f-63ad3248c90c,860c3d21-82f3-4976-a748-7f7708ff79df,681.96,UPI,risk_flag,2327.06,0,58,give_up
8422df1f-e1c7-41d9-935c-b020d9f30120,fc63070d-6f8b-478b-bb5a-5d9fc185a25b,8115.22,Debit Card,gateway_timeout,209.03,1,142,retry_now
81ee3fe9-1112-4cbc-9b11-8454f0ec846c,5ecdf1f1-3972-428e-8426-db83b4c9df1f,2325.66,Debit Card,expired_card,4907.57,0,6,switch_method
cb649bb8-4ae0-44c5-9355-631d15ed6fc3,2e4b60e0-97e3-469e-95ee-8f310f862720,1814.93,UPI,insufficient_funds,4822.81,0,191,retry_later
0a95e5bc-4f7b-4d52-be85-01c627b2d00b,7b602079-5630-4581-938c-ba9d4b36e8d4,2278.52,Debit Card,risk_flag,173.87,0,205,give_up
39e36c6d-26a8-4d97-8687-324f60a51f72,11a13c9b-af41-4cfc-b9cb-0421c1f66929,449.5,UPI,gateway_timeout,1707.2,2,159,retry_now
d493f23a-2131-4a59-b805-fb3915bfd531,2aff8c06-83fa-4944-97cf-9a39dfb6005f,910.55,Credit Card,gateway_timeout,385.29,1,37,retry_later
11f08dab-2de5-4a13-ac53-f8d824458f15,6d31e31b-3922-442e-8c75-1c299c291d3b,1816.48,Credit Card,risk_flag,280.39,1,28,give_up
973382b7-bb82-4a9c-a2bc-e4144f29940b,72743135-8e70-46f2-8a72-66d131ac6516,1403.8,Debit Card,risk_flag,856.89,1,73,give_up
7629f542-0144-4b48-838f-53ac15e8a6be,ef2269c1-b2df-4549-b59f-d99d83fc3f28,9453.66,UPI,incorrect_pin,512.08,1,23,retry_later
d33971ee-06c3-4b9a-8c02-e96845e1aa91,50cac0e5-0da4-4800-8cdf-07f918ff8cb0,2398.57,UPI,incorrect_pin,505.9,0,4,retry_later
82221822-2b58-4ab1-a2ee-375a7e5e675d,1e05371b-1213-480a-9c88-a4d419030704,5493.8,Credit Card,insufficient_funds,94.77,0,139,retry_later
3b23140f-1ce3-4a7a-9578-80a4db11039c,1271d1a7-d861-4691-b053-926efdeeb0f4,1830.26,Credit Card,expired_card,640.04,0,60,switch_method
a985190a-a665-4ee7-b9fa-147f183df3d7,43a23007-e1d6-47bf-9403-aed1f2244494,7137.91,Credit Card,incorrect_pin,2695.15,0,13,retry_later
868126ce-e47d-4384-b005-f8a101c94f00,ab39fc95-d113-40dc-8e11-2224dc727e7e,3031.42,UPI,incorrect_pin,502.74,4,1,switch_method
d617ebd4-de27-4ccf-b1cd-f23946fbcf28,e95e78db-0bb5-4b86-90e1-64ff083d4e9b,1839.86,UPI,gateway_timeout,279.72,2,77,retry_now
7c632803-88c4-4ac4-8f8d-6cb3a3493be3,0af13338-6797-431e-9060-b8452a9e0f85,1777.09,UPI,incorrect_pin,169.22,0,114,retry_later
4c683993-e8b8-41bd-b694-4e7d7b4f8fd1,2f6ff469-0bfe-44a7-a58b-eba5ddb0f82f,522.82,Debit Card,expired_card,1439.34,0,31,switch_method
ce19cdc6-5f43-412e-b6ac-a1e19cb187cc,ea6a89c6-57ef-477f-8001-719743715f70,3494.66,UPI,incorrect_pin,383.94,4,5,give_up
3a2ec381-7dd6-4f6c-8590-7a95a931ee50,3e25478a-dd87-499e-aa6e-a7a1db4a21d3,1715.97,UPI,insufficient_funds,540.74,0,62,give_up
45de0670-0d70-4fac-8ab0-6a06571e8317,af9ed337-a11f-41ff-8e30-54c03912556a,941.44,Debit Card,gateway_timeout,20.21,1,21,retry_later
7725fe7e-c895-4098-83fd-da1fdac9052e,8e0acf9f-e80f-4316-ba4a-28f36d44e8f8,7619.0,UPI,gateway_timeout,21.56,0,9,retry_now
8ccbc555-0fa2-4d83-b772-37fe9de448b4,5bd68164-a745-47fb-900a-911f8491858d,355.92,Debit Card,insufficient_funds,3083.78,1,42,switch_method
1046bbd0-c2e0-4f65-952d-d966fd562201,48b12db4-3aff-4131-b2e7-473f5449172e,1043.94,Credit Card,expired_card,585.98,4,39,switch_method
9f2cedad-9490-471c-bdf6-899a9f3d2b01,5ecbe006-b536-4ae3-ac11-c1d8d716266d,6877.66,Debit Card,gateway_timeout,6314.81,3,43,give_up
b77fa5d7-81a3-42fd-8286-a23fca280e57,ff485467-7009-4d4f-9d5a-00ce05ef7e4a,2724.88,UPI,gateway_timeout,134.17,1,104,retry_now
ede9bbd1-5cb3-4e6a-8d9c-d41895db918a,b0102fdb-37d0-4744-8571-519b90108daf,1698.98,UPI,gateway_timeout,2178.83,1,39,retry_later
7e149b4f-60c2-40ef-a824-1a01106dfcf6,46cab33a-52d5-4758-8d87-dfa4ad6e9054,2505.65,Credit Card,expired_card,122.38,1,138,give_up
9bb7c148-13fc-40a4-9c24-443dad738f39,a1e2074d-e187-4044-832e-9165345d876e,2282.98,Debit Card,incorrect_pin,3168.1,0,110,switch_method
8ae8beb0-f238-4b5e-b60c-548a10f90467,341524c7-a1f1-4d40-b8ff-b7f259fddf51,251.73,Credit Card,gateway_timeout,224.1,0,63,retry_later
5a3fb70e-c1ba-4ef2-b41f-0a77ae4fc421,61c5b888-d7bf-4055-ae96-c698567d6730,1148.21,UPI,insufficient_funds,403.86,4,3,switch_method
384dae0a-e16a-434a-af0a-7cb562b9feb1,562da675-1aed-437d-9190-6c933aa6d095,14786.62,Credit Card,gateway_timeout,687.36,0,120,retry_later
70ab2568-89b5-4335-ab7b-75025443270d,1e99ac1c-9191-43de-bfc1-b1d85676d830,767.3,Credit Card,risk_flag,98.06,0,141,give_up
5b939063-1af9-4eb3-960b-ce8c4430b105,576b70eb-2298-4cb5-aeae-26bb0cf17b93,1195.37,Credit Card,risk_flag,11608.35,1,28,give_up
5939ad8e-e3d7-4380-8715-ecd8ee24474d,f3487ab8-47e2-49b5-8057-697c24a71e1b,894.17,Credit Card,gateway_timeout,3901.94,5,44,switch_method
74561831-e762-4f28-b77a-e17dc7852216,35e60943-41e2-40b1-aa1b-b4d0d7c4713b,1614.66,Debit Card,expired_card,125.36,1,19,switch_method
87df11c7-b23f-48d8-a81a-809f22d0716b,506cbc09-1453-41ef-b022-cfcbe305a3d1,847.2,Credit Card,insufficient_funds,81.58,1,0,give_up
adbdc78b-bea0-4d5f-abf6-7b14bc53094d,cca950e1-a92b-4a1c-95e0-d9e5acf8b66f,3404.2,UPI,gateway_timeout,394.36,1,39,retry_now
9b763d6b-f112-412e-a227-153777d97fdd,a9408d12-0007-40b9-89b8-dd5e1804659d,2336.73,UPI,gateway_timeout,23.64,2,8,retry_later
c5861346-ca44-4968-b464-a2aaac629f1f,fb4d7660-47fc-448a-bc3f-7f3eccfc2019,4942.43,UPI,incorrect_pin,6063.95,1,12,switch_method
290b9221-72f5-4f2c-951d-8dd83c7303e8,32cedd6f-7626-4fca-9b6c-31d5c54caa3f,461.17,UPI,incorrect_pin,5020.37,3,39,give_up
98fdc696-58dd-4cce-a0e1-ffe86c17cf25,8d32b20b-13cb-4876-acf3-f22652df74d7,1161.6,UPI,expired_card,1009.68,1,121,switch_method
8984cd78-91b5-4fc0-aa5a-61da443a0585,8c320a51-8b48-4bf5-b171-2e95e742b157,1348.25,UPI,gateway_timeout,748.22,0,111,retry_later
36814f4d-41df-46cd-923c-8cd18ab8d7b6,dadab9dd-5c91-4fe8-a7b3-0359f011ed77,3269.33,UPI,insufficient_funds,924.4,2,201,retry_later
02fec265-41cf-4246-a8ae-bd65864c3786,13b23235-091b-4ae4-8ea3-eeae1594fbc8,644.72,UPI,expired_card,199.81,2,39,switch_method
bbbb9267-ba36-4ed3-a02e-0280001d83c9,0ae65e16-f108-4e2c-8ab5-83a5c915ef21,5945.26,Debit Card,insufficient_funds,201.36,0,48,give_up
d0139708-f050-4322-a704-bfab20dc6203,77c55cb8-c1a0-4df1-b8aa-c8fa9d376e61,8453.54,Debit Card,expired_card,739.73,0,103,switch_method
43a5d64a-b031-44bb-8eae-b44abf893e42,ad61569c-3f09-42f9-a2f4-0774fac8a9fa,499.93,UPI,gateway_timeout,183.59,4,72,give_up
5b252082-034e-4d2f-9af9-7005f7ed79fc,891c5a78-e85a-45fd-9036-8684d7b7d7ab,955.15,Debit Card,expired_card,163.08,0,12,switch_method
ae80d4a9-5198-4de6-b12f-d13cc481e05c,cbd93a57-de22-42f2-960b-54c66e4b357e,905.5,Credit Card,risk_flag,614.54,1,30,give_up
d3b99562-4722-442c-9732-ef7c98833846,569f8dc9-e5c8-4c68-99af-bb4b85e863a7,55387.1,UPI,risk_flag,603.08,0,158,give_up
a5ee41e9-bc56-4900-a115-80bad8e27a83,cf2f7991-3b00-4225-84a6-3fa834465f1c,1033.94,UPI,expired_card,138.34,1,9,give_up
003ef136-ac7b-49e3-a5d8-f70751c48fea,591b88cf-3037-4942-ad46-25a0c26fcc82,16009.11,Credit Card,gateway_timeout,10109.44,2,14,retry_now
2c7cae0f-e4d3-472e-ab94-26d0ad507299,fa3c445d-2997-4588-a2d5-40fa91e34557,348.41,Debit Card,risk_flag,704.31,1,30,give_up
84d73f1b-9df3-4b2e-b6c6-208f5c76786c,ce98dafb-a148-497f-b0d3-0b6cce258f20,499.42,Credit Card,expired_card,239.57,0,168,switch_method
5b1a9662-2e68-489e-b1be-2daf3a506d2f,1fe888d2-4d71-4ca3-bcbc-16c7b986ac02,740.57,UPI,gateway_timeout,238.89,0,7,retry_now
97b125aa-75e6-4897-9270-c032c03e214d,e97ae3ea-86df-454e-8dac-e08b02d19865,602.21,UPI,risk_flag,853.24,3,67,give_up
523ada86-eed9-4058-8e55-5c67547aad15,474fe917-d1ec-43f3-848d-d7e3edde084e,1276.31,UPI,insufficient_funds,421.62,3,8,switch_method
912094a0-7e3e-41bf-93c5-af98fedd904f,97bae360-e335-454d-9222-0f6031e94ed6,719.52,UPI,gateway_timeout,313.92,2,44,retry_later
9ac55701-a662-47f0-a8f7-fe4c1e561ac2,8af93f2c-2078-4ee7-850d-6a2be7363739,623.19,UPI,incorrect_pin,44.37,1,46,switch_method
a05d0e20-15ca-4aff-8660-7ddb73a0f589,3032ccf3-92cf-4ac2-ba55-24326020fbd4,8151.96,UPI,gateway_timeout,514.9,1,2,retry_later
6ff59ef2-e8d7-4f9d-bd2f-e0700acf64a3,d5aa4948-4cef-40f1-bd88-37f2580270a2,8874.45,Debit Card,expired_card,30.01,3,184,give_up
eadd0e74-40da-465a-960b-9dd6e799d5da,636bdbe6-b717-4ac5-b03b-0e9f7c8da3fd,6211.05,Debit Card,insufficient_funds,282.94,2,98,give_up
009346e1-6290-4954-92c3-9bae61c5016c,39eb2685-9417-47f4-bf09-1ada21ae930d,3573.14,UPI,risk_flag,68.82,2,21,give_up
b69dd87a-c058-41e5-8a93-8673ac1364d1,73a35f10-c827-4d20-9ffe-7fb5e21c6348,2039.72,Debit Card,insufficient_funds,110.32,0,8,give_up
a772afd2-e990-414f-951d-939d540e3891,5af42923-1e17-41c2-a9d8-b390dff30981,947.53,UPI,insufficient_funds,868.26,0,25,give_up
52be9261-137d-4d9e-9259-808413b4417d,c42ea96b-29c4-4b7c-849f-35140650a364,523.69,UPI,gateway_timeout,299.8,2,134,retry_now
7d01971c-8f5a-47ad-a8dd-681feb98e4d5,901ec233-135d-4984-89ae-37e3dce26ac7,2898.34,UPI,gateway_timeout,281.25,0,8,retry_later
a0b60a81-fca1-40c0-b257-16821037915d,dd421400-6d47-4fa0-b8a2-151f54d96996,393.19,Credit Card,incorrect_pin,585.67,1,25,retry_later
9e2b2688-6850-48d0-8da8-ee9d9a72b83a,10f80f54-1f85-4bb8-8caa-43fb5ef1f3d7,496.66,Debit Card,insufficient_funds,131.36,1,40,switch_method
a7345998-f03c-49a2-ab4b-dcdf4d20dcfc,58025891-9d38-4ce4-93c3-88d4be1fad9f,8093.26,Credit Card,insufficient_funds,466.67,0,2,give_up
9a2c6389-20f0-4b0b-bba0-a9588a54b04c,e08695e3-0210-4cda-8166-e7e038ca6edd,21393.53,UPI,incorrect_pin,53.03,2,18,retry_later
95e72748-c00f-4e70-a6e7-b5c54f5a34ac,e74405bf-9d7e-4c50-9f5e-caf0e9335a27,3014.78,Credit Card,expired_card,939.3,0,54,switch_method
b8a2756e-3436-4dfb-b258-3cb02828513f,34c55a0e-4b74-4649-a333-114ca2b78185,7618.95,UPI,gateway_timeout,167.15,2,23,retry_now
3bff078f-5151-4cc1-8e3f-cc12de336f30,5c4270d4-2e35-4894-937b-dbf45fc53fd7,1313.43,Debit Card,insufficient_funds,208.54,0,122,switch_method
e3ade650-772d-4961-97bd-eed179ce1fcc,6081035b-f1f7-4019-b2a2-cb7deb5a59c2,317.67,Credit Card,expired_card,669.49,4,165,give_up
e7270f30-8c67-4403-8a3f-d1f414e4793a,dc1970d1-4719-44c6-aab1-8ed7d059e326,4007.1,UPI,gateway_timeout,358.01,0,34,retry_now
f0497bef-986c-42a1-9199-7f71b85dde4e,7c206636-a2a6-45f9-8c6b-6deb3d7a26fa,3789.83,Credit Card,gateway_timeout,295.95,2,45,retry_later
6cf9a1af-3dbd-4b2b-99a7-84592e963d1a,aae53ab1-4ef6-46fd-8317-8c11202da4be,1984.59,Credit Card,incorrect_pin,291.48,1,59,switch_method
c760a354-f357-45a0-b12c-a2cb347ab8ac,ccd39b70-22e5-4812-8787-4c9f5de11e83,1319.37,UPI,expired_card,3888.82,0,65,switch_method
b569dead-9a60-4374-87ec-2966cabe6fe4,93a68e92-6cc0-4a4a-a8ac-b7bb72d80dd1,6316.2,Credit Card,risk_flag,435.92,1,3,give_up
4d834426-4c78-406d-b2d0-f87011415dc6,3cb02779-ace0-4ed3-b43b-b579c5bb4ea5,501.97,UPI,gateway_timeout,2529.5,3,3,switch_method
35c5e9d8-1158-4025-ba76-39ef8a1db9d4,e55ff01a-e300-4474-8925-9088d99de7fb,661.22,Credit Card,expired_card,6105.57,0,120,switch_method
2304f956-1a51-4b74-a5f2-24246e651ffc,a1d255ab-fb8a-4c56-9709-62b1d8099f8d,487.58,Debit Card,gateway_timeout,830.9,0,14,retry_now
bcc9b1a4-e7d3-4e94-8628-f51db066f16c,4e0164a8-dd36-4163-b63f-b433da3d4e0a,2019.22,Debit Card,expired_card,158.38,0,52,switch_method
ade465f7-09df-43ac-ab91-f288ebe1a138,6ec76b06-e2e7-413f-b026-ec3a30fa0bd7,439.54,Credit Card,insufficient_funds,1640.32,0,58,retry_later
4ebd8b43-8d7a-4c16-a794-5e0c53069407,45db3a6f-34b4-4241-865a-07d093b82455,742.84,Credit Card,expired_card,518.62,4,10,switch_method
6aef5250-6032-4c59-a457-9b40b2f6acc0,0eb00d8d-64c6-4463-b8b6-46df5d5d265c,722.36,UPI,expired_card,929.74,0,86,switch_method
74e86fb9-7707-41f7-a0c7-5c86cefb71c5,2f8c34ff-c9b9-4f4d-8e7d-332e34141a9e,1288.47,Credit Card,expired_card,3987.6,1,120,give_up
05bca9da-b85e-43ff-bbb2-e6b27441c846,943eb204-a613-4a51-aaf1-c9f7a06f82f5,261.49,UPI,gateway_timeout,10.0,0,20,retry_later
0e591670-c75a-4b48-9a1c-95df421a58bc,cd53138b-f85b-4a07-a640-58cbe34bc6f8,2025.08,UPI,incorrect_pin,2445.55,0,126,switch_method
f9e8ee6d-a3f6-4f8c-9a25-e9efe3efb08c,496d0d0b-b598-4bc4-821d-a99d249135b0,9149.87,UPI,incorrect_pin,10.0,0,5,switch_method
ae0634d1-2f24-40ec-8716-ea9d873393ec,043fedb0-bd52-4aea-be45-ad7c476b78f3,2156.28,UPI,gateway_timeout,2267.07,0,96,retry_later
2ba2d18a-8788-4e36-aa7d-f95e3ceeba55,cfb2cc10-88c3-4b18-a9ea-5c3189405f7a,13409.48,Credit Card,risk_flag,496.82,1,61,give_up
cac14837-977f-4219-a482-01bd9a8d65bd,9dc43ce5-a1bc-4882-b2bc-7348025c3584,10241.44,UPI,gateway_timeout,102.65,0,52,retry_later
608dd16c-2928-4103-b46b-2c8b522b6b58,cb07d28d-9449-4c0d-982b-769ab1112f2b,4969.41,Credit Card,expired_card,508.44,2,15,switch_method
69d6c548-5e90-480c-9dc3-debb29d99946,27439a46-bfdf-48dd-ab98-75af3d1b087e,1992.39,UPI,expired_card,3716.93,1,26,switch_method
f5b17afa-f13d-4f63-bd29-bb261f500ade,5a770134-900f-4e47-af06-a756629b79b2,1861.71,UPI,gateway_timeout,248.99,0,144,retry_later
bb60723d-ba60-40b5-af16-e0b1bff2eca7,739e7c15-5f2d-4860-86ca-a8045e9e5d63,4880.19,Credit Card,gateway_timeout,405.87,0,37,retry_later
1ef216cd-4081-4e87-b07d-77ee154b08bb,022b8540-8535-4cc1-b2dc-205393aac3b1,1086.62,UPI,risk_flag,1624.66,0,54,give_up
af4481cb-da85-42cf-83ad-ac2a11919c8b,e20eab4a-1564-4f5c-acad-a8acaaf8db7c,156.45,UPI,gateway_timeout,135.52,0,164,retry_later
b924aa20-0cbd-46e9-92bc-ab17f372df43,125449fa-1d32-42a1-9773-bdeaffa93704,3427.56,Credit Card,expired_card,486.94,1,37,switch_method
6298855f-c52d-4481-ad8b-31ddd16cc1cc,83f86bc2-aed5-41b8-9bf1-03bd1d8780ac,415.55,UPI,insufficient_funds,133.98,3,29,switch_method
777d7559-4f3c-47b3-b1de-eac97489e75b,fb376a7b-2db8-4d8e-b5f6-8198cb2cdfa7,517.61,Debit Card,expired_card,4277.09,3,134,give_up
528082c2-d7ff-4cf0-b549-a13227e7ac64,cc67dff0-545c-4294-b936-6c1521323ef0,1808.57,UPI,gateway_timeout,1435.02,2,145,retry_now
b151007d-8da2-4a65-92f0-b803c9ef14cb,01ce16db-898d-4ec2-a7cd-9903f1351c87,1597.73,UPI,risk_flag,44.47,0,26,give_up
7faa5f52-31b2-4aed-a6d0-5a9f84c0c709,453cf5d9-03d2-4d60-9a63-c4816a19678b,288.39,Credit Card,expired_card,512.27,0,53,give_up
484415bf-e30c-4678-81a8-082a529f2e28,53567927-d971-4a4d-9f23-655d6e1a0ec4,2242.03,UPI,gateway_timeout,298.97,5,199,switch_method
2a6e82e6-c321-439b-92a6-0f6a11ceaae7,cb5b0a21-2e06-4a58-a3ac-c10ab4f3542f,6348.55,UPI,expired_card,102.68,1,3,switch_method
17681bfa-191e-4bef-88c8-4d51c4953a20,f7f85f3c-ea9f-4f9f-b352-5d2e8f5f77d2,417.03,UPI,risk_flag,508.74,0,2,give_up
423db734-fd4e-4b25-943c-b045ff803900,1c1bac7c-3033-49fc-9d9a-b5b7cf9261d9,9454.33,UPI,gateway_timeout,84.8,0,43,retry_now
0335d848-71c3-4ab9-ba06-8c8a41bc9641,72b9c32b-3851-40a5-a74a-eb1b5494d074,237.88,Debit Card,incorrect_pin,438.56,0,20,retry_later
6000f1b6-eb71-49e9-b7db-11c32c3fc4ab,8009c0e2-52ea-490e-9622-b3f569e7f6cc,28353.94,UPI,insufficient_funds,24.07,1,52,give_up
01070b59-2f28-4f60-acbf-cf6964113aeb,a914f18a-30a8-4823-925c-e059daab4a88,1059.3,Debit Card,insufficient_funds,792.1,3,77,give_up
46060ade-6bbd-4385-b0db-8255c4f66c76,5703fa69-1e59-4ffa-9d10-60e955f18cab,2184.85,Debit Card,insufficient_funds,283.16,0,4,retry_later
3709b2fd-bda2-4b17-9131-5c0c01fbdbe4,e0669918-2192-48c2-8345-c1d9b711fcaf,154.53,UPI,incorrect_pin,1120.17,0,128,retry_later
29752bc5-e2bc-484b-93f4-017f21e92a33,3f54d445-2450-48d1-8f17-87d3d92984d9,1667.74,Debit Card,insufficient_funds,1092.71,0,19,switch_method
8e77f02e-8862-4ac4-8241-9774d08fe28d,52a16245-1ed2-4308-bc17-015167b9700a,2433.36,UPI,gateway_timeout,1037.45,0,28,retry_now
916ac923-b81e-4900-8bc5-b825eb146788,95bda371-6dfe-471a-97d5-9c3f530a51cc,1616.45,Debit Card,insufficient_funds,544.03,1,24,switch_method
0f0eed28-74b1-4635-8c50-384a90160aff,07b79b52-5b3b-41cb-95a3-6e870db2d9f7,869.57,UPI,incorrect_pin,186.63,1,109,switch_method
31146b41-dc20-40bf-b0cc-691bc2af1301,de36cb09-8884-4808-aa70-4f54a97f5ba8,528.2,Credit Card,insufficient_funds,116.49,0,11,give_up
47ba074a-7402-4cd3-8b58-04fc8a9c35dd,cd68357a-2236-47b8-9a19-f59be35c12a1,7861.12,UPI,gateway_timeout,21.98,1,1,retry_now
03067847-17aa-43fc-a48d-0647082c3d13,58c9191b-93d0-4975-8c47-d18d22018f8d,1881.92,UPI,gateway_timeout,909.84,0,214,retry_later
295d8cdc-93d5-42af-bfdc-60f70b4bf2d4,d41c0685-d71e-4974-b64d-95bf54f27a6d,13399.57,Credit Card,incorrect_pin,505.35,1,236,retry_later
92870f0d-1b83-4e01-a99b-0aa7a34439ae,20505cde-4839-4d0f-b087-a8eeed7db121,911.94,Credit Card,gateway_timeout,75.59,1,17,retry_later
8880eb44-c3d7-46a2-b529-c8f7ab6ae009,d568a58d-22e4-475f-b6f5-aaae7b575825,1027.38,UPI,incorrect_pin,4579.95,0,0,switch_method
49ee80af-e286-4637-899b-e46042b4115a,ba03ef79-9b9d-4fd8-bc93-06d63fca302b,5220.1,UPI,gateway_timeout,4563.57,1,62,retry_later
5f27ab68-69aa-4aaa-b6f4-d3ac4c6e24d9,9cc28d50-4cfe-4f83-8b02-15545595eb6b,219.23,Credit Card,expired_card,1200.9,0,62,give_up
09128097-c878-45a3-8a03-3e9259fc46a5,67952265-a7ba-4582-bfd6-8f5e0d1f8ec4,373.34,Credit Card,gateway_timeout,398.97,0,169,retry_now
07d3e155-b72b-4fa9-b3fb-aabf58037c81,cdf4f1ff-8651-48c7-b6f5-87546e979a33,7530.6,Debit Card,gateway_timeout,644.6,0,21,retry_later
2cba411a-698e-4d08-a0ec-368bd61d1c6d,17ae8c83-9566-458d-886c-ec67a14ab20d,394.05,Credit Card,expired_card,928.98,0,12,switch_method
965573f1-3bbe-4604-abb4-3a3a3a4e88d5,2ee0ba15-cba5-4ed5-9fce-61fe54dc7822,169.9,Debit Card,insufficient_funds,4738.02,2,57,retry_later
3960e0cd-5e28-477d-bf26-58ca2dc2dfd4,4048caaa-f07a-42d0-a273-813e33e42c5b,20518.56,Credit Card,risk_flag,1280.13,0,49,give_up
566610d6-58da-4d34-a031-c7f089e46d67,a4f4b028-09b2-4c4a-8e0b-7cd1dd5ecc6f,295.31,UPI,gateway_timeout,1835.25,1,75,retry_later
cfd0eb9e-3f65-44af-a981-f2c24d4be829,0392ed1b-39c7-402a-8cde-8d32e7a61bf5,2296.99,UPI,gateway_timeout,2107.49,3,129,give_up
0c3e412f-9ee1-4b93-b779-79c6afd1fe84,7f11c3b4-ab46-4fa8-9783-14d4b498b36f,1977.94,Debit Card,insufficient_funds,130.27,0,49,retry_later
68e3930d-78ef-4a33-852e-38b94c6e5694,77bf413a-4bdc-410f-8008-e818a564cfe3,50.0,Credit Card,risk_flag,1070.38,0,9,give_up
068dae52-e55a-45bb-8755-25148ea0c0a8,cd04869f-4b50-45d0-8968-44dff3de168e,1277.28,UPI,gateway_timeout,113.38,0,54,retry_later
a031f955-45ef-4fec-bfdb-bbdbff3e9ddc,145d55c6-4069-4318-b64a-cc8e73781808,3238.73,UPI,gateway_timeout,5385.25,0,28,retry_now
7ddf4dd9-bbb4-451d-b5d3-408a1bd8ae14,27af522b-6c1e-4993-91fc-becda7ad5d0a,2865.8,Debit Card,insufficient_funds,130.77,0,36,give_up
2ee5480b-da01-4b47-b4b8-10430b263512,059023cf-9a29-4545-aefa-09ed38953f1f,5852.22,Credit Card,risk_flag,60.57,2,192,give_up
6739d732-9d7f-41d7-90b5-0b1f4c1195fe,36688b8c-e8db-42b1-91aa-f4717c2d6a63,1092.54,UPI,expired_card,505.09,0,48,switch_method
ce46b0b5-235b-401a-9d00-1b72ef86c32c,1aaa9134-5626-42ae-bf57-ee73db1f70a7,4565.37,UPI,gateway_timeout,2553.04,1,9,retry_later
ec34b8ac-60f9-4675-9402-11b04bda715a,8b6d4794-ffa9-4a6b-a644-8192701f9f76,737.95,UPI,gateway_timeout,929.58,0,35,retry_later
2736b21a-7090-45f8-bd40-e3285c507aea,07b1b6fa-5a60-4dad-bca4-416144dfcdaa,288.99,UPI,incorrect_pin,765.57,0,15,switch_method
11bbddfc-a185-4cb0-8a2b-8554e3870350,b5595f4c-9736-4c1a-a40d-941a69bee60c,334.61,UPI,gateway_timeout,7852.95,0,8,retry_later
b3fdca76-4e0f-4ca7-9c24-4fece9b11ce1,498bd31a-f321-4b7c-8e33-e071fa997a84,270.23,UPI,gateway_timeout,660.37,0,74,retry_later
e10de733-4ba3-4282-a24d-1a8a7743cfb2,7fecc875-c101-446e-b931-910e11358ba4,6717.44,Credit Card,risk_flag,934.07,0,59,give_up
ead5a597-f59a-48ef-8208-e66098ec7374,1c1f79fa-27ae-4e39-9126-6091568e7450,252.41,UPI,risk_flag,606.02,1,41,give_up
40d04027-322d-4f13-bbde-86f20f28334d,adc2fab5-e0b1-4869-936b-8911d421e36e,2581.82,Debit Card,incorrect_pin,63.67,1,33,retry_later
84942039-6366-4a7d-928b-13550c8e0a8d,3d2fcdbf-9369-4fea-bf88-e4877857b30a,1279.59,Debit Card,gateway_timeout,70.2,0,23,retry_later
9d5b323c-418c-414f-97b0-b671273cf551,6ff8a562-fdc8-43b3-9629-9c986aab3603,1582.18,UPI,incorrect_pin,159.41,2,5,retry_later
3a3a0d3d-4292-4b6f-a3bb-1cc459101c46,dea4d851-31e2-4cbf-983e-ff73c5fd481b,10643.34,Credit Card,insufficient_funds,493.23,0,21,retry_later
ce7318c8-7000-4ad0-a44e-9660df1c3ebe,6173dad4-bd21-46c0-ac60-195f9455cb3d,1022.54,UPI,gateway_timeout,36.97,0,109,retry_now
6c5ccd2d-1605-4592-a51e-eb1ab90dad90,45f9531b-7f92-4f01-8998-04c83f8dba4b,4004.13,Debit Card,gateway_timeout,26.95,2,91,retry_later
75a61958-48eb-4c9d-9e44-92c90cff3e5a,887af0c6-a894-427d-8049-3fa6c832d5cd,1898.52,UPI,incorrect_pin,2822.61,3,215,switch_method
616879aa-aa81-47c8-b0da-caf631251819,e16eaa95-4398-4d49-b497-a30e113030bd,1483.82,Credit Card,expired_card,2159.67,2,64,switch_method
8e8430dd-38da-4284-87a7-e1df9d9796b5,edfc1e6e-8775-40f2-8ee1-4f6ea0e7db30,35952.71,Credit Card,incorrect_pin,10483.35,0,48,switch_method
898a7893-cae2-485e-9e6f-63bacee72738,132e8eb8-46a7-4849-a8be-0ba29da0140f,277.62,UPI,insufficient_funds,2437.57,5,21,give_up
6331450d-c7a2-4964-a8e2-53b7dd6b6433,7432085a-5ef1-48be-ab67-c3ad1b2e9fef,9661.18,UPI,incorrect_pin,322.76,1,4,retry_later
4dbe0a0a-a8c6-43e2-98ab-17cc5508cf04,fd982478-cc9d-4fc3-952a-5bb81426a59f,4244.28,Credit Card,risk_flag,37.56,1,57,give_up
56c9007f-7814-4157-8c0c-9eb558850a52,516175f1-e3cb-4a2c-9376-81721eae29e0,969.34,Credit Card,gateway_timeout,481.63,4,40,give_up
90cec60c-44f4-48b5-a349-17cb83043fff,c7f966fe-336c-48ad-8c26-1a0a8ef18b52,15034.67,UPI,gateway_timeout,520.52,2,85,retry_later
070dc3e5-e2c1-466a-97d8-80dda371e9d9,37568e55-2d18-4bb0-b892-52942b25dfe7,163.61,Credit Card,risk_flag,1263.22,1,31,give_up
c7eac590-f8ef-4506-bd56-047001fbd35c,0ae2d7ce-3e1f-4ff0-b4f5-4867e509c50b,917.55,UPI,gateway_timeout,511.29,2,254,retry_later
cb2c569b-c930-403e-9a90-6964e4691adf,95a9e887-e424-4cf3-961c-c217cb9a6a7b,375.77,Credit Card,expired_card,673.29,0,30,switch_method
ab351955-4803-432c-966d-60a5e8f76108,60582808-c536-4dda-b605-28cc1f2b2872,3089.33,UPI,gateway_timeout,49.31,1,24,retry_later
7dd8154d-7bc3-4bb7-a0a8-aad30c69d71c,6a8c6caf-5bea-4ebb-901a-000183df7cbd,425.39,Debit Card,gateway_timeout,346.17,0,122,retry_now
f48621b0-ad29-4655-88b8-cd3c3e43404b,398db3b1-6a35-4b4f-a87d-ccf5833bfd68,3174.75,UPI,insufficient_funds,333.55,5,30,give_up
dcfcde88-7f32-498e-b83b-ded6af787a15,911094d1-8789-49cd-af12-fb37586962f6,1418.89,UPI,gateway_timeout,2430.99,1,122,retry_later
fb64b0d4-5e19-49e3-97df-307ce67987b5,de98eeaa-4c01-42c3-9e6c-6f33a961d9fe,969.56,UPI,risk_flag,490.09,2,1,give_up
bac28a02-6a3a-4dcb-8dba-d88a0cdae2fc,5d613ce7-6542-42ba-bd0c-126424dd0ead,2996.62,UPI,gateway_timeout,2644.84,0,70,retry_later
7e2cdc2e-7d56-4d0b-9e36-3b6c3e05d945,4d68ff39-b196-4d9d-a701-8b752ce631b6,1275.12,Credit Card,risk_flag,7384.69,2,4,give_up
c4c97677-ae23-47ed-b318-07f550e3c149,cc62c705-2604-4dba-9e81-ee59e6b31f57,439.12,UPI,gateway_timeout,491.96,0,9,retry_later
215ffaa9-862c-4508-830f-6e0aedfc2893,32e1f86f-ebb2-464d-9c15-538ee362e684,68994.69,Debit Card,risk_flag,559.49,1,72,give_up
4663b326-f3af-477f-a505-ec2fe072f48e,07e1c258-9102-4852-95db-d6f03b4d5e6a,959.76,UPI,insufficient_funds,1413.76,2,20,retry_later
582219ca-e2ec-4cff-b76d-dc57ead1eee6,8c37c775-3f14-4a92-ad40-13f12b87fd53,101.2,UPI,insufficient_funds,1297.64,0,14,retry_later
7c1e5d61-f665-43e7-bccd-acdf10de78b2,47a870d0-64fb-4b26-a6d4-30b9d4dec670,605.03,UPI,incorrect_pin,535.75,0,97,switch_method
ff923c7a-437b-4cdd-a75e-adcd34991d72,ad0dd04b-8ddb-4a65-90ae-e97dcfe9ff71,348.12,UPI,gateway_timeout,1901.6,1,175,retry_later
69464fb6-b64b-4806-a11f-5c8aa95209f7,2f9c6c91-538b-4f7b-9cec-69b08b0e239b,5292.2,UPI,gateway_timeout,2260.39,0,15,retry_later
de4d9683-78b2-4f99-a240-14fb526bd8a8,4ad67b57-61ac-44c2-940b-ac0a34adac34,2746.68,UPI,gateway_timeout,21.61,0,22,retry_later
a8bed096-fbe2-48f6-bc6f-af621a1cb489,26a09dc5-f18c-455d-93a8-318a045c61ab,3036.09,UPI,incorrect_pin,30.56,0,75,retry_later
bd793ee7-fcbb-4af4-9132-3edf2404e1e8,35531c0e-71b0-4423-befb-e2068fada2e3,1117.64,UPI,gateway_timeout,307.87,0,101,retry_later
2ada39ce-ca30-4f2b-90a8-202c23dd6da7,86ffd9e7-985b-48b4-808b-c4fde56f7191,1257.45,Credit Card,insufficient_funds,243.32,2,425,give_up
a300906d-839a-4b94-8cba-d306e6b3d447,267f6216-86fc-4168-bd1d-df18fb285fe4,1116.32,Credit Card,gateway_timeout,937.7,3,19,switch_method
fc4cfd85-a15a-4979-aff9-b2b245c5fd56,8749e4bf-5280-4204-85d2-f40141f20360,1626.93,UPI,gateway_timeout,16.65,2,48,retry_later
49138283-394f-4549-b98d-3879351f3843,e1488b55-861f-4874-97e8-0e1a0f076151,5355.79,UPI,gateway_timeout,39.09,0,8,retry_later
542b31dc-5e43-498f-a12c-3eea31c40f8c,be7e623f-0e59-4854-a1b9-7154e2b52362,2798.67,Debit Card,insufficient_funds,610.01,2,24,give_up
b92907f8-9268-40ef-94f5-900462b843b9,11855a34-860e-419e-bb10-0520eb9a6b00,3463.89,Credit Card,risk_flag,145.96,1,2,give_up
593a894c-7166-47fb-a913-c7e3985e1400,5d2db875-ff2b-4e36-a1fd-9edabd2162f7,3461.39,Credit Card,insufficient_funds,729.31,2,14,switch_method
907bf3a3-10dd-4900-81ec-1bb494fe22f8,bad352fb-aed0-41ce-a747-995c13507cbc,5708.86,UPI,gateway_timeout,2444.5,0,42,retry_later
2a64476a-7544-45dd-a185-8bf78423e25f,a6464d00-4591-4384-9e09-012eb869893f,2629.62,Credit Card,risk_flag,202.24,0,10,give_up
50177ee0-787f-468a-a243-64bb3d0027e9,1e68b509-4974-47fc-99f8-37efca8c31c6,2882.76,Credit Card,insufficient_funds,28.17,1,132,give_up
18567285-8308-4120-98f0-21ad459c1e59,f1c6d6b7-5712-4bc2-bcb7-796df36f768c,8479.85,Credit Card,expired_card,853.66,0,74,switch_method
aa872e29-cd20-4cb0-8b91-16b339038098,a7360755-c7ac-4ca4-abc7-572a2d878891,761.61,Debit Card,gateway_timeout,654.64,3,1,give_up
393bc058-bb98-4b28-919a-23946865c766,1038b0a0-9b92-4a01-bedc-b84a4fc18be7,594.39,UPI,gateway_timeout,448.22,2,125,retry_later
b5cba114-259d-4956-8a0d-ff9544221f8a,b64e0640-55ab-4c62-a49c-62de4bc215e4,386.95,UPI,incorrect_pin,223.54,0,227,switch_method
c6c3c487-b1f7-4866-a08f-23afd6d4b282,f92f4b89-3d1b-4124-b7af-178a0f56a5ef,2293.4,Credit Card,incorrect_pin,352.24,2,41,switch_method
7bc749d5-6c49-4c0e-8455-44cd15cac3c3,515e1149-088c-4a5a-a5ef-030f92610dfa,162.41,Debit Card,incorrect_pin,10.0,1,22,retry_later
a3b33ef0-6441-48a3-9cf5-36224b2ae797,4e2ee135-6da5-44f8-ba01-c2b5dd7112d8,3297.11,UPI,incorrect_pin,241.34,0,18,switch_method
efbfe6a7-4bdb-4213-a6e3-057c0476f4a2,3cc2ef61-a879-4f0e-8fd9-ad9b33538dd4,1568.77,UPI,expired_card,1068.72,0,5,give_up
e7c1d6b5-9dda-41b5-a295-aaa18c9dd2bb,a4dc6adf-fe81-4f7a-9c45-8c613032976e,7903.27,UPI,gateway_timeout,277.31,0,40,retry_later
927ccd5b-f5a0-4b1e-bffa-804d8475ca0c,44da25f9-7a34-4229-bc26-8bc5dde7c18e,754.84,UPI,insufficient_funds,917.57,0,3,give_up
eff9bbab-da33-4a72-bc8f-9ee705a3c286,4f1631a1-b83f-4760-8c4e-e6dd1523fcbb,1388.09,Credit Card,expired_card,1831.14,0,42,switch_method
5c05a205-04a9-4b7e-98c7-f28d4443b332,f6194c8b-a44f-4c90-9fde-3605037f5ed6,7776.52,Credit Card,expired_card,633.24,0,17,switch_method
6cb8601c-31da-4159-8413-69587da59511,7d04cf71-fd93-4c83-9712-763b635b55d0,10917.0,UPI,gateway_timeout,73.86,0,38,retry_later
605567f2-0899-4364-a111-e08eda62ce59,85f75dfc-544a-44fd-a31e-e35e1801c2e9,746.8,UPI,risk_flag,6917.63,2,32,give_up
82ffe1a8-61b8-4655-a812-4491f75717d2,4a90b4ee-cded-409f-bfff-ad86d44f7e9e,2290.02,UPI,gateway_timeout,178.53,0,21,retry_now
4975b250-ae9e-4634-94fb-d2a331d99f3d,17e71a00-469a-4a45-99fa-81228830a6b5,2651.14,UPI,incorrect_pin,223.57,0,35,switch_method
fbb2da76-a379-4938-85bf-3bb9a1873383,58f39f35-87b1-45ec-a819-5b7fe16445ad,2938.78,Credit Card,gateway_timeout,773.37,0,38,retry_later
e00ebb82-bb21-436e-9d65-80e6c65f7bb8,9494f64e-a907-40e4-baa8-3ddd93ed9458,1285.18,Debit Card,gateway_timeout,307.01,0,107,retry_later
af2a2123-2b41-46b0-99a5-69c2e3bd605c,42e08d0d-2b90-448d-98d2-5bc1ed2bf70f,9564.35,Debit Card,risk_flag,12.09,4,65,give_up
c8de462f-a53d-4a4b-be27-8851a326a433,5e37af4c-6c9f-4b50-83ee-7fdb38c6e08c,154.99,UPI,insufficient_funds,242.66,1,34,retry_later
51a09d49-ac94-49ca-80f7-09f6a4f3db2b,d2b3685b-86f2-4f57-a72b-1cc95dc68aa1,1045.79,Debit Card,insufficient_funds,572.53,2,141,switch_method
0e98babb-6aaf-480d-8d88-8f046c695c96,8d836d3f-6334-4909-acd1-4bd3d7b6bcd9,3236.7,Debit Card,gateway_timeout,38.35,1,84,retry_now
28b6a08c-fed6-4870-8294-217dd91ceb6d,b2358938-6496-42d8-a412-f8f095fd388e,3276.05,Debit Card,insufficient_funds,2136.69,2,4,retry_later
38dbf722-db1e-4bca-abd5-762a704ad65b,ef904ddb-a9e2-4a49-8948-e4d22ce251d7,10494.29,UPI,gateway_timeout,223.9,4,10,switch_method
06266c76-08e2-4721-bab2-82c83bb377d1,16371e4d-7ba4-4b06-b8b6-ba4b110a6c87,8584.32,UPI,insufficient_funds,137.69,0,5,give_up
9ab3ca2e-6bfd-4eeb-a47b-21fdd6480aac,d031827d-bfbd-440d-92de-afdee700cb40,1247.37,UPI,gateway_timeout,1089.52,1,23,retry_later
85ca2957-26f1-4e5d-9568-38ed1ac690f5,ac92acd8-67be-42f8-8932-8e9a1d0e6b89,9797.01,UPI,risk_flag,81.29,1,34,give_up
fed0afd4-1ad6-41fe-b0d9-fef3d20656cd,59e1460d-4825-4e02-9b1d-444aa9e717de,714.62,UPI,risk_flag,235.07,5,42,give_up
0d06fe45-9fdd-4111-a311-2c0764290f28,bf6a11c9-f6da-4e10-a159-ec25fe13613f,6064.17,UPI,gateway_timeout,528.62,0,114,retry_later
4b725c9b-ba67-4d98-956d-d0e14834b765,8cf96ba0-d0a6-400a-b242-3ecbd9486e84,19028.24,UPI,gateway_timeout,1026.83,1,1,retry_later
2197f342-13cf-4711-9ec3-eb450a44fe5e,0858040c-5219-475e-acdc-b4b9319b95c3,8772.94,Credit Card,insufficient_funds,4110.73,0,33,switch_method
700c90ad-e235-47ce-9255-f5dc19c150b6,36b2b6e2-1f5f-4e0f-b2ad-ef0a9cb2a58e,2074.55,UPI,risk_flag,9962.87,3,31,give_up
653c55db-21b9-4307-983a-d8403feae95a,05203919-b1b2-415a-990a-95d1e3f25b8d,1174.61,UPI,incorrect_pin,21.43,1,176,retry_later
33453214-248d-4bb8-89eb-df33a72efcf4,10204b69-4906-4e29-92b2-59b8f809c38c,247.85,Debit Card,gateway_timeout,611.58,3,16,give_up
c5e7010d-7e78-4a41-8994-f4ba4d11ea0b,f3e26506-3ec8-4f66-a0bc-be395eac917d,2707.28,Debit Card,insufficient_funds,48.75,3,7,give_up
0a1f23d0-e28d-42ce-ab2f-55a93a9f24b5,8300a827-eaa8-4a48-a871-f5dcbb0c45e8,424.21,Debit Card,insufficient_funds,235.49,1,9,give_up
4cc4fd5a-df23-44d7-8414-e59d03d3d54f,793d838d-260e-4f39-a4f1-d872dd944d5c,644.79,Debit Card,gateway_timeout,12.38,1,44,retry_later
5de4a72a-72e5-43d8-863b-46210bb0b640,f08bc7fd-594f-45a0-9af5-85c98184feb6,384.53,Credit Card,insufficient_funds,57.13,1,29,give_up
48776259-afcb-4e7c-b679-d78a10d40fb3,faeb827f-c39e-4f9f-ac53-dc63f897b64c,993.75,Debit Card,gateway_timeout,251.4,1,84,retry_now
90ea1953-6b7b-4e16-a78d-544213ad6ee2,b5f57a54-1fa5-4b25-be84-5b25edba8f4e,1743.48,UPI,insufficient_funds,652.97,0,23,give_up
16f77359-5e12-4202-9516-798fbbd90aa0,a2dafea9-8683-480c-a3c8-384613abd2bb,2580.4,UPI,gateway_timeout,415.12,0,8,retry_later
aaf9b1e1-2071-4ba0-a6bf-e0362e90b798,7b36bb00-bed1-49c6-8be5-135ce9860f75,828.27,UPI,gateway_timeout,113.57,0,29,retry_later
09a5e42b-3e37-4617-8d10-6ebba35d5add,cdc7ebfe-7f83-4287-a268-818774f4e98f,7259.52,UPI,gateway_timeout,583.96,5,128,switch_method
5ca3219b-6314-4caf-9c0a-bb71695e361a,119a1708-4d3e-4484-b012-f5d66ae6a4c7,1379.3,UPI,gateway_timeout,701.06,0,31,retry_later
a7fb37ac-627c-4dd8-b6aa-d4ac206451a9,23da21fb-525f-41b7-a055-a9c9e9536083,649.34,Credit Card,expired_card,6469.19,2,107,switch_method
3555327b-f1b7-4f7d-8ff7-f3207be25b61,8eb32c17-51f2-4d50-96df-cce577246932,2426.44,Debit Card,insufficient_funds,937.81,0,27,give_up
a79e40f1-f24b-4326-87a4-6813e8a68388,4cdc30a7-5a78-4125-80f6-e5d853b225af,23216.5,Credit Card,expired_card,160.08,1,19,switch_method
fa89503f-d3ec-4e3c-8906-67972db5d747,2022e313-a7ca-4841-af2c-19880caeed9c,2795.34,UPI,gateway_timeout,1931.0,0,89,retry_later
9fad9c15-669e-41f5-a1e2-3486472fc570,a2988202-842f-4ec9-982a-e00dc16c9d58,1128.1,Debit Card,incorrect_pin,25.62,1,14,switch_method
15b95322-4b03-4e5f-a85d-f87fc3f117a3,47df48d1-4ecd-47b6-ae16-e1622fe50ecc,248.22,Credit Card,risk_flag,109.26,0,15,give_up
5b481106-0fc2-40b9-8ad5-20b9be966807,42a650fb-4bd9-4116-aa0a-89744dfdb232,1359.35,UPI,gateway_timeout,280.53,1,3,retry_now
eaee4284-1112-44fa-baa3-305f793b05a4,06af2070-939a-4d97-9610-d7f1508b19de,2453.83,Credit Card,expired_card,4466.82,1,12,switch_method
ea1fe56c-a8cb-4452-9efc-507b19709654,31f6aa07-eb40-4abc-98bc-10d9eb4bcf47,1092.41,UPI,gateway_timeout,389.21,2,28,retry_now
6b53c496-b7df-4f59-8631-f4fe1ba1e978,26905500-9ebd-4cc0-96d7-8a7e5ed7807f,207.47,UPI,gateway_timeout,298.23,1,30,retry_now
8e3af295-b998-4797-af24-9b731e81e232,aff190e0-ac21-43ca-848a-0e34775b59ed,598.4,Debit Card,incorrect_pin,116.72,3,32,give_up
ea13b8d1-60ee-4492-8a62-b5004beac7ba,a887c993-5ee7-4e21-acc7-c344685a8ff4,11978.88,UPI,expired_card,14129.54,2,39,give_up
685050ed-aaa8-402f-b27e-589e0bc25123,d19d8419-7402-4992-a104-af339ff382dd,11663.29,UPI,incorrect_pin,223.86,0,50,retry_later
87c08910-1ce6-43b8-8339-ab038e895e69,a681c6de-582d-4ff6-9bc9-a6cc4a45ac3e,570.99,Debit Card,insufficient_funds,96.78,0,12,retry_later
a6fba94a-1987-42e9-bf65-66fec6bf9268,c113872c-5fb2-4c5d-9773-341f6a789946,4335.46,Credit Card,incorrect_pin,8536.89,0,57,retry_later
d0ea8488-b5d0-40a3-875c-c5050089a675,540f21b7-b38c-4324-a05c-7286294662f6,390.67,UPI,gateway_timeout,274.77,0,24,retry_later
88611d41-2109-4cfe-9282-cbca706f2df1,f98490a1-468d-44fd-b618-b89e5e8065a7,11221.77,UPI,risk_flag,267.84,1,79,give_up
eb8b6b1a-1fb9-4f8d-9d49-19bd07e6e31c,9193445d-a96b-48e2-b8d1-436e648aafba,2486.94,UPI,risk_flag,254.88,4,48,give_up
e47ee01f-022d-47a8-8f9e-c1aba81cecd5,4fd9d596-5123-4d70-ad01-165043ae9f3d,6213.84,Credit Card,incorrect_pin,160.79,1,48,retry_later
d869bcb9-244b-4e93-8735-274caf633e30,1504069e-0fc6-4634-a494-5bfa354db778,194.49,UPI,gateway_timeout,946.57,2,69,retry_later
4c779bb1-3881-48f7-a59a-8e71d621f021,a1b190cf-63cc-4760-b15d-fc89d6e614d9,4363.06,UPI,insufficient_funds,18.66,0,24,give_up
e77f7208-30ee-492e-a3ae-48699aae1ba7,e5647190-08fb-41f6-b89c-ed07deb312cf,1790.09,Debit Card,gateway_timeout,410.61,0,33,retry_later
66ef1351-fc85-460c-a469-88c785463d50,e328d8bf-51cd-464c-bd31-4ccf4d8fadc0,5472.59,Credit Card,insufficient_funds,485.0,2,52,give_up
2ccdb7ca-6edc-4018-8fef-72b216361d9d,dff300e8-00a6-4c6a-821a-6012d7f1155b,5939.19,UPI,incorrect_pin,1698.05,0,32,retry_later
4f34c97a-8d75-45ac-b99e-05d3ffd798e2,fb42cc2c-ae9a-455b-b452-267bf7400f8b,1969.47,Credit Card,gateway_timeout,220.13,3,35,give_up
a0790eee-9871-4333-85cc-b5aab38fb09c,9fae8870-dfe3-455c-a00e-e1b9a159c659,827.92,Credit Card,risk_flag,446.43,0,19,give_up
01a0a896-1936-4b5c-b9d9-cc83fb5b3837,1487dd99-3343-49d6-a461-b5836f876e64,4982.09,UPI,expired_card,375.1,3,20,give_up
1a47ea5a-c4b9-485a-b11b-a27197e2d382,2b91cb59-c4b3-46bd-80bd-e031869e5c15,1672.04,UPI,risk_flag,128.98,2,72,give_up
e5dd88ec-3528-434a-b285-17f7e76cacfc,d9835d76-6f73-4682-b102-d1cae01ee325,581.37,Debit Card,incorrect_pin,3572.55,1,0,switch_method
d16ef8d8-d6eb-412c-9550-e8d77a92ca3c,699d2799-391e-49e3-abb6-83d3f193a7c9,546.65,UPI,risk_flag,111.04,3,6,give_up
e959064f-4e75-44e0-87c1-7239a872cc38,7a05fe07-8343-4c3c-8075-5eba994bb1da,264.99,Credit Card,risk_flag,516.85,0,178,give_up
133147df-d1df-4a83-b4ae-9379376a3abe,ef742c18-5dc0-47e9-b6da-1e1951f19f5b,931.34,UPI,incorrect_pin,576.58,0,12,switch_method
66bb96f4-e01b-44e7-b192-00788c09d494,38c206c3-b0d0-494d-a7da-2332c86b1973,7581.75,UPI,gateway_timeout,263.03,0,32,retry_now
793a9bca-d35b-4b91-83ae-401ab0aac0bb,f93a7fb7-4ff9-4ed6-b24d-bd5a031ed24f,2278.29,UPI,insufficient_funds,142.0,0,113,retry_later
430d3c2f-ca6f-47c1-b31f-e1487a9b6754,5be22f29-5510-4570-86de-4689ec872db5,908.05,UPI,gateway_timeout,1054.04,0,0,retry_later
26687996-8a59-41d8-853f-c7067027e37b,09082d9c-ffb9-4ecc-b112-25e6afc393be,5147.74,UPI,gateway_timeout,4613.15,3,155,switch_method
5d50a12a-7437-4566-8370-0d73626bc2db,99f36ed3-0fd3-47f3-8d52-d8e96fb85fb5,612.64,UPI,incorrect_pin,2092.58,0,3,retry_later
53311f4e-7316-435e-bd4f-9dc6cb559d49,185b3e4e-2123-4d45-b1e2-23b96a95df6b,2046.64,Debit Card,gateway_timeout,1300.55,3,11,give_up
552ef3b9-8558-4752-a05f-40479a98fdb9,1b36e7d1-b07d-4f37-bba1-c59116f478b0,1431.5,Debit Card,insufficient_funds,6273.54,3,1,switch_method
9c1d2b31-4dd0-44f2-94df-408675d30f3b,bcbd8bea-663b-4e76-9561-1f48ce0b5ce2,4978.43,Debit Card,insufficient_funds,278.19,2,43,give_up
09b63930-4b23-4d88-8bbb-e8f4fe2d7741,5e47f707-8f1d-4c9c-81a3-1355e1867a5b,232.67,Debit Card,gateway_timeout,138.58,3,171,switch_method
35ae222e-1a4f-4289-aa8d-d2dbdb7652a4,2dd02121-3a0a-4572-a7ec-8e2938c27cc3,598.69,UPI,gateway_timeout,378.03,2,109,retry_now
c4908e42-6b92-4d25-bf7d-52dbd2237ff1,e00790a5-557b-46a7-b9de-e2a8cf52b7fc,214.92,Debit Card,risk_flag,419.0,1,61,give_up
2d1b84a3-ae45-4d8f-b00b-fd99d12a0557,9e54b8e4-dd1f-423f-a4d8-ed151b2890c1,1290.16,UPI,incorrect_pin,210.5,1,12,switch_method
70d0d96e-1597-48c0-8e45-1de573e13ecc,5f362b45-d15d-46ac-b262-da9f8268aa2f,8732.93,Debit Card,incorrect_pin,28.5,1,122,switch_method
d2028d75-bda2-4e9f-961c-67bfba9e8c85,dc7d2007-df7a-48e1-b504-34f4780a559f,937.22,Debit Card,insufficient_funds,195.55,0,84,give_up
efb9c8af-1f56-4868-aaef-298416ae0cbe,a2cf048c-7263-4988-a1c2-1b3b3bb0c439,930.86,Credit Card,gateway_timeout,272.88,0,18,retry_later
19cba82e-21d6-4324-b155-e9ffcbeff4dd,6a3b0694-f55c-4009-bc0c-617d515c309f,5615.25,Debit Card,gateway_timeout,1493.47,1,98,retry_later
90eb6599-659b-4074-a78e-91451bcbb956,900f0cda-31c5-45c1-b661-463bffc363cf,7252.59,Credit Card,expired_card,357.62,0,125,switch_method
d76f721a-9066-4403-aa0f-ece1256c4f7f,0e480ff9-6af2-48cc-b42a-86beb9d47d15,1611.4,UPI,gateway_timeout,174.74,4,71,switch_method
6ca80ab2-a5a3-4d1c-893c-31eccf6d05e0,6f4036fc-335c-4c93-bf3e-ae2451506e74,4403.39,UPI,gateway_timeout,3179.97,1,6,retry_now
11506c5b-9315-47a1-9633-8de4fe0a39f9,34e5f629-3c2c-48df-b8b2-f6f6bb562267,445.84,Credit Card,risk_flag,167.96,0,249,give_up
eb5d5e1e-aa10-4af2-a935-ecfd94d0f75a,44cd00cb-91bf-4b94-901b-9262c351b224,10843.99,UPI,insufficient_funds,193.81,0,4,retry_later
56d95f9a-2adc-48f1-bdd6-4debe7100e07,8e59005d-81c3-497b-8dc9-1a15c1f59d49,29534.61,Credit Card,incorrect_pin,741.07,0,63,retry_later
d0f6f812-d636-4808-abb8-192724ad1b77,6f435017-12a6-41d6-8211-4f4710185a9a,3560.23,Debit Card,expired_card,325.32,0,7,switch_method
92897dea-7e4b-4a74-97e1-3b5f3092d5d5,0775cef1-3ab4-4f10-bd2b-3776f4e2d6b2,120.35,UPI,gateway_timeout,86.73,0,141,retry_later
17671db6-95c0-4000-ad61-74eb636a23d3,f81e135f-c313-45e8-b3b5-326362b6fb83,875.07,Debit Card,insufficient_funds,1421.7,4,25,give_up
95809ced-1a9e-4650-972b-6bb43b2c9831,8328ef06-dae6-4e72-bc76-c87e37aff998,4010.51,Debit Card,risk_flag,471.81,0,42,give_up
408bb3a1-8c10-43ea-831e-5cdf584f1e2d,da7a3b30-e488-41ed-ab7b-3d45cdc817ea,1045.31,Debit Card,risk_flag,1066.46,1,11,give_up
5d9f1a2a-9baa-4fbd-9588-06a8b5829752,e2e1cec6-48a4-4873-a567-e5455a34fa14,9450.83,Debit Card,insufficient_funds,126.49,0,47,switch_method
d36fed17-e214-4de0-96d9-316e07a8f1a2,8d3ffa50-fdcf-4858-8ba0-8526535a84b5,3883.94,Credit Card,insufficient_funds,1107.05,3,167,give_up
6bee508a-9b06-4261-a275-0337a681acff,62c9cc18-4689-4b21-9856-4fa25b39d52d,721.68,Debit Card,risk_flag,757.81,1,139,give_up
3a133c2b-a362-46be-b891-5c1a840ffc64,f063169d-355d-4052-996d-6231ea6e8de0,1885.49,Credit Card,insufficient_funds,24.17,1,3,give_up
e466c70d-5a5e-4930-8d44-1bb12a52e443,8c858b3c-8c98-4d60-8882-e0d5e73f5370,565.67,UPI,incorrect_pin,117.92,2,28,retry_later
8d9751cd-4f81-442f-b52f-436fef3560fe,c9f92e49-dad3-42de-a39c-ea4a3a414c6c,1426.02,UPI,incorrect_pin,680.07,1,18,switch_method
e8a4240d-1f97-4bba-8525-983c83929e0b,831d4826-3f79-4d1d-8b14-9f425efbd61d,879.21,Credit Card,expired_card,205.95,0,39,switch_method
db7462ec-2d49-4583-a47a-665317f68a3a,3fc092c3-d9c6-4bd8-a240-5fee1abe45ed,8326.43,UPI,risk_flag,1115.27,0,107,give_up
146affc7-85c9-4c3d-85d6-bf6d6141cf38,7024796b-602d-495a-9f0e-1170a36063bd,28305.62,Credit Card,risk_flag,174.27,0,80,give_up
7244fdfb-e84c-4d5b-9b0d-81b02be82a06,ef67c1db-d8eb-4147-bd02-089dba370dae,281.31,Credit Card,expired_card,241.18,1,25,switch_method
8f2f766d-b279-4798-97d6-774a432dd316,380c0b44-4f47-4b2e-a8d7-2b3c1a4fc82b,148.39,UPI,gateway_timeout,752.32,0,28,retry_later
cf4be497-0830-4140-8e4c-9788ba1ea9b5,1c69a0a7-ecca-4654-a526-39b74cb8a24d,1314.58,Credit Card,insufficient_funds,701.73,2,63,give_up
d7e447be-fca3-4787-90c9-6c07c07dbe70,b77a7024-f3bf-49e7-a26f-a99db2abda70,251.15,Credit Card,gateway_timeout,1378.9,0,12,retry_later
89986415-8cc0-4bcf-90dc-17ce5213ca80,278c9797-dcc6-43a8-ae3e-44f49d12952a,1919.99,UPI,gateway_timeout,208.85,0,6,retry_later
e183c213-93c8-40ab-a4ac-3dfac6a88d53,39e389c4-d2ca-4b31-adf2-b21e1b76bb11,4786.8,UPI,gateway_timeout,536.59,4,16,switch_method
017fd4aa-a783-4a81-bab5-a3221dd33fc8,f868710a-064e-4926-9bca-e42424fb0fc9,12611.75,UPI,gateway_timeout,59.84,4,7,give_up
bd77d119-0fe4-4fba-8ae5-47d226cce7df,2149d00c-414f-4276-b2bd-30b00e5d0889,2349.16,UPI,expired_card,77.98,5,26,give_up
2a53020a-746b-4516-936a-e2ceec6d74c9,b8926f7b-03cb-46dd-ab80-1ef7599664be,1406.55,Debit Card,insufficient_funds,905.09,1,166,switch_method
77d28d29-e2e1-4da3-86b1-79250c0c043a,2e1d6ff5-a2c3-46ad-a63e-8d2545e083fc,138.12,UPI,incorrect_pin,225.37,0,7,retry_later
406e4715-fea3-4ad8-933a-30af45ab7242,699f1b05-ad7e-4d91-b9ad-6b9818b2e45c,1870.65,Credit Card,risk_flag,2130.98,3,102,give_up
bbb2e2cc-7051-4938-b507-235c60acbec6,c26ec4ef-67a3-4447-b9f6-d1f55f7e205a,1983.61,UPI,risk_flag,193.93,0,45,give_up
b2c47cb4-6446-498b-974d-66146df69bd5,8ec78b9a-14d2-4500-94a8-6c78294aac57,4149.09,UPI,gateway_timeout,165.87,0,60,retry_later
600f8687-70cb-4d3c-b6aa-186870f5906d,4ab47e89-b36b-4881-b5aa-29e7d9de97b4,719.79,Debit Card,expired_card,1059.43,0,11,switch_method
40fd8418-eaf2-4d03-afbe-6d8f863b34c2,06ba2655-b375-47e5-810a-66733b4aac03,1027.04,Credit Card,risk_flag,950.14,1,9,give_up
a4f9cf4a-4b86-405d-a0be-cdb6e04753a1,60354fb6-f1a8-4c20-8c54-e10631a860e0,264.7,UPI,expired_card,2095.28,0,10,switch_method
6d2a7936-6eb7-4106-aa1c-d7f72847a46d,e28154cb-96cb-434b-924c-b60bc24bb379,91.96,UPI,insufficient_funds,568.45,2,65,give_up
31f7b2c5-4c54-4b65-8cc3-08218decc358,8c091aca-e4e9-4fc3-bdbb-263d3877ef01,427.93,UPI,risk_flag,201.09,0,82,give_up
00de7e6d-993f-48be-84c7-2e17c8c89c3b,4a1939f5-a8c3-4947-b8ab-fa9af364044c,234.76,UPI,gateway_timeout,156.18,0,151,retry_later
fbf46a5d-c9be-4e06-a4fc-a29aa6843e49,193c6a53-8fa5-4830-b445-52f437ddf66b,2800.98,Credit Card,expired_card,402.09,0,30,give_up
0373770c-0a21-4ac7-848b-1563aa3c81ce,24bb1acf-7906-47d8-b584-2b0479f71ff2,921.89,UPI,gateway_timeout,792.35,0,37,retry_later
c35b37ff-75a5-4157-b8cd-74a206a21078,fbbdb0d7-5113-4efd-9750-b191b2532986,898.11,UPI,gateway_timeout,380.03,5,38,give_up
d505fffe-6f5a-4c0a-bce7-9192d8517783,94f6da1b-82ef-4c60-81c8-0e3abd40cb28,502.84,UPI,risk_flag,510.98,4,18,give_up
aa9cb7af-1f1b-4556-bc54-17b9be73272f,49700baa-0ef9-49c6-b891-08f28551bb67,50.0,Debit Card,gateway_timeout,124.28,0,23,retry_later
e94c6bb8-d84b-40ef-9503-28d8ec1292ea,bd13eeeb-4e01-45d2-9673-fd180fbfaaea,12846.21,Debit Card,gateway_timeout,367.07,4,112,give_up
243d1e2d-652f-4504-8d39-809741d0a030,1670c456-fdde-4474-aa8d-75e6cd09adfc,492.58,UPI,insufficient_funds,44.98,1,25,give_up
438a6a0e-ef0e-4027-bc1c-4dc3f69281a4,4bc510d3-3be3-47be-a537-80489915afaf,1057.7,Credit Card,expired_card,52.54,0,121,switch_method
5a9381e4-1063-427e-bb2e-5558020af2cb,5481e647-c101-4e45-a8d7-4c2da18f7d6f,272.77,UPI,gateway_timeout,433.39,2,21,retry_now
198fb70c-4b78-40d4-890e-ac62f9f16c30,941a9b0d-f46e-4116-9bc9-64e74c539e10,6396.52,UPI,expired_card,126.34,3,24,give_up
2c057cf4-72f6-400b-9e9e-6e10389c661b,dee0f2f7-95fa-4264-97b8-8dd819b07ad1,2178.64,Credit Card,insufficient_funds,10.0,0,49,give_up
14c43419-aaf5-4c7f-a3c3-8966da206c06,07065251-dc27-495f-bb8a-b6b062317cb1,617.53,Debit Card,incorrect_pin,513.63,0,6,switch_method
c6255157-7c8b-4875-9917-4c0d171f9389,246e0e4d-c2dd-421d-bd5d-be3d25533baa,1085.83,Debit Card,incorrect_pin,1361.53,0,153,retry_later
ebd50f21-3e6e-4982-ae20-dfa904d3c988,790f996d-fbd4-43d2-9642-8502c9c0b49a,16020.65,Credit Card,risk_flag,584.88,0,103,give_up
3b83ccab-992a-43ac-8422-ee78177bc60b,c013dbe3-9533-4ac7-ae2d-a0e2e01341cc,1644.41,UPI,gateway_timeout,559.96,0,66,retry_now
34a867a8-8c69-455c-b233-c77b5131b01e,c9c4d933-8a4e-4a10-b6f6-e605cc3d12ca,1427.59,Debit Card,insufficient_funds,557.8,1,265,give_up
63ce2b66-7590-400f-bf2d-45746752278b,af336c96-e820-4763-ae0d-d92d48f9a6d6,531.77,UPI,gateway_timeout,217.98,2,0,retry_now
a5ea764a-152e-4f07-9020-49db28369584,9c3d23d9-9750-431b-92c1-33285840a5db,154.01,Credit Card,risk_flag,576.17,0,31,give_up
9c4589cd-7bf0-4827-a99e-6f8b6935d6ce,6963fd54-6907-45ec-ac43-c85d8bc3128c,1468.43,UPI,gateway_timeout,73.08,0,117,retry_later
7bcd7e43-6cf4-4437-bbfd-aad399693228,2d33b820-18f7-44b4-a473-f67bc4f2787a,2760.4,Credit Card,gateway_timeout,589.22,2,34,retry_now
e215dcbd-d518-4085-bc7b-7962dd33f9f6,d29ef155-8f7e-413f-bf1d-e38d6e6718da,7551.19,UPI,gateway_timeout,546.83,0,0,retry_now
1673e989-a812-4c35-8ee9-83892256cada,f3f09862-180e-40f0-83ab-aca9b15ed1bd,97.22,UPI,risk_flag,373.94,2,10,give_up
af32e698-0d82-4bb2-ade8-b99f9f69f3b3,71b78a25-d969-4efc-9bc5-f51cc4abcf14,418.79,Debit Card,gateway_timeout,309.82,5,34,give_up
6533c68c-02c8-41fe-964f-dc1adc5e6b16,a01400a4-2b36-4027-9ae5-faaf7d7e25bc,849.83,UPI,incorrect_pin,90.6,5,66,switch_method
b0c6117a-ddf9-4721-9d89-b493525faf77,f690a1bd-bc25-42df-b09b-986cc914bf69,1799.88,Credit Card,expired_card,184.56,1,10,switch_method
9f926d80-1629-4891-b40d-9f43eb208a02,d7deea0c-b109-47af-910d-1d7d45608570,1497.36,UPI,gateway_timeout,997.85,0,35,retry_later
b9ac5ab2-3e9b-43b1-82e1-590b78337bdb,97c89908-78db-4be9-8ff3-c3052944849c,1543.5,UPI,risk_flag,714.4,0,0,give_up
4c37d6e3-004f-4c86-8736-d78c3366c8aa,7a3d7b9a-6b59-4ad2-bd06-e80c17a570d6,3073.35,UPI,gateway_timeout,2721.54,2,38,retry_later
96d21714-4288-4136-8cd4-fc703883639f,920075b4-a2d5-4c46-b78c-b4e0db8a9c53,558.76,UPI,insufficient_funds,83.67,5,135,give_up
821661fa-fdb2-4455-858d-358739c29e03,a906d3cd-fd53-4567-8948-d200a7295473,6089.88,Debit Card,insufficient_funds,676.13,0,54,give_up
8580d44a-42cb-4ea6-89ab-5d168b97295d,f334468f-eebd-4b74-94cd-b867cb66d014,3176.35,UPI,gateway_timeout,550.77,0,34,retry_later
4fda4e6f-ea13-4e49-9636-7c85e2a58ad2,209ffecb-630b-445c-9a34-28a548c83672,1192.99,Debit Card,insufficient_funds,2204.54,2,10,switch_method
ba81d546-7b2e-4590-a4d0-379be5f7f6d5,08f31bdc-e1c9-49b3-932e-fbb873d82876,14489.51,Credit Card,gateway_timeout,52.38,0,13,retry_now
794078c0-f7c5-4508-980c-65718f74e5e8,e5c14e1c-2a1d-429a-aca3-2e276c3fbfe0,13675.22,UPI,gateway_timeout,1389.84,0,4,retry_now
7368b258-4d8b-4d0c-a93e-e08a98f098b5,c02fbd1f-c968-41ae-aada-bd2521aa7dd1,6080.02,Credit Card,insufficient_funds,234.26,3,81,give_up
3dc9fb67-f6a4-457f-83ed-2ce006552029,cef8bc41-cf21-4c1b-8849-319244de1478,50.0,Credit Card,gateway_timeout,1284.55,0,4,retry_later
0c4a3611-7713-4a6d-a8c3-0a2d3dd8c4c5,22c32282-9c88-44da-8f90-34afb10c851b,14081.66,Credit Card,gateway_timeout,618.72,0,29,retry_later
1774eaba-4942-41b2-8496-e9fdbed8cfb8,8ad74487-a8a9-42a8-bf2f-01e763fa53cf,5080.61,UPI,gateway_timeout,69.85,1,83,retry_later
93d66d27-f04e-4b56-840f-4f7d7bd01716,0a89679b-1100-4828-84c4-fe2bf41588cc,24546.66,UPI,risk_flag,507.33,2,74,give_up
a369c393-1978-454a-8fe1-b44935bfe2cd,bed18180-ad70-4a79-aa29-6cb7c1d164a0,9033.58,Debit Card,insufficient_funds,196.37,0,51,give_up
935cc90c-5bf0-4fca-8ef9-36567baa83a2,012df3a0-a8de-47d1-89c0-ff0e8c374e9e,14070.64,Debit Card,gateway_timeout,1269.12,0,50,retry_later
3526798e-c366-4351-8a5e-8504afc60993,8bcd4892-444a-449f-8ee0-8406111b74fb,5666.07,Debit Card,insufficient_funds,190.52,1,5,give_up
ed58f100-5dd7-47a4-8318-95c07a48538f,4063bdfe-33a9-4d54-9df7-8a76cdfe1425,10438.97,UPI,incorrect_pin,637.02,1,11,switch_method
efa72313-4287-4fc7-972f-d10eb0c555a9,19b7b927-230c-4f06-8e78-60d655ba26ef,24157.76,Debit Card,insufficient_funds,567.22,0,45,retry_later
70271d80-5ae5-4514-8a06-ca632e7cb465,d633354b-e568-4cb5-bb09-d090af87cbd7,2395.92,UPI,gateway_timeout,79.51,0,25,retry_later
5172f238-872f-4aa1-9030-615d0b246db5,3a9e81ca-1e0d-437f-a6a6-42b815e8b095,234.18,UPI,gateway_timeout,83.93,1,1,retry_later
918a86d7-4bb8-4dc0-a0a4-b259fe7da117,aa856cae-4673-4692-ad83-863234c654ea,1212.33,UPI,incorrect_pin,10.14,2,96,retry_later
5cab7853-61c0-4f68-8508-be8347066bef,1ac9e7d7-82a9-4f92-a642-cfd08f885e2b,3001.69,Credit Card,gateway_timeout,2141.41,2,63,retry_later
f2ccc95c-ec95-44b9-9089-0e79e97b068b,04b1a292-e1bc-4e39-b90c-3b9036321641,1992.92,UPI,risk_flag,9415.64,2,23,give_up
0d7fe7b8-b8e8-403f-8f6c-44a181f026e4,d9884d11-ba5a-4392-a270-41da362445eb,357.62,UPI,risk_flag,3512.39,2,6,give_up
ba193a7c-2447-4332-a47e-0cf71fc91bb6,027dd003-1987-4164-9cd9-f808a2c00ee4,216.94,Debit Card,insufficient_funds,452.58,0,53,retry_later
8fce7b11-e9b3-4ed3-b5cf-501c25917767,736abe03-9172-40d7-a8cc-8fe8411ff5b4,689.86,UPI,gateway_timeout,10.0,3,25,give_up
dc513516-4b35-48d2-aff8-ed4dffd4a1fe,04d87362-36ae-42a3-bc7e-9cc7cb8ff298,5167.07,UPI,incorrect_pin,1846.72,3,17,give_up
3f2cec67-843a-45f0-bbec-e5e563ffe7ef,cfd754e2-0895-4891-9f74-28289c139a79,14107.22,UPI,gateway_timeout,10.0,1,76,retry_now
05a820cb-6e9c-4e87-86de-34459639fec9,048c1c29-1479-470d-9df5-906579284346,5952.33,Debit Card,insufficient_funds,1514.07,0,23,switch_method
37c8721c-0121-4b1a-8c23-9e4bc8e8fadb,ed1dd6ef-8cd5-4453-bc88-1475ada62f35,7148.48,Credit Card,incorrect_pin,12392.14,1,8,switch_method
048c5b7a-b9e2-47c1-b024-fc95c9e4f355,4d3f9745-5370-4c3c-8b33-32b1c411ff8c,1627.73,UPI,gateway_timeout,442.24,1,39,retry_later
3c5a6c9d-1308-4ad4-8b3d-f6e1c7ca00cc,9f7748b0-41a8-4705-b2b8-2d6aed0558c6,187.78,Debit Card,gateway_timeout,3371.19,0,105,retry_later
cca1a539-694c-4718-8fd5-b72793250291,2564f0b5-2837-4be5-ae83-4157c746a766,1000.46,Debit Card,risk_flag,858.93,1,113,give_up
d09b1aaf-a5d9-4ce2-84e9-6eb154f060ec,b6c2c493-7e31-466a-951b-33e87620a6b4,1291.56,UPI,insufficient_funds,519.33,2,113,give_up
2f45b1bb-30a2-42f0-89a3-bb52d53dc879,8678b440-4629-4c24-abda-8ad87eed328a,947.5,Credit Card,expired_card,314.12,2,32,switch_method
9aa3b49e-a54e-49ce-9956-d728c0d00445,8c346e85-374c-4ac7-8fbb-cf5d9046bdce,1941.28,Credit Card,expired_card,120.11,0,93,switch_method
40454d45-dc30-48b4-8bc6-d5a345cd9977,a571cdc0-ad9b-4216-8970-7500bd28ebb0,3209.42,Credit Card,gateway_timeout,806.18,0,113,retry_later
65750fbd-9cf5-482e-9781-ec173b58470d,5feb758b-b1ae-41c0-8947-5735097cd823,5480.33,UPI,insufficient_funds,453.94,1,36,retry_later
2edbfb49-57df-45d8-8383-898c879a10c6,f0061ef1-e34b-41cd-9a74-058db13f13ab,1259.47,Debit Card,insufficient_funds,536.62,3,23,give_up
6a92716a-d864-4ca6-bcb9-b2e1ea10cade,89d8ba9d-c3a9-4751-b1ea-ef745261896f,152.19,Credit Card,insufficient_funds,226.72,1,72,switch_method
5a953894-7b96-499c-b65d-a879b64b9968,86dd1632-e60c-48a2-809a-35d2675d84a3,965.13,UPI,gateway_timeout,264.13,2,140,retry_now
43dfa9cb-2c84-40e3-b1a3-4b11f87c9023,8fb9bd7e-b949-4a91-83b4-ae88d88996e8,1913.76,UPI,gateway_timeout,671.55,0,214,retry_now
67422b26-46a5-4781-9566-0022ca00338c,21a81859-4732-496c-97c1-a38abd71ffe0,8863.09,UPI,insufficient_funds,7446.09,1,20,switch_method
ab6f5542-a203-47a0-a468-2b64fadcf44b,51dc529b-305f-4ee7-9346-2b0370f0aa83,864.24,UPI,incorrect_pin,924.17,4,187,switch_method
ea0d5862-cbac-44ad-b4da-9e4d665cd522,6f5d7e37-1338-4f94-9e36-ae5624172ac5,3520.32,Credit Card,expired_card,231.76,1,41,switch_method
ad581d84-1134-4d3a-b3bf-52c49815b421,67651a5b-f1c5-45f5-ace8-c7cb61081c1a,2636.25,UPI,insufficient_funds,413.61,3,21,switch_method
29435ee6-3b06-4dee-a93c-c6a4abcc84cb,14cd5ae9-ed27-44a1-85b7-1b4dc6a0cc0b,1914.23,UPI,gateway_timeout,383.73,1,267,retry_later
9bcb4ab1-520d-4193-b5ea-9d77f9c216cb,16df6b2b-ee20-473f-9a3a-8c7204ef4e66,6061.38,Credit Card,incorrect_pin,87.86,2,126,switch_method
86022bcd-f51e-4236-b6ba-d6f1b3bd97dd,3772509c-dc24-47a2-8d45-d4b31f129bd1,765.79,UPI,gateway_timeout,2835.54,0,70,retry_later
d2b0373c-8105-41f0-98b6-6ae95e126e1a,c9ef5282-dea9-4149-9f88-48576de331eb,855.99,Debit Card,risk_flag,901.01,0,135,give_up
a4aa7586-2b46-49ea-9b71-9e66aa7961c3,c0c63292-3f1f-489b-9c0d-e405c83c8977,1780.29,UPI,risk_flag,3082.59,0,68,give_up
b478ddc3-22b3-452a-bb2b-6addce969530,5e754cbe-5fe6-4e3c-bcfb-aefea593a539,786.67,UPI,gateway_timeout,787.45,1,34,retry_now
cbb2c9bb-04f9-4442-ad07-6e9f9e54c533,0199b6a9-169b-44de-b845-68bb49715d20,3499.64,UPI,insufficient_funds,81.17,0,177,switch_method
c3efd5d0-d4ad-4d32-94a2-3834f936af55,f4769f0a-585a-4744-9248-c1357cddf476,715.41,UPI,gateway_timeout,674.46,2,198,retry_later
69c07e82-42af-4bc3-bf01-0b09a2214183,f35f5c16-d7c8-4504-a98b-389f8756e4c1,2426.48,UPI,expired_card,8053.89,3,22,give_up
9d8b4939-877a-429a-93c4-5a7f56b1bbdd,2bc89e9f-1b21-4b06-88e8-13afd2467a74,1587.28,Credit Card,gateway_timeout,78.76,1,26,retry_now
5432a69e-bfdf-4b67-a020-753393547ac1,572326ba-5962-4824-bbd8-84c7db64f4f1,2390.85,Debit Card,incorrect_pin,2169.87,0,28,retry_later
e0d0dbfa-888d-4090-9621-62a3b891463b,16a142b6-e030-45bc-8c9b-6b6102f99643,994.6,UPI,risk_flag,207.91,4,103,give_up
0795cf73-3288-43cb-a518-0bc452da3beb,a245e5c2-8de5-48c2-881e-1fc47d8002b1,1163.5,Credit Card,risk_flag,1105.38,1,93,give_up
244d2709-ca3e-492c-a7dd-dcf6cdcba229,35a2422d-bf09-4f2a-a98c-6de3ec6c734c,2048.4,Credit Card,risk_flag,33.49,2,244,give_up
77f9203c-85fa-474d-a6b8-ae0361d2e83d,dda03ffe-f42b-4c5c-ace5-12dfeed6f8a8,2351.24,Debit Card,incorrect_pin,1928.48,3,37,switch_method
e0d9d39f-a19d-480b-b246-691fed7ea605,0cce3a0a-134f-4b21-bfb2-f035e21f2388,1798.19,UPI,gateway_timeout,10.0,5,80,give_up
21bd635c-06e1-42a4-b201-4da96e0c45d1,996c367a-3987-41ae-a39a-5f4d036ada55,16596.9,UPI,gateway_timeout,90.21,1,116,retry_later
afed442c-bb3c-427a-ad1a-a10a57364049,e918414a-8515-4c15-9759-8e34c0f64964,498.72,UPI,risk_flag,2553.41,2,15,give_up
5307533f-1cba-45a1-b6d5-404247718e0c,24d31f33-a877-44cd-919e-f4c5b00ac87a,1663.26,Credit Card,risk_flag,6791.43,1,58,give_up
55d6b958-31ce-4a84-a9a5-b0a0640f11e8,65759ee7-c2a2-40c3-ac08-8374e42101b2,233.76,Debit Card,incorrect_pin,427.47,1,47,retry_later
15f22002-5ccb-44a2-9071-0839eb705cea,6c228fda-d405-4c1d-80bc-be4c7795ffc3,2932.78,UPI,gateway_timeout,530.19,1,81,retry_later
b89c9ad2-0deb-47f6-b707-4cd5277befed,20580adb-e9e2-463c-95d8-ffbeba7149b4,424.19,UPI,incorrect_pin,34.27,1,71,switch_method
379230e9-5808-438a-851d-33a09f741806,1fe504bb-13d4-4647-803c-ca00589266d6,1259.16,Debit Card,expired_card,3596.15,0,100,switch_method
ede469d2-7cc7-4dba-908c-4ac86eb161f0,70d16d57-97fd-47fc-8c36-3e1471460b81,1114.67,Debit Card,insufficient_funds,446.2,2,22,retry_later
04831e1b-38a6-4456-b9b5-8136888ccd8f,97a2abc4-7537-4335-a539-6fe058a42a2a,2604.92,Debit Card,gateway_timeout,331.84,0,14,retry_later
f00d4663-e065-45de-9417-bf8dcff07571,cd316923-9b30-4d1e-9d85-5d98323ebea2,881.28,Credit Card,expired_card,864.54,1,98,switch_method
4f179aeb-18c9-4e39-8fe6-7d10f5bda0ea,7707843e-64a2-4306-8b5f-470c2382cc7b,833.89,UPI,gateway_timeout,252.0,2,26,retry_now
1ecfb88e-2670-45dc-bfb2-00c57aceeb3b,cfcec005-44ee-42f6-9962-cbc7bfbb6423,11691.45,Credit Card,insufficient_funds,430.09,3,20,switch_method
27d9804e-e3ef-41f5-8873-2e0f9e3bb525,7ea2ff63-ad9a-4103-9e60-f4dd8b358dc6,2617.4,Credit Card,expired_card,176.63,0,24,switch_method
517110c8-199a-490c-8a26-8ebfb60b86fa,1972c780-aba6-4b9f-b4ca-781feae1df9b,871.86,UPI,insufficient_funds,1425.26,3,4,switch_method
3b7ca273-98c8-4902-a924-909349d2abae,e18d5ae3-a1dd-40df-9d5c-65ee654fc148,1304.95,Credit Card,gateway_timeout,2372.67,4,89,switch_method
693a314f-808d-41fd-bb4a-0345ba7898e5,8b8550db-3731-41e5-bf6c-bb4dcecd8cbc,15351.39,Credit Card,incorrect_pin,11.72,1,75,switch_method
1589b903-90ed-4edd-b337-1b39070f0f82,e87c2627-6c75-4e15-afe5-6bced09572a1,1331.8,UPI,gateway_timeout,69.16,2,48,retry_now
9c78b36d-9f73-4bf5-9cb6-b929f06ad274,dd8373df-0131-464a-b40d-c803879362e3,738.0,Debit Card,incorrect_pin,1405.77,0,75,retry_later
2f793992-206a-49ea-9c36-007914799793,47918ab2-8072-48c3-b5eb-29f4c84b46a7,742.12,Credit Card,insufficient_funds,244.78,4,28,give_up
d858ebe1-a1fc-4374-a8f5-5f9eac77c720,5129e70f-d8dd-4748-8ed4-29dacdbb1c06,885.49,Debit Card,gateway_timeout,10.0,1,21,retry_now
d88b8f94-e345-4b16-b9a1-2d0788530233,6ec3aca8-7fa5-47a8-9e7a-aba557404722,834.77,UPI,gateway_timeout,403.62,0,118,retry_later
a33e40a3-8458-4ae7-9091-0d58ec437957,3e905c69-bae9-405a-8f90-9a9c521339ad,342.56,UPI,incorrect_pin,129.18,0,32,switch_method
d8bbf295-fa94-4a9c-99ef-41e4da8ed17b,df44336e-7669-4573-bc72-1b8631930877,419.28,Credit Card,risk_flag,837.58,1,13,give_up
1f2bdf20-7e09-46e7-bf6e-732df024648e,5228fd2e-b23a-4c9e-939e-3ff999bd698c,615.16,UPI,risk_flag,2444.13,0,82,give_up
f0961286-dd62-492e-974b-875283f6187d,9c1cd7ff-7869-4c6e-90a2-b3535500bbcf,3901.21,Credit Card,insufficient_funds,422.24,2,24,switch_method
384ebd2e-68ee-4619-b2a3-c2b0b8bca36d,833db487-bbc7-4dc9-82d3-89a5222f85ad,1101.46,Credit Card,risk_flag,1306.21,0,14,give_up
4ba180fa-31ac-49e3-8aea-c73854460250,840da8ca-c0f1-453e-97bc-ae3ba5229bcb,1381.17,UPI,gateway_timeout,305.22,1,1,retry_later
a726f91b-dff9-4dbf-8f5d-091e63f16f90,ce4a6e49-9594-4646-82c5-fb2ebfc78809,9424.94,Credit Card,risk_flag,1114.38,1,211,give_up
164ba5e8-8bfe-46de-b7b9-d8150534fbd5,e20093b8-32ab-4785-a61d-2aeef38b507d,9735.26,Credit Card,incorrect_pin,337.81,3,37,switch_method
2c9c755b-1703-4198-b47a-df8823e05197,6ce03a9e-b053-4537-9f80-23a14324f418,1252.93,UPI,expired_card,524.38,2,10,switch_method
fc934037-50d7-414b-b5e5-c090ce9a75db,6fb845ab-9f47-40a8-8723-75867db95eb1,796.22,Debit Card,expired_card,10.0,2,85,switch_method
c865163f-ab6b-464d-b672-d33072c95ebf,9b94e7b0-8c8a-4f6b-b49d-f14eaffa8bc8,587.71,Debit Card,insufficient_funds,2506.13,3,131,switch_method
46c26284-cf75-473d-9674-11c2a29749f3,18a34202-d5e1-43ba-bf17-6c78e1dba9d6,4449.77,Credit Card,risk_flag,236.8,1,45,give_up
9a6ff93b-ee10-4eae-a7d0-da5c28329cdb,3460fa3f-bdd8-4e2e-840d-401adaafd47c,1385.59,Credit Card,expired_card,525.53,2,1,give_up
162020c4-c936-482d-89cf-3300afd74b20,0fb862dc-5312-4e5a-a619-394c2e61d84d,1093.96,UPI,insufficient_funds,641.71,0,27,give_up
d23f600f-c03a-4791-a760-e66ced516963,1a5083ce-2a20-4b06-89d5-215215d6ea64,627.81,Debit Card,incorrect_pin,36.71,2,16,retry_later
ec65859b-ce9f-40a6-969c-e594ae060106,be612b77-ae99-4c0b-a541-a74dc5481c00,664.77,Credit Card,risk_flag,1374.16,0,60,give_up
c4423570-b398-45af-91bd-7a3d664925e9,58798b61-5462-42d8-9fc3-89bbb1cb4f55,2740.99,Credit Card,incorrect_pin,300.6,4,43,switch_method
64fe5e67-ccf5-4e14-8b9e-e56afb0f1a72,3d276d2a-7d46-4b05-8e31-8d72542071f5,326.99,Debit Card,gateway_timeout,2028.27,0,26,retry_now
d883c6de-5e25-4403-abc7-7c1c63c9d969,c6e75c1d-f57d-40f4-8ab6-13ed6b119a78,6590.14,UPI,gateway_timeout,38.42,0,62,retry_later
b6188f22-feef-4709-bb83-02b4e9b9286a,f43491c9-053e-42fc-9041-5319ffe0336f,903.25,Debit Card,insufficient_funds,491.79,0,52,give_up
4bd51c4c-57b5-45ca-a84a-f8f6970bef6d,9087b281-4bd2-4598-a96a-8878b38c7d0b,1488.42,UPI,insufficient_funds,1774.65,0,142,retry_later
144076cc-93e1-41e1-b653-b99648d72fe3,3458d74a-618e-413f-a0de-3d5c13724c2c,317.96,UPI,risk_flag,410.32,0,54,give_up
694781cb-4080-4226-853b-1684c2e3ffcd,e8a47a15-6f77-42f6-bd0e-3d9f54d43229,1779.21,UPI,incorrect_pin,341.28,1,42,retry_later
30151105-362b-46ff-9652-6cdc55066933,248c3107-9197-4423-bb0b-232b54de6727,1179.9,Debit Card,insufficient_funds,350.87,3,104,switch_method
54c73304-c9da-465b-a0d9-e6cd47a7300f,9c88fff9-d9f4-45c3-8a91-dc0d8f7581ed,1694.08,Debit Card,incorrect_pin,387.28,0,13,retry_later
df519c94-d34f-4bd8-abcc-0e91f8861346,ed3f704c-f645-498d-b9d0-9cc45a792000,12249.27,Credit Card,risk_flag,1845.0,0,16,give_up
ce1d1f6c-d017-4bb3-9505-9152f5c6f3a4,bfeb6d0a-f1ad-421b-b7a3-945bc00390a6,2277.9,Credit Card,incorrect_pin,55.54,2,91,retry_later
d17dc251-4ecc-45f1-8c83-3b629b2d597c,f16663f7-0daa-42cf-8536-90a39598e2f6,643.51,Credit Card,risk_flag,912.23,0,35,give_up
9340d68e-af1c-4d08-8b36-b63ed94e4fe7,9c0d32b3-6dac-4ff4-b63d-f39feb9b1176,717.15,Debit Card,expired_card,506.92,3,31,switch_method
87bfdd5d-8a4f-4e4e-9585-7834c4505d72,f29d6441-7d36-41a8-a120-ca2965bad76a,3919.31,UPI,incorrect_pin,32.88,0,130,retry_later
5098953f-e987-44d9-b32a-115671f5ebc8,f830c1d6-ef2a-43a1-b294-08b25b773aa4,9782.02,UPI,expired_card,364.77,1,56,give_up
d9ef7115-c4bb-444a-ae6c-94d14e56570b,82bb67da-44c6-431d-86ef-b37eb9a47936,2608.4,UPI,incorrect_pin,10.0,0,97,switch_method
01a54ed6-73cc-4420-b979-10debadade97,c19b95fd-ff63-4c22-af66-d16836ea7a97,4426.33,Debit Card,gateway_timeout,7077.0,0,99,retry_now
de6f332b-de1f-4104-a8c1-99dd13b0c52f,b4e4e779-1a15-4108-a2dc-f2361fbd0437,3994.44,Credit Card,expired_card,555.31,2,7,switch_method
19d65191-c0c7-47e4-a391-388fa697b616,6c0e23c4-4f09-4f80-a034-7284d76bda9e,11439.0,UPI,risk_flag,538.34,0,63,give_up
268548e4-a735-4e5a-a713-db526770aa02,113c97f1-cdbf-4a07-a6e4-3b2e6ff1d47b,143.38,UPI,incorrect_pin,1896.24,5,182,give_up
ebf39052-61e7-4a7b-bf22-4f2859dd4acc,c6a94c2c-392c-40b6-bb5e-4f67efc4110f,4304.36,Debit Card,expired_card,2607.44,1,39,switch_method
bd19a5f9-698d-444c-a543-2467d3a0998f,033f2e65-bec1-4c5d-879d-24839e368364,6495.45,UPI,risk_flag,852.17,2,79,give_up
78c019c0-4f80-4889-8f03-c843cceb6a91,0bac5d23-a150-4ffc-9a98-93839f99c3be,317.24,Credit Card,incorrect_pin,146.38,5,50,switch_method
e31dd378-a713-4967-b381-756047adcc00,6d100108-edea-4ba1-9c6d-25b1aea6eeda,571.71,Debit Card,gateway_timeout,7430.08,0,13,retry_now
4e1b5c2f-3448-4f39-88bb-2cbcd9cdbbcc,377ac184-529c-4f54-b384-c8bcba955a10,598.23,UPI,gateway_timeout,581.5,2,13,retry_later
0082b4fa-8fe2-4ef2-8261-1311ff2f1c3f,8bacf2bf-6cd1-469b-b22c-edde613e5ad9,701.05,UPI,insufficient_funds,58.94,0,34,retry_later
bb220e39-3838-4dc9-82fe-7aa59e7ce4b1,061193b4-1b9c-47f1-a57b-04a9d71714b3,966.58,Credit Card,risk_flag,371.25,1,39,give_up
ddb258e6-e9ca-44dc-a672-3a45ed6290c0,80e46394-2551-4cde-b5a0-006c9a2035bf,2478.44,Debit Card,insufficient_funds,995.49,2,41,retry_later
e6193fd0-713e-49a7-a4b6-5f2272cf7523,3397c28f-870f-4bd3-8f7c-e2accc363843,5571.26,Credit Card,risk_flag,417.17,1,186,give_up
e7a6cf86-a0f9-4bae-815e-bbb613551ce6,e144a721-5a10-461f-b98d-81520e33aa02,7373.97,Debit Card,insufficient_funds,560.3,0,6,retry_later
8aba8655-5633-403c-8df5-7f752fa38d8d,60a8b10a-413e-414f-b532-9f7c5df4d349,608.4,UPI,gateway_timeout,16.39,1,28,retry_now
18accfcd-98ce-4f85-a905-f92f66d1cfd1,18791312-de9e-45ca-9fd2-09541fbce0dd,602.98,Credit Card,expired_card,126.34,3,43,switch_method
373df90e-9dab-455f-9c69-1e1f94691948,534f735b-45bb-4a7a-a048-a1b5f28f9db1,10002.28,Credit Card,gateway_timeout,1648.68,4,197,switch_method
39b791b6-a20f-42dd-97ee-709bb72a7ac9,904ea895-117f-43d0-8e13-790d0b1f233d,4191.3,Debit Card,insufficient_funds,1490.68,2,42,retry_later
0b2e3f6a-c75d-4065-b49c-562d468c99af,09be7fb1-cc6b-461f-b6ca-e5c476dcd40f,2013.69,UPI,insufficient_funds,5323.56,0,89,retry_later
7a7a6d64-6056-4a21-b81e-a30c6c4397a9,035f1670-5250-4de0-a8d8-3666c70adb47,3345.39,Debit Card,insufficient_funds,225.32,3,83,give_up
7d2dec58-ce47-499c-ac95-a68050d63a71,174c812a-ffce-447b-a757-5a1c0d5cc777,1739.33,Credit Card,incorrect_pin,1047.93,3,50,give_up
59fe6bc8-638b-4259-abee-cc83fc76bd33,6694feb1-d759-48d5-ada2-190b7f0782cc,3575.86,UPI,gateway_timeout,306.64,0,8,retry_later
90d84c5d-7771-4133-a745-f6646f84e3b4,e9a0d8b2-80c0-438c-9158-5c83a19aaf64,1168.08,UPI,gateway_timeout,365.71,0,14,retry_later
9f8ae02b-22fa-448f-9a25-ad2d08fcac57,04b024da-5f73-44c2-bde5-a5c57196f8dc,2564.31,Debit Card,insufficient_funds,56.88,3,16,give_up
35800a9b-950c-4a6f-a446-8cb89634e622,9965c02b-2a99-4cf5-8649-c0db08e1e48c,253.73,UPI,incorrect_pin,209.15,3,2,give_up
16d84034-ecbc-45de-b6c2-09567e6eb07b,a5f0c15d-9b31-4df1-9d02-faad5286ca04,739.43,UPI,insufficient_funds,831.45,0,28,retry_later
4ce6a288-19d1-462b-8f22-fc541db40e2a,ba870733-234d-473b-b2f5-1263fc7e1e24,749.86,UPI,gateway_timeout,5313.58,4,56,switch_method
218d4fc0-fa8c-45d5-89db-fdaf5b0f4ad0,5df39aeb-44ef-4bb2-bc1f-3932baaf7f7a,1111.31,Debit Card,incorrect_pin,1142.46,1,9,retry_later
8662c971-a7cd-4821-960e-3d5c4a24236f,e234be6a-b6a7-4e74-89bd-39689ee5b409,542.14,Credit Card,risk_flag,4422.44,5,11,give_up
002bc113-6fbf-43eb-8f2c-c0f9240b87ae,cdebf772-1880-474b-997d-77891721ce7e,903.61,Debit Card,incorrect_pin,235.37,0,73,switch_method
44ecd745-3ed5-4f8c-a1ba-ce490276701d,55c8324a-42e5-49ca-adf7-c9343ec5c3b4,252.46,UPI,gateway_timeout,184.96,1,11,retry_later
55c9b268-b390-4109-8203-8867a26914c2,4aad8c74-6664-4ef8-a571-b99302caaef3,3689.74,Credit Card,risk_flag,35.74,0,8,give_up
7812c996-84bf-410d-b4dc-ba0c5fd44455,b1880aeb-4649-4976-b418-dd5d80e827e4,1624.14,Credit Card,risk_flag,855.01,3,228,give_up
bd1dd6b9-3688-4f38-be88-819cbf9ccf30,13d91ad0-7057-4e01-bf31-11ccd76a96ff,197.01,Debit Card,insufficient_funds,145.53,0,0,give_up
2bbaaed0-13c9-4246-aced-ca0afce64ad7,05ef9cc1-6d84-4e0d-9edf-3fb0db81c09b,610.77,Debit Card,insufficient_funds,406.84,2,23,give_up
f6c4efe8-37b1-4420-b43c-c4747cf2c745,24c78e24-0c8c-43f1-b31d-dbbf838ca247,2800.58,UPI,risk_flag,445.97,0,2,give_up
5aa2af34-a20c-4b12-ae11-4ed174f90d8c,f38de3c5-6f35-4dc9-98e9-b4ec01acc604,892.54,Credit Card,insufficient_funds,285.11,2,109,retry_later
a6e3b601-3afd-4a89-85ab-e673277d26b6,16f2caba-edc8-43e2-bf41-13e74d552df2,730.68,UPI,gateway_timeout,187.58,1,52,retry_now
8a1a36e7-3d1d-4e43-947d-ff95f08597c2,333fc0fd-e7ac-4092-aff7-838e42866261,1640.95,Credit Card,incorrect_pin,146.17,0,2,switch_method
6974bca3-a4d5-41fe-9515-e167a5d5f18d,b4618b3c-af98-4b57-9af5-e1debf6c361d,2826.17,UPI,gateway_timeout,856.93,0,57,retry_later
96e0b6dc-ba64-46b5-93d8-a2663f323c55,351306a6-139a-4d60-922a-c7cd302a8b39,279.43,UPI,incorrect_pin,62.54,0,7,retry_later
2550037c-dec2-405a-b0cf-13d67b96556b,cc02cf54-07a8-4edf-82b3-21b72b961a52,3696.59,UPI,incorrect_pin,2816.1,2,41,retry_later
2e5db3db-e2fc-482b-a1f4-ca6c4adf0b34,336780f1-685b-4033-8748-2d2a3cd69438,638.82,Credit Card,expired_card,190.15,1,66,switch_method
8a1e56bb-3859-4830-88e8-5d3aa5ad07a3,7e7f29d5-31b1-46e1-9ef9-a6fee62223b4,1766.39,UPI,gateway_timeout,3548.47,0,9,retry_later
a497751c-48e1-4082-a566-8b5f02b2c812,4fdd63aa-4ab0-443d-b881-90147b9ff184,1726.68,Credit Card,risk_flag,423.52,0,41,give_up
d3788f79-c3ac-4cad-a907-b72b08ec3c65,2644c10b-959e-409d-9a47-9e6f876741e9,911.25,UPI,gateway_timeout,6311.02,1,36,retry_later
1c4fffe6-4386-46e5-81f5-0c8ba6f90bcf,91941786-6591-4e42-bcb7-6c95575c68f3,477.82,UPI,gateway_timeout,40.84,0,148,retry_now
850d62f6-2676-4bc7-b892-4a29fd790a18,8f94a1bd-a5c9-4479-b8ca-24d1f6ba2e46,1247.14,Debit Card,insufficient_funds,2341.63,0,326,give_up
7ba967db-d28b-4c55-a754-78a5f28a410b,8e97c59f-0460-4612-8b4c-caed702f9099,14956.92,UPI,risk_flag,39.53,1,63,give_up
1b2f1b6b-f43b-421f-b856-a676a50c257f,d4f5151d-d45f-450b-81bf-883e573e99dd,307.91,UPI,insufficient_funds,740.71,1,115,give_up
ce4d4756-4912-4a81-91b1-885723da5901,681b8612-30a1-4bf4-9e3a-4cb59061be21,16317.72,Credit Card,insufficient_funds,375.92,1,62,switch_method
f3111c7c-e8bd-455f-b02f-7a48f02bcea6,c2383813-468b-4964-86af-21904a6f36db,1289.95,UPI,gateway_timeout,15.48,0,125,retry_later
4a35659e-a465-45fa-9a04-838e5b1e1545,ee4ef8f2-bd05-4335-8b80-4f69f832f9a4,1893.12,UPI,insufficient_funds,759.85,0,34,give_up
8a995049-c6e7-49e4-ab3e-f80dc10f69ff,c49ee4b5-070e-4f2d-a636-369a78a2f005,440.22,UPI,gateway_timeout,607.32,2,56,retry_later
79b21fc9-e409-4c21-bffa-7043f16d3156,ed1722b3-7a9c-42a1-a60c-2dd7a08e1be9,663.38,Debit Card,gateway_timeout,1483.34,3,111,switch_method
10003afc-e970-4ecb-8454-9ee17fe69909,37d84fd4-2e32-4889-bc48-8cee15447304,940.32,Credit Card,risk_flag,1808.7,1,150,give_up
340df472-9e40-4e91-8666-dcd97b8abe3b,9b6459c6-ee94-4bcf-8e81-13d655da2937,464.33,Credit Card,expired_card,111.6,0,1,give_up
904b12ff-6f98-4558-9449-674d02b30f41,573127d7-e194-4850-abc6-1056ebec08ea,1378.03,Credit Card,gateway_timeout,22.91,1,6,retry_later
60e72c24-d8a1-4a37-9606-fe169788db5a,fa59208b-4911-4ca2-ba3b-1f0a7b66b4a5,1065.16,UPI,incorrect_pin,479.72,3,160,give_up
0014a901-a3d2-4ced-a518-de54a9a58422,902ac51b-18f9-49d6-8d8e-da7ef88b9398,20050.62,UPI,gateway_timeout,261.98,1,50,retry_later
89ac7b38-e200-40ca-8c9d-bc2407903fd7,024cd136-630c-47b0-b63c-b5e2156e6b5a,397.12,Credit Card,gateway_timeout,59.38,3,277,give_up
65640f0b-460a-4601-a3d5-502f6af81f46,6fd61950-81f4-4714-84ea-2e5f35a34aee,2066.26,UPI,insufficient_funds,855.31,0,94,switch_method
3c5c4ed8-7a37-40a8-aa6b-514a5b10c3c7,d7dc40a7-f636-48de-b276-03d35ce49f67,2495.39,UPI,gateway_timeout,2143.69,2,102,retry_later
c8151fcb-1ad6-4140-8599-5e99c5566029,eaf81f6e-e10b-4fd7-a365-73a484811de0,449.7,UPI,insufficient_funds,152.11,1,29,give_up
467e451f-59d8-453f-866b-c4b351b46b17,2c646bd1-e3f7-4687-ac11-dbada8cb0588,4415.5,UPI,insufficient_funds,185.6,1,17,retry_later
f9e87eb8-9976-42ff-862d-0a229d966fad,05088d47-03f3-4626-a3b6-8237ec60fcab,1077.26,Debit Card,insufficient_funds,414.21,1,54,retry_later
e387606f-dbb3-4aed-82a2-4d958af9a574,d6d213fa-e589-458a-abb9-834d83c44ac2,70.8,UPI,expired_card,149.69,1,126,switch_method
2484ad31-962b-4e39-b88c-944a4ce20a2a,a99821ef-7d56-438c-9a87-80ed5ab9dd9b,4263.32,Credit Card,gateway_timeout,629.23,2,77,retry_later
e295367c-3486-4d3a-905b-2daa6a120b17,65fb067b-668a-4f9e-9285-a276e8a2c8e3,423.26,UPI,incorrect_pin,41.82,3,38,give_up
5d111818-8540-4943-aa8e-703ca4b15677,fade7207-c5cc-47e6-a4b8-a86a7d8fbed2,463.08,Debit Card,insufficient_funds,230.25,0,83,retry_later
dafb3537-324b-413c-9627-fa13e7a721ba,7c245e9c-6589-4c78-acb1-dbf8e33becbc,4421.67,UPI,risk_flag,1037.16,1,70,give_up
63c489ea-3012-49e3-bff5-7e51bb71d304,00c8eb60-5d9c-483c-b51f-6c0ff900f5b4,1151.35,UPI,expired_card,281.9,3,146,switch_method
72f3d91c-7df6-4dd6-a708-1fbb959561cd,a3119a30-09a6-49b1-ae87-971b3861f641,5961.66,Credit Card,expired_card,620.74,0,18,give_up
a8195cbd-096b-4b40-8d4d-359097903e34,1a360688-7d6d-42f6-bad9-50a41237281f,8718.62,Credit Card,insufficient_funds,337.82,0,7,retry_later
5516f463-4a14-4846-8221-67eea71cd7f5,e0dc41ad-8998-46db-bd0c-543f4384fd8f,781.8,UPI,incorrect_pin,848.06,0,38,switch_method
75cfa404-9a7b-4f7d-b867-c86c9bc1fa09,0ac9b3ee-f884-47f5-877c-cb69a32726b6,5070.74,UPI,insufficient_funds,472.88,0,26,give_up
ef2c02a1-03c9-43cb-9303-cb893f61340a,25feb88c-5ca4-4f93-b9cd-d4ad77c763b9,677.16,UPI,incorrect_pin,191.26,3,221,switch_method
7324828b-690a-4168-b168-bfa5786caf16,eebdc23c-cec4-48a7-86d3-13d1e36ced8c,32960.02,UPI,expired_card,1862.19,0,0,switch_method
0323bb27-0bdc-447a-8237-06db6ff2b290,593c68fd-40a5-4dc0-9752-52e13ee43b0a,734.47,UPI,incorrect_pin,396.86,1,162,retry_later
709f3541-c376-43a8-a28d-2a56b60d8ddc,5972ef49-e329-4783-98f8-b00d2116bce4,6863.09,UPI,gateway_timeout,417.78,0,186,retry_later
def3e7cf-11b7-47b0-9f52-33b5757d704d,15d1ab3b-285a-4f62-86de-574861a533fd,5414.99,UPI,gateway_timeout,269.09,0,3,retry_later
35b8b5f6-79fe-45c0-bcb6-81fa66685317,cec3621e-cfa5-482b-b6a4-a53119d97fcb,2726.88,UPI,expired_card,891.78,3,132,switch_method
1a3648d3-73df-4ecd-b44e-b4b1ad5296f6,341f4c60-5e25-400e-a0e7-b8f5e778f390,756.19,Credit Card,gateway_timeout,612.79,1,38,retry_later
534a83ae-1449-4bc7-92c0-91ea58f5fcf1,eeb7496a-90eb-438e-9f44-9a6f5ec924ac,1485.02,Debit Card,risk_flag,1206.11,0,87,give_up
f300efab-72ce-4b9d-bc9b-4762ce96ca71,980871b1-1dce-4dc5-be4d-ea514cd9d40d,109.98,Credit Card,risk_flag,245.46,5,4,give_up
3bdd521e-d3b9-4860-ad1b-80483ac0aea9,919ee36b-d2cf-41c4-b950-5d5f5fab2062,2420.54,UPI,incorrect_pin,315.94,1,186,switch_method
4f528221-7640-4825-a5db-c0dd859c1e28,24c48533-0c94-4eb7-9544-3b37d6fefebb,2848.36,UPI,risk_flag,473.75,1,56,give_up
ef6a509a-2f79-47f6-86d3-6ee7c062e4fa,d4b7cf0d-4975-496d-b9da-07a57b4ccf97,2150.7,Debit Card,expired_card,344.34,1,137,switch_method
966ac321-fc12-4527-9047-722f1d796bfc,7e5b919b-6dab-4444-a01c-1b8a810e9131,50.0,UPI,gateway_timeout,2857.27,0,67,retry_later
45e68b01-605a-4d8b-91be-65a985c274e4,fd8c12a4-7dd2-4ed2-b3d0-469e69956625,348.86,UPI,gateway_timeout,347.97,1,46,retry_later
c4868b78-3f46-497c-84f7-dc95c9b4d79f,421b4c59-a296-4de6-ab7e-4130b27dbe78,683.67,Credit Card,insufficient_funds,26.12,1,11,give_up
48014452-a065-47d5-9391-5873e45c3400,a03aacee-e932-4cee-98d5-9ad789f05ad7,2641.64,Credit Card,gateway_timeout,6374.28,0,11,retry_later
a09a3c88-e5d9-407c-b0e9-932e9ef71262,0ae76e7b-3f9f-41aa-a57c-5813e786317c,2633.69,Credit Card,incorrect_pin,91.12,2,38,switch_method
0c1c9e4d-89db-43ba-8c38-205e19dcf04f,4e21cc6f-0625-4b48-be71-52deeee333aa,1449.12,UPI,gateway_timeout,220.05,0,122,retry_later
fb09dcb0-7bae-45a1-85d2-56a30a7bcaa5,16c7fa83-92d6-4fe9-9890-728dee43ae03,4129.12,UPI,incorrect_pin,3305.4,2,7,switch_method
bb90c4f6-aa02-4f6e-a0fb-a51a61577065,5bb4808e-1e46-4c27-8f12-12cbdb06a36d,476.22,Debit Card,insufficient_funds,258.72,0,385,give_up
37a0dd66-4076-4070-b495-a64bbd7be754,e7446870-dc53-47c5-a603-8489f3f4ea33,3997.02,UPI,gateway_timeout,426.86,3,125,give_up
6a067369-014f-495e-a9e7-e12c66b5db28,476a0cbe-5e15-4a89-9b35-41fd4a119154,3351.5,Credit Card,expired_card,1774.13,3,29,switch_method
9adf2890-ade4-4812-bb35-6491e64faab5,b7ac0309-c102-4623-ba4e-95c69bfc888b,2953.72,Credit Card,risk_flag,1751.66,0,17,give_up
7fe0afb7-8802-49b6-822e-74b78c9f88b7,c6a21d8c-058f-4899-ba49-affbc248b558,1427.03,Credit Card,incorrect_pin,825.93,4,153,give_up
792118ed-2031-4351-b550-067b6034fd78,69587cd2-5522-4b06-beae-0af8f1a9f15a,19535.08,UPI,insufficient_funds,167.75,1,7,give_up
c608660c-d7b9-4192-be48-b331da64e873,50a1d61e-3bc6-4659-924c-6696c31c0e34,3432.88,UPI,risk_flag,585.8,2,25,give_up
bc07bb17-f730-4c8a-8098-fd8b6f66c369,d081df3c-9f38-4dd0-955c-1bbf99566d23,513.46,Credit Card,risk_flag,87.28,2,5,give_up
c62e91c6-dd0d-40ee-a1b9-8594a62f13f3,2ec7f4d6-8a83-478d-8adc-ff4e15f29c9e,2496.88,Debit Card,gateway_timeout,159.12,0,184,retry_later
916dc3d2-36ca-44ff-8f17-280036bf88dc,fcef208a-9670-4156-bf37-8380a17236ad,4808.92,Debit Card,insufficient_funds,614.75,0,57,give_up
fd86d864-1625-4bf3-af7e-e43b1f0d2e21,2d07486a-588e-41a9-b694-9e5bfd5c2ac0,841.73,UPI,insufficient_funds,8955.29,0,24,switch_method
6479b89d-e40f-4e22-ac7b-0ebd4676c5dd,197cabd3-582d-428a-81b6-a55ffcd1a83c,7450.63,UPI,expired_card,151.28,1,19,switch_method
0de62ae3-db47-4e09-a7b4-93e03d8de1ad,9164d80b-ec92-4c48-9eb2-eaefe59fc241,2970.97,Debit Card,incorrect_pin,1439.29,0,35,switch_method
82dae28a-3eda-4635-94da-732c2ffe0de2,1bc371d7-5766-4a49-95c0-439187c69cb5,86.04,Credit Card,expired_card,58.55,1,5,give_up
961806ca-f020-4a56-95f6-d9d58f448557,cc16abc2-0658-46b7-8c8a-3611363d3077,2669.31,Debit Card,gateway_timeout,19.16,0,132,retry_later
14417cff-7845-4a90-86da-1014efe6b035,83e2b228-129b-4615-8456-c48ec0cbbb12,1066.53,UPI,gateway_timeout,14378.33,1,42,retry_now
5971e400-522c-4da6-8dd9-44ec5bccf1b8,3c62dbf8-2e04-461d-b7cd-85435e697956,3634.89,Credit Card,insufficient_funds,121.48,0,77,give_up
9016adb1-8b69-4577-a8f9-d319d433501a,ce622f61-5f44-4be2-9f2c-af32820a88ba,6170.16,Credit Card,gateway_timeout,991.3,0,15,retry_now
b16dae11-ab38-4d85-9472-0b2b0cd5ddc6,3a6d3de9-6868-4002-9d9c-bdf1bd33b962,2330.2,Credit Card,incorrect_pin,200.42,0,42,retry_later
8a082eb0-18ae-4010-9627-deb1fef7715a,2a764fdf-f805-413a-bef2-e5704328e20f,15753.66,UPI,expired_card,262.17,2,14,switch_method
1ff0d5a3-e57a-41f7-a8f2-3ff3f40e4bb2,35aabb91-8705-4ec5-8a89-67bb7bf52e5c,1433.22,UPI,gateway_timeout,869.45,3,101,give_up
773d2db2-53ec-40ba-9dc7-7aa4d54c8adc,30620943-7b87-4f7a-9174-bafbf15c223a,4073.52,Credit Card,incorrect_pin,376.09,0,89,retry_later
9ec2623c-8377-4c14-8249-7896ec1cf605,4f570221-ca43-43e0-800b-5dcf996249bc,5148.32,UPI,risk_flag,10.0,2,9,give_up
f7c9c470-6512-4869-8ccb-331be9fe3d4c,57c00bf3-2037-4ec5-9d96-6b988394830b,1593.12,UPI,risk_flag,224.35,3,4,give_up
2988ea82-923d-4415-b059-9da872f105ff,9d114b41-0e0a-4362-ac73-130e3f92215b,4976.12,Debit Card,insufficient_funds,515.46,5,104,switch_method
6562460d-c76d-4fe9-a7fe-644082db8f68,ecd8cd8b-7990-47a3-a908-b81e5e78217a,834.58,UPI,insufficient_funds,1280.66,1,6,switch_method
1251feeb-49fb-4f8e-a99d-443bddc790fb,44810686-1cf9-4dc4-8196-115735052c3e,1043.84,Debit Card,incorrect_pin,423.71,0,47,retry_later
29173998-378e-4024-86c1-53c58a8d687a,a0b3fb7f-d8f0-4c3f-aafd-39d97b2ee1a5,328.25,UPI,insufficient_funds,618.82,0,45,give_up
7e3f7f94-a784-43cc-8eb1-1fb2c235172a,2534b24d-77c6-4b6e-9d8f-4bd8eb75f3b0,2474.59,Credit Card,risk_flag,487.09,0,13,give_up
e528d09f-db2b-4cbc-9e9b-a2ce132d6df5,1b27bd11-72a8-45ef-9042-1ab961ed9cbd,2759.56,Debit Card,insufficient_funds,205.15,1,53,retry_later
78afdd0d-807b-4c54-93aa-9ba7d21f495c,131e9a4b-0e06-4912-bbcd-87e8cc4c146a,8375.3,UPI,gateway_timeout,5026.78,1,41,retry_later
f07df258-0605-4622-8483-5ac168b4c713,bf5d217c-a3c7-4c7c-9147-1bc3acdb9738,5056.76,UPI,incorrect_pin,171.14,1,42,switch_method
15c4bf76-8d8a-4d1d-9fed-28e403621aef,76acfd6f-7159-4606-83ef-81b9775214cd,1248.58,UPI,risk_flag,199.32,0,26,give_up
b6069ed9-554d-4c94-9462-087497190281,8e162f8c-c697-4ad9-85de-e39c6525813b,390.87,UPI,gateway_timeout,709.91,0,109,retry_now
5851e088-91bd-46ae-ade8-95bc4792a141,f7aad0b2-d247-45fd-883b-8876a9461681,3173.87,Credit Card,expired_card,479.75,5,5,switch_method
3a0e48c1-4bb9-41f7-919c-a2bbf6df3d59,ea2373b4-ef07-4d41-b952-11e5f484b3cd,7661.62,Debit Card,insufficient_funds,418.59,5,34,switch_method
f6dd10d0-b3f1-4bda-9e5d-113a1f7be119,dcf51a86-f834-401f-a12c-14e64d657647,4825.84,UPI,incorrect_pin,116.18,2,18,retry_later
c774665f-5ce7-4324-9564-1f88accb6bb9,d60ea530-5beb-46ed-b141-f5a0eae78605,7404.33,UPI,gateway_timeout,879.56,0,113,retry_later
979ff93a-67a5-4c86-975b-0ffd2af75f68,b88eed9d-f12b-445a-8277-697a0c1441b1,1372.71,UPI,expired_card,526.32,4,15,switch_method
e32056d6-f433-4705-be76-02757d251135,97ced0cf-fb64-4459-b9ba-12d26d2db350,985.74,Credit Card,incorrect_pin,4262.64,0,87,switch_method
dcf197fa-9669-4d24-af7b-51959b3acb03,b69f7b8d-aef3-4b9c-ad8a-1e90bd93abe4,693.69,UPI,risk_flag,618.51,2,56,give_up
6b70b894-8c44-4a53-94aa-20b0b8dfa87d,85b11490-041a-4195-9819-0e5b4fb518d8,1681.32,Credit Card,gateway_timeout,337.12,0,124,retry_later
eefb8e2c-011c-4ee2-ba17-2fcc78f575aa,16856759-73fd-41f3-8a1b-f11dcf7e7f46,1632.44,Credit Card,gateway_timeout,5134.36,1,54,retry_later
425dd6a3-d870-4f93-a686-55c1b8ca5f17,ab57fc68-fde6-44a5-a0ee-72a136b39dd1,2365.35,Credit Card,expired_card,394.95,2,48,give_up
f5320a41-f6f3-4148-b7cb-f50d62c8b037,3b3cf08d-1f21-4b0a-9d5d-cf1ffeef99c0,1528.3,UPI,gateway_timeout,26.64,3,96,give_up
0f359bdd-8acc-4a0d-a8c8-3923e481970a,d97de58a-2049-4651-b590-dcc972dbc429,1519.72,Credit Card,incorrect_pin,189.92,2,49,retry_later
6f3dc0d1-a149-4e60-906b-25ca34fa2725,938328b7-e0b9-406b-89e0-542176175f11,658.72,UPI,gateway_timeout,153.93,3,111,give_up
9a58f6fe-ee70-4779-9fd0-c447d314fbf4,f50bd0d1-741c-4ecb-9833-ab76cbfc3f23,6149.37,UPI,insufficient_funds,527.26,1,3,give_up
957964fe-ba58-44cf-967b-4ac2c99f50ac,e98ddd88-50ce-4c8d-b53b-334ed1656014,1997.14,Debit Card,insufficient_funds,341.25,1,41,give_up
1b4acdf9-f6f3-4563-8823-57563b38c24e,5843e0fc-4e30-47ab-b53d-76c16c91e0bb,1441.19,Credit Card,expired_card,171.32,0,100,switch_method
551d165b-3a42-4b6e-9d5a-a03c3e4e672e,9dabc3e6-e1a5-4843-a894-c380d3462031,684.26,UPI,gateway_timeout,194.54,0,113,retry_later
8d663fbf-e9be-4ded-8da6-f043e49be259,98ea5fa3-fcba-477a-bca1-70bebb865059,320.06,UPI,gateway_timeout,626.33,2,107,retry_now
90e87802-e9ea-4be8-aec6-26c5c61c33dd,77a8b84a-54f8-4a3d-bb7b-301db8540fdd,9900.63,UPI,insufficient_funds,12312.51,3,55,give_up
f507a2ac-654f-4cdf-a8dc-0534202a6a7c,e7e72b84-1fcb-42c3-be31-3251d64f9d8e,3718.33,UPI,gateway_timeout,676.23,0,306,retry_now
7d2971e3-e5c3-4318-9cef-6172f0ddc52b,38dd0193-1245-4ebc-b88e-26674183e5d6,218.96,UPI,gateway_timeout,1191.13,0,12,retry_now
6d5c703e-20b4-4e8a-b975-31a0cab0ab2f,5afef693-6012-4706-a563-d7c647f7c829,4876.02,UPI,gateway_timeout,5236.35,0,11,retry_later
3b4e69ec-1b9a-403b-b398-f9520a1926d9,b2563c9d-1c52-4949-b0d8-3cbaff792ae7,5998.26,UPI,gateway_timeout,1323.01,3,2,switch_method
066d7984-7c18-4a7e-8680-f2da29bb7bd5,bfa79a0b-15fb-4937-9533-399dd5d35db9,2125.34,Credit Card,gateway_timeout,1718.4,0,272,retry_later
45581a17-8742-474b-b7e6-2d98915eb7ef,912cc754-0b52-4ac4-a61b-1f6c06db3fd7,14436.92,Credit Card,expired_card,2925.45,0,25,give_up
453492a5-d2fe-4f99-962e-6157bf015c7d,f4694e73-199a-461f-adfc-120ec9ae6030,2396.43,Credit Card,risk_flag,84.36,0,86,give_up
e16978a2-f322-4a52-961c-22cb95278f15,ee3607f1-9096-45ec-8148-e2ef7d40e4ea,286.61,UPI,insufficient_funds,793.91,0,3,give_up
c59de47a-c0e2-4771-8afd-913a128fda59,4476ec78-061f-47d6-b09a-a10be5ab1e80,2906.54,Debit Card,gateway_timeout,113.82,2,21,retry_later
d9d7040a-d7ae-45ba-b12a-62b472e32479,3fce18a6-0062-468f-ad9f-910bec3d3c35,2485.84,Debit Card,insufficient_funds,83.5,4,58,switch_method
79cb4f86-4ea8-4c0f-b2fa-23030dcb7e88,7c06c584-c7e2-4581-a2eb-57b696bd8e73,825.27,Debit Card,insufficient_funds,587.62,0,44,give_up
cc9259f4-20b0-40cf-b109-6b4758447eec,17d667d3-93c2-49c7-ab59-35b1f3972371,3810.92,Debit Card,insufficient_funds,4476.58,0,13,retry_later
e355d731-fe7d-453d-8a32-e4a7123451b5,1021f731-3e4a-4a04-a53f-7f8fe7243026,206.86,Debit Card,insufficient_funds,1501.79,3,37,switch_method
0a864ca1-0410-42ae-9cec-a36f84d76926,680b2c26-9a44-4a15-8509-20b87e04e410,6553.38,Credit Card,gateway_timeout,163.75,3,6,switch_method
3f53d6a7-2e90-4329-9792-30b065e63045,f68a6106-beb0-4adf-a86b-088723b2501d,577.35,UPI,incorrect_pin,1133.59,0,46,retry_later
cd3e566b-00dd-4058-9b25-96737200e356,7d125aff-2fbd-48de-9187-aa99da61f2d8,502.49,Credit Card,expired_card,922.66,0,6,switch_method
bb581015-9ba5-4962-934b-27cd9927b668,0fb5615a-8718-4b4f-9503-0d6816110e72,1559.36,Credit Card,risk_flag,16.18,5,60,give_up
ec7e4261-0946-4186-9bdd-7bd76006e339,6d0428d2-6692-4d3e-8efb-3842f32e9d87,3174.37,Credit Card,gateway_timeout,146.76,1,10,retry_later
a75a2c9c-84e3-4e94-ab25-4528313d8400,63ef7c40-3c09-4d77-bd6c-6f3fadd087fc,2237.47,Credit Card,expired_card,1290.89,3,47,switch_method
03b9036e-ae2a-4b86-9654-6c1a16cc7af1,de3c3311-9628-423c-a450-b8425817cb08,688.52,UPI,incorrect_pin,311.54,0,8,retry_later
47097ab6-dcc8-4048-a176-803fae1eb203,7a6f09af-6b01-4c2f-8c2e-51d52710652f,936.44,UPI,gateway_timeout,2268.53,1,30,retry_now
b59ebabc-e476-466d-b10c-06297db921ac,2fdf5e60-8d9e-4c41-8722-88785b0e6aad,414.49,Debit Card,incorrect_pin,31.44,1,26,retry_later
8a44899b-eb5b-4bcc-9472-10a5493eb4ba,0192bb24-1207-4d7d-a200-df141cfe9f96,1350.08,Credit Card,insufficient_funds,10.0,3,84,give_up
808d04e9-e529-4eec-a3b7-e8147cc9dac9,816597c4-2e9d-41cb-98d2-d67f4ab6823c,7313.87,Credit Card,expired_card,1162.56,5,61,give_up
9a03441c-567d-43cb-983f-ea8e354b3f45,5653bbb9-d49c-4e01-8faf-d60105b18ffe,1798.05,UPI,insufficient_funds,286.29,0,165,give_up
5f81e14e-2405-4f13-8878-7d3b9a0a97cf,6f4ad407-271f-4b67-a843-edd874d1ccae,5526.11,UPI,incorrect_pin,1570.49,1,152,switch_method
90d1986c-4475-4797-93c4-89d2ddf70a80,5043ee33-5998-4728-a154-07342502aaf9,11992.32,Debit Card,insufficient_funds,333.55,0,77,give_up
a8c0c23e-224f-4dbd-a898-9e25de30b07c,34d5ae34-15c2-4549-b43c-6211b7e0ab10,841.83,Credit Card,insufficient_funds,10.65,2,88,retry_later
8a7d3baf-cc09-4d3d-ac7a-e7bef4364e26,44656724-64dc-4685-974a-fb8ade049055,1418.64,Debit Card,insufficient_funds,443.85,2,58,give_up
205e2cb7-d205-4d48-b3b0-7be3a9e61e6c,f50d9c05-78c8-47bc-aa60-339b41edd78c,30410.73,UPI,risk_flag,139.21,3,70,give_up
0ee54b7b-8fca-462b-a238-a57c94a8f813,48de48eb-17e5-4c5d-9962-eb46594f02c0,11821.16,Credit Card,risk_flag,187.17,0,57,give_up
fbc1d9de-5d50-4fe5-ab76-76971a39ffbe,50712375-f77e-4e2d-8a1a-91d4c8a8f3ea,205.59,UPI,gateway_timeout,320.65,0,22,retry_later
56a60ab3-db2e-4118-90e8-227a75fbd706,e9c78169-2c9b-4b14-835a-1e2a9c088207,2990.79,Credit Card,expired_card,689.36,0,25,switch_method
7b422870-1b8d-4c75-af79-7e15e3cc6e5e,398ac89a-0e27-4559-a471-3ea10701446c,1809.36,UPI,gateway_timeout,158.24,0,51,retry_later
9051598d-b109-450b-918e-1e835a4dac82,89cc621b-34a2-476a-95ca-716d1ea6f64a,5294.32,UPI,gateway_timeout,206.39,0,76,retry_later
976348b3-37e1-4c0d-adf1-03f52c4ac9b8,8a382dd4-3e69-4f98-939f-c5a20ecf29c3,686.45,Credit Card,risk_flag,1455.8,4,31,give_up
ea8ab264-d813-4c31-be88-4c1b5e5d16ac,689a5e74-39cf-4e85-b60b-2203033bbb2c,606.99,Debit Card,incorrect_pin,381.89,1,9,retry_later
f88052d3-d7b6-4706-a1d7-a51b5538736c,b1d4d56a-d705-48f6-a467-be3d115d395c,750.78,UPI,gateway_timeout,2350.23,1,36,retry_later
e816b098-a2b4-4c8d-b9f3-2025a1a8242f,a72bde66-1604-45f4-a74e-d4e196e5eb60,859.62,Debit Card,incorrect_pin,2270.73,3,198,give_up
5ed5898b-4eab-4b59-92b6-53dccc7f9669,d22d37b7-ded3-48af-aa25-edb2f49aee82,5218.27,UPI,gateway_timeout,411.71,3,14,give_up
aee92a16-4b9c-4469-8ce9-78879466067c,95122220-fca6-4aa7-b68e-0ab5cfd0e69f,389.33,UPI,gateway_timeout,448.6,1,62,retry_later
2733cf90-baac-4a3b-8115-1fd1d1164dd6,89ecea1e-b54f-4616-a110-9db6973fd639,804.81,UPI,incorrect_pin,235.28,0,242,retry_later
f89b8b7f-9d95-419c-8033-03d13c71812d,856e63d5-e2ed-433e-9814-39940a6fbeb6,176.67,UPI,gateway_timeout,593.69,0,28,retry_later
8b43d7f0-e1df-43fd-a113-681f1c2e4839,c8b93681-b1a6-4ad1-93ab-bc23a4ede24e,6695.92,Credit Card,expired_card,2391.6,1,131,give_up
fcc1fe66-98e7-4d02-9509-96bc7c13f229,577ea526-8a33-4451-bf19-92642f71e52c,9436.49,UPI,gateway_timeout,136.86,2,119,retry_later
d633508b-02fe-4f70-b6c1-e643d8a11ac2,983bfcef-f2ba-4f9f-8beb-bf9a5d45017d,1181.81,UPI,gateway_timeout,548.35,2,24,retry_later
f8373898-1d45-468b-bcaf-fa6b98fd2d3d,2af78343-1422-4465-af85-b46dfc806d78,1227.42,Debit Card,expired_card,484.42,1,6,switch_method
5bb81fbf-8e2a-4735-b9a1-a39bf54aaf7f,8a4dbc3c-67ef-4f82-be96-253b03bbea6d,3259.04,UPI,gateway_timeout,1667.87,3,11,switch_method
e1fac85a-0505-4c22-8c80-f75d9df31f7f,b0c64552-a92f-49bc-8fc6-b9e0ccb6e45b,12293.51,Credit Card,expired_card,5073.31,2,27,switch_method
b9cc33b4-b469-4fdb-99f3-4700e2081bc6,2cb6dac4-611b-49d5-b7b2-a5d9bf659eaa,3075.41,UPI,insufficient_funds,1019.8,5,191,give_up
e187399d-a05d-487f-afe0-a9cdd9d2bda2,e7c5b80d-71e4-4e05-aac9-6ab0c9cc68f2,730.11,Credit Card,incorrect_pin,3992.1,3,19,switch_method
0f597dbc-fdee-4fc5-a38d-7dcf8003ca9f,5295ff20-d9d0-476d-909b-b2790d54a31c,220.42,UPI,insufficient_funds,4646.01,0,156,retry_later
bb308355-c5ed-4640-94db-f4b9704be1a8,fd5d35a7-414a-4b2b-8861-f2b13cbe330a,424.26,UPI,risk_flag,275.65,0,12,give_up
18524de0-1ae4-498a-b077-dbd5ca230a23,2134cbd3-64ec-4698-a02f-e64549111786,1988.6,UPI,insufficient_funds,172.51,0,210,give_up
8ca95aa2-7873-43b8-880f-6998817cb284,a4c45d64-1436-4711-85c0-3a65cf7d0610,771.3,UPI,incorrect_pin,122.45,1,20,switch_method
952bec35-ab1c-4c4e-bdb0-3224435e2a9a,8b368300-09ba-4134-b010-e6b323fd6eae,2329.61,UPI,risk_flag,111.2,1,60,give_up
0dd0881c-a861-47bb-a120-36577bd3a263,2518c707-41d2-4d0e-af70-f9512d68033f,881.12,Credit Card,risk_flag,10.03,0,4,give_up
9abff1b6-5aaf-4c26-a47b-0413ea4bee49,8b361c84-1846-484c-af55-39d028a6e0df,456.87,Debit Card,gateway_timeout,663.84,3,21,switch_method
0235e49b-b459-4af9-8454-fb3856c54364,faceb837-37df-48a9-bd46-d849819b2c9c,391.45,Debit Card,insufficient_funds,140.56,0,14,give_up
6f69dafc-a44d-475b-b8fe-87625ec71842,5cbe7952-31bb-464e-a03b-262118d49ffc,13781.2,Credit Card,risk_flag,356.39,3,0,give_up
46682516-5556-4c92-a839-2894f2968f8e,69d9c798-96c4-4349-b40a-ab54a1847b56,5742.7,UPI,gateway_timeout,209.81,1,10,retry_later
f32c2be0-b0cf-46ed-911d-2662d65dd6b8,658ec369-ff23-4426-bffc-31c907ff461d,17148.63,UPI,gateway_timeout,803.93,0,53,retry_later
a80ddf46-809e-4b53-be87-e76781aaaad4,26c51fb5-a679-4ef7-82ea-28b395f65837,3648.01,UPI,gateway_timeout,510.15,0,29,retry_later
ab4dffdb-94c7-4a67-a839-a7eefdc5ae25,d0fbca43-cdf1-4112-ba18-e8b047d08523,1033.82,UPI,risk_flag,46.11,0,76,give_up
be531b77-8319-45b6-9a7b-bd1467472c7f,f77fd64c-db67-4365-acd7-dab98f784cb5,10100.53,Credit Card,expired_card,109.94,0,66,switch_method
5d97c071-a6fe-4780-a5f6-cba0b583925c,7b485bd7-93ec-48b7-99f7-e037a69181a2,1731.96,Credit Card,risk_flag,85.79,2,96,give_up
c4eb9d7f-3324-4841-ada0-99c5635f8051,7247b840-c590-42e0-9b31-0a8a5c2758c7,2409.31,UPI,risk_flag,82.7,0,121,give_up
c106a45e-6622-473c-b635-f11c637370d1,3270efa0-e6a5-4720-b24f-20ecab1c9be7,1710.14,UPI,incorrect_pin,3492.14,2,102,switch_method
495e5b9d-8dce-4edf-a079-2e20f5eeafcd,324cc7fb-7fdc-45be-a1dc-b95254d41ccc,50.0,Debit Card,incorrect_pin,98.79,0,35,retry_later
57e1b8a6-694e-4f4c-93b7-ad67f8f22731,c1260112-7b3d-4088-9202-56d94b31d4d5,14561.78,Debit Card,incorrect_pin,24.71,0,22,retry_later
d497f211-a7b9-4b88-923f-52205de8d800,16982379-c930-43bc-a8fc-32a96b72d63f,3423.11,UPI,insufficient_funds,498.79,2,41,give_up
5d317d2f-bf41-4d5a-adf5-2c4f400aa8f9,97b09373-6dd9-48bd-8745-a1b1d11d4242,2776.01,Debit Card,insufficient_funds,339.98,1,45,give_up
1fc1dfe5-e7c2-4558-a2e4-788d16632b3b,25e4340d-55b4-4918-96d1-dbe9f6c23869,1668.52,Debit Card,expired_card,64.03,1,22,switch_method
46b1b327-946c-4815-9984-52a8f20f2b2a,91849ef0-20c9-40d4-924c-873056d6f9b9,2236.03,UPI,incorrect_pin,293.45,0,46,switch_method
be4ccaa6-a26f-4ba5-b8fd-067a03aef302,3c96f3a0-c503-4017-81c1-d2c6344b5384,831.75,UPI,gateway_timeout,2562.15,0,6,retry_now
8cd3ab38-fec9-41ec-84e2-37141ebe9409,8544c626-e56a-4784-a119-05a88252c964,4030.13,Credit Card,expired_card,852.02,0,15,switch_method
16cf2cf5-d125-4ae1-adbc-11feca4d3788,7ee1135e-4c64-4462-b33f-882f3829efc5,330.55,Debit Card,insufficient_funds,151.37,1,82,switch_method
56c6a468-98a1-4e41-ad9f-3f6dce7e87ee,0cc07a43-f6aa-43b4-a8ae-869a268602ac,2302.82,Debit Card,risk_flag,51.61,0,12,give_up
c22b932d-e967-4d79-b10b-d7c2e2bb2462,77983310-31f1-4854-bc69-d97e6be8b2c8,3752.0,UPI,gateway_timeout,398.44,1,8,retry_now
8722ee37-aa98-4d84-8c8b-d01ba91edda2,46747927-9435-4914-91f2-97a337ebe19d,1396.51,UPI,insufficient_funds,285.14,3,20,switch_method
cf12c7d3-af91-48ec-8b44-4a7ac3bb6473,a8109ad7-25c5-4e29-b511-417acdd9b320,2928.16,Credit Card,expired_card,59.14,0,27,switch_method
eb30e126-816f-43f5-a2c4-a2a8e6e9f75f,8acd4f49-8d66-4d72-a0ee-070959fbef17,498.33,Credit Card,incorrect_pin,296.26,3,23,give_up
0523424e-b918-4163-a938-85e7206e54bd,8c4598a8-cbc1-4089-b0b2-7030e37a0e8d,515.13,UPI,gateway_timeout,306.63,0,28,retry_later
03159e7c-1be7-4547-936f-339915bb77b4,97815764-6d90-4064-9a95-04e180850c81,2459.55,Debit Card,expired_card,10.0,2,9,switch_method
c9546665-1811-4511-888a-3575c7b659c5,ff24f484-1700-4da4-851a-e8ba9f24588a,4368.24,Credit Card,gateway_timeout,103.41,2,10,retry_later
55292313-79be-4263-91ca-207597b24cb9,4e0c2f03-5be4-47e2-ae71-206ead727c4b,158.01,Debit Card,incorrect_pin,61.19,0,16,retry_later
d027a5a2-bca8-4874-a4ae-80cc8556dbe7,8ecf4236-507d-4bd6-894d-a5162c20e4d1,3563.96,Debit Card,risk_flag,110.76,4,30,give_up
34c68249-6f2a-426a-83f3-7506ad013861,03c292c8-8144-48a8-a51f-2c46196c18c8,892.33,Credit Card,insufficient_funds,353.5,0,24,give_up
886b301f-2c3e-45bb-8d44-70cecb44789f,6c54c029-2841-4623-a9ca-db806a31b278,1407.19,UPI,incorrect_pin,10.0,0,94,switch_method
4248bdd7-4cf0-4f3f-a8ab-8519cab2b2ab,3b0fbff7-c10d-42c2-9bcf-0283856a4e62,316.91,Credit Card,gateway_timeout,110.74,1,44,retry_later
145c9d18-eab3-41e6-912a-a7d6c5d1e8b4,e6168526-86fa-42b9-a515-6e3d219c13d7,597.59,UPI,gateway_timeout,783.71,5,51,give_up
661b1b37-d787-448d-895f-7924e24d69c3,b978b5f4-eb9e-46de-863d-9a505f8f5a31,6348.43,Credit Card,expired_card,691.87,3,49,switch_method
5ab76f6a-6838-423e-9d5c-01f1aff53891,29fb9997-121c-4060-b6a3-9f46e55f0bc6,1886.96,UPI,gateway_timeout,5723.5,0,30,retry_now
e1a4ef2e-5a0f-45fd-8d1b-2e16a1141939,06830833-fd92-414f-9412-5ba6adf0caff,1099.26,Credit Card,incorrect_pin,972.71,1,236,switch_method
c539b99f-8b18-48f0-a825-fe4ff78a2a1a,6659816b-e51a-4f86-a732-9ccb651de94d,1553.97,UPI,gateway_timeout,26.34,0,2,retry_now
75ccb7df-850e-467b-b494-3a22eaf2b22b,e2a18f78-e0f6-465f-beb6-bb8e32f6ec69,3415.15,UPI,expired_card,257.47,1,14,switch_method
b9935bf6-d460-4f6c-bfb4-366a7cc8d2e9,7758f2b7-9c18-4c35-ac4d-ce22aa4e97a1,3205.56,UPI,incorrect_pin,393.72,1,20,switch_method
34fb2554-f032-45d6-8a61-5360752c9ff2,6ec15001-c837-4c88-a0eb-74da307ece94,1640.02,UPI,gateway_timeout,216.35,0,127,retry_later
c9034f3a-0c75-4e1b-b8b3-ed0a4be082d9,d9891983-2e68-446b-a01b-04ace328926d,7486.43,Credit Card,incorrect_pin,986.13,1,150,retry_later
5fc2b75c-a95d-461b-9ae9-476b14f13d27,e3510db7-77a7-4d4f-8ac2-c44fa768f06c,6384.33,Credit Card,risk_flag,234.36,3,112,give_up
299da2bf-18af-4bf6-8bc8-bd936a43c2a7,0d34e23a-f656-4754-8cf8-88bc18c20317,3094.51,Credit Card,incorrect_pin,1421.23,1,32,retry_later
c2a0e4bc-ee1f-445c-8ebf-3a75c2b75078,f391d4cf-81d2-4bcb-ab44-8672bba7f98e,1941.07,UPI,insufficient_funds,7284.85,2,147,retry_later
3cb97101-4954-4b9a-9fb0-9e4ff88b75c4,8a114ed9-84bf-4ff8-a9b7-3b5a4239c00e,4249.33,UPI,gateway_timeout,202.88,0,6,retry_later
8ed120c0-f685-44e4-be67-da9735dac9dd,6ed9ee37-42d6-44d9-af77-67e969c40b7d,2720.44,UPI,risk_flag,408.22,5,63,give_up
6730b416-e5d6-4e9a-b269-8e26d5ed5b73,90834090-1a47-4aeb-9665-9cb0fa71a271,7179.9,UPI,gateway_timeout,557.12,0,166,retry_later
3198190d-8383-4ee3-9d56-62f95ff12214,1695c3ef-6c57-4055-bfd7-7b5bfc5c7e85,5822.18,Debit Card,incorrect_pin,344.28,1,84,switch_method
04624a12-660f-4491-a591-668c43e05773,343f8a99-fdca-4f09-bae0-d934cd05ace0,481.19,UPI,gateway_timeout,295.46,2,19,retry_later
a7f8cab6-29f3-4321-8a80-04cc9a65ad0d,44a3e97f-c243-42fc-9b6d-3134604d3a9d,440.65,UPI,gateway_timeout,1901.43,2,75,retry_later
62f11462-cf77-4dd2-b90b-3440771bad5c,d984774f-9188-47dc-815e-1b14dcdeb6d3,726.6,UPI,gateway_timeout,395.01,0,20,retry_now
c0904ffb-9799-4e64-ac24-d24107e433b4,0b78d624-79a4-4d01-a747-dfad45f19102,6431.61,UPI,expired_card,345.63,0,7,switch_method
9d21d903-aa2d-47f5-9ac9-c4c6d4ae973b,ad985507-acf9-442c-8f63-0d621d09576c,232.94,Credit Card,incorrect_pin,179.94,1,75,retry_later
65738ad5-47af-4ce8-ae55-aea59d054ac6,34caf35e-f4d7-4bbb-b2e9-bcbfb197ff5d,3020.52,Credit Card,insufficient_funds,289.43,0,11,retry_later
31972c82-b682-41fc-98fc-1a9dd20db984,8df5facd-612c-4581-819d-9e719f76b865,2896.64,UPI,gateway_timeout,1064.07,1,7,retry_later
7ae8c024-2ea1-4f7e-851f-0010c2114561,bf1ae204-e9ff-404b-948c-b7957e7d64d4,8196.34,UPI,insufficient_funds,2005.43,0,48,retry_later
fd7ed0f1-c3b0-4763-89f6-c9e3d0000189,ae92cdf1-d045-42bf-a0c8-719a175600dd,2285.73,UPI,insufficient_funds,835.44,0,58,switch_method
d752ce93-15c7-48cc-848e-52a2dca2e2e0,9a9a0b6f-3bf4-4551-b4f7-88a50a258d98,315.4,UPI,gateway_timeout,299.91,0,3,retry_later
6235e9a5-9f2a-4d5f-a901-1cfdb9bcb793,ae1d306d-0ff0-4838-8c7f-6b8bdc38d406,519.49,UPI,risk_flag,4662.64,0,0,give_up
13f2c2d9-15ea-48f7-a10e-ddc1e5df6d2b,ec248829-ae74-499c-b2a6-be9079af7525,388.93,Debit Card,insufficient_funds,162.35,2,128,give_up
4b1c6700-b530-437f-88c2-67a2aed71f4b,82ca5e57-8973-45de-8259-7f8010b560a3,898.45,Credit Card,insufficient_funds,1162.33,1,7,switch_method
f8a48eb1-08b8-4617-889b-b467e1978b7a,d2bedb58-38cb-4615-b145-c38bfec0bbff,1425.43,Credit Card,risk_flag,143.84,1,52,give_up
68c65d3b-190e-4847-931e-102ac2228469,0a013d0d-7f8b-411c-860b-3fdda1272ba3,397.39,UPI,gateway_timeout,457.48,0,184,retry_now
20a27819-0bf5-455d-a820-df6411a53676,db24f646-d47d-4031-90dc-81d0506487e5,12232.61,UPI,expired_card,4337.14,0,43,switch_method
6299f084-f0b6-4308-aa4d-71a4b65f512c,a1b70b24-774b-4752-80e7-d497318e2b11,322.83,Credit Card,expired_card,5134.22,0,9,switch_method
74cdde0e-c6be-48f9-b762-c0aa5ca24427,8add7ab1-d361-4512-a135-8564ec0e92d9,10403.88,Credit Card,risk_flag,238.5,0,30,give_up
c16fcd6e-00ed-424a-b65b-21611aedf1a3,c30df169-8f8d-4931-ba5e-e40f39dfffd3,8439.78,Credit Card,insufficient_funds,100.61,2,58,give_up
ae583143-4c43-44e8-a4f8-579c124bc019,c67021cb-e525-4c34-a676-2bbbc42542b5,5812.66,UPI,incorrect_pin,4179.67,5,86,switch_method
39465f1d-16c7-4483-b43e-e28c8c70c69b,4c92ff1c-f8e8-4401-ad75-55270801a88f,733.7,Credit Card,expired_card,710.65,3,56,give_up
1330b11f-69ec-4de9-9834-e37fc562f780,eb8f0326-a628-46f5-a2fb-3d258030d8f1,2821.96,UPI,gateway_timeout,42.13,1,2,retry_later
51f43603-c150-4369-9684-f8e90cb6e0eb,1da70878-fd06-4f50-938e-f82c75193f91,343.58,Debit Card,gateway_timeout,19.49,1,9,retry_now
882a48a6-fea8-487c-9913-312f69ab88ed,e3bfda64-aeaf-4fe9-833e-756c8b582772,5908.69,Credit Card,gateway_timeout,527.07,4,27,give_up
a4ad3959-9586-444f-968b-f28164cc2f91,a66a4de3-db1d-47d2-9f98-2f41001e639f,1642.25,Credit Card,gateway_timeout,1205.08,1,73,retry_later
3b32cf51-d346-4b3b-add4-0691b28e59b5,d06a9fed-69a6-4d49-8373-1e2a969b0ced,1061.97,UPI,insufficient_funds,1246.31,1,52,switch_method
a8f46825-2f23-4c3a-9a37-18b938b36777,e9a18bc2-5c52-4169-b63b-ada9fabea1b9,368.39,Credit Card,insufficient_funds,197.41,1,2,retry_later
cf745e3a-5ee3-4a9a-91c2-503aa408a42d,127cf41f-3eb7-46cd-a24e-0398b39a8631,72.19,UPI,insufficient_funds,348.22,2,95,give_up
2a56395e-b80d-491f-8df9-bdc119c9d026,3f46975d-d282-4486-9ac0-cebcec11e654,468.67,UPI,incorrect_pin,2066.83,1,55,retry_later
d20f6cfb-cf80-468c-9616-ae97d59882af,036463b1-80db-4089-887d-f2c3204db8f0,7682.02,UPI,gateway_timeout,183.54,1,130,retry_now
077f0b0b-d231-4a79-971c-e59a32970bda,ce2954b6-4f86-4bf6-a849-357c923b442e,1070.97,Credit Card,insufficient_funds,635.32,2,32,give_up
b332edf9-0c48-494e-ab91-9861c0d0b33a,2d329f3e-729b-4c48-bacf-bbc465d8d28b,1450.8,UPI,gateway_timeout,179.8,2,40,retry_later
9aff21aa-5d74-4558-9380-f6dbe00b5237,ecdd451e-cfd4-4b8e-9eeb-a0f21388cad2,4239.58,UPI,gateway_timeout,431.66,0,31,retry_later
e19a81ee-0ae7-47c8-a3e1-e1db1ec2c42f,2dc03d11-a483-4ee6-abc5-6fed49363b2e,18908.55,Debit Card,insufficient_funds,69.87,2,76,give_up
9d578c1b-ce49-41e5-a513-7cc9dcfc19ae,1b514e8b-fadb-4352-bff7-870b5c86af1b,10122.4,UPI,incorrect_pin,350.18,0,83,retry_later
be04fb20-6b78-4bb9-a342-3eb40a4f8325,278b81ac-689f-45b3-9a77-05917826746c,510.79,Credit Card,gateway_timeout,951.51,3,77,give_up
91f237ba-706b-4b1d-9a0c-f3e82dd101d3,5642ec62-54ff-47b2-9b43-5f14995e13ec,144.7,UPI,insufficient_funds,559.44,0,20,give_up
4e3c93c6-b038-4440-89fa-5995b77bb626,8b07493b-4ff4-4a6f-a5a0-34e3f974bd01,38851.37,UPI,gateway_timeout,58.12,0,60,retry_later
fee2473f-2ccd-4453-8350-6f611793bbaf,2d38053d-4b2d-4812-8879-fbc263331264,34533.64,Debit Card,insufficient_funds,144.04,2,24,retry_later
fa854088-e5ee-433f-accf-5b3d690660c2,4e958f3b-2e80-4ff5-bca3-407e9c558535,2309.97,UPI,gateway_timeout,538.04,1,107,retry_now
d8d8f355-5e22-4672-9518-15d6d702ad4d,bd315f9e-d0cc-4487-97ab-b072fb4cea6f,346.67,UPI,gateway_timeout,40.09,0,3,retry_now
0220dd20-d3d4-481d-a3d7-7d891dfcae45,8861cad6-3e97-4cf1-a5c6-f82b1a83e68d,6324.55,Credit Card,insufficient_funds,599.51,0,2,switch_method
a8077730-4cf9-40a7-9cd8-478d4c0e969f,bbd484a4-7468-4e07-a13e-6df3b664c78a,1571.24,Credit Card,risk_flag,9017.91,4,6,give_up
3e3fe28e-fd0a-4cf4-940b-4dffb7227e55,53abf9ed-7369-40fb-94db-3b42705e6ee7,1561.07,Credit Card,gateway_timeout,2138.9,0,13,retry_later
3c6bafe8-3ae7-4bb3-8e2a-7914a1e88110,1a52bbde-17ab-415e-a0ca-a6405c4b3f54,5783.69,UPI,expired_card,4457.55,0,2,give_up
fc47961a-a961-48cf-aa3d-66eef39e0dc4,bc3aa69b-ac2c-4e79-8dc6-5c10c7c056e0,2792.49,UPI,gateway_timeout,145.36,1,4,retry_later
bfc8eda8-9984-4160-b443-9c458473f59f,f9e3f1e2-fa13-4ee7-b514-49b5143e9a43,387.01,Credit Card,insufficient_funds,1041.81,1,21,give_up
dcaded55-42c5-4610-9b18-b3626588dfda,8c1493cc-b332-4942-9fda-bdaabdb09c29,1185.4,Credit Card,gateway_timeout,457.94,2,6,retry_now
09caeac0-bde8-4b41-a39a-40cb6da1c221,acbadc7b-182a-4650-a3fc-eef29ee8d83d,4270.55,Debit Card,incorrect_pin,740.01,2,97,switch_method
9aa99974-61e0-467b-8cf8-c3b665798f70,63cd086c-621f-402e-88d4-995e11126dee,3509.85,Debit Card,insufficient_funds,691.74,3,3,switch_method
1a62f54c-bf38-4c66-8616-09aae6d8fd37,5f448c5f-d278-42e5-9cbf-04f4da8a7e33,2541.78,Debit Card,insufficient_funds,50.1,3,143,give_up
752cba18-3bfb-4273-8f78-3c41e77cba6c,c82d5985-ac1a-4e3c-b230-619884af9371,6084.2,UPI,expired_card,445.33,2,122,switch_method
e31898d0-f36d-4297-bb71-12eca6be4086,949880e1-bea5-4574-bc7e-2d5988b8fe2d,1129.77,UPI,incorrect_pin,633.57,0,14,retry_later
c97f387d-23b7-4655-86c1-8142405c5f53,ebeb7367-b772-4d4f-8615-1c192f5c125f,2280.78,Debit Card,gateway_timeout,151.21,1,4,retry_later
720237aa-23db-458d-b4a1-703a063225e4,5811e28c-1f8f-4193-a1d4-a979412d7aba,50.0,UPI,gateway_timeout,39.01,1,6,retry_later
1d7f1d21-ccd8-468c-8150-8a6667ce1a49,235bb272-92b1-4f7a-bf45-d2f8dce52202,1007.73,UPI,incorrect_pin,80.85,1,49,switch_method
59cb3cbd-a2a5-4425-8cd8-38681eb7a966,f3462e08-f90d-4b13-ae88-63c0bfdfe067,4880.85,Debit Card,expired_card,85.89,0,55,give_up
8961e6db-9651-44e9-bdcf-13e3d9801234,3a9546d6-392e-4053-9514-47fcf54bb779,1088.43,Debit Card,insufficient_funds,1053.41,1,22,retry_later
c99f8942-f064-4c46-8fa1-1fcd2d18074a,6a80c670-d3a0-49cb-a302-fc9e9b333182,986.24,UPI,gateway_timeout,1175.24,3,21,switch_method
c3a284ff-1055-466d-85d5-5bfcb4b9922c,e6fc6f67-6111-4111-8030-73e1b41e94a3,466.9,UPI,insufficient_funds,153.8,0,45,switch_method
038dbfbc-4a13-44f9-b403-10605e4555b8,aae349fc-7743-40c4-9a27-d41d2a6f51ff,6663.34,UPI,incorrect_pin,904.9,1,21,switch_method
0cd6508a-4b8e-4ec1-81e3-762e1bbe8f1b,71e9636a-1082-42d1-b747-9ca0cf4ba10f,3688.6,Debit Card,insufficient_funds,71.92,1,163,switch_method
5e8dd164-4369-45b5-91da-217fa4cca354,51198289-7212-4cbe-905f-ec9816d8c27b,5287.17,Debit Card,insufficient_funds,701.54,0,28,retry_later
0af57d77-4673-4f8f-9075-f8c26974e8ce,0ebb9890-a6e9-4bb8-9746-8b6661c84602,191.7,UPI,gateway_timeout,477.44,1,14,retry_now
6dbf594b-fd56-4646-9dd6-40e2ea83d76a,7a9733f9-66e0-4d58-b3c5-e6d6e73c3431,1467.65,UPI,incorrect_pin,2357.47,0,9,switch_method
58bcd142-a775-48b2-bdfb-d10da5e9c5a0,1f022ca7-41b1-4178-a6f6-9115aa74e852,1256.21,Debit Card,incorrect_pin,440.16,1,59,retry_later
409a77b0-3c76-4e64-abae-235a3f8e0927,61d2b650-f06c-47d6-9eba-b45694013c58,1255.46,UPI,gateway_timeout,298.36,2,23,retry_later
6d7709b7-9383-4046-af98-f1c92d32c7a0,3f9248a6-f740-4559-bc66-22e4d5da35bc,811.73,Credit Card,expired_card,68.6,2,12,switch_method
4399a259-066b-4a97-8944-ffdabb6bc298,53257ed9-344d-491f-9bd5-e683c67611d0,1152.93,Debit Card,insufficient_funds,907.22,0,19,give_up
86416500-a3da-406d-b100-45f8707e180b,52452693-8379-4a7a-9bb8-9964543ed429,5456.37,UPI,risk_flag,234.72,0,22,give_up
e24afb4b-41c0-4cee-b44b-62b130d695b2,08548bca-354f-4b6e-a85f-15033895a37e,150.4,Credit Card,insufficient_funds,1422.82,2,58,switch_method
406c8d9b-3909-4f3e-bdae-da6f1273e931,d994927e-b8a3-433b-a61f-b6096a63a84e,18223.79,UPI,gateway_timeout,654.78,0,11,retry_later
f8af1101-6eae-4604-a385-4ac68705a299,9cbdd8b1-0459-432a-ba03-180a4ed48173,3391.38,UPI,insufficient_funds,1212.21,0,79,retry_later
e2f1659b-fc30-4d69-ab7e-36c98ea782ae,39659272-4749-4f7f-88a6-90c139e670c1,1711.23,Debit Card,incorrect_pin,1046.59,0,21,switch_method
7dda09ae-6b47-475e-88df-1e6b3f8cb206,cf74f886-3889-4945-a11b-15ae4c469dd2,5877.49,UPI,gateway_timeout,1644.15,2,40,retry_now
564a2ad3-2735-46a6-93b6-be9c3ed52091,0ad272ab-55f0-47e4-98e2-7c16103ad2b0,273.86,Debit Card,insufficient_funds,1431.04,2,63,retry_later
b0164e5e-c007-4204-a598-86fb610dc4d4,a81ef768-43cc-4bab-b04a-eb373ab40cb3,761.96,Credit Card,risk_flag,1364.69,5,47,give_up
cda02854-d2c5-40cc-96ad-80ddd9269bb2,c0290906-7374-4860-8980-20fc7f0c0e79,1544.73,UPI,incorrect_pin,383.03,0,65,retry_later
ac736caa-e1b8-46b1-8cd9-7e4b458008a2,4df72d2b-96e1-4c31-be1a-acaae71a3543,10670.4,UPI,incorrect_pin,4878.6,0,23,retry_later
ecc3b925-4a1a-45f8-ac15-2c3e9243b85f,9cb32efb-682f-4c49-87a4-a6e64bce9f14,1701.99,UPI,gateway_timeout,252.58,1,198,retry_later
2118772b-b735-4663-bd99-10451a493b98,2e8186ef-b902-408e-8763-417004f859b5,3245.65,UPI,risk_flag,1811.19,2,36,give_up
050ea0d1-9b46-49da-aa2e-8ffe6350e7bd,9a710155-2a6b-4f41-a383-1a10dda8d365,840.12,UPI,gateway_timeout,2736.02,0,23,retry_now
226b4dfb-c347-4bfe-b375-fa5123fb78f5,a81b281c-d919-40fb-8d98-8dca39e7d28f,3404.64,UPI,gateway_timeout,47.08,0,21,retry_later
698ca796-292d-46b1-b03d-5b4cf5ed76af,35d90148-948d-43c6-8502-48a978a71f55,16001.08,UPI,risk_flag,434.88,0,2,give_up
e4d05761-8140-4cf6-8bf1-c7f5f9ce00d6,65d48120-06c0-43dd-a807-087424bdbe99,6595.78,Credit Card,risk_flag,301.38,2,69,give_up
cf348785-f640-4281-8619-5a8a62c8a76a,a385e54f-e511-457a-aa3f-f5a6f3f6e167,1626.37,Credit Card,gateway_timeout,191.65,0,18,retry_later
bcff87eb-2e97-4f2c-b718-2166f6c63c47,6b3da9ca-6cdf-46f1-8e92-e584fc6309fa,4350.9,Credit Card,incorrect_pin,2551.8,4,191,give_up
aad3e04e-1309-414f-8992-f87697b9317a,3f3631cb-7c77-4b2f-aa52-ebf34af8ac55,3830.58,UPI,risk_flag,10.0,1,14,give_up
8fd84745-0b7b-4d26-8396-622acdb565a6,82ead7c9-f9c1-488b-b71f-84f20a7a8eea,3493.17,UPI,incorrect_pin,600.9,0,45,retry_later
7f1c6945-a5ae-47ec-88da-93d41fdd1db4,3f52c677-1597-4424-b412-d125df634c7a,7673.59,Credit Card,insufficient_funds,8955.27,0,79,switch_method
802122c0-1515-4e58-befe-a91f6195346c,05077b60-6ee7-4c11-89ec-d2e10a85b7cf,7599.37,UPI,expired_card,132.46,0,122,switch_method
45e908e9-c52c-41a2-9429-67a67dfc07ac,76fa50ac-922e-4823-a39d-7c112cecc6c5,1532.56,UPI,insufficient_funds,162.49,1,10,give_up
93b017ce-fe62-43b8-9e15-88d056e0a25b,139e309c-9cb6-4615-9a29-ca455cb409af,4164.88,Debit Card,insufficient_funds,179.65,2,253,give_up
3c688b0b-dcd7-4e43-8f37-5c1b7a604753,eee95641-c2ce-420e-b188-5f2fcdee44cd,1098.8,Credit Card,expired_card,676.29,0,142,switch_method
49620dbf-2a71-4be2-b394-6ded6bc2df8e,5589f1da-02dc-48e7-a6c4-6edc60260952,544.58,Credit Card,incorrect_pin,72.2,1,197,retry_later
cf0c6d62-649e-4ee4-93cc-aca076d032f5,94728684-04b6-4067-9a59-c32beaae8522,1273.67,UPI,expired_card,1747.58,2,114,switch_method
95548e83-4ff7-4522-ac8f-ecc94693f71d,684d6bc5-cc2e-4c04-ab44-0fa03254bddc,1637.36,Credit Card,gateway_timeout,238.22,0,126,retry_later
2736bfb0-ae5a-4ed5-b27c-b57058dd09ee,82a1c19f-cb80-453e-9757-b3a29e200955,208.5,Credit Card,gateway_timeout,960.96,0,54,retry_later
7956291f-60b1-432d-bf44-e4ad428f6d06,b056a224-7221-4458-b005-e952cf61a451,5532.71,Debit Card,risk_flag,6234.57,0,111,give_up
45f5fbd4-5619-4794-9a52-550c2f32f2e4,9e622c39-5407-4766-b1de-3499b69b49d7,50.0,Credit Card,expired_card,1238.25,0,45,switch_method
f78bdcfe-e2ea-4c92-88bd-6e4ef53342f3,14b2d3ed-a132-4cfe-8fa6-916c57dca854,61652.07,Debit Card,insufficient_funds,311.32,1,46,switch_method
44f105e2-55ed-4ffb-a9f3-58609cc1c259,fa87deee-a12d-4f62-ac39-a6db308fa9b9,12739.25,Credit Card,incorrect_pin,170.35,0,49,switch_method
39d5dae6-8fc1-44dd-8a15-df12a806fe55,8eeead86-8d44-4cce-9a40-fa0127a0f0a8,1287.8,UPI,gateway_timeout,403.95,0,336,retry_later
16086ece-2b96-4228-94c4-db756076709a,92efea17-966f-4222-9192-ca39f8b1bac4,1830.33,Credit Card,gateway_timeout,214.87,4,6,switch_method
9520b85c-c252-4edf-b249-d37d8326abf0,ac4378f5-c850-4a25-b92f-d75c48ca07f0,2680.78,Credit Card,expired_card,98.37,0,98,switch_method
70140d59-c310-4b78-854f-0d0e37556fed,a8e779fa-79d0-48a6-bbc8-46591d90fa61,840.58,Credit Card,expired_card,209.61,0,19,switch_method
37b5d6c4-97f7-47e4-9501-4ab8c9fa7c57,f9af2eda-c92d-42d5-89e7-431aedd2e5e5,2322.51,UPI,gateway_timeout,2283.67,2,26,retry_now
fbe7c48f-55fc-4b95-a7d0-868b388f3243,56bff5eb-a28d-446f-bf3c-5a2e6170f637,1499.37,UPI,gateway_timeout,500.64,0,5,retry_now
ebedbc94-d261-4352-a32a-77fad0eaae72,975ffda4-7de1-4821-bfa3-da2cfa4d26d5,1599.5,Debit Card,gateway_timeout,1996.21,0,25,retry_now
ad800842-1763-4957-9b53-afa1f2c37b56,71818a88-57ab-4676-839f-a09ec766902e,2289.07,Credit Card,risk_flag,44.33,1,281,give_up
31810bf6-6a4a-4c69-909d-20cce79266f6,81ff44f9-2a53-47d0-ae33-69752030985c,327.8,Debit Card,insufficient_funds,226.75,4,30,give_up
d8701be2-6118-4ad3-a88c-3e8e69afdb78,dd91ca22-7eab-4e46-b622-ff58e4c8bf01,1903.48,Credit Card,insufficient_funds,49.69,0,66,give_up
174c9351-58d3-4b28-9cad-781acc1746c6,b4acb23e-ac42-4e76-a76c-5bc918f06041,2236.09,Credit Card,risk_flag,108.02,3,7,give_up
7ee13881-82df-4778-8da4-bee30c96bffa,7981979d-ba59-42a5-98fe-a01cd7a0275f,2137.74,Credit Card,expired_card,749.11,2,153,switch_method
aaf8da37-7638-4613-bad3-c32212426e08,94a5abd5-f406-4947-aa0b-8a3d46bc8323,1365.7,Debit Card,gateway_timeout,12975.98,1,105,retry_later
20e33aa3-d679-4531-a032-0a6257c8da9d,2ecac040-c4dc-4419-8af5-d49dae954620,7936.4,Credit Card,insufficient_funds,10.0,2,29,retry_later
2ed59e18-5a15-4a9f-8136-b32cb79808b3,d4469943-e338-4324-b29a-f44de321ebe0,1141.67,Credit Card,expired_card,599.56,0,25,switch_method
d063f5e4-0360-45c2-a0d7-8183c5741765,78991d4c-aa68-425d-9e7f-37719dcc8619,2429.7,UPI,gateway_timeout,63.94,0,33,retry_later
222f48ab-6a49-4142-8719-97b245e26959,894d0748-b021-4fbf-89c8-cc2e0c387f7e,9764.29,UPI,gateway_timeout,500.71,0,30,retry_later
3c3841a2-9b60-440c-8586-8fc2b637f7c4,b2b15d69-5d73-4adc-bf7f-356bbeaa212e,1630.78,Credit Card,incorrect_pin,48.72,0,17,retry_later
c6b48535-feed-485d-a90b-d8d6c882abb8,18c78640-7d24-47b6-9cd0-342c5ac22ad3,2389.41,UPI,gateway_timeout,136.46,5,281,switch_method
4813f35c-8e0d-4769-917d-e342e04c630d,9470d8e1-36d5-4373-b6c5-284b200b1ce4,1595.11,UPI,insufficient_funds,867.85,1,99,give_up
74b33363-5ce2-4b4e-b285-68b38217142d,b9e65942-3e9e-4dc0-8ffd-b451187764bf,9032.47,UPI,gateway_timeout,541.72,1,18,retry_later
0230e08a-91dd-4c3e-a258-b2b2a7e95af4,15b4d877-3aac-464e-850a-4124b60eafc5,1293.31,UPI,gateway_timeout,270.19,2,240,retry_later
16689a3e-68d9-4a44-9f64-90f82658de3f,2a388656-26d8-46a3-978c-0433e87b216e,9588.9,UPI,gateway_timeout,262.44,5,0,give_up
63a68525-1643-4cc7-8423-cc42e3b09fcd,150f0739-b11f-4ebe-8dca-f4472f072049,1580.25,UPI,gateway_timeout,2724.0,4,34,give_up
42fefc6b-332c-4228-9d7d-394f65739a56,c1ebc257-b3a6-41ee-b568-4c35b0ab52a0,591.52,Debit Card,gateway_timeout,746.6,2,50,retry_later
ccc6f794-8003-457f-a6cf-4a2d20cbf03a,9a79f6eb-9555-45a2-b82f-52bc6479f167,4372.92,Credit Card,risk_flag,200.51,0,2,give_up
5d23c013-84d8-4d67-bdcb-f94a44f0b816,9dfdca8a-8cda-4406-8f29-395d38921d2d,1216.74,UPI,incorrect_pin,89.09,0,10,switch_method
e18bf5eb-8fdb-4150-8085-020dbf03238e,36348857-3896-4ac8-bcc4-81ad995b9866,4050.73,UPI,risk_flag,655.1,0,17,give_up
180f5fd3-6e89-4928-8a11-56235f51c47d,9802028a-cd3f-463c-a05a-939668f2fa9b,52.03,Credit Card,insufficient_funds,1389.21,0,76,retry_later
fc899363-7b34-4fdd-b73c-467e229e9682,4ad93776-d605-46ab-a1fe-a7e878ae34f1,1820.32,UPI,incorrect_pin,1387.02,0,168,switch_method
7e0213ac-6844-41d7-837d-7a6ea68f40a1,0022e724-7d92-4304-a415-d07c9fb01f9c,994.77,Debit Card,insufficient_funds,229.89,4,58,give_up
e5cd4486-11db-4cb8-a44d-a9c7b0829dcc,e582a1b4-54f6-49d2-a019-7e1dd55b130b,453.85,Credit Card,expired_card,596.17,3,49,give_up
68bcae66-d8d2-4395-b453-3d21e2b4a680,55eaf7bb-a873-4c69-b6bf-72b412433e87,880.76,Debit Card,insufficient_funds,1172.54,1,46,switch_method
88633c33-c395-434d-88e5-91bc52d631a3,fa066b40-9c39-4c7e-a55b-1947d289da88,857.64,UPI,gateway_timeout,1693.98,2,25,retry_later
a6a69a1a-5c4c-4189-b0d0-37dc36617460,d109f15d-5ee4-42b9-9171-b081670486bf,1698.7,Credit Card,incorrect_pin,363.48,1,105,switch_method
a6783099-3817-4be8-9f89-8776c18055ff,c8ee6143-4e0f-4745-b5a5-2189acf758d0,305.66,UPI,incorrect_pin,277.59,0,46,retry_later
3f48566c-3816-4c28-b308-51aedf179c1e,66053d57-f453-4a9a-afb6-1c33ef279923,2727.54,Debit Card,insufficient_funds,1075.57,3,15,give_up
10a5cc96-8c50-4564-b60b-316e0f0f1bb2,a4680624-663a-40b1-a076-dab678e67fd1,10679.48,Credit Card,risk_flag,9580.75,0,8,give_up
fd4943d4-46fa-4503-b6de-074b6a85a7fd,ab52ae6b-2133-46b0-ac9f-d57c1dec6cd5,2605.05,UPI,gateway_timeout,633.12,2,254,retry_now
f4ee32e3-1850-4147-80a4-b8d5fb0958b8,6690ec29-7b6c-4c7e-8d48-28407dc60634,5175.47,UPI,insufficient_funds,552.56,0,1,switch_method
3f759650-8510-4b9d-936a-d1b2bee138ab,bca04756-845a-45c1-9b9c-35f57a3fc156,7502.05,UPI,gateway_timeout,1298.6,3,162,switch_method
42377ca1-e11c-4042-bdc3-f8a140b079d6,ebe37a1c-fe1f-4bb3-884f-7e21e42087cb,9022.14,Credit Card,gateway_timeout,81.91,1,14,retry_later
ce67642d-d8e0-4813-af28-9f60f83ef976,8671130b-c510-464a-a36e-e0abd33cc24c,20561.6,UPI,expired_card,891.11,1,64,switch_method
8dc7605a-9f9b-430b-ae31-5dabd986f77b,6a1b3da5-0a39-44d6-b20d-bca09410d012,944.86,Credit Card,risk_flag,373.54,0,21,give_up
19619fdc-5d78-4917-80d5-b0a03fe8e7fc,fd10c593-3c2b-408b-a589-28e7a34e47bb,710.5,UPI,gateway_timeout,3344.82,0,117,retry_later
21eae7b8-a567-4095-8d5c-03e5094e5e5f,606729dd-a0a7-4cf7-9b67-24fc6bf7b962,5006.57,Credit Card,risk_flag,1030.0,1,47,give_up
1c5819fa-80df-444e-8710-c55b4e884587,abd760c7-c7a5-48f7-bb55-a9bef9c43e2a,4540.29,Debit Card,incorrect_pin,75.78,0,9,retry_later
11c4b188-f9c1-43d6-ae00-165254b4eb43,966bb151-9dbf-47b8-acae-4c41b3251393,4956.12,Credit Card,gateway_timeout,225.68,3,18,give_up
8403930f-ef3f-474b-8397-9d7e42941ed6,f05a37c8-08e1-4961-b994-dfa38d9968e5,21079.73,Credit Card,risk_flag,139.7,2,23,give_up
a8cc041b-338d-48b3-9635-079f344c49af,6ae4ef15-775d-4d75-9c29-8c8433564b11,1834.97,UPI,insufficient_funds,257.85,1,130,retry_later
291fddcc-4bbe-4734-b9de-99dc3d9437e6,e6f24432-c7ac-4c79-8d38-82e71e4979b0,3146.37,UPI,insufficient_funds,1172.22,0,87,retry_later
e522c6a0-1ee7-44ba-8912-f2a5b9ca8ed2,8d2e1cbe-6ae0-44cf-b881-d08f65fc0611,505.47,Credit Card,risk_flag,2342.15,2,106,give_up
82254325-09e4-49bc-b938-5e3d419de293,8ac7dc09-4217-412f-a937-ebedaaa2bf09,29025.14,UPI,expired_card,93.3,0,3,switch_method
99033257-3f8d-490f-95c7-5febe9d28f30,41fa6ff5-e59a-4de5-8aa9-7f115f04c0cc,1167.35,UPI,incorrect_pin,1016.78,0,51,switch_method
485bab31-e4d7-4b78-a35f-191841f49202,505876aa-2de3-43c3-9d73-d886a259b8f2,1211.14,UPI,gateway_timeout,744.59,0,426,retry_later
2fbdcb97-c19a-4cdd-ad8f-e79dbe0322d9,a006f221-0577-4327-92eb-2b699cf0544e,1151.97,UPI,gateway_timeout,476.77,0,92,retry_later
5512c90a-66a7-4a58-bfbe-54d9acd6449d,10d3c93f-1027-4059-b729-d8e936b76139,781.83,UPI,gateway_timeout,177.78,1,7,retry_later
0b6365f1-0e23-4dd3-860f-84bdcf1bd6c9,0b9b4570-46f6-47df-b4c7-02edf4dbff5c,700.46,Debit Card,incorrect_pin,914.05,0,68,switch_method
667f8052-cde3-4dac-a174-0bf50ff7271b,0aed1cc7-1638-4f12-a9b8-642dfa87a131,915.24,UPI,incorrect_pin,2209.62,1,82,switch_method
3571a710-9a4b-4985-89aa-b2196592fcd4,1dedaa26-d41a-4728-96a0-6fc8e9be2ebf,306.27,Credit Card,gateway_timeout,10.0,1,43,retry_later
a841cb29-95af-41ea-91f4-677919d5950f,5835995d-c916-4fa5-9937-8b6e2d063969,651.38,UPI,gateway_timeout,1416.08,1,4,retry_now
cc8c857d-d3a9-456f-80e7-6e2a4743c8ea,fbc34358-114c-42c3-8048-1048cfaab728,22780.31,Credit Card,incorrect_pin,2740.91,0,2,switch_method
0ea0f5d0-6e9e-4428-9b2f-bdcd8abe6123,aaf6a045-638b-4034-bc15-50de25a7c84a,4704.86,UPI,expired_card,40.77,3,166,give_up
7d570948-4baa-4efb-a687-e8fd760fd60d,dda9762b-cd5e-42a6-bd70-d88f034c43d2,6025.02,Debit Card,gateway_timeout,10.0,2,17,retry_later
36ab0c9d-364c-441a-bd11-b532a333fccd,97a97010-cc39-4132-bc41-11258f57d22f,8352.96,Debit Card,gateway_timeout,6469.73,0,28,retry_now
7f562bb1-491f-42bd-a8a9-c769344eaadd,30b7f736-4d64-475b-83de-585cce81da0c,19621.38,UPI,gateway_timeout,164.99,1,95,retry_later
0ccf998c-0b32-4525-a308-874f5952b531,bd339155-16a7-4bb3-a050-1619ee0205e5,180.76,Debit Card,insufficient_funds,1893.24,0,70,retry_later
3c6d1c50-e16c-4a8c-9d8d-979a59699988,de20f1cd-0f9d-4643-ae48-abd3f0eabb9d,365.46,Debit Card,insufficient_funds,44.23,0,207,switch_method
aa1f50a9-0068-4a03-a3bb-42874eeda92a,be39536b-0141-4aa0-9bb9-3083fb69389b,635.97,Debit Card,insufficient_funds,605.5,5,5,give_up
0e13cc64-5597-4be6-80a5-cc727201c30d,e0eb3fb5-efa0-49e4-b0db-661272fb7fcb,981.76,Debit Card,insufficient_funds,74.84,0,73,give_up
564ea944-075f-40d3-8d2a-25e54caac8c1,96574902-4fb0-49b2-bdbd-4d351d14f278,1223.24,UPI,incorrect_pin,10586.14,1,5,retry_later
9be4a93c-e7f2-4247-a4bd-cc29db4b2e0c,ed2a2cbd-062f-4613-a257-cdd7ef67e6e0,1011.24,Credit Card,expired_card,95.37,0,0,switch_method
34b01393-6f0b-41b2-8435-6ac72521843e,06c171df-a62c-46c1-b364-7fdd5a8f7a82,2404.51,UPI,insufficient_funds,239.11,4,7,give_up
af34dbf7-f66e-4c6a-b191-2228e32d1996,aed2c633-0c11-487d-a6b4-04b4ebb15f54,1892.94,UPI,gateway_timeout,1778.3,0,57,retry_now
bb71b173-28b4-44a5-badb-a8216498df23,99b7736d-ccc7-4fe0-b55d-b15a864bc9a8,706.49,Debit Card,insufficient_funds,2912.18,0,67,retry_later
6659f937-d527-442e-8683-e80cb912a7a1,9521d7d7-1445-41e9-8f48-f357ebadb89c,106.89,UPI,gateway_timeout,701.81,1,34,retry_later
b8df9d40-6bb8-4027-b0b7-86e0f0d442e5,3de79a8b-9399-4f20-ade4-197ff2d7bc9c,497.34,Credit Card,gateway_timeout,220.92,1,2,retry_later
4fce3a2d-8b20-4308-9675-5fac1d89dc43,f47e7dbc-a593-40f3-a7de-fb035923b066,885.36,Debit Card,gateway_timeout,4664.73,1,60,retry_later
99dbe4f9-4e19-4620-be05-a6f9f935c4ff,02a25f74-b8f4-4c25-8d8e-ffb46e0dc9af,1311.33,Debit Card,gateway_timeout,758.32,1,5,retry_now
16b26962-09ce-4db8-9cf5-e73ba86392a3,6e5beda9-612a-4541-a03c-fb7fe4cf9a5d,416.31,Debit Card,risk_flag,72.38,0,9,give_up
cbb0a633-ac89-4b73-831c-ed894c34503f,4562db78-1245-4bcd-808f-da1afb8ac26f,955.23,UPI,gateway_timeout,26.08,0,43,retry_later
288a47db-a5c9-4dcd-84cc-b4c3641b350e,f82efefd-3df5-48d3-8eb6-356e99063210,415.6,UPI,insufficient_funds,331.95,1,24,give_up
8784d6be-053e-479b-b974-3f1874ea442a,25ff86bc-3d74-44a4-9481-bcc90836dfa6,1535.23,UPI,incorrect_pin,1540.52,1,37,retry_later
048862b7-d38b-4dc2-be26-67e6777367c8,7e4969d0-bbd9-4c11-bbb7-708f40a6453c,448.08,UPI,gateway_timeout,334.06,0,60,retry_later
719bdd6f-74a4-48bf-a34a-b79bd8a5a3f8,3b86ee8e-f26e-4592-925e-2c92f7f5893e,599.7,UPI,incorrect_pin,483.94,2,10,retry_later
bd5b9337-0c74-47fa-b9cb-843ace00f3c1,df352e39-aa9f-4acc-a6b7-19e8a1865eba,329.87,UPI,expired_card,6111.65,3,134,switch_method
0aafead7-2f9b-426b-9220-81a9e5c8db3d,e1861bf8-e162-41e3-9baf-39ad61d850ad,1480.96,Debit Card,insufficient_funds,140.14,2,49,switch_method
aaf0716f-5be2-411b-938a-1bc8009cf5a4,bb549a0e-7577-46ac-abc4-e7ecdb9d1bfa,586.17,Credit Card,insufficient_funds,160.61,0,1,give_up
db9ec421-7410-4c3d-92bc-dfc319fb93eb,2bbe993e-bd11-4336-b8c1-8bad38d3f9dc,5877.1,UPI,gateway_timeout,113.95,1,59,retry_later
54b67cda-5191-4a31-8d47-f94ae9797570,db8677b4-09dc-4190-a7e8-fd2c900b4dc3,3064.39,Credit Card,gateway_timeout,2430.21,0,37,retry_now
a5488169-f48c-44fe-a9a0-a0803d7483f2,3d980c6a-74c0-4bb8-842e-f02271003ad9,1651.09,UPI,incorrect_pin,137.82,0,72,switch_method
eae6c478-2c9a-4082-83c6-6b6c749a04d8,28a2b80c-f3bf-439a-be28-3d2c46fb242e,641.15,UPI,incorrect_pin,528.1,1,91,retry_later
7e385b6f-265d-4d6c-828e-bb6ec34871d7,3f6811f4-6f73-4819-a786-d7f4d03864e9,2965.13,Credit Card,gateway_timeout,1914.99,0,167,retry_later
62f74da7-062b-476b-b30c-4e6642e37f23,c14263c0-7378-419e-a1fa-3ad6e5519fc6,4437.79,Credit Card,incorrect_pin,80.67,0,384,retry_later
3f02301a-d163-45d7-8eda-85eec4b6403a,499883f5-f80c-4858-81ca-7ce72adb93b5,2176.55,Credit Card,gateway_timeout,269.02,0,47,retry_now
c8b0e673-b886-4f4a-b445-33f6b5724840,f7efda71-44d0-4ca1-9db5-c441129713c6,14542.23,UPI,gateway_timeout,464.26,0,49,retry_now
7ef7d6fa-8da4-463e-8857-6fbdb85827a2,dbf02316-9100-4535-b083-7846ecf49534,3286.34,Debit Card,incorrect_pin,781.67,0,1,retry_later
c94985c5-0c5e-445a-81dd-0b989acc94d0,480de10e-bd86-43af-8894-675f1b5ec757,5929.47,Credit Card,risk_flag,10.0,0,120,give_up
bd689bc0-e357-4983-b514-749f00159f77,5bead103-52b6-4d89-9fa7-4a45a2a804e8,2150.89,Credit Card,expired_card,1331.23,0,1,switch_method
7e416272-3828-46a8-8470-76a6efd6ff66,c2e976e5-3a3b-4ba8-8125-c9acb61aa7d6,4351.88,Credit Card,insufficient_funds,1081.34,0,60,give_up
de5d5671-331c-4257-bab7-baa4088c5203,f4b3b30b-31fe-4086-87a4-0c065e6dd258,641.74,Debit Card,expired_card,693.12,3,6,switch_method
f2fbf9fa-7caa-4ec7-a73e-ebc660ad075b,b87454ec-e732-4275-9580-070aed6eaac5,996.33,Credit Card,expired_card,1385.42,2,20,give_up
ee04a138-43c2-4093-ba14-eba7effeda33,e03852f5-cfb6-4aa3-95c1-37b9c8c5bba8,2847.43,Credit Card,expired_card,66.07,0,9,switch_method
7dc48671-10be-4bbb-b53a-e73e43ae175e,178c4aec-855e-44ae-90d4-f6b21ede8fd2,2820.67,Debit Card,gateway_timeout,685.66,3,8,give_up
e1ab460f-6a85-4422-a65b-43a520948b3c,dc68d683-2694-4270-89f9-f388575748e4,3497.82,Credit Card,risk_flag,373.44,0,4,give_up
26f45f76-c619-454c-b14f-4ebd20979c13,79e50d83-6172-455c-a975-e3d910aabe8f,7559.13,UPI,expired_card,185.34,1,22,switch_method
0ac5d8fb-c01b-487a-9fbd-f4ca139d03e7,d1d5c8ab-3d17-469c-aa14-848eed3ae394,283.59,Credit Card,insufficient_funds,252.29,0,33,retry_later
f85d7780-7156-4cf1-b627-13ba0e5267f9,fb9eab94-78d7-4568-a452-b617b63b6ba6,509.39,UPI,gateway_timeout,6523.25,2,37,retry_later
21306858-61a4-443e-bfc9-c436180a019b,c5578e2c-7e8a-451a-8a94-5e38ac160dbe,2436.81,UPI,gateway_timeout,382.67,0,34,retry_later
2fbc4780-dc0f-4621-a07d-f390f30274bf,b3e1e061-cfea-405b-9539-b3544aed2806,705.09,Credit Card,gateway_timeout,54.15,0,44,retry_now
8a256135-e0e4-4855-ab04-6738ec772b3d,fed36a02-f37a-44fe-ac9d-6718373d80d8,145961.58,Debit Card,insufficient_funds,83.33,0,117,give_up
c5cb6117-1020-48be-a1a7-440267c1a6a0,8d9b7147-e21c-4739-a4e9-c6f443406376,3534.88,Debit Card,insufficient_funds,492.25,3,59,switch_method
aa6505df-06ae-40ff-aa83-db8c3ea09fba,8538bf6a-5dc1-4917-a9bd-25ed396725d8,1632.99,UPI,incorrect_pin,446.23,0,1,switch_method
f4c6ffad-e8a2-47e9-82f0-c80aca0b2cce,2630341f-c11c-460b-a1d3-5939c31dcf02,925.09,Credit Card,risk_flag,210.47,0,11,give_up
532570d9-1d52-4357-a120-815759be8c03,3fd6ea77-4297-4ed7-9fbc-9ef5d92c3000,968.54,UPI,gateway_timeout,128.49,0,25,retry_now
07f1f196-075b-467e-90eb-ad562a2965bb,b7fffa81-9dce-4647-a4a4-fff1ccbe71a4,1880.29,Debit Card,insufficient_funds,481.36,2,178,give_up
e844b740-79f7-4d98-8360-d346c51dbc0a,85f333e9-7c9f-46c6-a9b5-d9901ec8e7dc,2091.37,Debit Card,insufficient_funds,4272.43,0,4,retry_later
fafa5bcd-44a5-43d9-9606-9d15fb8fc64c,20465ee7-5224-4ff2-8a66-15f4723ae5b1,998.54,Credit Card,risk_flag,209.71,1,74,give_up
f2a8bf58-f679-4016-8245-7935d0250daa,f4c1d442-05c1-4ae4-9a5f-a088669e825b,1267.63,Debit Card,incorrect_pin,58.68,0,2,switch_method
78f5760e-785e-4589-a8f2-fcef2c187842,935b4ea7-3093-4092-94f1-88c87906263d,10379.31,Credit Card,risk_flag,91.61,1,27,give_up
4860c757-d8fb-4273-a2f9-1be3d29fd760,65885979-eafa-4784-8af8-12698d947584,10936.45,Credit Card,risk_flag,280.98,0,88,give_up
ced9136b-8f2a-4a53-ad47-14b2c6f07579,958ce699-b46c-4b48-8016-52fa3ce8cd02,2509.01,UPI,gateway_timeout,1460.9,0,25,retry_later
f44e9c0c-d1c8-452d-bf37-6880dd956eb4,6b022846-e9c4-4fe9-bd5d-954fc712eb61,316.2,UPI,gateway_timeout,2356.3,3,33,switch_method
82b3e813-ee63-47c0-ab37-bf85d13a138c,1237d26f-61cd-426f-9124-8e21d86a2411,3641.15,Credit Card,insufficient_funds,3088.33,1,141,switch_method
8083da35-b3cf-4af6-9efa-9a847aeef3bf,b7d00e07-2d7f-4a9d-b321-3be602bb594f,13637.34,Credit Card,expired_card,103.1,5,4,give_up
44fdef60-60c1-48fc-ab76-7722d61abe81,4338884b-cc66-413b-9f5b-f18453c9b489,10729.11,UPI,expired_card,446.52,2,45,switch_method
80b8175c-f6e0-4217-9ee9-e4a60fe83b9f,4e81c829-2e44-41b6-9977-8c3c8c82e045,4697.35,Debit Card,insufficient_funds,42.02,1,27,retry_later
7b617a8f-09ea-4df1-8276-1a8775fd10ed,204e191e-ceda-4ca8-b0b5-02c906501b98,11489.05,UPI,risk_flag,986.25,1,199,give_up
2c80c007-37ed-4109-b959-22b0c118d5dc,72bf1e1b-488b-46f2-a1c1-5b1e2ef8fe78,1937.98,Credit Card,gateway_timeout,12407.48,2,94,retry_later
fe06a7da-fa30-4398-904f-c45e3e1428b8,8f881731-26cc-477b-9d6c-b35ab88b8634,4090.96,Credit Card,gateway_timeout,1807.67,0,7,retry_now
cf79663b-d50a-444c-90b3-cf8aa1a5e6a2,669cf7f7-b85e-4655-bcc2-3ca14f4e3bd7,746.2,Credit Card,risk_flag,530.44,0,157,give_up
dba56072-a5e6-4d8e-aa17-2c36c45d23f8,6887a4b5-7c7e-4794-99e0-a24382fd8e7b,2643.73,Credit Card,insufficient_funds,905.0,0,14,retry_later
fc8eecfa-3ec6-4111-b676-88369f3c2253,89cc301c-4823-4c01-b144-a6cfac4b34e8,10182.18,UPI,gateway_timeout,5755.63,0,5,retry_later
75ca8ba8-433d-4aae-bda1-8a6b68ff3cf5,d7b85dd5-5895-4796-856a-7a6e29644cb4,840.29,UPI,incorrect_pin,272.57,0,46,switch_method
3bd672c6-1f36-4a90-ace2-612a237f4521,90c13838-cb79-4457-befa-3a189440c7df,590.0,Credit Card,incorrect_pin,17.73,4,80,give_up
a34f5ad2-b89b-4982-86c3-18b50f35279e,bd606417-9a69-4d6f-ae88-aceaa0e82e86,2052.34,Credit Card,risk_flag,420.63,2,75,give_up
c1ecd22a-4ae9-4be0-8b5f-4d54cb181ba1,550c99a7-dcc6-4a91-a963-005afb40f187,1346.6,UPI,risk_flag,2278.54,1,45,give_up
7c88df06-87cd-4f6a-aaca-4ac766c4109a,19ad829c-da9a-417c-83a0-c2a53f1d6564,4204.42,Credit Card,gateway_timeout,133.76,0,40,retry_now
99a6b901-739d-492e-80f7-5a1d16e2bba4,9daec910-afc9-4c41-8784-44fe620d432b,1003.01,UPI,insufficient_funds,1981.98,0,209,switch_method
e9709704-847a-4ae9-b1f6-30557dc4e937,b29aed7a-94c2-4527-be4c-0d19a0917a58,16881.46,Credit Card,risk_flag,393.94,1,103,give_up
f200057f-0753-4033-9f9b-fc7647779026,fba84143-3dfa-48be-a873-d030fe81a273,338.13,Debit Card,insufficient_funds,885.25,1,71,retry_later
6b2f9948-8fce-4a21-809c-54e4fa36f779,729483de-aff0-4dc3-8b81-d979933b8ba2,9226.69,UPI,gateway_timeout,1317.21,2,13,retry_now
698b4fb0-243b-429a-a899-58496aa01818,cc9ab049-572f-428a-8988-926b9d6b7493,668.94,UPI,incorrect_pin,10.0,3,102,give_up
c2dd07e2-0747-434b-84ba-557bfabfc62d,4ec59391-3c07-4b54-8d8a-ed4749d614e7,175.08,Credit Card,risk_flag,706.15,0,83,give_up
ae6c5100-2a4a-40cf-abb8-1838ae4ac0f4,04bb7094-0626-4f7d-ba26-988478127477,2463.25,Credit Card,expired_card,26.71,0,289,give_up
f88a7c09-5daf-4938-9593-82f295056e28,6c0c25a9-ca60-48fe-83c2-a7c75b254d36,1298.56,Credit Card,gateway_timeout,689.46,0,8,retry_later
2f0a8134-b65d-43c0-b5bf-a745454c92be,c52d1849-bf06-44e2-8fc5-ed227e952d34,427.31,Debit Card,incorrect_pin,432.93,0,75,retry_later
0e9a1a5d-3ee6-4be2-a863-ea2e7fa0c127,3a1c05a9-2c7b-4b8d-a36a-906323154840,203.2,Debit Card,incorrect_pin,17.47,0,232,retry_later
749e42c4-b18d-466b-a4da-322368419102,d738d3fc-f8f5-4ab8-99d7-650811709189,1788.5,Debit Card,gateway_timeout,2558.93,3,37,switch_method
07c13972-4b55-463c-8236-0d88833a7001,338e7797-4e5d-4b45-99be-635cc90abd0f,6429.09,Credit Card,gateway_timeout,32.9,5,79,switch_method
6a1ba9a3-3151-466d-86a5-31b677d669c0,57c98e03-d69a-402e-a416-d8677593dddd,3867.79,UPI,expired_card,401.89,3,222,switch_method
8aaf873d-578c-4e62-b282-a7fdcdf4eeb7,2efd00d3-a11f-4ec9-a23a-1812eead89c7,1946.36,UPI,expired_card,125.09,3,47,switch_method
816446ca-a41d-4154-abb6-ca650ddde477,fc3064b2-8d13-4bf7-919f-f2ec58890004,3369.44,UPI,gateway_timeout,288.12,5,72,give_up
345df4d7-76cc-41f3-9812-38172c94cca2,36e56213-757d-48ff-9701-ca78d8e3ec34,1745.2,Credit Card,incorrect_pin,61.67,3,1,switch_method
7a07e872-2bec-4fe2-b2fd-20a0d9ca8c9f,3c17745d-a0a6-43ad-adbd-e67b557718f9,281.85,UPI,insufficient_funds,407.23,1,43,give_up
69743904-851d-4b64-bf3e-954ab3849750,c3cf92c6-62dd-441e-ba8d-da38fb79d446,285.1,Debit Card,incorrect_pin,222.45,0,17,retry_later
8ab0970a-6418-48f3-9cac-a8b4f5fa5a3a,83736193-7d6d-4629-b9f2-8faf464a81c3,1388.36,Credit Card,gateway_timeout,220.69,0,8,retry_later
73f5a117-4a6e-4559-b254-04386f702741,e329399b-08cf-479d-ba9b-2becb4d00a57,1467.26,Credit Card,gateway_timeout,375.8,0,73,retry_now
857b6e5b-1dbb-4982-9eb2-0a47e8c13344,0606faa8-0e25-4c83-a596-4d350f580f15,5465.86,UPI,gateway_timeout,355.64,0,2,retry_now
18057d6f-10bf-4812-aed2-421a31dd983e,1b8997df-f335-46a8-81e6-7fdda3dbaebc,4839.16,UPI,gateway_timeout,696.35,2,141,retry_later
5bb6c906-ef87-4450-a8b4-362760c2f433,76994745-d5d8-45a2-98a2-ec9607155615,3970.6,UPI,gateway_timeout,1068.52,1,43,retry_later
07dd73da-e595-49fb-a2a0-b20571da3f29,cc947265-0808-4964-9f03-5dfda4e27baa,1255.93,UPI,incorrect_pin,883.27,0,62,switch_method
7d7f8506-92e0-44f3-b533-e1a61e7ae231,0b781125-d201-478f-84d0-eadd31bb02fc,300.41,UPI,insufficient_funds,97.09,0,17,give_up
fab1fa60-53ae-4a6e-91d5-9f8d3a32c947,8389543c-93de-4626-b1d9-b3e4d8cdd0a8,3089.28,Credit Card,risk_flag,739.27,0,12,give_up
defc515d-279f-4c0e-8e9b-6b21bf90d813,b04c65d9-8612-4bcf-8fd0-238ab47b7fa5,3578.58,Debit Card,insufficient_funds,785.1,0,16,retry_later
882b7eec-bd4e-4ecc-b993-e3afd97743e7,48e8a3e3-9e8d-4323-916c-2f54502b71c5,81.04,Debit Card,insufficient_funds,4389.12,0,15,give_up
17235e12-7d5a-4c00-a568-e4e12f7487bc,f0c942fb-efe5-42a4-aa42-2b56615524e1,611.16,Credit Card,gateway_timeout,2115.35,0,119,retry_later
da0d2ed5-1d2e-4088-af1b-adae460df06f,2a6c4eca-460b-49c5-88f7-966cae5c90bb,736.29,UPI,expired_card,47.14,0,92,switch_method
2ded5e0f-4c6b-43c6-9406-d4eb940c5556,9ad26992-e1dd-4f73-8641-fa95980d6510,2108.76,Debit Card,insufficient_funds,319.85,1,114,retry_later
ab4ce599-3a96-48ac-9348-1fde0caf80e3,352e7f68-3500-45c5-9e3d-94ebe09b8845,636.28,Debit Card,gateway_timeout,427.39,0,79,retry_now
80c02639-1c56-4bb6-8bd7-120d62e00704,0de2964b-cacd-47b1-9b38-3f4d85a238d3,1720.59,UPI,gateway_timeout,528.67,1,61,retry_later
aa93f561-43d4-4329-ae45-298310d9474b,1ca1fff7-6b1d-4bea-9a59-f01214743a25,1375.13,Credit Card,risk_flag,272.67,0,45,give_up
824f6519-64e2-44d7-b2cc-650915e80d57,0cfa179c-6653-4373-9d35-8c0857159d18,1470.13,UPI,gateway_timeout,18.13,0,18,retry_now
0cb10fc7-b107-441d-a5b3-1dd0c3f35598,0a1312e8-91b6-4ceb-aaab-1adaa4e566e1,712.43,Debit Card,risk_flag,183.75,1,73,give_up
6f3f40f8-be86-47f9-aeaf-b71b2976dbc2,2a128064-3605-4bfa-bfdd-1776c9d71b66,787.86,Debit Card,insufficient_funds,3116.69,0,8,retry_later
b6ea263c-975c-4236-a4fb-c73d1d3ca4ad,65341c23-1a8b-4aa7-8db6-3330c03ee6c6,443.92,UPI,insufficient_funds,5346.91,0,42,switch_method
3f8cc93c-4a7a-4f61-ad69-e93a2575dbf4,e56696eb-f3ac-4322-9743-7926a5045e30,2963.39,Debit Card,gateway_timeout,270.45,4,13,switch_method
2c5e4246-a63a-45ad-969a-40f311acf873,8d90554f-aa64-4329-85c9-c9bfd161f4d8,3798.77,Credit Card,insufficient_funds,3313.71,1,42,switch_method
03f162fb-6f7c-45e0-b314-233423c31e5b,db786b91-5090-41d5-83ae-241c76e03fce,663.94,Debit Card,insufficient_funds,244.62,1,20,give_up
57e55fa6-bfc1-438f-93e3-be9ddea51dd5,7633b871-8f8b-431d-8046-f50057589459,13053.77,UPI,gateway_timeout,126.37,3,3,switch_method
4b06d4fa-1e3a-4c26-9f29-b1a038cb3e8d,7ae14af0-ae05-4cc4-bd0e-35f7006a50a7,1201.13,Debit Card,gateway_timeout,722.79,4,42,give_up
d266c41a-611d-4dc5-8abc-0f615cfc7320,85f6d910-1154-4bc0-8b41-73d76ea3abae,13216.76,UPI,insufficient_funds,1416.59,0,12,retry_later
fde8fb8f-7a8f-4345-aff1-f17a489f2cd8,3d9e1e52-e41f-4641-a97f-0fc91d02d016,784.65,UPI,risk_flag,5390.56,2,10,give_up
9b476fbb-b981-49d0-9b13-893e5fd5bb16,b17b82a8-fc78-4ee7-b6d7-bbf1358f3a8b,129.73,UPI,expired_card,516.27,2,29,switch_method
3fde564a-5488-4930-9e0a-80c0b6f71fc1,948ff2b3-756f-4433-bad7-cca58cd271fc,3049.88,Debit Card,insufficient_funds,764.41,0,26,switch_method
183c93ff-9e30-4a86-bfab-464b89cda1cf,9e1cdec7-e0bb-4a4f-b7a4-e167db265af7,2497.66,Debit Card,insufficient_funds,3876.7,2,121,retry_later
9336fa7f-6723-4a9f-be3b-9a7ebd3496fa,3fece384-b933-4c2a-87dc-0fbcb1889b57,1890.72,Debit Card,expired_card,1787.02,0,49,switch_method
c4004c9f-d355-4f90-a0d9-832533ba0804,636b650e-5da7-470b-990f-feedef46f8f7,784.54,Debit Card,gateway_timeout,286.52,1,115,retry_later
a8cc1230-bbd5-4793-ba29-88b085a29a82,b36cb747-68c1-4dce-871e-5c3b850a554f,1728.58,UPI,gateway_timeout,3838.61,1,9,retry_now
949ccbbd-479b-4b73-9af8-c47bc46dc559,3655767e-56a0-476c-81f2-d4dcf1cbc856,930.17,UPI,gateway_timeout,275.99,0,26,retry_later
17282975-bfb9-42f0-b890-35a51aab57df,42b93e09-70f6-45d6-ac5e-fbb22381d09c,1220.41,UPI,risk_flag,1326.23,3,48,give_up
59d640d3-8aea-4afe-83b2-e014fa2ead57,a7b6987d-477a-4986-b719-bb5519807a8f,5399.83,UPI,gateway_timeout,664.16,2,9,retry_now
b7a23fb4-22b7-4782-839f-c67798935d15,8c36f87a-214f-4b6b-a004-f90fcc347d75,2297.28,UPI,gateway_timeout,755.31,3,8,give_up
18f052aa-23b6-4cc9-b1af-416050b73903,e8552bc0-bd38-4f2c-a609-3a597d169c9d,3995.55,UPI,gateway_timeout,5350.05,0,64,retry_later
7118b9a4-c589-490e-9c06-5a7882c125e9,9757390c-323a-4c68-be55-4eb3f0ce3502,1337.52,UPI,risk_flag,256.55,0,63,give_up
ce62b682-afc3-4701-b91c-054229da5e1c,8347143e-0d3b-4f37-85c9-30b53ff17961,1159.07,UPI,insufficient_funds,10.0,2,16,retry_later
2b1895c5-0630-4e2a-ba4b-829bb3efb79c,91a41487-0257-4ea4-bf8f-9445f7fbfaf6,403.62,UPI,gateway_timeout,332.36,0,15,retry_now
9d22288a-a9e0-4887-be36-81ae63980e31,8b0c7225-0365-4f38-a98c-36592771a317,1117.62,UPI,risk_flag,10.66,1,82,give_up
78d1fc67-9d11-4879-be17-eb39806bbe13,cdcdcc80-f7c6-4b9b-bef5-ffad7fd87b49,50.0,Debit Card,gateway_timeout,316.85,2,7,retry_now
7e11d500-98fc-4139-91c3-257c1167ed04,da7f3623-6734-4206-b02a-9856e00a04e2,839.42,Credit Card,expired_card,233.97,0,154,switch_method
06abc1e1-3409-4636-b849-ad4fe456e225,83b508f0-8dcf-4c7a-bf02-2d60068b4683,1625.49,Debit Card,insufficient_funds,77.64,0,172,retry_later
b16f3271-888f-4a71-b416-1234b8729dcf,2f6b31dd-3e21-4f49-b340-d6d72a688080,3762.26,UPI,gateway_timeout,474.01,0,122,retry_later
efbbb744-8393-402e-9a5e-2f064500a561,f91888a3-0f1f-4982-a149-83deeabecd37,1275.02,UPI,insufficient_funds,1140.81,0,14,switch_method
81f7e9bb-54f1-4fc4-88ea-3bbcf0094159,6228d924-8e7c-4fa8-9680-4fb3d912fefa,2841.18,Debit Card,insufficient_funds,879.42,1,1,give_up
db33596a-287b-499a-9332-36f374b0848e,307fcebc-e871-4aa5-a185-d0862c362b68,106.3,UPI,gateway_timeout,1139.94,0,165,retry_later
b58b709f-27a5-4549-a0ab-cfd57cbfd976,8acdcd54-1a06-42b9-8e9c-9b28477f4da0,1679.27,UPI,expired_card,76.92,0,25,switch_method
3e151564-432f-46d8-aefa-9b2706d39753,508869ad-dd75-4c46-9c7f-3ab1cbc533df,203.7,UPI,gateway_timeout,652.33,2,22,retry_later
39500b3c-4457-42b9-8ecf-0dce61721af0,6c220ba3-fadf-4881-a154-bc1b5c0842dc,375.86,UPI,risk_flag,41.48,0,18,give_up
4a608e41-42d7-429e-9218-0d288b65c9e5,ff8db72e-eda6-4484-a4d6-58d1cd8fcaae,1417.55,UPI,incorrect_pin,98.8,1,16,retry_later
e9a1f7b6-abb5-40d1-bb30-6049de16a291,6a5ceaeb-7bc2-4120-a0cc-0250d792109a,9500.91,UPI,insufficient_funds,2479.27,0,79,switch_method
9c4832fb-de2a-44fd-9caa-0317e8721109,badc8350-addd-42bd-9783-83245854575e,2929.45,Credit Card,risk_flag,50.31,1,143,give_up
d996490c-3e3c-4f65-8651-680a4f6da232,e85c3e18-6818-40b4-9f23-dad9fc500dc1,1851.41,UPI,risk_flag,676.31,5,92,give_up
ec315883-80ce-4e63-8e64-ac794b786e93,b922d120-6b6d-4b84-b1b8-f8419db3f95c,1762.71,UPI,gateway_timeout,2725.79,1,67,retry_later
9dcda5a9-b445-496f-98da-d7a7815fa4bc,373b1880-73cc-4bed-91b3-cc993504475b,715.0,Debit Card,insufficient_funds,2765.58,1,20,retry_later
a9172711-6dc6-42bc-8510-4785653273cb,e2f940a3-c5ab-4e94-b8e9-d1deeeed6160,891.43,UPI,gateway_timeout,992.46,0,47,retry_now
1cafd36a-f99a-4005-a9b5-10461796f7f4,134da5cb-4341-46e6-be63-0894bbe7d1a8,3151.36,UPI,gateway_timeout,793.05,0,16,retry_later
4c29332f-edd4-4b97-80a0-7220d0477ac4,dbccdaa7-4ba6-484f-9259-9f2cd352a34d,298.58,Debit Card,expired_card,141.01,3,7,give_up
b8156c9e-ffe1-43c8-8579-afd09bc719d8,fa5751ba-de42-491d-b734-649e53577e73,3908.74,UPI,gateway_timeout,9552.96,2,7,retry_later
a77fbe3f-0126-40c8-a276-0e9499c7011b,69281a77-079a-4c38-9240-4bab8d9d1ad9,1091.1,UPI,insufficient_funds,4470.77,1,55,retry_later
898b4121-0a69-48ea-b750-8314dad432c9,e9fde2a2-bd2b-4231-bf1d-794afcd07c7c,5288.15,UPI,insufficient_funds,425.19,3,2,give_up
5db417d0-2791-492b-959e-593122ae7280,7eebb73f-3208-413f-8c72-018fb4fcc6ca,6307.04,UPI,gateway_timeout,160.36,0,217,retry_later
54481fe6-68e7-4c6d-b7c3-a614b106e4a2,d9a6de3a-9d80-47c8-8881-5b2fb43af489,205.41,Credit Card,gateway_timeout,671.16,1,323,retry_now
d4250257-9b72-4dde-a0ca-6cd9d55eb339,3098113f-52c3-4c46-b3e4-4ed0c0114f73,848.9,Debit Card,risk_flag,3145.8,0,9,give_up
6413d24c-1ca1-4e63-8469-1eff4bc0214b,b1f13b2f-e1b8-484b-95f6-f99b647798d8,594.56,UPI,expired_card,664.56,1,33,switch_method
a1a7f0c1-033e-46dc-93ce-c46cb0fb0e13,9432a4ae-422e-4e72-8a2a-54d4f40926a6,171.31,Credit Card,gateway_timeout,48.71,0,87,retry_later
26171457-66a2-4b4b-bcb5-7a238bc9185d,1e5cb2f8-c7ea-454d-99e7-95f445e8bea6,472.34,Credit Card,expired_card,270.48,4,186,switch_method
d629cc79-1ede-4658-ac10-5be46ef507a5,3dbb179a-7539-4518-963b-3cb101ceb9b0,43201.59,UPI,gateway_timeout,128.84,2,133,retry_later
702e6ed6-96aa-4216-a9eb-25bd9798ccb3,4343c707-5bdb-4d3e-9cf6-02b0d8655d23,3993.26,Credit Card,expired_card,1644.85,0,17,switch_method
c147532e-05c3-411c-816b-ad9c34276d46,9ad003d5-4a30-4421-9e1a-085811355987,21861.32,UPI,risk_flag,19.51,1,5,give_up
8f41e72a-9e81-4982-b5f9-d734e8d5c8bf,c458d45f-cd88-4139-acfc-a65371994719,5312.55,UPI,gateway_timeout,4685.45,2,20,retry_now
fb9d9370-0597-4330-9115-310df5e7a00b,141aec3e-36b8-4a3e-8dd2-da33c3be3949,689.25,UPI,gateway_timeout,3109.57,0,34,retry_later
1e18c81e-a178-47dd-85f7-3ac477c74fec,057cdbcb-c037-4d4e-b2b7-3f54725f7b17,1100.7,UPI,gateway_timeout,8821.3,0,26,retry_later
2d80e671-d0a8-4878-ade6-af01f4a24809,ee38f063-7c14-44e0-946b-23c4e7976d45,3885.34,UPI,gateway_timeout,106.56,0,89,retry_later
64a5596e-fb88-4a81-a495-fc7867a36dc2,010b7eda-2676-41f4-9f26-1dc12d476f71,3193.13,Debit Card,gateway_timeout,1324.77,0,17,retry_later
4c14eca8-4e80-4b76-9ba6-da2cd205f2d1,1c36e0f8-9b60-4ac0-8bbc-4e2cc76374dd,853.59,UPI,gateway_timeout,513.91,1,117,retry_now
5fdb7777-2942-4beb-a7db-4e8851963e4b,784df581-ad70-4398-935b-423fdcc19cfa,253.92,UPI,incorrect_pin,308.08,0,15,retry_later
c3955b18-8eec-4b02-9b6c-67aff24d232f,f241cc6e-2f65-419b-9aee-b8b65a7cc74a,129844.07,UPI,risk_flag,650.68,1,26,give_up
1915828c-d2d2-4bfa-8f00-b6b726e59447,3a9ab622-1066-4661-87d9-5df2db725ceb,1504.94,Credit Card,expired_card,34.73,1,35,switch_method
9e9d98bc-09e7-4f07-941b-336bde8cd7a7,a607747e-3727-41ea-8b59-d151f7c3ea39,1183.86,Credit Card,gateway_timeout,1441.08,5,20,give_up
111387a9-742a-44e1-8a3c-59f0f4c9c2ad,2ec24945-375b-4e0c-bc00-ba40eb38bb2a,2095.05,Credit Card,gateway_timeout,195.77,2,87,retry_now
8f8fc8ab-3eef-4b19-b18b-2bf0fbb42be5,53279cf1-f870-4d6b-b493-06aa66f4c61f,1318.77,Credit Card,risk_flag,161.08,1,31,give_up
a938897a-4879-4408-8671-832180c976d9,0212d502-e267-47e2-a76c-d3631f6d7d2b,2120.8,Debit Card,insufficient_funds,105.65,0,130,give_up
1d1cbaa5-a283-453b-8334-00c35b2fab32,bead00aa-1872-40be-a41f-b717073518b2,9633.79,UPI,risk_flag,1270.76,0,198,give_up
df446b8c-7b4e-4b58-9af9-300c897b2a1c,5a5b9b2b-e29e-4077-83f9-03f03139fdf0,1537.77,Credit Card,risk_flag,11437.3,0,117,give_up
6f1e46aa-4ecf-41d9-8cc4-cead2ae2c51d,e74f8fbf-6050-42de-9ffd-5207a67f43ea,398.81,Debit Card,expired_card,458.85,2,44,switch_method
7fe6584a-13bf-4377-b02f-77e926a4ee7e,473877d2-dc0f-4a8c-a983-1d0af2911d81,1465.37,Debit Card,gateway_timeout,19.9,0,42,retry_now
2721c6aa-289b-41e1-a685-fd397c078e64,732a4a23-7bea-427d-aa92-c9799d8e310f,988.59,Debit Card,gateway_timeout,141.34,0,14,retry_now
b869c649-43c4-427d-9e9b-448d34d2c705,741184d9-e921-4e33-a512-21f4f3887652,11511.12,UPI,gateway_timeout,261.7,3,53,give_up
601d62cf-1bc5-4619-9468-77d5db671fcf,b69330c1-f342-46d4-adc6-de588c047a17,8287.1,UPI,risk_flag,295.15,1,183,give_up
deb9bffe-8fbc-4909-bec3-afa03c0837cb,e6b3ae5c-a674-4b70-8e39-05d0a8b4b540,2079.29,UPI,gateway_timeout,111.15,3,5,give_up
d72eef97-266b-4491-bff3-00d5316a369b,3ad67a60-0426-476a-9538-98615982a5e7,342.97,Credit Card,incorrect_pin,1421.69,3,83,give_up
ef1a1b79-de77-43f7-aec2-ad60abd21532,e20441ec-be1c-4cec-92c9-228e81016c44,367.36,UPI,insufficient_funds,165.53,0,122,give_up
7a469cbb-f797-4357-8aef-5ef48113bda1,41949cfb-3a4f-41de-aeab-5360f7491ff2,1843.94,UPI,expired_card,521.61,4,259,give_up
a77bf172-3ae4-410c-8b7e-6ef180a13de3,b7f97c4c-8be4-4da8-bd1c-baa1aef7f815,2799.57,Debit Card,insufficient_funds,206.34,0,24,give_up
f8554f4b-e481-48ca-86bf-4af080a329bc,b392426d-e8d5-43a5-ae1f-1301ef62114c,1110.97,UPI,incorrect_pin,2744.36,4,26,give_up
0240f696-71e8-476c-8f48-3bfb3f01136e,a1b2a4c3-d465-4928-984f-cedb8a1e7711,968.53,Debit Card,incorrect_pin,183.35,1,15,retry_later
78a53a00-241e-46d0-90e6-a61116fad4f3,cde2cd47-b667-40a7-ba71-d4028aae695f,836.61,UPI,gateway_timeout,2957.79,2,93,retry_later
a5fbbc41-0d50-44f6-901f-ccf5376c7699,b1b9d44e-9a2c-44c8-b796-9ce19be2f040,1753.88,UPI,gateway_timeout,104.41,2,9,retry_now
591614a0-207c-4fb3-9474-674d14a5fcd7,c505ed40-c164-4e1c-b02f-e46cbe2f01dd,81.65,UPI,gateway_timeout,476.15,1,18,retry_later
e32c31f0-88e9-4ba5-8c52-7335148a15d3,5bb19f2d-e7ac-4ced-99a5-ee26ce96368b,431.94,Credit Card,risk_flag,697.04,1,20,give_up
0bf17398-821d-4be5-811d-af6d06c0bf91,5dc0d868-6c29-44cc-8260-c4d31d6fa109,800.18,UPI,incorrect_pin,474.48,4,28,give_up
1082318d-c9db-49be-beef-38c225b1c248,b898d89c-2b80-41ea-97d3-912bc1575609,8688.49,UPI,gateway_timeout,991.5,3,32,give_up
34412156-add7-4ec8-8244-2f07e94915a4,bfea1bfb-e3c9-4888-8f50-d6e72b0a6f54,627.69,Debit Card,gateway_timeout,603.25,1,49,retry_now
ca22c4fe-8dd6-4ad7-8baf-f2416f45e19a,ad22eaaa-9166-40e7-bc1f-0ef66796b5ef,2286.11,UPI,risk_flag,1233.34,1,177,give_up
f80d6fc8-c1fb-4c2b-a528-b39f53419772,9eff1f2f-562a-48fd-a6a1-9c63cc72f1e7,2427.23,Credit Card,incorrect_pin,461.72,0,17,retry_later
9adb1a5c-330b-409f-9ef2-8e9d3a8c35e0,0430ccb2-98bf-417b-90e2-cd44d2d73c55,9772.15,Credit Card,incorrect_pin,395.94,2,90,retry_later
53b3e7f3-fa85-416e-8eff-f11eda2549b6,06d5f05e-91fe-4a3a-9f52-bc668a08a861,9333.36,UPI,insufficient_funds,2184.99,1,67,switch_method
c6c5bf66-8e5c-404a-9d4d-8cce4c5989b7,d530afae-dfa9-4b74-a3e2-676c96604f1d,1677.81,Credit Card,gateway_timeout,3336.36,2,7,retry_later
db04c1be-a066-4735-8800-f2d5e48380d5,700d1790-b877-4a72-ada4-cc378f11596a,974.45,UPI,gateway_timeout,731.54,1,99,retry_later
7626ea38-39bb-4831-a570-0c105a8b248d,311c5607-76d3-4c96-b45b-3ebcc3a9a5ec,762.82,Credit Card,incorrect_pin,4620.29,0,5,retry_later
7700cff4-302a-416f-b467-298f663c4f3c,071dc9d1-23a2-45c9-871a-026dea44de7e,1321.63,UPI,gateway_timeout,1072.82,0,80,retry_later
3c7d263a-f540-4279-b37f-c115137ba853,984f959e-478b-4ead-958f-d2fa6e44ad83,1028.4,Credit Card,expired_card,556.23,0,75,give_up
26b2dbd2-360b-417d-a330-4eaba08f9639,79a1001f-24cb-4998-a5d5-471a945d150e,3713.45,UPI,gateway_timeout,991.96,1,70,retry_later
49aa5802-0c5c-432e-bcdf-c6dc31bafbf8,c844276b-583e-44ed-b8b9-b88e65b26390,3122.54,Credit Card,insufficient_funds,478.08,0,19,retry_later
cc51548d-b727-46e8-a2b0-30c6e84a4cbe,173cf15a-dd4b-471b-8880-b9c5300efeae,3902.38,UPI,gateway_timeout,235.04,1,51,retry_now
d2a02d49-2a65-4609-94e7-242bd7ca0b16,b2207b69-dfa6-4826-bf5a-3e86c62f6d80,9293.48,UPI,incorrect_pin,1377.71,0,86,switch_method
0d80bf97-2c88-492d-8ffa-26a1dfe16f4c,1de870ec-4af0-4e37-b874-76173a74fd1a,20368.19,UPI,expired_card,691.7,0,60,switch_method
7ec5150c-cc32-43f7-bb03-451f8ade78da,69e6a43f-01bf-4886-a8e9-db61c99834ac,2126.14,UPI,risk_flag,594.82,0,97,give_up
7ea75870-4bdd-4669-b0bf-0a858f84c26e,32cd1029-a215-491d-b20d-e46ba57baded,7550.0,Debit Card,expired_card,60.34,0,69,switch_method
14e66bdb-e6ee-4b21-900e-7648438a9126,9ea5c1db-cd25-4cec-bafd-8331328ee8e8,1144.64,UPI,expired_card,277.82,0,19,switch_method
b44ff78f-c2d6-4f0d-b93a-07e78aea2285,4c402e3a-8ead-43f4-a9b4-7d9aa4f9b17e,8438.07,Debit Card,incorrect_pin,2264.83,2,9,switch_method
0d440aee-f05c-4299-8593-a9848231c601,6355faba-c190-40fa-bf66-36880b4f76cc,7186.52,Debit Card,insufficient_funds,2197.37,0,59,give_up
c5d797b2-e6f3-43e5-9b83-1e1d35cd1753,2dd4c5fc-72fc-46a3-b94b-b2760dc28117,6707.23,Credit Card,incorrect_pin,1059.49,0,85,retry_later
f55b399f-7ac7-44b4-869d-48f827a00a1e,ef8002fd-eb7d-4157-90e7-80670a7ecf3f,2043.24,UPI,expired_card,3185.27,4,9,give_up
6ed3d688-5748-4cb1-8712-b96bc6b1a188,f7dd3829-5b89-4e43-b599-3b9e9efe9d9c,758.34,UPI,gateway_timeout,126.64,0,11,retry_now
5dc6e43a-8ab8-466b-aa7b-f3ab852d0c08,93cc0a24-5910-4a97-aa80-cbe9724eec2d,295.04,Debit Card,incorrect_pin,1316.43,2,0,switch_method
21157abf-24ef-498d-9ecb-33303f497393,8a1e94e4-6b7e-44ec-a40c-379b648c0169,1716.34,UPI,expired_card,354.09,4,45,switch_method
e6095b35-8087-471d-b076-901a48fb036f,cde08019-0958-44c2-aa81-97153afb400f,13265.42,UPI,gateway_timeout,1334.83,1,46,retry_later
17dd8251-d6a4-40aa-8e49-4daa8f5acc1c,e59b2409-8e86-44f3-90c2-ebb12ffe1d70,1208.58,Credit Card,risk_flag,297.64,1,41,give_up
c847a76d-e314-4759-a9e3-d9457b530283,817016ef-1ef6-4c90-8e91-1085027826fc,5017.39,Debit Card,expired_card,1198.19,0,22,switch_method
d3376a08-1c6d-470d-8479-8779be6d842e,c4cc3619-66c1-47a1-b8d6-01fdbfd2c4a5,5416.13,Debit Card,insufficient_funds,97.54,0,33,retry_later
be08aca6-b852-4986-a69c-188246ff0c60,6cf09b96-fee4-4c52-85d2-f6b9b97eaba3,1250.39,UPI,gateway_timeout,790.6,1,87,retry_later
5ffa4f6f-1aa3-4727-85a2-8b8dbae7ad96,544e5cac-5e3e-4041-bc40-0ced27622540,10009.08,Credit Card,expired_card,119.89,0,12,switch_method
9d307e17-e043-4251-b3ff-0a55bc59e06b,2ca656ed-22b4-4254-82d9-b2369452e347,50.0,UPI,gateway_timeout,83.54,0,13,retry_later
a52146fb-4b04-4ec5-97e6-00c2cc8faec4,1bc9c396-91f0-4b7d-afe5-47e9a7261280,368.86,UPI,gateway_timeout,262.72,2,65,retry_later
8b53d101-8f68-4cd9-b60f-ca3721e49f45,03e5766f-f23c-4765-b188-fe8ac415afe9,549.87,Debit Card,insufficient_funds,420.12,0,120,give_up
855ebc84-749f-47ed-ba51-a5e51168a1f5,3e7f3045-25a7-40f6-94c2-9a7b51e2de14,622.89,UPI,gateway_timeout,85.78,2,24,retry_later
7e0e9ea5-95f3-4a61-a692-a95a2f4f7d09,34f89f76-7862-4350-9ebc-323dee0b39a7,2799.35,UPI,risk_flag,3949.31,1,161,give_up
4025ccf5-d786-4239-ab6f-7a3b3b3050c6,42c84a53-5ff8-43f3-920d-a211e3ab87b8,2636.08,UPI,gateway_timeout,5100.99,0,3,retry_now
9d8f4505-e8db-4bbb-a27e-06619ddc67a3,bb869f0b-3247-4a60-b235-e28b27bd760b,3017.51,Debit Card,insufficient_funds,1845.8,0,7,retry_later
961e3867-e3ab-40eb-a4ae-2e8ba8127983,fd06ca1a-129e-402d-a927-f397bc348f8b,3924.15,Debit Card,gateway_timeout,292.97,0,36,retry_now
8299d89d-f216-4bb5-9e8e-e03117918311,8ade10e9-7b71-4a9a-b164-e5b6f78b7ccf,525.77,Credit Card,expired_card,248.66,1,77,switch_method
66b269a6-f180-4432-a65a-e611d8df4b65,42ca7361-01ba-42b9-bd9a-3b29e2625e76,371.06,Credit Card,risk_flag,185.99,0,27,give_up
a5842627-4d7f-4912-ae36-ad4a03de8981,35be0f1e-bb40-4ff3-a4c9-3a0ff39696ea,3026.66,UPI,insufficient_funds,3685.16,1,48,switch_method
daf492f2-5773-40bb-a92c-7d047928b479,cda5c528-0d5c-41d6-a068-941b78553881,796.88,UPI,gateway_timeout,1839.47,1,1,retry_now
980f7625-53b6-44e8-b401-a160560026cf,22a754c3-46ed-4242-b902-3111fb7f91aa,234.72,UPI,insufficient_funds,154.87,2,37,give_up
a572ad65-ae5e-4e69-b5e5-3947af625ea1,8963d741-dbd9-41b8-9ba7-527e826c534d,6391.65,UPI,insufficient_funds,186.36,0,16,give_up
40823627-2de6-4b99-96f9-a268e93b94d8,64a0a09c-b179-455d-890c-6ebfde7a2fe6,11088.15,UPI,gateway_timeout,418.56,1,43,retry_later
1cd0b68f-da48-49b7-b8cb-76abb3660e74,4c4a4dfe-37b8-474d-bcdf-fd5bf351aa0a,13688.47,Debit Card,insufficient_funds,1134.06,0,44,retry_later
60545688-fa40-43ef-a412-6bf39adc6827,d4479cb9-45ad-448a-b400-c6ff892bc6ee,2305.63,UPI,gateway_timeout,375.01,0,83,retry_now
6f612031-883b-4aeb-92b0-06da072ae74b,c579c10d-481d-42bd-880c-73e21caa1198,4079.43,UPI,gateway_timeout,85.39,0,46,retry_now
82e3170b-627b-430e-82a4-8237e9aa7746,1586899e-ba80-4611-bf2b-615bfb65a041,10730.32,UPI,incorrect_pin,24.61,2,57,retry_later
44927d44-d7f2-4c6b-8850-d524bf045af0,697be9fe-fa5c-4307-9ac7-f5aea7d295d4,785.37,UPI,incorrect_pin,1504.49,5,45,give_up
79fc70da-a57c-4ef0-b7c3-43b48c5fc11a,9b7b8d7b-7daf-4c2c-98f9-6b9f1ec4242f,7660.87,Debit Card,gateway_timeout,14.59,0,278,retry_later
a96057bd-a36f-4543-aebf-29a2c85d866a,dd1f3354-5cd9-4217-a014-b39c958a44da,2586.38,UPI,gateway_timeout,986.3,1,94,retry_now
1a9adcb9-7c76-4f6c-a77b-beb733bb530f,d9d3448e-cec5-4bc4-9c2d-5f205a241e6c,5930.27,UPI,gateway_timeout,187.19,0,84,retry_later
4b65adea-6c33-4b3c-b292-9c8c4ec2767c,c0dc14f4-3456-49de-91f8-e81db562c16c,2302.89,Credit Card,insufficient_funds,641.48,1,59,retry_later
11ded750-df57-487d-ae46-7dd0e7f8b32b,165f725f-66b2-4d63-beb1-89d9976d26e5,9751.08,UPI,gateway_timeout,356.65,0,45,retry_later
4fcc1d12-1650-415a-86bf-3a8eb166618b,9d1850ff-c5ed-4b65-b899-ea7b7ac81b7f,2417.72,UPI,incorrect_pin,317.92,1,25,switch_method
12cafdcc-8ecc-4892-81ed-ef1fe0444b29,7f4ae3cb-5db9-411d-af15-09f8a640a170,262.65,UPI,insufficient_funds,1135.74,1,91,retry_later
a73d1646-77d8-491b-a513-3f5db61c050a,3d66d403-6bb2-4d64-bd82-503f0af9062a,11938.27,Credit Card,expired_card,431.13,1,12,switch_method
92c2453b-d5b1-43a8-8c68-54c22e0ad1b2,88546f7a-40f2-4b41-95bd-fcd9f645589f,527.53,Debit Card,insufficient_funds,3512.14,0,2,retry_later
7d01cfb4-2de8-4a82-97c5-777887ff2d41,f9647f3b-459c-484a-bfd7-d98b5f5d16d7,9218.57,Credit Card,risk_flag,1736.2,1,71,give_up
ca415db1-fa4a-475c-885b-5569950498fc,ab03b4d1-6876-4e72-962c-9db5126b484f,1607.9,UPI,insufficient_funds,4328.31,0,9,retry_later
efc82e63-df62-464a-a74b-bd29f3e60fcd,e014b764-94b0-41d7-8a57-4aee74c0ca69,8339.96,Debit Card,expired_card,5882.55,0,140,give_up
158b1b66-4702-40ce-84bd-ba93fe8bb063,77785125-262d-4019-90ce-82858d1eb9e4,7904.59,UPI,incorrect_pin,711.27,0,88,switch_method
48e92319-3fe5-4eee-8f2c-7b304b7b1b3f,0c40e17b-752a-4c64-9eb5-435bd548c2f0,3162.71,UPI,gateway_timeout,6937.63,3,55,give_up
d7682966-9da8-4410-a559-1d9b0acc4d6e,58bfa75e-5648-4381-aca6-866406653ca4,3502.02,UPI,insufficient_funds,2916.71,3,22,give_up
32d301d9-015d-4ca6-97e8-e4a317ae7fb0,ce33f82b-e40e-4aa6-8015-66814ca9f6e2,3131.97,UPI,gateway_timeout,26.38,0,60,retry_later
4ca1ffeb-0472-4ab2-9389-dd13c82bd62e,786f2511-e629-4165-8353-68dc879809fe,131.9,Credit Card,expired_card,79.4,1,38,switch_method
fc746b37-cb23-4b21-96b2-709b68703488,deda3c1a-96a8-4385-a2d8-137c5ea1ae75,2108.7,Credit Card,gateway_timeout,812.09,1,20,retry_later
05bf852b-37ee-4781-85bc-d287d7a4a1d8,d3ef50ce-c71f-4346-9e13-16f6ef381644,423.74,Debit Card,insufficient_funds,194.25,4,174,give_up
b9a5dfe8-d1c6-40c1-be13-e2c11af24a85,58036569-442d-4019-84d3-2e0a78217f73,2258.7,Credit Card,insufficient_funds,127.71,3,10,give_up
d20c4bfe-5419-440e-9411-4c3057c978dd,40de0eb5-a1b1-40be-bff8-4c2ad65cb204,409.19,Credit Card,risk_flag,351.15,1,83,give_up
e57a8658-f899-48e3-aefb-34c3e5fb831e,9358b64b-18ea-4038-bb64-d07d83f4427e,387.44,UPI,risk_flag,361.37,0,96,give_up
1259da39-0f05-4759-bd05-2acf18541a1f,8c2bca41-c869-464a-b9ae-c3951aa1ef08,14565.56,UPI,expired_card,10.0,1,181,switch_method
af1059c6-290a-4c21-9c75-90c91bbab3e7,13b352c3-2a02-4d7a-85ba-2e59ff80a083,7261.06,Credit Card,expired_card,625.23,2,47,switch_method
358ffa60-5246-4691-812e-657a2ee6496c,a3d79a9e-5e5e-4790-baf6-ded9eaeaf018,1798.33,UPI,incorrect_pin,1115.24,4,45,switch_method
12562557-b43d-41ca-89d2-42ea85383a2c,24084dac-ef52-4efa-9070-ca8a70460d07,2298.93,Debit Card,insufficient_funds,376.21,0,151,give_up
382eb49a-e784-4b00-b139-afb1db1aa00b,b116501d-3d8b-4380-b39c-f2255d32eb89,1309.9,UPI,gateway_timeout,99.55,2,96,retry_now
31fb2195-bcfd-439c-92f1-35d9ef986b51,e3494b85-751d-4a4e-9afd-409c43ad84b3,3792.72,UPI,gateway_timeout,1110.4,1,86,retry_now
66c83f3e-c9ca-47be-88b6-631af9cef2cb,3fc78533-03a8-4aba-af64-bfc886c51f56,750.79,UPI,risk_flag,333.71,0,93,give_up
cea66536-749f-4589-b9b7-84897116a866,04a77e49-20b0-4944-8d0b-da7a6abc234b,6580.48,UPI,risk_flag,79.57,1,40,give_up
cee09cef-81f5-4561-ae7d-c603038a288c,37418b60-aba5-4050-bc2c-bf90cd6335e7,1301.13,UPI,gateway_timeout,375.48,0,2,retry_now
bba8a844-2033-4f1f-927a-3b9b413c982d,4b2a2a52-bf55-44ac-b92c-8c3f3db58c92,1047.54,Credit Card,risk_flag,6063.27,1,13,give_up
e00f0df5-6da6-4e6b-87e0-edd111f073ad,30d0e2fa-8691-4ccb-b9e6-495680066e11,1859.81,UPI,expired_card,1961.49,1,61,give_up
9430ee4b-2eb8-483e-ad34-10f584353042,46ab4524-1d99-47e5-bc11-dc101e248fc7,838.41,Credit Card,expired_card,355.12,5,30,switch_method
de6ae2d5-a93f-45f2-a708-621ce45d0906,9525ccd4-ae32-4671-89e2-65a7809baaf6,2771.9,UPI,gateway_timeout,1758.14,4,56,give_up
54a437e6-6330-4e26-a1f9-c7aa0f4d8a03,7111e076-97ec-49d8-965d-3c0489a7d204,899.13,UPI,gateway_timeout,213.44,0,48,retry_later
4ceb6d25-9e5f-42f8-bac1-a8b053172ede,2fc61e3e-0632-4b19-9202-88b51a371443,3324.52,UPI,incorrect_pin,2468.11,0,34,switch_method
72bb0269-6201-428c-9152-6708f2189117,c671a826-6f9f-416e-ab55-78a6d1742a6a,8785.07,Debit Card,gateway_timeout,286.06,2,16,retry_now
729a4fcf-8dbe-4af7-8c65-a175a0861d97,607f6ff5-c585-4442-97cb-03c33b272258,709.73,UPI,gateway_timeout,281.72,1,76,retry_now
9a104b8c-7b3b-4b33-ad10-c52c4e8293f7,5aadedf8-3dd8-4d19-8114-853711ea7a02,1525.77,Credit Card,expired_card,355.49,2,143,switch_method
d1a515f6-eb10-42d4-bce7-f463117fdc85,3cb99502-bbd3-4d13-b1bd-944b6fa09a75,3293.58,UPI,risk_flag,41.23,0,88,give_up
8f5cb2b4-b1e5-43cf-a3e7-04f5d710b899,e169b3de-9c70-4fd3-930e-90f659be797b,1025.96,Credit Card,risk_flag,60.6,2,7,give_up
8bcdecee-18c8-4251-ad39-260b67965e95,7875d4aa-f4fa-45a5-957b-4713c46f8f5d,3306.4,UPI,insufficient_funds,12558.05,0,46,retry_later
98aff38e-f323-4628-9bc2-68c2cbcd5dca,174c03e8-2ebe-4e00-92c6-bf57a151ad87,3722.01,Credit Card,expired_card,34.34,0,108,switch_method
966d5846-32af-49a0-8d9d-f764ceece258,ba8689b3-d249-43ab-b2b4-5ecf6874132b,7392.64,Credit Card,incorrect_pin,47.56,0,53,switch_method
bb0ba790-f681-4b77-895f-aa92a4da1312,47bf9208-8791-4ced-9137-ae11ebeab4f1,822.39,Debit Card,gateway_timeout,460.78,3,34,give_up
b5ec0c38-a3f7-446d-8082-b91c3cae1da9,7b915363-9b1e-4681-bcf5-8bc0dc3bc3a4,530.8,UPI,gateway_timeout,1921.45,1,20,retry_later
424949b4-6014-4436-956e-7b7dfff7a770,5642d54b-dc02-40e5-85df-ca090c4f6d22,1212.15,UPI,risk_flag,2180.74,5,24,give_up
fc2b66b2-9be3-416d-9c26-294b7adc4c4d,27478989-3e3e-4a14-85c7-b86fb2a67fb2,513.85,UPI,risk_flag,719.69,2,16,give_up
95cf43ac-4fbc-49d7-9903-b2614487bf3c,bcf805aa-b3ba-4102-9bbe-4b0a41f84f84,3766.3,Debit Card,insufficient_funds,1273.35,0,13,retry_later
40a7a050-656c-458f-8717-b2201572199a,c719a178-6797-4f79-b82e-b925ad4ce927,399.3,Credit Card,expired_card,624.09,1,53,switch_method
7d88c7a5-2695-4740-80bc-b4fbc8d38013,52cdc0e0-4525-498f-b731-852ebddb8208,37530.96,Credit Card,risk_flag,3935.96,0,42,give_up
a8ab513c-2b97-45ba-8719-223450778d2f,16e1d9a7-06ae-4361-941a-26d310d13fe7,9746.92,UPI,gateway_timeout,414.35,1,79,retry_now
46dd93ff-3241-4320-9786-2b4cceb30ea9,f6388f51-c2f2-4baf-92e8-e6ba4790b9ba,1837.84,UPI,gateway_timeout,1702.23,0,22,retry_later
f2bfcaff-f4a5-4b77-bcb8-4141528104eb,5b67ab64-6f02-47c5-b3b6-1c1f8dd7c33d,5583.73,UPI,incorrect_pin,1399.82,1,37,switch_method
861467e3-09ed-4ced-b76d-591dda475300,33f10482-69d7-45bb-a13b-830fec790f1d,215.33,Debit Card,insufficient_funds,98.49,1,68,give_up
3f9b168f-de3f-41da-ae5b-02c0c777d6f8,f495f541-57a5-4bfc-9bc7-dcd3513b96fd,48068.64,Credit Card,incorrect_pin,10.0,0,198,switch_method
c73157ef-4e14-42f7-836d-2fd777e62ae9,b3ae8772-c816-4f42-8bd3-0084d4bedacf,839.43,Debit Card,insufficient_funds,627.21,0,25,give_up
d0605f57-f952-4abe-b5bc-2069fc9b03f7,a98bf375-7d69-4a80-9308-17e4fe042c94,1545.89,UPI,gateway_timeout,433.67,0,21,retry_now
2df56938-4896-4711-ad75-c600a9935ae8,41ad705e-f95b-4131-b31f-80096ea46d6a,161.95,Credit Card,incorrect_pin,264.94,5,35,give_up
24f65c2a-aa39-4ebb-8b96-cee73170c008,f6937fbe-f576-473d-a01f-229cf4d3e0e8,3402.19,Credit Card,insufficient_funds,1014.13,0,77,retry_later
4306b0e9-475d-4fe8-98db-acf43329f52b,d9b77a45-d126-4254-9ad3-0658094e90b4,429.13,UPI,risk_flag,499.66,2,195,give_up
e30d1974-b120-4b61-8dca-a52cb6cf6c16,230178d6-b119-4f8f-bac0-dd628aced530,2063.49,Debit Card,incorrect_pin,48.04,0,46,switch_method
6de1cbcb-440e-4f79-a877-80fa7535f062,2344e76a-8b0e-4643-b3c3-e85f0ceb0ef5,891.09,Debit Card,incorrect_pin,49.19,0,100,switch_method
418b726e-4bb2-4063-b8e4-d1dd9ce1f3f1,4ef7b4ca-154b-4b57-8a91-4347e6d9f446,445.38,Debit Card,gateway_timeout,222.92,1,37,retry_later
4781d037-2803-4e13-bd79-e9d0ab64c6d5,d98ddd02-0a70-4642-8ceb-b06553107186,635.45,Credit Card,risk_flag,646.65,2,2,give_up
bca6548a-f218-4b8c-99f8-87da72045d78,098c4b8f-7eba-4f57-8e16-bebe54316f8a,2424.85,UPI,risk_flag,125.58,1,134,give_up
42ff548c-34e7-4d7c-bfa6-4ad9a5a898dd,337270ec-252b-462e-8882-e66f4dda2965,341.74,UPI,gateway_timeout,235.72,1,20,retry_now
47d3a9a0-838d-48c5-abe4-64033d3e4fb0,e70dffae-1bbc-487f-b007-ebd73d7c9e59,683.03,Debit Card,incorrect_pin,4015.17,2,8,retry_later
4256ee7b-8b01-43df-a065-c92efe461d79,4943c6a6-0701-4eb2-a0a3-1c3b36e41288,4282.34,UPI,insufficient_funds,2166.54,0,333,retry_later
d91d8766-83c1-4220-815a-b11deae774ea,907e5546-d73f-433c-9b22-b2ae18ef3f8d,53275.07,Credit Card,insufficient_funds,1013.6,0,25,retry_later
cdcbbd6d-8691-4787-bf09-713e4a5e340f,951d30f2-7943-4815-9091-4612a4bfe211,3363.93,Credit Card,expired_card,573.73,0,8,switch_method
46aae020-1de6-4201-ad04-dbb5940a1373,c6e60c9d-b894-426b-8030-15d87e4eedf1,548.7,Credit Card,incorrect_pin,104.54,0,22,switch_method
81060e38-942e-40c0-816f-28c03f58dd5e,883b784b-9626-43ad-9a3e-8b9228004efc,1121.87,Debit Card,incorrect_pin,142.5,4,43,give_up
f8484ebd-e4ce-44f2-b5c7-09096652a83d,cf69260a-1373-4b07-b95b-9b710d7e50e6,1883.84,UPI,insufficient_funds,387.7,1,5,give_up
9e87b644-9614-4679-a16a-0898b364f332,79aff756-5b16-4a31-b09d-c68446594039,1147.97,UPI,risk_flag,1328.31,0,26,give_up
f15e55b2-274f-4376-9b53-b61a52081fa6,3177d9cb-918c-4e20-9a32-948b9ae10c9a,5848.71,UPI,gateway_timeout,1143.72,3,66,switch_method
21c7610b-ebd1-4160-9e30-9b0c506221cf,bfca2099-43dc-4627-b8fc-c593d724633e,2398.78,UPI,gateway_timeout,800.9,3,148,give_up
6b4c5e8b-17e7-45fd-9e51-05de5d8c9b1f,9a14284a-a3c6-42a6-bb0a-0a9d539ae8ca,5885.27,UPI,gateway_timeout,1310.86,0,30,retry_now
23ac569e-2db8-400a-ad68-a1fb967dec7d,6d6e7de8-4980-4b3b-aac2-68245875aee7,1201.38,UPI,gateway_timeout,36.03,3,49,give_up
5b084335-7901-49e3-a1f0-cbb6e2ad1253,54ed0b2c-bdb1-4cc2-9af4-8e9491b24e5b,10128.92,Debit Card,insufficient_funds,422.59,0,60,retry_later
aae1b3de-02aa-4efb-9bb2-d2478634a61d,a8068b66-2795-4b4e-9129-c0fc27d3d300,1456.18,Debit Card,risk_flag,130.08,3,4,give_up
1420e636-cbc7-47ea-8671-100d0461a98c,221fc5ce-6cdf-4dfd-869c-09e04d38fbeb,511.55,UPI,insufficient_funds,690.71,0,25,give_up
f809a616-6570-4a26-af80-7b8ba4e97f47,abd3b398-566b-4e71-ac3f-8b8266595140,30653.94,UPI,gateway_timeout,205.97,1,69,retry_later
455830ff-a240-4236-aa7d-9733365eb297,cc10bb2a-d647-4fe9-beee-63eac0ccdc31,168.6,Debit Card,expired_card,128.68,0,79,switch_method
ec3ee2f6-d045-4b19-ad52-4e09edbbb707,4e1d0f9a-6940-44f9-918d-b7e9b1b83aa3,692.04,UPI,risk_flag,179.63,5,26,give_up
a0a25013-8228-4f67-a9df-44bd6fbd9eb6,649bf591-6413-4856-b3e4-527c4447abe1,800.2,UPI,risk_flag,847.42,0,0,give_up
de11bf88-d611-4cb0-a30d-3f226276c357,905fa09a-0379-4d38-b5b3-412ce4dd9221,47136.28,UPI,incorrect_pin,2759.29,0,0,retry_later
a0c4fa99-0197-45b2-8fcc-5dfd1a17e0e7,277a0835-8190-419d-b17c-67e3ece93dfe,18937.83,Credit Card,incorrect_pin,890.14,1,46,retry_later
f838b516-47ea-4b67-8ab4-b7d8ef238cea,a3d4706b-b190-4c07-8dc9-473828eb3317,12608.25,UPI,insufficient_funds,415.91,1,48,retry_later
d1d60d9c-1e6c-47b1-8d3a-6819a31f2277,c48aa52e-ce1b-4e32-93df-a034367543b1,1176.32,Debit Card,insufficient_funds,986.95,2,48,switch_method
a4de2531-a283-4e1b-a77f-06fd26ed89e6,0364b753-72b1-4357-b51f-36401778053a,42363.03,UPI,gateway_timeout,200.91,2,76,retry_now
e449a925-f56c-4ea6-a3f3-ea7ed77f65ae,1ab81449-6040-4415-9fe4-410c01890ad0,2918.59,Credit Card,expired_card,185.57,2,152,switch_method
e0728183-8483-48d6-b84b-21e3958eddbd,b5dbad55-6f9c-47d1-912b-ed207883a836,6441.02,UPI,incorrect_pin,63.54,0,277,retry_later
e62cd04f-604d-417d-908c-de56604359e6,e924f9b2-529f-490d-832d-6e3b77a14c22,2283.82,UPI,gateway_timeout,759.07,0,72,retry_later
69bc6b08-40e4-4a23-b8e5-da1a7a33fb02,67d4b23d-b9ab-4e8e-b9e1-cb552b7bb23f,1695.43,Credit Card,insufficient_funds,82.47,0,43,give_up
3d919c11-c8ae-40c0-8096-bbff45259fb8,15e7e8d1-9555-4bb2-9a2d-8e8332fadb0c,1303.34,Credit Card,expired_card,32.23,4,9,give_up
40314135-6096-40f8-ad6c-f2d717756925,56d49a60-5d24-45c9-b092-1be600b2f98b,1376.73,Credit Card,risk_flag,3460.7,0,29,give_up
2ee3cb01-7a47-42e8-8544-b6f4db995c6b,21715543-f096-453d-ad41-d5f3094eeebb,3987.98,Credit Card,risk_flag,320.3,0,50,give_up
d0a3f1de-c087-428f-9730-c8d2c033967d,cfb8e8c2-c036-4d88-82ae-ede3d1182415,2914.23,Debit Card,insufficient_funds,1338.12,1,513,switch_method
9c71ab38-2b47-4b8c-aabd-d04a7c6632d8,a9b162ca-a462-404b-9ec7-e3b921f437ac,1735.56,Debit Card,insufficient_funds,970.36,0,8,retry_later
e7c0af99-29b3-42da-817b-f8ce6a76c507,ff9627ea-e36a-4484-b037-411cda472fb2,12866.49,Credit Card,gateway_timeout,771.51,0,94,retry_later
f6bbf0f9-28a3-4528-ba10-d2187bb0c4d2,681eaa2c-05ea-4804-b16f-3d63d6590a33,50.0,UPI,risk_flag,457.22,2,410,give_up
e16b8e52-bd60-4850-88b4-a76c161917a9,8dec78aa-ae9a-4043-8c72-11f3cdfbb37d,3508.18,UPI,incorrect_pin,1736.77,0,98,retry_later
bd97107b-d42d-4c3d-9b2d-a7bbef28ebac,0245ae24-34ee-42ac-bba3-5e61c14e94b4,4596.55,UPI,insufficient_funds,902.08,1,87,retry_later
34b923ea-27d6-4a64-a3a0-f07e0df13b3a,e1ac8a63-d53c-40bb-b70a-53a2dc41b0a3,8030.9,Credit Card,risk_flag,15627.21,0,17,give_up
13e740f8-5db8-443f-b39a-7b7ea5450fe9,4441d681-795e-497e-a6cc-ffbdb4675c21,1661.82,UPI,risk_flag,331.98,0,0,give_up
495d228e-9acb-4a3e-8d66-912af4fedf50,02e66a28-05b4-4a09-8e25-62b731b96275,2369.17,UPI,risk_flag,591.05,4,15,give_up
ac551f2c-7aaf-4b2d-82e7-b18a22629f16,7cbf87f8-0fae-403a-9e4f-5d9e78f0649d,6514.16,Debit Card,insufficient_funds,22.17,0,93,retry_later
4ce310c6-2c5b-47d0-893c-823daa0fa7ac,f189808a-baf6-4555-9e42-5391ca12341d,12563.06,Debit Card,incorrect_pin,262.88,0,6,retry_later
ddcd7458-6627-4b08-a3db-a69123a965cb,5a7e3dcc-a966-4c30-8675-c0a7ae95b20f,1223.29,Debit Card,gateway_timeout,155.94,3,21,switch_method
e46d8bb0-7561-4f51-b836-85090974e695,6ee4f489-970d-460c-b5a1-dd5bc2c340a4,2558.22,UPI,insufficient_funds,46.88,0,49,switch_method
e3595196-d97b-4b4e-876f-c00532e4d385,c0d50d11-5abe-4520-805e-c3eccc241c5e,16028.86,Credit Card,expired_card,2439.25,0,52,switch_method
aef11cf0-55cf-4892-8488-6c3b34754eec,42a1063c-ff7a-44e6-b37e-15a0c1138260,114.29,UPI,gateway_timeout,507.34,0,46,retry_later
3e01c8e3-da6e-463c-8c99-8a81e3438a17,d324962d-b0b1-4d63-9bd3-9176dacc3106,737.29,UPI,gateway_timeout,347.6,1,237,retry_later
a7d29dec-76eb-4ccf-96e8-19a3c12842e8,dd1d1701-535f-4969-bf18-b8f9c325138f,12156.1,UPI,gateway_timeout,5245.16,0,0,retry_now
6cc14cb7-3d9c-4d22-bb6c-865e89057f65,1f9c80b4-67dd-4429-92ac-597c23047efe,7482.33,UPI,gateway_timeout,566.76,1,40,retry_now
6024932b-8c7f-4532-8b88-09ecfa4d727a,47483268-b17c-4c19-8b18-af7460fd03cd,3565.93,UPI,gateway_timeout,27.22,0,42,retry_later
659f3073-cb26-41de-8824-ffb8bd59d7f0,e0d6b65e-f71c-458f-bfe0-32ffd03bfd35,1009.11,Debit Card,incorrect_pin,647.69,0,20,retry_later
9cf435ce-05b1-4249-a975-bb08885d104d,0057e4f4-d2eb-44e5-8c63-138dd359c7e3,574.58,UPI,risk_flag,1786.27,1,44,give_up
0ecd2477-b388-4e8d-a018-a2bd7cdd17eb,fe35956b-1a0d-4a5a-9157-444537b17237,838.34,Credit Card,risk_flag,491.93,0,67,give_up
fceea7f9-6d15-41f3-8c7d-5782f60b0d3c,351352dc-f151-42a3-b0bc-75afd19875f2,13526.56,Credit Card,expired_card,54.38,0,67,switch_method
2788c381-b5fc-4e22-b103-e9b8a44c0e28,e4dc0e08-d3b2-49d6-a4b8-99559a26383a,798.73,UPI,gateway_timeout,1270.89,1,5,retry_later
3ef335c7-e430-43c2-9f22-fd8b78c6aaee,9e3381a0-8a40-4bf5-bbfc-aadd57f42dfe,2062.86,UPI,insufficient_funds,10.0,5,97,give_up
85261d59-de22-4644-ac1f-87bef6288009,7416a31f-d7c1-4a4c-b976-bd354af5f6c0,678.7,UPI,incorrect_pin,916.31,0,160,switch_method
55e2442e-1806-4158-bc82-79a84d062221,71278de4-c4fb-4c0b-97c4-9aebe7c97011,5407.85,Credit Card,expired_card,13.5,1,7,switch_method
14bec8b9-4c80-4e13-881c-7686f54a63a3,ec4bcbd6-0e4d-4201-b18d-d95d531d4d05,897.54,UPI,gateway_timeout,1046.59,0,32,retry_now
ca09e43a-8c50-4b57-8312-b0b710a802cb,3b435cba-cdb0-4073-930c-4b017deb54db,1592.61,UPI,expired_card,388.22,2,43,give_up
66d5fb6f-1db5-4dd0-bf4b-3d0be36836f4,706fc89b-bd32-4cfe-8a0d-29edd377cb86,202.67,UPI,gateway_timeout,2919.05,3,8,switch_method
4fd9709b-3055-4c88-9919-52724ce00985,0a4d54dc-1b35-4276-a3ab-d192cc58818b,221.99,Credit Card,risk_flag,44.03,3,41,give_up
aad316b1-90d3-4f06-9d1e-2202815b5ad9,c205e0f9-fe86-4235-a39c-7ab383e403a9,1826.17,Debit Card,incorrect_pin,1518.8,0,13,retry_later
7b9dd6fc-316f-42e5-bede-0252b87dce59,47e52206-f731-4a45-b47c-14038237b410,322.88,UPI,gateway_timeout,104.23,0,164,retry_later
8d45c16d-db02-414b-9229-99b5dcec36d7,8fa7213f-8c56-4c5d-9b0e-153e4e4777c8,27906.44,Credit Card,risk_flag,191.16,0,35,give_up
d0445039-5951-47ea-aeaa-047044c9b0d3,490a82bc-1030-4423-af32-c5f270515701,123.97,Credit Card,incorrect_pin,496.85,0,316,retry_later
baab6dd1-1e85-4603-bed5-e28b7ec75612,2208c760-f329-4fda-942c-2a3273368225,638.92,Debit Card,gateway_timeout,1857.74,2,2,retry_later
8d3435f6-4c8e-4dda-9ebf-b7a55c632f89,d9cab3a2-01c1-4876-a7fb-858fd7c98410,1847.73,Debit Card,incorrect_pin,1367.6,0,8,retry_later
64f8658a-8f4b-44e4-95be-897a8d9e5a2b,cea39c45-6857-4d1a-a255-2487b2569b06,1124.76,Credit Card,gateway_timeout,252.47,1,35,retry_later
bc8f7d0f-235a-40ae-b5ec-13d3bb97378f,66bb0c81-b420-4dc3-9e1b-b6c32810d2f9,430.36,Credit Card,incorrect_pin,2203.28,3,124,give_up
4eb16f9f-6754-47bd-ae43-14dc8187697b,74820981-5acd-4a68-bd0e-32365a2182d8,520.45,Debit Card,insufficient_funds,129.4,0,48,give_up
cea2723c-b52a-4be8-8116-9a29c34af42a,cc2bc586-3ac3-47ac-af17-32789a97a35e,498.77,UPI,gateway_timeout,78.02,1,79,retry_later
a6703a14-0177-441c-a9b0-fa868a799809,2b4196cb-93f5-481b-94d9-ed9d31490818,1245.46,UPI,incorrect_pin,336.27,0,33,retry_later
4ee5e0ff-9e57-4b13-a5c2-148cf6b1eea6,526313ad-c32b-4f32-926e-466047648c80,22868.32,UPI,gateway_timeout,90.64,0,2,retry_now
83f04e86-3ae6-4a80-b105-4c8c82549c5c,283c1e50-4748-43b7-9eed-dc95b8f8828c,2000.83,Debit Card,insufficient_funds,4957.45,0,62,switch_method
59d6ad27-e271-47dd-a961-715d793db08c,6250c555-b7b7-4976-9cdd-50fb9f0e7e73,8415.0,Debit Card,incorrect_pin,1523.39,0,60,switch_method
9a241e58-db26-4f64-b38f-61003835eae5,6c89585b-ba3c-4b46-b81e-9c7c8227726c,3494.93,UPI,incorrect_pin,97.06,0,4,retry_later
5088caf3-7810-4176-a010-ce7bbb9af860,43ef9df7-8d32-4162-beed-a1723dacfec1,7692.65,Credit Card,incorrect_pin,244.28,1,11,retry_later
2a0e563f-cedb-4f4d-a366-f9580b225a01,fd8a2550-47b9-4d75-aefc-2bdc8577c424,50.0,UPI,gateway_timeout,174.86,2,38,retry_later
4f6cfe76-7eed-4b08-a353-cb5aa7a93f16,703d05da-05de-4add-ae02-e60ecf77d702,1217.07,UPI,gateway_timeout,169.34,0,35,retry_later
e327a7ac-2ad4-465d-acf2-48c27ea66311,ca3c053c-6fc8-4054-be9d-899198f8f971,9889.97,Debit Card,insufficient_funds,49.24,3,83,switch_method
19179eda-1971-45e5-b392-ec423c71392b,32b2c924-4d97-47c9-82dd-559c89b83edd,859.84,UPI,gateway_timeout,516.96,2,29,retry_later
b0dfca47-46f0-4059-9714-701495862a2d,bde5028e-6bb3-493a-8b86-a1e549424f55,17876.01,UPI,risk_flag,83.76,2,65,give_up
34925e5a-578b-4880-993f-bc2e0cc957c5,a24cf15d-9cc0-4564-a2ae-9c1d58bf8a9e,12444.79,Credit Card,gateway_timeout,3818.74,0,73,retry_later
201903c7-17c5-4a89-aade-12be72235815,ffa6c83b-141e-491a-9fa3-79c08db6dfc4,982.53,Credit Card,gateway_timeout,2456.57,0,62,retry_later
37951286-4e86-4afb-8344-e75ae8aedeb4,424443ff-b4aa-4631-a97c-ff91eae1422d,940.01,UPI,risk_flag,518.68,2,54,give_up
81ffb0ee-be99-4dcd-838d-d1032bdd4827,ae6c1868-bc8b-4d9e-88b8-eab4e578fc93,484.11,Credit Card,risk_flag,4622.84,3,98,give_up
2933954b-6d69-4f35-a95f-e703580916f0,d401bf50-5895-44f3-8731-dea7fb1744c5,797.54,Credit Card,insufficient_funds,914.59,0,64,give_up
54862105-63b7-4609-ac55-929eb53215d0,c0e1566b-3946-4aaa-987e-626727ef95dd,364.17,UPI,gateway_timeout,533.31,2,107,retry_later
1c63409a-9587-411b-b7df-0bcffd456219,79594e9c-82a5-449f-9ccd-1aab68c4ff7c,3157.24,UPI,gateway_timeout,344.04,0,60,retry_later
393b051a-a7a0-4984-a383-044765923c07,72be29fd-3dcc-4e42-bbef-2fb48fefe3c6,272.36,Credit Card,expired_card,828.94,2,10,switch_method
49c85379-13ad-4adc-80ff-2d16b6d1c2c8,0b33683f-1ccd-40fb-bceb-821442d71b94,3963.38,UPI,insufficient_funds,161.87,0,22,give_up
e3b150aa-337e-4de9-b9f4-cae54993d567,84b70b5a-5cf5-4af1-8df4-b6bb9048effc,4090.83,Debit Card,insufficient_funds,39.13,1,24,give_up
786955eb-cb1d-4522-95d9-fe87ddd65647,8139c826-c0c0-410d-b798-31ee9af5ab05,208.6,Debit Card,expired_card,359.47,1,5,switch_method
781c20c9-54e3-4214-8e62-0f862de1ada5,461fd092-c590-43df-98e6-45fb4efd4d82,13558.44,Debit Card,incorrect_pin,458.64,0,70,retry_later
56780e34-eb99-441e-8e15-523e1695317a,f0153520-ade3-455f-aece-c8c0bcd33f1f,3525.2,UPI,gateway_timeout,2308.89,0,54,retry_now
26bd7496-feea-4137-8be8-00e7a89c763b,c77fbbbb-c91c-4fc3-a88b-7aa2c1997cdc,4791.54,Debit Card,insufficient_funds,1240.74,4,53,switch_method
74271bf4-a06f-491f-9c96-47cf6e0ad76d,f01543ab-2ca9-4a15-83da-72260a355f8b,674.34,UPI,gateway_timeout,191.28,1,39,retry_later
ea6adcee-1d64-4dca-a176-85e900a38ddd,d129aa17-66c8-48bb-a8c6-81815cf25769,4060.63,UPI,risk_flag,68.34,1,47,give_up
8db7ff3b-f97a-40ec-90e5-d476e5ce7856,a05768f6-42d6-475a-b374-2ef5f35b40e4,7819.0,UPI,risk_flag,209.01,1,0,give_up
bd5d3a0b-69f9-43e0-91d7-9205367ff62a,ecd44f69-9b80-4be0-b967-4810539a01be,1590.51,UPI,gateway_timeout,1739.59,3,6,give_up
806c7394-cd01-44f9-8728-7b10deb1b443,0365cbd7-d63a-49a7-9bb2-0dd8d8f37b24,24403.92,Credit Card,gateway_timeout,3090.96,0,68,retry_later
9ba082b4-35d3-4452-8af6-86c1726b8995,c2152560-02fb-4ad0-abc5-9200c5f49457,1914.64,UPI,gateway_timeout,525.27,3,18,give_up
1433a4e4-68b8-4429-8063-709d4729dc14,a3f1b59d-7ea5-420c-8094-9b50e2377682,7966.67,UPI,risk_flag,143.0,0,6,give_up
74a2aea9-14d1-4e62-9c4c-952cdd882c91,c6fa3640-0798-4951-a7e3-97b85ad7b837,2646.28,Credit Card,gateway_timeout,805.31,0,23,retry_later
94ee8ff5-df1c-4457-91c0-607b165c2e69,02d67180-eda7-4a22-a55d-c7d57b43929d,3870.65,UPI,expired_card,546.54,1,17,switch_method
35f51122-a395-46aa-8ff3-c71b3852f8c2,86cb6694-7a67-4c1e-82ce-dce61f9baffc,205.87,Credit Card,insufficient_funds,112.84,5,1,give_up
36a41174-5aad-4135-ab27-5d6a5483b1c2,70842d16-8f7e-430e-a01f-c13aac675ba8,2928.86,UPI,insufficient_funds,6026.18,0,31,switch_method
2ff529b8-946a-4efc-b81b-2104c77c326b,19df4ec0-f8cb-4344-95f9-2e256dd9575d,695.43,Debit Card,incorrect_pin,431.18,0,1,retry_later
05dfe529-b603-49f9-88ec-326deabfebe7,ba25b574-c92a-4ae8-a209-3c133977b623,601.65,Debit Card,incorrect_pin,2377.19,1,0,switch_method
0123ae36-77b9-4244-b954-b95e863812ca,e9716850-f0e5-453f-9c82-3b28c681eec0,17454.17,UPI,gateway_timeout,75.97,0,94,retry_later
c3a3769a-f4eb-45b7-811a-a1a9bc6dd360,c4f89a90-99f4-45a5-8c03-8e8a96bc0107,1369.36,UPI,gateway_timeout,761.34,5,22,give_up
4e2798d9-f1e8-463a-89dc-9afede967927,51728e36-d4d6-427e-b983-a4bbe18628ef,490.64,UPI,gateway_timeout,123.14,1,50,retry_later
119ff1ff-6ef6-4c2c-bf5e-51b462891b13,af7b32d6-fed8-4ff5-8885-3254db7cee58,1133.57,Debit Card,insufficient_funds,1204.05,2,21,switch_method
a7e9d4b2-4015-4123-bb75-0a2434679a6d,0c4d69f6-82b4-4089-8e3c-b192b2a08138,333.42,UPI,gateway_timeout,766.4,0,159,retry_later
14926ca3-0e5d-411b-ae72-711055ede22f,ab71a5ad-ca1e-4f51-9b2a-ee77320010ad,11661.52,UPI,insufficient_funds,1487.85,0,78,retry_later
df332cd4-6031-4dc0-a774-661a9d45c755,e70c629d-57be-4d1d-9776-40a4b8520560,731.88,UPI,incorrect_pin,48.81,1,27,retry_later
19446f92-c4fb-4b3e-8ff5-7401b1a0a382,54d2cb06-36c0-4892-a8ab-1d9e6ffbed0f,3597.84,UPI,gateway_timeout,6646.85,0,14,retry_later
df9f3402-488d-4037-b8d1-348c0d62a0b9,c51151c8-6d31-4d3d-ae90-f770bca61e21,10540.06,UPI,insufficient_funds,52.21,2,8,give_up
5b423759-859d-4675-ac0f-1caf3fa44f4e,8a92a132-ca0c-4c63-ad5d-2677971f8a9a,943.69,Debit Card,insufficient_funds,991.31,0,86,give_up
cc648cbf-cb41-4b17-a134-98a6ee344a39,ac02a829-8120-4ec6-bfc3-a4f76862a11e,3610.6,UPI,gateway_timeout,3348.93,0,36,retry_now
607dfe9f-9ce1-41d6-ad7d-f6458fa550e7,ae46fe7c-6a06-45ca-a44f-df7f89d1c551,473.85,UPI,expired_card,636.37,3,15,give_up
8ce66907-8cc9-499d-b08a-41c5f25de757,079c5035-df15-45b6-98a0-1053824c3995,43455.84,Debit Card,risk_flag,229.81,2,151,give_up
7ab9248f-6bf6-4aaf-b88e-daf89862496a,39aee20f-e152-4c14-b4d7-21ba2125db01,6107.63,Debit Card,insufficient_funds,446.94,0,29,retry_later
63ef42a4-328c-4235-915d-9aa9971a3e82,93f44d98-ee64-4f39-a32e-af1e1446aa74,1407.56,UPI,expired_card,285.15,3,47,give_up
32148a3b-bfb5-446f-90ae-e35b75fdf7f5,4f7c5f24-1cb4-44b8-b6af-f5dffe6b8e51,662.03,UPI,gateway_timeout,2259.27,1,117,retry_later
2b81045e-a365-4afb-9937-dff667eabe1c,524ee8b5-840a-4da1-bfcc-019cc6aba67c,1559.01,UPI,gateway_timeout,40.38,1,107,retry_now
10da2a17-5796-4767-8b69-b25ea3037814,3749d449-ce09-412e-800f-b2cc9a6c3211,1162.14,Debit Card,insufficient_funds,7903.66,0,60,retry_later
80062808-13b2-437c-ac90-a7bfd9c583b5,f88f0198-840a-4445-9476-9efda170ff60,22898.53,UPI,risk_flag,452.44,0,131,give_up
bafc306f-3716-4888-ab2f-005c94f6ce04,03f673dc-83bc-4415-ba9a-be82fae4eaa9,367.53,Debit Card,gateway_timeout,189.6,2,182,retry_later
b86d6024-2dc9-42f9-8ba7-9bc9aa554d17,92cf5543-0314-4aa3-8e80-d035de0496f7,2154.34,Credit Card,gateway_timeout,3498.72,0,164,retry_later
5526ac96-12e4-4e5b-9841-5efd6ba9d95f,bb1a473a-3118-41ee-a217-69482145c7fd,1765.45,Credit Card,risk_flag,3721.37,0,25,give_up
132a32b2-e8ad-4ed8-b2d8-5b38d8d304e9,633e6eeb-62e2-4ae1-87f2-9c82b78281e9,1552.1,UPI,gateway_timeout,354.07,0,30,retry_later
de639759-4446-49b6-8cfe-3d636295120a,01606e64-a30c-4ad9-8362-fb7e5e6abc8c,1569.95,UPI,gateway_timeout,633.02,0,16,retry_later
6176388f-a54e-4b1c-a40a-2278d1d191b2,c3367008-8dc3-4fd2-8946-551d871f94da,1554.81,UPI,gateway_timeout,480.44,2,108,retry_later
dbfacca5-c15e-4734-a90c-dfb79ed6ebfd,417146cd-3f36-4871-8d15-bbf8a12c1d2f,5625.05,UPI,gateway_timeout,929.07,0,7,retry_later
41488465-ffd5-49bb-bae8-02e0cd002415,9f223dda-3e0a-46a8-913a-dd56cc3e4eee,3990.53,Credit Card,risk_flag,2780.98,0,26,give_up
265f3a06-aeae-4f35-bf16-52d72a15bb12,8813bea2-91ac-4865-97d2-2acc28f30433,3116.87,Debit Card,incorrect_pin,36.95,3,0,switch_method
94ad1f1d-6313-469d-9348-09ccea019650,4a9176b5-ee2d-47cf-9680-b81deb950562,50.0,Credit Card,gateway_timeout,5051.72,1,54,retry_later
abe9f481-5a68-42bc-8357-ba4006513656,a832c2a3-ccc5-40f1-b454-9f2912d840ae,2669.73,Credit Card,incorrect_pin,20.59,0,64,switch_method
f33be2da-8444-4ea0-9f1e-257306d34e64,b209f153-9960-4b21-9b9e-8ef56ab13183,210.12,UPI,gateway_timeout,3898.83,1,17,retry_now
907b486b-f547-48ef-a4a2-d2df9110358c,9cc94560-d91c-4bc4-89aa-edb8d299c9b8,4189.0,UPI,risk_flag,445.02,0,80,give_up
b241acae-1c07-4d8f-82f1-3cda5ace4b91,749a5cd3-f7c8-4e08-8bc2-39cb33469bd8,12293.75,UPI,incorrect_pin,899.45,0,28,switch_method
206eda79-94df-495a-8986-db32e67d108f,9f52ea54-ebf8-435f-a48f-f4540ff9b973,542.34,Credit Card,expired_card,748.22,1,22,switch_method
4f62c573-cfaa-4f03-a6ef-3b216691773e,05c1e58c-34f1-441e-9299-59ab16ed9762,1286.51,Debit Card,insufficient_funds,356.65,2,187,give_up
8d67cfd6-3670-4d58-975c-f9c83d4b4f48,7a0921e9-d98b-40c0-a2d5-d6248f7b48c2,829.51,Credit Card,risk_flag,779.68,3,53,give_up
2fd741b9-dbf8-4637-b2b8-5b1dd8bed719,adabe15f-0028-45bb-9f7b-e3f9af6afbea,9009.74,UPI,gateway_timeout,890.34,2,17,retry_now
7a59d7fd-8fc8-432f-ba17-05ad7c0e2e2d,d943a869-bd1d-406b-be63-468a6d9f3da9,2045.78,UPI,risk_flag,44.65,3,245,give_up
5dea34c6-2334-4887-b2c1-ef9bb80bcd7f,bebcb1a7-41f7-448e-9011-0871ac220fde,17099.91,Credit Card,risk_flag,1292.38,5,29,give_up
b7cc774c-35a6-42fe-a87c-03dacf0e72e3,ed58f7e9-e340-467c-82bd-259de53bce2b,3096.04,UPI,insufficient_funds,847.51,2,62,give_up
1ffb98ae-6cd6-485f-a4d5-eb30b61393e5,7a1cc18f-ea89-4a66-bdd5-1ebdb23cea01,2477.95,Debit Card,insufficient_funds,519.45,3,77,give_up
c8008d57-f646-4632-97b7-16594e4cf6d2,842e81f8-423a-464b-82d3-c1e0875631be,1975.68,Debit Card,insufficient_funds,551.52,1,32,switch_method
84562f26-fab8-44c5-bcb6-ba27724ba18b,6271c1ee-dda2-4c61-960d-8fc9725c0ec0,5236.4,Credit Card,expired_card,107.89,0,46,give_up
3426e3eb-fde6-4641-84c0-1dd9904fa2f9,13121440-4025-46ed-99dc-5580c7189e60,188.86,UPI,gateway_timeout,5888.44,0,16,retry_later
55c08742-5fc3-4d62-9357-39da493c7cf6,09090875-f0bd-4171-882d-d943c40c0ff6,2020.19,UPI,gateway_timeout,519.83,0,37,retry_later
f0c55d2f-4b79-4cc6-a23c-442f724c98d8,318d2de2-d210-469b-bbab-9ac525ff8a12,1650.68,UPI,incorrect_pin,1046.32,4,22,give_up
825481cb-7fa4-4b5e-a307-c987b67c4ee7,f89672ca-7cfb-4b66-b206-3f149867d9c7,4642.67,UPI,insufficient_funds,247.02,1,47,retry_later
270e1c9f-451b-407c-9a36-7c9b5db18313,be45e61d-0585-467d-841e-3cfc4ba9f68a,1416.56,UPI,gateway_timeout,105.9,2,66,retry_now
56418e2c-c5e1-4780-b960-78a4f1e25d20,287608fe-e036-4a25-8bec-35bc4b45cf02,468.55,Credit Card,expired_card,251.96,0,57,switch_method
465db32a-f2dc-49ea-986f-2ee8cb03a208,7fde23af-b5b7-4ae5-a666-222cdcd2169a,1825.4,Credit Card,risk_flag,703.95,1,89,give_up
daab6492-6b05-4425-8284-824751432b1a,fa98c271-a2cf-429b-84f6-0e7215d2998d,442.44,UPI,incorrect_pin,408.38,0,2,retry_later
5e5cb691-8566-4190-9448-25485feb53ba,7577b01a-43a7-40a9-9315-7cb2c9f49800,147.99,UPI,incorrect_pin,252.52,3,4,switch_method
5d95e314-d090-476a-8da6-69a2ff3c2d49,7cc177a0-12ed-4b60-9f2c-a094a54806a8,4652.96,UPI,incorrect_pin,219.93,3,13,give_up
0b872c5f-89e9-42a0-bc7e-95ba8a3bc74a,931db4ee-8df1-4bfa-9214-537c4814d02d,3838.28,UPI,gateway_timeout,330.52,2,255,retry_later
1e0da2b1-0a94-4c33-8353-735a38f98101,78c0c910-f54d-4ec3-8f4b-4ca1cfc18962,3318.33,Debit Card,risk_flag,298.28,0,96,give_up
6181afc5-2d83-4a90-9bbc-d2aa84df36a6,19337c21-9d87-4918-9146-51cc28a80f39,9836.03,UPI,insufficient_funds,1038.0,0,154,give_up
befb8bf5-9119-4326-9975-c4d5b01352e2,239aeac7-ea2b-453a-b711-ba21f7d3548a,761.63,UPI,gateway_timeout,292.75,0,19,retry_later
8d65359d-0a51-45b8-abef-a60b7eec978d,102e27fa-0a7e-42ee-b47e-cb1f89740d06,281.34,UPI,insufficient_funds,452.88,0,51,retry_later
9cc32b24-2093-44fb-b738-fd70ebb57ce1,75a6aac0-c89f-48b4-9cbb-5abfd0b0835a,1650.71,Debit Card,insufficient_funds,438.09,2,48,give_up
720491e2-de04-4097-a46d-db085b46e867,15467742-0a50-49ad-bcbb-0051766d2aa2,1150.84,Credit Card,insufficient_funds,1225.4,0,50,retry_later
de118e43-7bb0-48c2-9f7a-c1e9ba8b0a98,f3e94faf-635a-4ebb-98b8-223b883b7c44,604.87,UPI,risk_flag,955.64,1,75,give_up
bd024e3e-357e-421f-981a-fcfd97fb7514,d2bacb6f-62a0-40bd-8707-362256f3617a,1629.77,Credit Card,incorrect_pin,556.26,1,30,switch_method
57ec5ecb-ca81-4a4b-a3ea-c2d02b7ab209,55045220-a7e4-43fe-aaa7-c0e6c596bbc7,816.41,Credit Card,risk_flag,364.54,0,67,give_up
c9be4b5c-7311-4c53-b074-dfd01a2c1d46,0b14fff7-b3e2-4218-9fdd-9f484ead2e3b,166.2,Debit Card,gateway_timeout,264.39,0,93,retry_later
de5e63f3-6ddb-4a5f-acc1-11a1622154eb,31d5bbd8-af35-409a-b28b-1c64e53fdb25,1018.89,UPI,gateway_timeout,6058.9,4,20,switch_method
88a67a3c-ffd7-45b0-ba48-feaa2b6d9d6c,c3cf58ac-ced5-4bdc-b0b3-ce7610656a46,412.7,Debit Card,risk_flag,11.01,0,174,give_up
47205916-e1f5-4dcd-b425-9fba46c289e9,770ce82b-6043-4f0e-8309-61f76a47924d,2443.39,Debit Card,insufficient_funds,529.45,2,43,retry_later
125c384b-39b6-46ee-b83b-70648cc6f31f,544b637e-9050-483e-a1c0-fe160d856d2d,770.59,Debit Card,risk_flag,3819.74,0,79,give_up
c6433393-9e98-4a6c-8622-95dd2e905761,99475b84-eabf-4f33-a12a-16d2d48b6296,7670.38,Credit Card,risk_flag,817.02,2,78,give_up
578e2199-f909-4be3-90be-8e930dae1a30,daf87b91-a120-4223-9468-e25574350568,14545.34,Credit Card,expired_card,925.9,0,49,switch_method
df980980-6980-49d9-9d0a-8e13791d2a1b,22f9e6f0-dbd5-4f12-a2d3-bae73bb472e6,4372.96,UPI,gateway_timeout,79.49,1,23,retry_later
84fd64ec-07bb-44fc-be21-0bee64e5d723,fb72ffe8-c35c-4c4e-bdb5-52d5d0be226b,240.73,Credit Card,expired_card,238.73,1,65,switch_method
32896e95-e34c-47e2-8688-1ddd982014ec,ecb45db7-c5a1-48a6-bb7e-a9bac67fac86,12794.3,Credit Card,gateway_timeout,3707.36,0,5,retry_later
47afa37e-6b85-4784-875c-b275c1db0692,04c59e16-47e4-43fb-a24b-2ac9a6e64105,14022.75,Credit Card,expired_card,1352.7,0,239,switch_method
62b2c8ef-6936-4391-bec2-22cfe5ec6aed,6f52f40e-3c39-4573-85b3-73a0b8ad49ff,1852.75,UPI,incorrect_pin,409.48,4,12,give_up
85be1315-1db3-4ddc-8bc7-9bfd6e0a1660,992cd244-3c14-4502-9567-69f8d3b03b77,10095.09,Credit Card,expired_card,1131.79,0,19,switch_method
4f9551a5-d4bb-4d26-99a7-abd3dc2221ae,2278b6a8-53fd-4e8c-bd72-761a8ec9b4be,882.56,Debit Card,risk_flag,99.9,2,185,give_up
6e1d30bc-0ff3-49d6-9d61-f3d3657196fc,76d40e72-10f5-4c18-98fb-4090661190c3,159.79,UPI,gateway_timeout,143.02,1,12,retry_now
4d35f1bf-a59b-40be-8e04-91fa8d525235,4a85efc4-8f67-4e57-bb4d-ba7071dc4c1c,672.92,Debit Card,expired_card,623.12,0,11,switch_method
1a8a24ee-ea0c-4ef1-8ad9-b3e238286362,75154a03-865e-4540-923d-c80c172a9c0c,17121.51,Credit Card,incorrect_pin,156.99,0,97,switch_method
b722a4ad-51c8-473f-b0c5-e6cddaec556f,8ca58180-e7cc-46be-b285-09bc2e641684,260.24,Debit Card,insufficient_funds,115.74,0,17,give_up
57ae2879-c952-4537-a250-9633cf98ca88,6b328b91-b9c2-4702-a306-142f24caf364,1806.92,UPI,gateway_timeout,214.93,1,5,retry_later
d9a2b362-54d8-44e9-8408-3d6831d76a8b,d65fef61-5058-4639-9aff-1b566f16de48,1890.1,UPI,expired_card,2588.97,1,15,switch_method
ac09b00e-3a04-4139-8ca4-312d521dde1f,2132d4a5-4790-4240-ade4-98016688d3b5,928.09,Debit Card,incorrect_pin,33.82,3,131,give_up
aac41f53-6930-4f6e-912e-9f08b34dedb9,6227588e-30f9-43be-83f2-8e11672abd10,1015.79,UPI,expired_card,380.34,1,19,switch_method
a007bbeb-f62b-4b71-bd20-480299a18176,0bc8303a-ea4a-462c-b4a0-8f69ad528ca0,1986.09,Debit Card,incorrect_pin,3726.52,2,71,switch_method
e9feacae-e0ac-4dd0-887e-ac047e6c38ef,1450201f-5b7d-468d-8cda-9b7ae3af651e,870.61,UPI,incorrect_pin,971.19,0,30,switch_method
fd60773e-7255-4e7f-bfb1-b782599ad75a,abeff67b-eddf-40eb-9cee-c87ea8cd6d2e,284.67,Credit Card,expired_card,10.68,1,18,switch_method
bfc1ab58-d8d9-44c8-83bf-d4fdf6a2644a,d880dfb0-e335-4bc3-8f88-2a1121261487,2391.18,UPI,insufficient_funds,7332.71,0,9,retry_later
50163158-92f7-43b4-9885-8795114b3c61,d46afdd8-4a0a-475d-a911-a58c7a3d7365,7298.15,Credit Card,risk_flag,308.55,0,214,give_up
4336d3db-8519-42ef-94b2-374c859cfb53,b2689b20-b2b0-4369-a739-9a547e4b447c,5599.57,UPI,gateway_timeout,161.81,2,44,retry_now
246beaed-a71d-4d78-a9f0-dfdda9685f4c,1de22fdc-e76d-4d46-bdaf-78a9bd86187b,631.02,UPI,incorrect_pin,570.93,2,7,switch_method
eec2a3b0-2c03-4cb8-9c6a-64a4baa0c355,bcbd3533-fbdf-4c2b-9785-5112fac991c5,355.46,UPI,insufficient_funds,468.45,0,13,retry_later
c252277e-0afc-4fa3-ada7-059bf9615a41,613069c9-232c-473e-bfa6-d708c917b621,1249.57,UPI,gateway_timeout,202.16,2,31,retry_now
d5551606-7b7c-4ccc-ac47-c8fdb302114f,219b2879-1955-49ce-913b-5c8f945fd5ee,13878.96,Debit Card,risk_flag,743.3,0,47,give_up
8f2c9bdf-484e-457b-a62f-a8ceca58d9c1,3d6d68ac-8356-4a08-af15-685f6617557a,4185.06,Debit Card,insufficient_funds,924.14,3,12,switch_method
d0b8d876-f557-4577-8566-7164ed3873cf,d1e15fb8-47bc-4662-87ff-799ee7e4843b,4514.97,UPI,risk_flag,389.87,0,19,give_up
dc13e62b-391a-4acb-8ca3-f47bca64769a,ce1c840c-2548-417a-9a48-c5fbf59619e7,5749.19,Credit Card,gateway_timeout,73.45,0,91,retry_later
a39bb0df-1f62-496a-8a6f-a3e4b60a8e15,0a5eff6e-8709-42e5-a765-ea43ede34f4c,3124.4,UPI,insufficient_funds,174.62,2,32,give_up
96269796-6ab7-49dc-ab2f-ae80b952fc3e,4677e321-d570-4526-bba8-ad8d73a09eae,2114.96,Credit Card,incorrect_pin,393.45,1,0,switch_method
b09eb7e5-5313-4eab-857f-34c6534edde3,c3a99edd-9f76-4760-89c3-6162469a64b1,4276.97,Debit Card,incorrect_pin,378.7,1,3,switch_method
5d6c3bd0-2ced-4dc1-8d33-256a229c7d76,58878971-f95a-4581-8e53-fe653d6b0403,888.9,Debit Card,insufficient_funds,6864.88,1,34,switch_method
be154bcc-6376-47c7-8d6e-329258e437c6,ab8cc890-dfcf-46a0-ac2e-866cb91ac9d9,287.49,UPI,incorrect_pin,199.96,4,3,give_up
6960a9a8-79d6-4e59-b0b6-f42ecfd6d6a1,5530c1d8-e97d-4341-a9de-fab12a05c63e,4628.07,Debit Card,insufficient_funds,580.74,1,11,give_up
049fed01-4c1e-4c59-9fb1-c6726880e0cf,4380a042-4e52-4c7b-ab00-e3520aae8e68,9036.79,UPI,gateway_timeout,587.94,1,78,retry_now
b8981213-839f-4c96-83c1-f7cb2fed117e,73e2e575-d3ca-4f4e-953c-cda56986d855,422.55,Debit Card,gateway_timeout,311.89,2,39,retry_now
ef279a42-124a-4ab1-b7f6-fd6bda9d48cf,46bb485a-931a-45b7-81ec-f47e7a3285f6,5263.22,UPI,gateway_timeout,412.73,3,39,switch_method
28267522-acc1-478b-8557-3d7b0078d361,879f4d2c-0511-43f6-8400-bba6a2d5c069,16074.6,Credit Card,incorrect_pin,148.02,0,54,switch_method
ad5d79a2-3add-4b74-a734-ca12f3851da1,1ca0d167-50b1-4be5-b040-16da25b0abc7,1802.77,Credit Card,expired_card,2902.98,1,93,switch_method
76957347-aef2-4b39-8a9a-75f7d0d2673b,4bdc63e3-304a-4654-845c-daa9513c5ef0,624.28,Credit Card,gateway_timeout,115.79,1,10,retry_later
4290b215-0a60-42c7-99d3-5395ab556427,11a3c6ed-f61b-4ff6-b485-6b1abaa09e6d,2121.6,UPI,insufficient_funds,1140.64,0,11,switch_method
15220fc0-a88d-4a40-b144-c88dbcc45c20,1151ffce-9360-445e-90ea-45a5042434ae,883.87,Debit Card,incorrect_pin,27.84,1,7,switch_method
b56e76a0-e303-4e90-9063-04b13bb18658,b869b9f4-0680-412b-ab2c-1c9813ee6ca9,810.99,UPI,expired_card,409.14,0,165,switch_method
8110ae93-b47c-490d-a4f3-9dc2981048aa,4390db34-bc0f-4f27-a7d9-07ad60c54e20,3175.24,Credit Card,expired_card,190.97,0,51,switch_method
f595e0d0-0d6e-45c9-8af6-78c17713c527,abecd952-80d7-4867-934d-184bcdde1dbd,224.79,UPI,gateway_timeout,627.69,3,5,give_up
3bd008ab-0160-4e3d-9525-70683db01bc5,85da8d28-9b6f-407b-a5d3-ee643cd2aadd,276.69,UPI,gateway_timeout,1375.24,0,14,retry_now
4ca16cce-ec85-46bd-980f-5fa61429f2c4,7dcab5da-4bde-4ce3-8eb7-7e2066a6064a,1853.96,Credit Card,risk_flag,409.72,1,77,give_up
4ab3205c-ce41-489f-bd64-fb3e549882c6,6c840390-a2e4-47f2-bf87-58c96d72f63d,1756.36,UPI,incorrect_pin,53.84,0,1,retry_later
07e237b5-d861-49ba-a165-106aafa2ebe8,dd551ccd-2b36-4b9d-ae33-91d4f0b3f9f7,2826.01,UPI,incorrect_pin,283.99,1,77,retry_later
243f94e1-d146-49cc-ada5-3423e8fc3dc7,570d1fb7-91f8-4a1a-816a-682c2bec938c,20698.01,UPI,risk_flag,372.74,0,145,give_up
4c654b77-e23e-48a4-a25c-c28369facd07,72028494-9ff7-4eea-a705-a24713f39c68,2071.17,UPI,gateway_timeout,204.77,0,3,retry_later
fdde7916-2622-4d5e-a8ac-2f7b8ff42248,80e976e2-0fbd-47d3-a05c-17a74df6f003,3934.83,Credit Card,incorrect_pin,213.46,3,12,give_up
38cbf209-d5fd-4a09-9bdc-1c74f9deb401,4a9e2fc8-79f8-41a2-a893-c0145ec94353,508.67,Debit Card,gateway_timeout,591.2,0,0,retry_later
59b5f769-d49b-4895-95d0-2e30f2dcb6e1,5de44acc-e54e-4928-97a2-6c76d4ab9d05,4906.51,UPI,gateway_timeout,135.96,0,6,retry_later
62b44b21-f029-415e-a560-e7e6aa5c5ca8,14218ce8-f8a7-4a2b-984a-f75565e542d4,912.05,UPI,risk_flag,377.13,0,57,give_up
82020e6e-020e-4b59-b9bb-180047db7a06,c621458a-870a-414d-b623-9bce66ac7de4,1983.95,UPI,incorrect_pin,8502.02,0,2,switch_method
66a68c32-f55a-4eb0-982e-828b16d83e7c,7b1a5231-29df-48a3-90ad-ab03c0bdcdbe,1569.48,UPI,gateway_timeout,940.96,0,33,retry_later
17de39e7-4e51-4976-8f86-8f1863e4f16f,2d450162-4f7f-4d35-9b1e-e25a4116695f,6924.81,Credit Card,risk_flag,1414.1,0,41,give_up
8e89674c-fc8a-49bf-be16-395dedf7a125,2954b9a1-31e2-4ca4-8db3-dbf3630e0ec1,329.32,Credit Card,risk_flag,7647.63,1,142,give_up
86e8e47a-53e9-465f-9ced-9a7e2960f7cb,22f3ab8b-330b-4a21-9145-d1dd88cd6e96,92.92,UPI,insufficient_funds,739.16,2,38,give_up
65b1487d-09fe-408b-900a-0ce74a86f658,c357bd20-7e48-4255-86c5-7688223e0ac7,1369.96,UPI,expired_card,493.96,1,9,switch_method
912a21f2-2635-4eab-a108-401af28fef29,a225b0b8-1fd1-4ed8-95bb-fe1e3fc77645,3324.55,UPI,gateway_timeout,1098.78,1,20,retry_later
2d2b7bef-f596-43ca-b174-70de4f5ccbd7,fb82693b-98f0-449e-b081-287e255f7444,2203.83,Debit Card,gateway_timeout,894.16,0,66,retry_later
acba5124-e42f-435d-a6a3-6fe5b93b7a62,56972df3-d697-4a59-b474-3a9d799aa179,8972.01,Debit Card,risk_flag,148.12,3,7,give_up
35f990d9-8fcb-4fcf-97f8-da9bec17d632,68a6b24f-5fa7-4247-b87d-0003e0f2b5e6,3192.58,UPI,incorrect_pin,154.96,0,15,switch_method
79310d78-2747-4354-93b3-c3cfa097d323,e11d1963-8f16-4ff0-bce7-9398d3bfe2a7,868.7,UPI,gateway_timeout,654.0,5,328,switch_method
4c279b4a-097d-4ce4-afe8-93ff719527f3,8d1af8e2-9711-4f36-b1b7-0a4c22d326a8,87.97,Debit Card,insufficient_funds,153.38,0,0,retry_later
c854fea5-7592-417e-81aa-dbe08e001b84,e9a69983-88d9-4db2-b109-c602d748eb01,1328.09,Debit Card,gateway_timeout,158.56,4,9,give_up
f2d165f9-9d40-4934-a7be-9e7ea2e87908,9c717644-95f8-486a-bff7-4b336b395d83,6879.81,UPI,gateway_timeout,581.67,1,111,retry_later
87240b72-6a3f-46ef-a49f-8edd9982eff9,161fed60-5f6a-4c87-b327-67de83440979,1086.09,UPI,incorrect_pin,1458.95,0,6,retry_later
ee1bb246-86d2-45cf-b888-31a7780febb0,1fa1d749-9668-4a82-9b41-4e5d17fb1ea6,1875.85,UPI,insufficient_funds,8246.43,5,2,switch_method
d089378a-6e5f-4114-bce1-c8a6e7ef6c6a,291887d4-658b-4641-a936-333fb47df2fa,3126.81,Credit Card,insufficient_funds,185.62,0,7,retry_later
7e00f1e0-ed6b-45da-beb0-f146a29f83c1,df5d793d-1b9d-4277-9ad9-8ccced20abfa,483.05,UPI,gateway_timeout,956.33,2,70,retry_later
88201013-e6c6-4d18-83fa-a1c0a4b10664,b95288cb-46d6-43ce-b972-9cba8d16e8bd,4065.15,UPI,gateway_timeout,4166.58,3,298,give_up
5a508505-4cac-457d-aac5-b99720391998,72f627cb-6a8f-4291-91ec-cd1e82b0c093,15187.96,Credit Card,gateway_timeout,368.28,0,53,retry_later
49bcaaf7-a461-4d94-8039-e1b82cb42230,9c2951f4-c79e-4325-8cfc-8b608713a25e,1444.25,UPI,gateway_timeout,1221.26,0,7,retry_later
ba03e6aa-0d53-496f-9ef2-b534266b4184,ed1703ff-3bfb-4796-a462-8e4d2feda1a9,416.64,Debit Card,insufficient_funds,190.88,1,12,give_up
de3a6c7d-ae56-4d84-88c3-bd1ff45c7587,f82fae98-4d74-45a5-9b91-f99e18a6ff01,1658.09,UPI,incorrect_pin,41.35,1,46,switch_method
e87d78a2-b58d-4ac2-9cfe-4eeb31703f06,f02951a4-073f-416d-9c0d-bc8031f13371,100.31,UPI,expired_card,759.17,3,75,give_up
4cf04f4a-e02d-4872-bc30-65b9b6095091,cdf3910c-84c9-4efc-9e42-f12381a44829,2801.68,Credit Card,risk_flag,190.41,2,65,give_up
42ae219d-d060-4a8b-9f22-f552124e523f,40656881-a015-4a83-8168-04eefc747efc,3255.03,UPI,incorrect_pin,35.14,0,51,switch_method
6979cb73-ce8e-4555-8fee-f2650afe8099,490db19f-d5ef-4681-aa06-73f2a103161c,15967.76,Debit Card,insufficient_funds,297.27,2,257,retry_later
5b51c995-708f-48b5-ace9-b93d305e5009,ae306549-60da-4061-8ad6-67539dc60452,1405.02,Credit Card,risk_flag,309.82,4,13,give_up
82fbfc43-8dad-428d-a58e-9abd030ca9cb,d2c43263-e40f-4be5-b235-3a5a758b4e0b,3074.91,UPI,insufficient_funds,3025.59,0,11,switch_method
4a26f672-2c55-44a3-bd76-c15525c35512,b32521f3-6ff4-448b-958b-c72e878f273e,590.12,Credit Card,insufficient_funds,1116.79,0,117,switch_method
eba3c0dc-75f2-482e-96fa-1b787970c849,9a51feaa-2d45-4477-b692-a41f7adb1f7d,1137.56,UPI,gateway_timeout,1015.32,0,20,retry_later
f60e3d2e-8e6b-4d79-bad7-57fb738ddbfb,80424cc5-ca8e-4ffb-a4b4-c68df64d8926,248.95,Debit Card,incorrect_pin,532.05,3,24,give_up
b0a899f1-ee23-4e24-8bda-ea37a9bba40f,efb4dc36-5b0c-45cd-a027-069d3c95b46f,1403.57,UPI,gateway_timeout,213.31,0,47,retry_later
c062cb30-8d46-481f-81af-23db5f21b711,949a02a6-9e6f-4f35-aef5-ab7ed0b03331,1215.73,Credit Card,insufficient_funds,1056.48,3,28,give_up
1671034c-23da-4dad-a23a-e5fdfb3fd116,d0ccc171-852e-4df1-b633-573b109732f2,2667.67,UPI,risk_flag,1030.57,5,20,give_up
8b81e01e-a56b-4a62-a72c-5056afdfc4bb,c81c1686-6208-468f-ac05-c7bffc8bd967,803.78,UPI,expired_card,395.12,0,149,switch_method
d653317b-67b7-4910-924b-841743c50358,3b810f39-38a5-496c-a6c9-f1df11562bff,2014.95,Debit Card,risk_flag,617.39,1,8,give_up
0517a7c4-69b7-44ff-a3dc-7310fad38fd7,683cbb6c-99dd-4a01-9b8f-1d988972048d,1172.16,Debit Card,gateway_timeout,773.7,0,31,retry_later
10f01a27-d655-4f58-be9e-624bb0350cc6,7affb757-1b5d-4dac-b746-43fbbf0b34f6,1175.03,UPI,expired_card,698.19,0,0,switch_method
d27e1d31-442d-4a2f-aa72-79b47aabb377,348a37de-ac5d-4384-b4e6-5eef21570cee,2007.15,UPI,gateway_timeout,2250.28,1,98,retry_later
85e00288-f4d7-44ec-8935-f96f2941bae1,71643133-0807-442f-b431-e7a4a8cacc14,1905.84,Debit Card,incorrect_pin,365.19,2,11,switch_method
2270a4dd-86fb-47b3-b527-32f014023534,11435b5a-eb7b-41c1-9654-0d56ab8edc95,4863.56,Debit Card,insufficient_funds,909.07,1,88,give_up
671ab331-1d1c-4cb4-bb63-f53629af792c,99db730f-95af-4f7c-a059-02eca46c353a,1545.59,UPI,gateway_timeout,418.13,4,9,give_up
7e2a618e-2449-4ad9-a41f-d0e78fc49d6b,11231116-8267-4eb9-8973-ccc59547b126,1147.28,UPI,gateway_timeout,247.94,0,32,retry_later
8f14a262-4f54-417d-9b46-2683d80a7a61,8f2d1a7d-b704-467d-a241-5a286099257b,1429.31,UPI,gateway_timeout,48.04,1,78,retry_later
3b50f74d-1c75-48f7-858b-0ff218405ff6,7c608229-4212-4ed4-bcb4-a72cfcff5106,714.04,Debit Card,insufficient_funds,1112.89,2,18,retry_later
f37bb09b-9b6b-4dd1-ba3b-7e2392895e4b,cb036577-d60d-493e-8437-e19605958857,1132.42,UPI,insufficient_funds,410.9,0,22,switch_method
319d449a-b9ca-4828-adc2-440b7559d94a,66fbffe7-08da-47d2-a1a5-461cc87b409e,25349.3,UPI,risk_flag,1212.77,1,66,give_up
63ff2978-5b5e-4da4-8805-7360f26710cf,bc32570c-bfef-475c-bf34-5243d48dd4bb,551.98,Credit Card,gateway_timeout,110.92,1,12,retry_now
7ed89149-1097-4bb1-9140-e848a8dfe42d,34402346-0584-4d9b-84b1-4aeff7040cb0,1258.59,UPI,gateway_timeout,46.01,3,181,give_up
8106f3ed-b5c7-4654-8451-c688cfeb8a07,6c288f3b-f2c2-4af3-8d76-46b499884f64,1092.54,UPI,gateway_timeout,3810.39,0,12,retry_now
302eaecb-6584-4427-bc12-4aeaf7e3db3c,9696395c-bc8b-4b08-850f-9f239ec87e93,1311.17,UPI,insufficient_funds,706.79,1,83,switch_method
339057a5-b652-432d-b5b7-2b95ee3d5023,4f1345f4-be4c-4591-9f2d-9af43b964c2e,1175.43,UPI,risk_flag,539.63,5,97,give_up
bd48bd5d-59d3-4c4f-9c1b-3426a75512eb,dd51eff3-5a58-442f-8eb1-d491e0dca3bf,2599.34,UPI,gateway_timeout,311.57,0,28,retry_now
1d402d29-386f-4e80-b335-37b64508c015,27309c7f-346d-4dbd-b3f6-5d2319aa8b19,195.74,Credit Card,risk_flag,220.09,0,10,give_up
9294865c-8f0b-40dc-90a0-bc0e10325e8e,0a535ee1-c4c9-4a58-9652-58d70d9bc0dc,6962.7,UPI,incorrect_pin,631.95,1,10,switch_method
3cfa736c-796c-4fc4-b134-c46b96bf474f,d09b88ec-d96d-45b0-b803-2ad39d132505,4114.85,Credit Card,gateway_timeout,189.47,0,253,retry_later
3e080eb6-3584-4aca-bc08-79dccf33b103,8e0365cb-bd0a-4f79-8a2f-aeb822a8d575,359.34,Debit Card,gateway_timeout,391.17,1,77,retry_later
e7073ec5-14cd-4f20-be07-bf0674c5bb98,9587a93e-ba17-4c97-9a20-417a20ec5aa2,94.65,Credit Card,expired_card,564.93,0,35,switch_method
4e56e342-f7f2-4cbc-a3f0-26ad2cf83ba1,79069e96-cd56-4456-adf6-90fd68a34313,507.66,UPI,risk_flag,4498.41,3,17,give_up
d5f7e484-90d7-4a5d-ab5a-d229de78a947,6fdb63cb-4a03-4840-b85e-06a364863d57,1318.87,UPI,gateway_timeout,362.77,2,1,retry_later
1aee15a8-04ea-4024-a26a-0af1c173017f,3f9e1537-5a92-4708-b3a3-fa12c1e36fad,51760.34,UPI,incorrect_pin,2269.08,0,66,switch_method
c842fdd8-9682-4964-9f7a-65edf557f018,bdbc7cf3-00e6-4fa2-bbd7-e3d304ff6c15,3663.72,UPI,insufficient_funds,3122.15,0,188,retry_later
2bbc2fbc-7e4d-481c-b250-9f2424ce3fbc,c23fe1a3-c1ed-487e-8303-420bcae5d1d1,172.45,UPI,gateway_timeout,56.25,2,6,retry_now
84bb94e6-58b7-4bd3-b98b-dfe08ad2fb7f,88e3c0ca-8739-432f-a47c-a8d233a6e292,737.63,Credit Card,risk_flag,158.69,0,84,give_up
4b1c0780-2832-471b-bc82-d3dbea0e36d3,e6c48a36-6a8f-4324-9ab6-a85bf6cf08a3,1687.2,UPI,expired_card,320.77,1,9,give_up
fb354b25-fe9a-49ef-9360-23fd056ab098,b19ecf9b-a0d0-4ab6-a9e1-8999e936e3fa,2514.4,UPI,incorrect_pin,482.49,0,94,switch_method
7dbcf5f2-f7e9-4452-8451-ddbd591c8a4d,abbd44fe-89e1-4812-8f98-5231cbcb88c9,327.28,UPI,gateway_timeout,435.6,0,27,retry_now
a20ffc40-1a6a-47a2-a9af-68074132ab29,45ea6f1b-2421-4c3e-ac70-7a5fe976760f,1517.03,Credit Card,insufficient_funds,909.72,0,74,give_up
7022f835-cfe7-47b0-a5fb-f984054b45c0,5c8f827d-447d-4403-b262-2270435b0ab3,711.28,UPI,gateway_timeout,847.33,0,156,retry_later
3bf06f44-a17c-499c-afb5-ed410f3d0cb7,a0453ad7-107f-4491-a44d-db1d05403dd0,430.57,Credit Card,expired_card,133.58,0,58,switch_method
9d478544-ab15-4410-9de0-ecf1c4aecce1,181bd377-8a03-49f1-9229-00579637b6e9,2533.8,UPI,gateway_timeout,1743.21,2,152,retry_later
a4995b96-1233-4350-9e9f-ae941ad01799,716f6a6b-66ec-4a03-bffa-b9634378f5da,4944.55,Debit Card,insufficient_funds,1701.66,1,16,retry_later
b7ad76dc-07b0-4271-bba2-2c5fef231e1b,31a63bd7-0f0f-4607-8dbd-b2a909285e19,5395.68,Debit Card,insufficient_funds,322.22,1,229,give_up
dc6d0d1a-695c-4916-a90f-3d1d8488d241,71ed9582-7c24-4e29-a2a1-32322ffc302a,3815.02,UPI,insufficient_funds,1865.04,1,123,switch_method
25dd49ca-8e6b-4048-9eef-31d1ea2ab645,a54242ca-723b-413b-b2fc-579d33b25448,947.11,UPI,gateway_timeout,281.7,0,6,retry_later
9b7ead4b-fa40-444a-aa59-2e88949a1e4f,65fc9c7a-a5a7-4805-b823-68eee59f0138,4577.53,UPI,gateway_timeout,1961.73,0,32,retry_later
271ae2d2-eb26-4694-91a0-4f2a9013ed0e,b660d86a-7818-4d1a-ac52-94368b0ecfad,2702.06,UPI,gateway_timeout,129.93,0,157,retry_later
eec72b3e-49fd-45a7-a396-544fd48ce928,b3b893d3-4dc0-495f-82b8-c29efef44465,2151.94,Credit Card,gateway_timeout,277.57,1,4,retry_later
9ea2a236-d1ba-40bf-8422-d05b8eace31f,18cc852c-16c7-43fd-9670-3c3eb27e8312,816.31,Debit Card,gateway_timeout,177.25,2,36,retry_later
da6f1300-19ff-4126-bc3f-52aed24fa1d0,fc7e81c1-8bbb-47ec-a20d-04dd9b49c44e,947.72,Credit Card,risk_flag,451.75,1,77,give_up
4ad90c68-5aa3-4a1a-a89a-80bb08877fdb,bb06e592-1a79-49d4-a305-429b3538caf2,1990.32,Debit Card,insufficient_funds,5918.48,1,2,switch_method
bc692148-5ff8-4e1a-94ad-eb43f1adc3ef,14fdd9dc-edf3-4c84-967d-ba48dc442e72,43124.08,UPI,expired_card,1080.9,0,83,switch_method
7ffbe1af-b5d9-4692-ba91-199a34c2e22c,96eb7b19-ca04-472b-8a7e-b72832eef5d9,2674.76,UPI,gateway_timeout,266.53,3,26,switch_method
da05914d-a088-4c70-b28e-0719bf5b1505,4ba774d4-5b4b-4862-bacc-60802f44bf93,816.85,Credit Card,gateway_timeout,301.3,3,17,give_up
bd5a7d3a-48fb-4680-abf2-b925d8bb0092,fd8aecb5-a09f-4c64-a128-de844f8c39a0,612.71,UPI,gateway_timeout,339.21,0,51,retry_now
1e6b306f-7252-4b7f-8f6e-aaeab7dec25e,4d93086f-6de6-47a1-b2a7-331c4ea94560,954.04,Credit Card,expired_card,1201.59,1,47,switch_method
9f6ab852-2819-4bdf-822e-125a39faa9b0,215c1c72-7c58-4420-b206-71ededd5853d,30652.87,UPI,gateway_timeout,803.29,1,124,retry_later
5e6a4cb5-c3ce-4696-ba36-31158e28afbf,23ae8e71-09e0-4def-b997-e06300f6265f,1075.96,UPI,expired_card,383.06,1,67,switch_method
b1261dd0-dfd5-474b-b06b-2acfe6fe7e1a,44c0578b-8320-40b8-b90d-8a25fa983535,5877.76,Debit Card,insufficient_funds,695.99,3,32,switch_method
8ea64220-318d-4206-bbf3-8bac985849df,1f28d586-82fc-4897-ad53-c6ede7c51abf,1109.09,UPI,gateway_timeout,598.26,2,63,retry_later
24b3196e-5461-4bb0-a882-9e7d9f3c20eb,091f8365-f4b9-4ccd-bc5a-b09ace51f75b,2539.04,Debit Card,gateway_timeout,383.72,1,83,retry_later
ef02ee36-6d3a-44f5-be11-61ff046032f9,d79683f6-a38a-41a3-bf7e-814941cd7e58,5060.74,Debit Card,gateway_timeout,401.43,1,166,retry_now
e70be163-7525-4b4c-8185-64a8300a7e51,824781fb-95f3-4582-8d64-51f9328af711,859.65,Debit Card,risk_flag,2364.41,0,73,give_up
984c4430-e318-4d63-a56e-4be98084e50b,3b27f949-3c42-41f2-ba58-66fff6822108,785.68,Credit Card,expired_card,21.81,0,47,switch_method
a324d4a6-ed28-4825-af0d-98c601ca1442,7909be99-8d07-4b1a-8c78-ddd77eb69376,15623.49,Credit Card,gateway_timeout,434.47,0,28,retry_later
7a6037e8-11d8-494c-ab36-e6b2ac6dc5f9,2371db47-7ccf-485e-af63-e25d0fdc89dc,6502.69,Debit Card,incorrect_pin,28.5,0,133,switch_method
ff0fd44e-78f7-45ed-a22a-163c01cac5d3,e8e95c80-719b-451b-b773-aba5cf1fdeed,5053.69,UPI,insufficient_funds,273.71,4,94,give_up
3a330f81-8cea-4e72-a0e1-f8a1e00d655f,1af17b5f-77d6-4dbb-8846-2e35689fdf1a,5031.43,UPI,gateway_timeout,1418.26,0,4,retry_later
4035f3d7-500e-4c9d-82d0-df6c934d0ed6,bb0d5531-7613-40ae-acae-b898a3951426,3286.07,Credit Card,insufficient_funds,561.85,3,72,give_up
c8e7e606-9ed9-457b-bdd7-94f831416f72,bd626cc4-ddee-45c3-9bbf-a4bf457532c4,24912.09,UPI,incorrect_pin,221.72,2,46,switch_method
b3972c36-bd58-4c08-a188-bf0fc30b626a,adea3ea5-2892-4275-9d22-c28519cc1ccb,1914.25,UPI,gateway_timeout,366.48,2,6,retry_now
e39720b4-dee0-473c-989d-14a7939a1b9c,ac6a36b4-5874-4eab-b075-108e06afd24b,3829.31,UPI,expired_card,187.5,0,49,switch_method
1e5854b4-7af8-47c4-b2d9-98e109c7f879,cc21ae87-48da-44ce-8a8b-01d28c73669a,274.19,Credit Card,incorrect_pin,900.38,0,12,switch_method
68fbaeae-867c-4c0a-9476-ca2e65108a5f,03d72545-4021-48b1-b988-cd78c21eff60,618.66,Debit Card,gateway_timeout,2149.89,0,73,retry_later
7f00667c-8dc8-4615-b59a-245e11b0a3a6,8c054310-5e6b-48ea-a209-e9b39cccda35,379.53,UPI,risk_flag,1392.56,5,19,give_up
e7e941d1-958d-40ce-8385-444b4222d542,bf9bde13-0c27-4dc7-ae6d-9c6077148529,9473.77,Debit Card,risk_flag,319.7,3,9,give_up
08d03001-3f40-4445-ac85-5cdc840b0a34,deac249b-5d76-4127-99cf-4e3752a94b41,65.48,Credit Card,gateway_timeout,10.0,0,5,retry_now
efbcc4c3-a931-4574-bfaa-41d2368122e1,a44711a3-2ec5-48a5-a883-98b35d81254c,1071.7,Debit Card,incorrect_pin,794.5,0,40,switch_method
5bb60fb6-b284-4f8e-b60e-a1e052fda86f,bbd98280-f753-4e31-8264-a1fe1aba8213,50.0,Credit Card,risk_flag,946.37,1,13,give_up
87d4026f-55ea-4c01-b266-57b74b661ae2,5ec602f8-fd50-4ebb-8326-7c50fd9869ac,613.59,Credit Card,risk_flag,452.09,0,115,give_up
0888b793-9146-4fad-8982-eabfa2999430,8fbe8371-2078-4abf-83fb-19d0200377a0,955.05,UPI,incorrect_pin,56.29,2,0,switch_method
afeda0a1-5b36-4cec-a071-d004b1e26b44,6fc382f7-0192-4d5b-8d7d-9b6e72fbf489,10941.66,Debit Card,insufficient_funds,169.97,2,111,retry_later
6dfc6441-dcd8-41f3-ba89-d961d2b5fade,5f0cb25a-12c3-4a3f-8b46-53a4809d3cdc,3027.87,UPI,incorrect_pin,169.24,2,44,switch_method
a9449c9e-8572-45a4-8ba1-5d5f19fc2678,1382d5a1-f9cc-4b33-978c-a0abf1c9ac93,612.11,Debit Card,insufficient_funds,5922.22,1,153,switch_method
afb898ec-9bb4-4c31-92e8-0c603de71d0d,fc25deb0-b795-4a12-b653-d203e327fbc8,7228.25,Debit Card,incorrect_pin,190.95,1,13,retry_later
9ed00172-1ce5-40ee-ae4b-7e2a5f2e7786,ef8d502c-c624-4213-bbfb-0cd56632cec3,1850.45,UPI,gateway_timeout,10.0,0,6,retry_later
27f697db-01dc-4418-9d3e-efa60a3740db,d951c457-e649-4198-8c32-9dfb1c741f1d,1898.53,UPI,insufficient_funds,397.84,2,58,retry_later
411edd4e-bc57-4423-9d73-87c4a8912e7a,d082c2c3-44e1-431d-bd83-95d32618cf46,378.62,Credit Card,incorrect_pin,842.2,3,73,switch_method
9be6281c-29e3-4741-bc6b-590cb1e6ff60,b8090a3d-72b9-466b-9767-43ae1d39167b,499.19,UPI,risk_flag,316.78,0,27,give_up
4f3ed481-5c4f-4eaf-8660-d3e06de9226f,5d2a7578-9ba7-4544-8a0a-b41c8849b51c,618.55,Debit Card,gateway_timeout,830.43,0,0,retry_later
99bf7f1d-179f-43a0-8a0f-c6b2341fd973,6efd1500-df92-48fd-a71e-7ee00361f1b9,1920.61,UPI,gateway_timeout,515.47,0,31,retry_now
e01f59fe-8d3a-4e66-97ed-72de37ea2cf3,7ccc94de-7db7-48f7-8499-e4002bfdf7c4,2000.7,UPI,gateway_timeout,4130.89,2,15,retry_later
acf4b5bc-ce33-47a8-aaae-1d5d53313cf1,0b21fbab-6537-4c2a-943c-2a4bbec14c4c,13457.89,Debit Card,incorrect_pin,4345.3,0,25,switch_method
19d11e35-498e-43eb-b3d8-e22360aa724f,10327267-d29a-4d47-bde0-b2fc9d020fa7,2982.66,Credit Card,expired_card,4344.66,1,42,switch_method
48970219-d053-4fed-b261-fcfd48b67739,76b24650-45ba-4f91-b6ae-4237df0f1708,53.53,Debit Card,incorrect_pin,25.7,0,72,switch_method
20768fb7-52c8-413e-81c4-69bc9727ec2f,c988eaa1-d022-4c46-b43c-dbc6ba98c44f,2543.85,UPI,incorrect_pin,431.75,2,198,switch_method
516aec79-70ce-4ac9-9d92-f300888e3d1d,1e523164-bd71-4377-b59e-2457f9094ce2,274.51,Credit Card,expired_card,1253.09,1,9,switch_method
22d00801-f72e-4c28-8548-039e7938f63d,1933f333-98d0-4ab1-809d-bd9a8b9e1fc9,515.04,Credit Card,risk_flag,1149.4,0,68,give_up
2decd5bd-b2b6-4798-9f29-15e765e7dcbd,13232f82-828f-4809-90ea-b16b8ccd9efa,629.03,Credit Card,incorrect_pin,311.74,0,15,retry_later
3c6dc288-d3e6-4136-8a9d-ab4216a7d62d,d9e010ba-edd2-4ede-b6d5-ebacbeb13c35,763.31,Credit Card,gateway_timeout,654.53,0,14,retry_later
9bbbb511-9d22-46d2-8376-04b4b937a225,f148ec08-8e74-4979-98ad-707c69c555b6,302.57,Credit Card,gateway_timeout,1357.71,2,60,retry_later
a7edac92-fbe6-4b32-b04b-2ef511407672,4d64a611-7abe-4804-9828-42e4bc9ce631,2355.54,UPI,gateway_timeout,2767.73,2,89,retry_later
69490ca5-dc08-48bc-8f0d-2b1e6b5cb571,4705282c-cd8c-4280-9e7a-e8e0ee45df06,288.86,UPI,gateway_timeout,148.04,0,228,retry_now
2c4b2111-afd8-4ddd-a0d0-93cf8bc68bde,ebe2f5ec-c28e-4373-a7e4-7f419518ac5f,2874.6,Credit Card,expired_card,214.97,1,87,switch_method
2f9cbf23-078c-4d65-880b-e2cc51655a45,985ffcfa-6c95-42f4-b228-fc8174e6b163,33125.62,UPI,gateway_timeout,542.8,0,10,retry_later
043558f1-3b03-4189-b40e-c088d63df8be,caa6d51b-a6ba-4996-aed4-c462deeb656e,321.13,Credit Card,incorrect_pin,5674.96,2,15,switch_method
291f3c92-e277-4b5b-9f34-3d05db96b798,7e7f6b02-b01f-41cf-b2cf-aefaac1c8839,1249.05,UPI,gateway_timeout,258.85,0,85,retry_later
b71b53f1-7497-4466-915e-2f9d28d55866,bcbd1565-b19c-4c94-9aee-cc26096d9317,68.0,Credit Card,incorrect_pin,670.55,3,44,give_up
96b437b6-4bee-4f00-9140-7c3d390544c2,da76d825-1d8a-42ed-bdd3-5c06ea345068,1222.66,Credit Card,insufficient_funds,125.15,1,21,retry_later
5097d091-e9f0-4a0a-b245-f5ec9949a1af,5564347f-d3d0-48ee-9e05-d2fff641ec0a,4169.42,UPI,expired_card,225.55,1,38,switch_method
6904d325-b2c9-4950-a4eb-2697628fd8d7,ede05a39-3d1f-49ee-85be-b16f0750b6ad,4613.91,UPI,gateway_timeout,946.92,0,147,retry_later
9b537d39-759c-4c4f-b5d6-c54da830dafe,fe3a2d4e-15bc-4b4e-a6da-404f3b092960,1999.34,UPI,gateway_timeout,301.31,0,84,retry_now
5233ae9e-03b2-4c3c-858e-607ba7db1e34,103afd3f-50bc-41a1-897c-b58d9cf474b0,5744.75,Credit Card,expired_card,499.7,1,35,give_up
0ebe46a4-6f9c-4755-a0ba-3a588d9a0306,5b18ffe1-c4b3-40c5-81df-82b8094332e2,49507.08,Debit Card,incorrect_pin,1498.62,1,236,switch_method
43f9cd91-493b-44b4-81f1-fb5d82318f84,475cffc7-b9c6-44cd-97ed-6192962151d9,16747.36,UPI,gateway_timeout,231.26,0,95,retry_later
9e937df3-cad5-4333-8a8e-506e6673b464,ca40b25e-5535-451d-9e0c-65f1a426d5f0,916.65,Credit Card,gateway_timeout,458.16,2,0,retry_later
b50bf6d7-9c00-45f0-8500-4f4f4ebd56d9,89de7b96-3f6b-4f09-95ca-a070e437d83b,274.12,UPI,incorrect_pin,31.3,0,7,retry_later
964a4833-e2b1-4cad-93ae-903ea1e47606,96aba706-2540-496e-a1ee-5caaeca54533,1066.36,UPI,incorrect_pin,80.33,0,48,retry_later
a59e59e4-9aec-43d1-84d7-57ce500591d1,96c0c26c-b58b-47c9-a21c-757c7934449e,527.91,Debit Card,risk_flag,467.71,2,25,give_up
6a40ce74-0a38-43c9-98a9-e4fcfe2a6d43,39857d86-443a-4e21-99b4-044882d246a2,3251.11,UPI,gateway_timeout,4093.65,3,100,give_up
a4e22c97-06b8-40b5-aba6-a27099727813,ca589fdf-417d-4378-806e-e724c49e6fa6,389.34,UPI,incorrect_pin,1327.58,0,135,retry_later
10821bc8-ba82-4aad-b551-f120ac6c6f9a,6db05e29-6c14-452e-9f94-c304d1ed5fe4,1644.73,UPI,gateway_timeout,3158.27,2,16,retry_now
67d45d49-1ee7-4731-ac5b-731b3c2681d3,eca7d4d3-43e6-4d5e-ac05-680e7b1be2dd,5374.49,UPI,risk_flag,43.5,1,86,give_up
9bef5ca2-ec25-4f69-8a95-73d8d63241ea,b9bfda62-d947-4f64-a099-3c4702b61dbd,1586.2,UPI,gateway_timeout,30.42,5,45,give_up
dae620c0-f2a4-45f2-b3aa-7f2759da15f9,81ed9784-6ee6-4a3a-8875-a0d43f742c95,528.37,UPI,incorrect_pin,47.31,0,29,switch_method
ce821850-025f-42de-bf5f-c7de7416d23a,1c0d331a-e1e4-4b8c-8cf7-173e06cf1ca9,8327.0,Credit Card,gateway_timeout,802.1,4,92,give_up
5a680c06-922d-425e-91a4-a47051cce55a,52755d93-2ce5-49ec-9c20-85932fe68682,157.17,UPI,insufficient_funds,902.64,0,49,give_up
dce5d03c-a128-4b71-ae80-2bb2dd0411dc,fdfdf1a1-9dd4-4280-adf0-2739d5992558,1180.7,Credit Card,incorrect_pin,467.8,0,60,retry_later
63abc7be-23df-4f51-b712-262e9572b67f,358789aa-5c8b-422d-acee-5a86ebf4ff90,1712.73,UPI,gateway_timeout,797.77,0,3,retry_later
8dd6f01b-c7ea-4a3e-95d7-b475038db980,b4923506-8ce7-4400-a746-a83722cc1bab,1845.82,UPI,gateway_timeout,270.24,0,52,retry_later
289e4aec-eba7-41da-85ca-cb91c9934337,807de462-298d-4c24-aee1-04aa8513a0e3,2286.2,Credit Card,gateway_timeout,163.99,1,21,retry_later
a42e1516-541a-43ba-bc23-fb5f4d494738,48be0dae-ef46-4495-956b-48470cf85432,3998.09,Debit Card,gateway_timeout,316.84,1,40,retry_now
38d0110a-0912-44b9-8292-2a3234bb5b84,41a538a2-0e7b-4bb9-81d6-58c0d4e551ee,1726.71,UPI,expired_card,373.32,0,15,give_up
0152ce62-9adc-4e9c-97d0-7c8e30dddfaf,8038e8cc-d60d-4cd4-9aa3-a5a617d9a1ad,1120.49,Debit Card,insufficient_funds,470.08,0,57,retry_later
e3b9b8e0-6fa2-430f-ad2d-b9b845dbbffa,fe57f9ad-068d-45a4-adbb-6f9fb1191d0b,1064.37,Credit Card,expired_card,22.47,0,9,switch_method
581aab6e-bc00-445e-945c-e04e3b258955,571a5d6b-24f9-416d-b100-db098b682c7e,816.5,Credit Card,incorrect_pin,2001.62,0,7,switch_method
b67b0ffd-f6ec-4a6a-be08-9c8ae5ff6173,696a1096-0ef7-41ff-852b-9d6e4176fd5f,5033.18,Credit Card,incorrect_pin,1221.93,0,12,switch_method
dde94579-47f9-44f2-9fee-16d9415c2a6c,0d372707-63e3-4ee5-aed4-649b8caa5330,780.17,UPI,gateway_timeout,2123.49,0,102,retry_later
27cc5537-e8c7-45af-9a46-74a12aae56f5,24210e42-258a-4db5-a6c2-467562dd5500,5436.02,UPI,risk_flag,2297.8,0,2,give_up
4b57d168-2983-47db-9561-8e7ebf30c0ff,721ad885-92f9-4868-a5e6-b46172d37a36,1853.25,Credit Card,expired_card,409.54,1,78,switch_method
a76d6f0e-c174-400a-9cef-acd09999c912,bae9f8a0-2e29-46e1-9a1b-bf731b94c856,918.16,UPI,gateway_timeout,34.06,2,3,retry_later
7a751260-f554-43e9-a649-9d31b2e615ec,77bdec0f-9717-4447-ab2a-6d41e463089d,4039.71,Debit Card,expired_card,211.41,0,53,give_up
b587a594-16c4-4b4f-a0ba-88256743f0f0,d6e888c8-cd82-45ea-a7c6-59f768f252b1,702.26,UPI,gateway_timeout,512.51,0,89,retry_now
7a420e4f-2562-4127-b42b-c5f5e5e66ecc,39558871-ccc8-49dd-8b5d-ee8ffbcdc5f7,4144.92,UPI,insufficient_funds,121.11,1,15,give_up
3fea53ae-f017-4c38-b856-cb180ba0bee3,21d1a0d2-e162-4e43-83a5-a1cb91670fef,2384.02,Credit Card,gateway_timeout,227.18,0,13,retry_now
5d8f91af-48c4-41a5-a826-e6e3ed39183a,c2a1b039-9e7f-4f8f-b238-a0f387c37111,832.79,UPI,expired_card,213.13,1,20,switch_method
83bfaf38-0ef1-4971-8774-3e965a0b2b3e,86d9a6b5-ce33-4eda-ade1-858d91494ed1,3594.73,Credit Card,gateway_timeout,504.57,4,72,switch_method
c84bc370-6780-4ae8-9370-9c0376a5b2fe,494548a6-dad4-42d1-8bef-a562e305e657,3679.63,Credit Card,risk_flag,258.49,2,17,give_up
6cab5021-d110-4fd7-afaf-afb21cd546ab,5a36c6fb-93d0-4082-8bea-4ed8530903c3,8141.87,Debit Card,insufficient_funds,326.44,1,41,give_up
fe4acaf2-e85c-44c0-948e-b3aa3b43025a,5b448b04-184c-4363-9ccd-8448d7d66786,6348.61,Debit Card,incorrect_pin,336.07,0,8,switch_method
b2c53040-18bc-4cad-9501-4341dd2f799c,cc22d1ff-cb46-4417-ac35-c5aec32d1370,3424.31,Credit Card,incorrect_pin,482.11,0,37,retry_later
9216d906-a8bf-4d6b-a4cf-0377125827d6,5aeda803-9913-4724-af24-5f98ec439cbc,417.44,Credit Card,incorrect_pin,422.35,1,58,retry_later
d5628f6d-a4f2-4fa0-a6d5-b2cdf88e4d9d,59027066-ae8f-4868-9a47-a6544521f2dd,43615.29,Debit Card,risk_flag,5769.38,3,4,give_up
7cf16db7-0839-48df-86e5-5e7d97f5fc51,7cc82782-3b52-4461-a2c1-8366f3981871,291.58,UPI,gateway_timeout,3704.88,3,101,give_up
4e9c4a64-f83f-4e36-a21a-aa0173f4ddeb,09ce62b6-b16f-45e7-9a18-69909c8dd54a,6210.78,UPI,risk_flag,725.07,0,166,give_up
6c6bd6ed-952f-4608-bdb3-b1c0b8315792,5ae165f4-aba8-4ef8-830b-1b6b3891a603,3167.41,UPI,risk_flag,10.0,0,12,give_up
a2965adc-02db-4b9d-a12b-1b1bac82a4f3,b841d1af-38bc-48fd-8e87-e06d2fa58a85,392.92,UPI,risk_flag,486.26,0,85,give_up
4d629d5f-54ea-4ac1-bae8-b69ff0b5294e,406bdaeb-9f71-4249-9d3b-61d32acb7252,1538.26,Credit Card,insufficient_funds,336.29,0,22,switch_method
e89d6b05-6fc6-4c87-bcec-4fdffbf200f6,465397bd-15d2-40c1-a627-c4310e6858b3,1632.1,Credit Card,expired_card,629.98,2,67,give_up
eff8e251-0df0-4fa8-8423-63e4ac51db4c,4634f726-ebda-49e6-bad9-fe95d0f30122,9870.02,Credit Card,expired_card,328.98,0,21,give_up
99328326-a8a7-46f9-95ad-685e6538cbec,6b47afb3-8066-4686-a54f-cd7b74a45f96,715.3,UPI,gateway_timeout,397.76,0,118,retry_now
e5c1dd4a-18d4-4845-b25b-9dc4df337b8b,3600045f-0537-4e94-99cc-d84fc67c9d20,1286.23,Credit Card,expired_card,56.44,2,25,switch_method
522dea0a-a7f7-430d-ac1b-8598946365ad,332dcd78-0b3d-471d-b2fe-04998fc512a6,86.76,UPI,incorrect_pin,801.23,0,113,retry_later
1031383e-9fa1-4d66-8907-9f4e7022a1c0,ddae6fa4-4e03-4018-a6a2-bd43846afb02,17243.52,Credit Card,expired_card,469.41,1,87,switch_method
2b5494e5-ed14-469b-9a15-fd7327a6fab5,f2773941-3136-4320-85d3-83619b814e54,449.61,Credit Card,gateway_timeout,238.35,0,13,retry_later
7de9eadb-ce05-460e-b24d-ed27ebc0c5fa,b9ddc612-f410-45d4-a7b4-52f935b8e3f0,2765.52,UPI,incorrect_pin,3625.31,0,10,retry_later
19a53120-a0ab-4ccf-99cd-e98d5200ae45,3f72c7f8-00ac-452d-a02d-672eb71d343e,1584.73,UPI,insufficient_funds,1307.77,0,90,retry_later
934f7e2d-dd19-46e3-b03c-ebdfd40c6940,fcdc9372-4e3a-4de2-8cde-04371866120b,1591.77,UPI,incorrect_pin,92.77,1,29,retry_later
de1af70f-60b4-4642-9e10-b27b944cf452,c8df5812-1620-4185-8f45-22cfa9370184,5181.35,Debit Card,incorrect_pin,767.04,2,179,retry_later
0925e4f6-4be6-40ed-ab05-5902e4ef8d05,49278a31-548e-47c1-81c8-57861621fac1,15877.23,Debit Card,gateway_timeout,82.5,1,171,retry_later
f64c20b9-4714-48ae-94e4-39fe298f41a3,b04f0788-d24a-4ee7-b1d9-c31d6dcdb6fb,2507.25,Credit Card,gateway_timeout,205.52,1,70,retry_later
872aaf7f-31d2-4745-93ab-616317d984a8,660d4888-2134-4223-bc1f-453da9391c72,4236.96,UPI,insufficient_funds,562.87,2,41,switch_method
ac48e253-0b91-49d8-af6b-cfe78db87a84,418f51e6-397d-4a0a-9115-8a9632e5cdd0,2772.65,UPI,gateway_timeout,122.67,0,13,retry_now
580de619-168b-44a4-8874-fef2b31858fe,a6ee8e58-415e-4d7a-b064-ab0762faf56f,6787.18,Credit Card,risk_flag,455.41,2,128,give_up
7ef038a9-7a52-4125-b895-0b1a150d3220,5f60461b-f2ee-4ac0-9d2d-1edc62a0b2f0,990.5,Credit Card,risk_flag,495.39,0,5,give_up
3df36bba-7e7a-4a80-b658-31229ec2aec4,d2f1d5e8-f7fe-4fe3-b154-40df82344249,7317.38,UPI,gateway_timeout,235.8,0,27,retry_now
5d315820-e537-4368-a6bd-b2f0f75d87e3,13b99daa-ea86-4910-80a0-14af571fc2c8,7659.1,UPI,gateway_timeout,1888.72,0,23,retry_later
56f0e870-2671-4b73-9dc1-fa85bd8afd7c,d8514c95-824c-4012-b69f-7fc2b1b4583e,7385.68,Credit Card,insufficient_funds,861.38,0,190,give_up
35397fce-a22a-46cb-b13b-1fd1442abdc3,cb2283e9-5b39-40ff-a888-55c0f03d77f6,766.48,UPI,gateway_timeout,403.2,4,7,switch_method
cc14bcf3-a235-4fab-9d46-5dc3b052a1c5,cf7c7f71-1661-444e-a397-bb029be19195,1452.67,UPI,gateway_timeout,355.8,0,132,retry_later
7dfe4ec6-9414-412b-b592-396c5584d82a,1edcecd7-5a28-4252-9fe5-9d07b7207abe,2468.35,UPI,incorrect_pin,159.21,0,36,retry_later
ad01155d-2922-47a7-8ab2-47bd9e3fc2c8,ddcb645b-0050-4b86-94dc-f4ac7a2be284,304.27,Credit Card,expired_card,78.03,1,2,switch_method
ba403fb5-a4ed-4e48-a717-a6d6cad0912d,f3ee117b-be12-425f-a0c4-e313aac4af54,14377.16,Debit Card,gateway_timeout,253.49,0,78,retry_later
edbdcc07-eaaf-44a9-8349-5b71e8da66fc,1509ba54-e527-496d-bdc1-f233240b7742,1779.42,Debit Card,insufficient_funds,175.35,3,6,give_up
efb6397d-607f-4f8b-925d-e8a93cf2bb8a,e6c04ab2-ba81-4de0-90cf-ffb428e020e3,2615.23,Credit Card,gateway_timeout,189.69,3,16,give_up
562fbe4a-5375-4e6a-a7a5-5336e9b5d050,e83f1eff-71ff-4cda-b20e-591efaf04119,853.97,Credit Card,insufficient_funds,464.73,0,96,retry_later
46af5514-fe91-4f7c-84e3-70b7814bbab7,a0368bff-44c9-4227-acfa-7afe61edd3a2,322.16,UPI,insufficient_funds,1368.56,0,10,retry_later
85539641-7110-40b9-8219-44296d5098c4,5e87a786-b9b4-4be6-9f0a-30c2d3e610c6,824.49,Credit Card,gateway_timeout,7359.68,0,23,retry_later
53322d9a-ab8c-4c4b-b07f-0d1f8d15dae9,057f298a-3fa7-4741-be1d-4618d5a2feb1,2404.18,UPI,gateway_timeout,441.67,1,26,retry_now
5b4a28c2-9e70-40e9-85e9-a781804a8d07,8cf5005d-43ef-4228-8887-5cc74ecb1a93,4339.25,Credit Card,insufficient_funds,530.17,0,53,give_up
d3f433fe-d412-4bab-bca1-6d940e25e364,c6de5402-85cf-46a1-9a56-2d56a15810f7,2231.28,UPI,gateway_timeout,90.23,1,93,retry_later
66cca3f9-8df3-4705-a754-d5d2c7c44c2f,f080eab2-5079-40e1-bd0f-4e8aaad955c5,2837.68,UPI,gateway_timeout,264.25,2,15,retry_now
ebe3d4d3-667d-4c06-be7e-d3b971b8263f,13157695-570e-4dd7-82ce-63d78ec38710,1166.62,UPI,incorrect_pin,2124.35,0,13,retry_later
0a7ab9c3-4dbb-4122-8532-2cacf77f0cf4,1e904c88-0d52-46d1-a889-4bcac6c72659,3446.53,UPI,gateway_timeout,1123.36,0,15,retry_later
9945fe44-2179-4c36-ac90-3e2995fcfa17,550e5f09-06ee-48ca-87a7-cedb64a058c8,12427.69,UPI,incorrect_pin,190.03,0,28,retry_later
acb87fb3-1436-4c1d-ad14-4bdaa2c60360,ffc00e4c-bbf0-465a-861d-841d183d3535,4519.81,UPI,gateway_timeout,639.69,2,45,retry_later
bb6dbf4b-c71c-4fd2-9c12-8c49ac517435,37872257-3682-4480-bb5e-c8b3daf3faac,5179.19,Debit Card,insufficient_funds,26.37,0,0,retry_later
57d221c7-04be-4d8e-ae2f-d7f3b99745d4,4d863ce4-17f8-4a94-9283-9178a16e01b5,2649.75,UPI,incorrect_pin,659.86,0,90,switch_method
ee41381e-dd39-4379-bafa-41cfb3538ac4,ab112621-678e-4c0e-a1de-60651d625e17,256.18,Credit Card,expired_card,1415.96,0,156,switch_method
610569e2-9fa2-4501-a42c-458f2c3e5a10,46ee369d-a0bf-4fa2-9f6f-ea420a06f04e,464.95,Debit Card,incorrect_pin,82.37,1,111,switch_method
26385c26-b28f-4a01-a17d-f30055507bc3,c0d1a5a4-0a39-4ba8-b6d6-7235d4646a58,3266.06,Debit Card,incorrect_pin,316.0,0,2,switch_method
6d8ab087-7bec-42d6-baf5-58ce0deba657,5a59fd4c-4500-4fc3-9f72-2d0444ef95e6,1782.51,Credit Card,expired_card,5782.56,5,44,give_up
201000e7-cecb-4563-97d0-d14722fe5e01,e398cea3-0d21-440e-8709-2f959d15fa99,3202.85,Debit Card,incorrect_pin,3051.82,2,100,switch_method
00f6567e-6d2d-4472-9ad9-b69b81541921,9d93b3e4-283c-4dd6-99e7-5864fdd28445,15984.11,UPI,gateway_timeout,81.71,1,25,retry_later
ad05d13d-0313-4b7c-9f6b-71fa8a4df519,c0157b7c-5cd9-4981-a8b7-5a0eb15500d2,4646.39,UPI,gateway_timeout,863.92,3,136,give_up
874d69c9-92f8-4a6c-a715-f52442f21cc4,aaf101bb-0aa8-43fa-ac69-b5e102f516cb,9288.68,UPI,incorrect_pin,58.9,1,130,retry_later
dddc3470-6c1a-42d2-bec6-c6ac5add45a4,62f97a1f-b526-4329-bb3f-ab84fc73c4d7,2044.86,Credit Card,insufficient_funds,8505.32,2,9,retry_later
8a36d7dc-d5d2-416c-97e2-095e9c601289,1c30ef05-ad06-486c-8952-1bce4ea346b2,633.09,Credit Card,insufficient_funds,945.19,0,40,give_up
1a219dae-1b27-4685-aefc-57d52782d15d,cd855ebe-8280-4ff2-8e1a-f35ade98a0f1,1677.02,UPI,insufficient_funds,1110.17,1,1,switch_method
575ae898-82de-48b2-90bc-997014ab9d93,79f8e75b-084e-4e8b-b747-90ae2d11966a,635.13,UPI,incorrect_pin,21.69,0,19,retry_later
7c5d9d63-7f3b-40c3-98b7-8ceae79ad7b9,ec5cac20-1480-448a-95f5-6047230a3104,13708.67,Credit Card,risk_flag,1464.41,0,100,give_up
5ca9c48e-007d-4ad6-b750-d4b91dae4341,acd90429-40f0-4473-85c3-b4367fbda5d7,5051.84,UPI,incorrect_pin,261.27,0,221,retry_later
13653777-2bfc-474e-a356-665bcf5e7724,07610bd6-2ad8-47a6-b2ff-d8ff1c21c0c9,3556.98,Credit Card,gateway_timeout,227.01,1,146,retry_later
32198c24-ca1c-4ec7-a72d-6ce3e47a8c4d,aad120e1-1270-4dc8-9104-57127de298cd,9015.73,Credit Card,expired_card,1087.71,1,2,switch_method
c3aea07c-3c12-4e23-84e5-017b6310e1cd,ccd4329a-64bd-42b1-95aa-cfe2434ed666,130.83,Credit Card,gateway_timeout,122.33,1,156,retry_later
d45d3e89-b6c2-4651-9fea-d0376d16dcb8,c0bca941-447c-4fbe-8e8d-b2b8be1907f9,3883.84,Credit Card,expired_card,167.71,2,103,switch_method
0d8a7e39-fa38-482e-a200-a044baaead5b,e0b19257-47be-4fd3-a22e-7d1814efb665,329.03,Debit Card,insufficient_funds,3701.53,0,121,switch_method
5a7f0fa2-46a8-4d46-8e25-2e912afa9a5e,90781d94-83b7-462a-93ae-93623ee7cd88,1791.07,UPI,gateway_timeout,404.39,0,147,retry_now
c4c17a94-db6d-4218-94af-b221e9a13e8e,fb57de6c-012b-484c-8cdf-1761a03f3c5e,1205.66,Credit Card,gateway_timeout,177.9,0,40,retry_later
cb12c979-f247-44dd-b325-b8434d8260a2,f10618de-a72a-46a0-b031-324c5709a65f,4273.8,Credit Card,insufficient_funds,202.03,0,14,retry_later
69532767-6c9f-48c9-a4ef-949a32667b01,a1ee8fa4-67fa-4a5b-b102-cc4e317bc7e3,2432.42,UPI,insufficient_funds,1697.39,1,1,switch_method
c5007fb7-e6bc-47a0-add7-feb2a2d36231,ee7bc893-8603-49c3-a912-bf9b0751f964,10390.55,UPI,insufficient_funds,426.65,2,1,switch_method
f9922a3a-0fc2-4a65-b664-54c45a4ecdc9,f798108b-29d6-407b-8633-f4fe8d413e11,826.78,UPI,risk_flag,714.72,0,61,give_up
1ebca9d2-4a90-4216-9f4d-8c44f3392a73,d6404a40-237a-4694-9ac7-d263120cc131,4545.3,UPI,incorrect_pin,112.47,2,24,switch_method
7e2978e9-b498-496a-a12d-6733a7404af8,c2bfdfe9-c3ad-4c9d-9a12-8558167999e4,2232.53,Credit Card,gateway_timeout,1447.06,3,41,give_up
f42ee094-60a7-4509-9a08-1aa3bfd4dabd,eece9ecd-c04d-49a2-b1ca-78da3d3e071d,215.75,Debit Card,gateway_timeout,604.72,0,8,retry_later
cafff134-610a-4a8b-921a-78b4688c306e,22b4c994-cb22-4bf8-b29a-2a295e07ac9f,547.74,UPI,insufficient_funds,864.83,1,222,give_up
80bbfc01-1962-4fdf-af5a-a0dd4bccefbc,b93849ea-047c-4a2e-95e9-ca963d764ba2,1487.96,UPI,gateway_timeout,5605.08,0,8,retry_now
726e9a85-af96-461d-8106-4e9d9c223a26,2d420df4-e83d-4121-b004-41ad8709d9d7,7676.97,Debit Card,incorrect_pin,1053.8,2,35,retry_later
e5e7f21c-114c-46b1-bbe6-e3c092bcceba,87626b39-7fa0-466e-9559-7ab89c35dd4d,3303.84,UPI,gateway_timeout,1295.06,0,35,retry_later
bae43af1-3414-4160-889a-4f9b7a050bbb,8c40eec8-bfb0-44f7-84c5-1ccc50a2f429,396.33,UPI,expired_card,413.33,1,0,give_up
511219b1-cbf9-4109-ad52-81e4133f0f86,a2a3e902-fb37-44ba-be41-eb537eb9435c,1506.57,Credit Card,gateway_timeout,548.83,0,66,retry_later
4a5f8e69-100a-4931-9082-9ec3a2aa04e8,10f483e8-74e4-45fb-bbcd-305540f007a3,24913.08,Credit Card,incorrect_pin,2635.91,3,46,switch_method
85024f71-19aa-405c-b0c5-f3243331472b,a6d10cc2-0947-4821-a5a5-bde2465226bc,2089.31,UPI,insufficient_funds,8674.21,1,41,retry_later
96c92056-dd2a-40a1-8dee-b266cd05aa79,28f17591-cf27-416e-9678-9581a2deef71,1181.43,UPI,gateway_timeout,378.11,0,102,retry_later
40ef71dc-a142-419b-8ca8-7820daf4542e,2c475c19-2dd9-4658-a518-5e7730b1842f,3426.39,UPI,risk_flag,547.49,1,16,give_up
4862037c-5c1b-440c-9d4c-b76c23337363,1ca1e711-d357-452b-86e7-d39ffb4c5504,4877.61,Credit Card,expired_card,7355.38,2,118,switch_method
1c478541-f2bd-4922-948c-a97d13817780,1198908e-17b3-45e1-9501-1a3125f2e8c6,999.23,Credit Card,gateway_timeout,1574.15,1,120,retry_now
d2922e28-37a9-485a-aa03-28ab595859b2,17c1d60c-8b77-4378-9bbc-3e932457299e,3474.99,UPI,insufficient_funds,184.2,4,105,give_up
a503eb88-ee99-4e16-a261-4281e943d6b9,9c6ab8f8-40e3-463b-9d5f-982f50bec11d,1179.03,Credit Card,insufficient_funds,38.27,2,25,give_up
8cbafa17-35f9-417b-9021-ef1b2f4f40ca,fa204cb2-68db-494d-a991-2def0d334b06,4606.05,Debit Card,gateway_timeout,47.13,1,10,retry_now
50876208-413a-48f7-bd2d-333663703a00,ee54fc52-fc21-455a-9762-433638acde27,2254.31,UPI,gateway_timeout,230.13,0,38,retry_later
9bd35e96-5841-46ce-bd22-50e2ea287dc1,b8afbd80-b0b7-4177-b30d-981b41e34a2e,3383.14,UPI,risk_flag,119.86,0,18,give_up
92f0fc17-7cf1-4953-ae8d-4fd6d3fa4b78,dfd89d43-fd7f-4d56-aa65-be74b3e27755,673.89,Credit Card,expired_card,705.87,5,3,give_up
b695ffdb-d603-4fde-a0c8-e0909c875170,02a033f2-e14a-40cd-a24d-f3a3c8b05392,621.62,UPI,incorrect_pin,1034.89,4,19,give_up
437fa068-f23a-4f87-adcb-8f610df3972e,2dd32b25-a0ff-46da-be6e-be2ca058f8ac,6180.45,UPI,gateway_timeout,319.4,0,37,retry_later
a53a959d-3ea6-4cfd-8a3c-bd80e0495ee3,ff48b039-40b1-457c-ae2a-2c3349b3ff0b,1630.73,Credit Card,expired_card,478.04,1,7,switch_method
a5ab844e-c911-4c20-9d1c-a3d15b2fffee,e9b41931-92de-4c89-bbf4-1afbb2a275c9,2618.99,Debit Card,gateway_timeout,976.67,2,173,retry_later
28bcc2b4-33d4-4a0b-8cbd-c8b0a773d803,dd125387-654a-40ba-b80f-67c6e5f2085b,1214.01,Debit Card,incorrect_pin,449.32,1,64,switch_method
8a4ea684-17c2-4f75-b20e-7639d55a1286,10ad4adf-f240-4681-b72d-629555951cc0,5815.86,Credit Card,risk_flag,2926.15,2,8,give_up
fc0d94a5-bcac-492e-9a27-a5153cb2e366,dfce158e-b707-438e-b6cc-ad8d92d46034,820.45,Credit Card,expired_card,277.69,0,100,switch_method
3df2af7e-c700-4f63-8790-9931683f5b13,2b3e2b85-8a41-4b6e-ab12-497ad3658830,1515.83,UPI,insufficient_funds,927.67,3,157,switch_method
349b760c-f358-46d2-9eeb-aea38541b978,f21db157-adf6-4f3e-b48a-f1945e8c30a1,5023.04,Credit Card,expired_card,458.01,0,18,switch_method
ba35092f-a8c2-4e8e-a87a-50b4b2266908,79d7f4ec-7c06-4f4d-b598-4699d5ce609e,8307.03,UPI,insufficient_funds,1725.33,1,9,switch_method
22232829-970a-4aae-abca-fdd758a535c5,b79e21ec-7450-410b-8c2a-8bc236dafab6,915.17,UPI,gateway_timeout,588.15,0,23,retry_later
7036e4e5-72b9-4b5b-b31d-a0ca292ef99e,f1a1c1ab-69c6-499b-8d9f-a6951a1c17df,23100.03,Credit Card,expired_card,1171.29,1,107,switch_method
cc8c5f92-79a4-4feb-87f4-ff563d60de0f,6f879117-a8be-48a4-a9b5-48f42bf82035,2716.81,Credit Card,risk_flag,563.59,1,11,give_up
9742e831-4153-4e39-bc0b-25c50486f9e8,fc0d13cd-37e6-4f1c-a07f-8e301cdf70c0,466.0,UPI,risk_flag,1132.16,2,90,give_up
60c38e67-1edc-4dac-8866-f9e270c8025d,d084039a-40a4-45cf-8ff2-797e5bbb606f,2921.25,Debit Card,incorrect_pin,630.53,1,75,retry_later
8e0b95f0-58f0-4739-901e-37a972a87c13,7bd75c46-e86a-4fb5-9667-ed1f4d46ae01,1098.94,UPI,gateway_timeout,17.41,1,63,retry_later
dd69d28f-6f39-4ded-816c-2e090efef47d,3ff1c891-3190-4dcb-ac94-1d3bee7ad756,3178.9,UPI,incorrect_pin,1146.27,0,34,switch_method
cd9f9044-a000-4f70-a2da-1f4bb157c01a,039b52a6-6108-44cb-9b70-101ff4af5fa3,1710.07,UPI,risk_flag,229.27,4,27,give_up
ffb1b74c-2e6a-4a44-b65c-d2ad2d1fe663,b4938387-2db5-4af8-99e3-c883f818241f,1991.33,Credit Card,risk_flag,85.08,0,5,give_up
e4596870-5ad4-4311-af4e-0af143e76403,dc53c454-9517-4d22-a7c4-e99f0f2af7d3,552.76,Credit Card,gateway_timeout,911.18,1,26,retry_later
536a6fa0-e13a-49da-b6c9-a94923fc161f,ee66625e-6a37-472d-8c72-57db253892fa,6549.08,UPI,gateway_timeout,1355.82,0,55,retry_now
35db56f3-1fd4-4efa-b4a5-7a71277661f1,fb83c1a0-e4a3-4cdb-9cfc-c22858070dda,402.23,Credit Card,gateway_timeout,413.72,0,137,retry_now
b7ca9d06-1f1f-4142-aa3c-7bfc76ff5dee,98a19b29-f2ea-4469-976d-6502ead79880,427.78,UPI,gateway_timeout,723.61,0,107,retry_later
9549ae33-e032-42c7-ac11-16f9d1858036,0c42e020-d347-4592-8517-882723cb7892,2914.83,Credit Card,gateway_timeout,170.83,4,1,give_up
3f3b4bb9-9d9e-4fbd-bf35-fbec9fa7fdb0,05f77872-e2c7-402b-8576-0060a551f602,14526.03,UPI,gateway_timeout,351.71,0,8,retry_later
ddd0bec2-2f33-4add-90d6-40fb387d0a0f,0ab7bd8b-59d3-4764-988a-b83d55a6e242,1143.25,UPI,risk_flag,770.84,0,113,give_up
11ea1ca7-2255-4916-bb29-a2e9ed2f2bf2,22bd124b-33ba-47de-8559-55776052dd22,4497.44,Debit Card,gateway_timeout,508.15,2,168,retry_now
8af85e82-61f9-42e8-89fb-ca24d86475c8,b69d0fe2-5ef3-4af7-ab2a-ebc35a22be14,7297.9,UPI,expired_card,789.17,0,3,switch_method
ad6c07e6-3c53-40b9-b151-cdf2a677c198,0c785adb-836c-4ea1-96d7-f858e148481b,5213.93,UPI,insufficient_funds,161.38,2,72,give_up
ba57aa6f-dad1-4d56-a33b-c61abff0a501,c237a9c2-8776-43c4-90d7-14838c5cdbe5,1206.44,Credit Card,expired_card,833.63,3,27,give_up
30dc1ca4-17dc-4813-aa7a-bf7ee2e1f36a,480a650b-6cd1-45e9-8c93-473ed91b0233,437.75,Debit Card,expired_card,335.63,2,27,give_up
56a86b02-9df2-4b74-ae1d-0adf4867eb29,950d29b0-c0fa-4294-b94b-20b42da03321,102.53,UPI,incorrect_pin,2389.45,0,61,switch_method
8834044f-f50a-42e0-8e1c-e2395b8a8ecd,d2e9e2ab-aec8-4890-9552-2beeedf0ae46,1284.73,UPI,gateway_timeout,1792.55,0,99,retry_later
e0b11ee6-05e1-4426-bcfd-fbc744f541b1,2eeca559-7315-4309-b9a6-26ca81a7cd39,8362.51,UPI,risk_flag,5239.71,0,19,give_up
1581446d-5106-4015-b2d8-85228779d7e8,cb42e51d-d842-401f-8b3d-1312e3375962,419.3,Credit Card,risk_flag,2039.26,0,73,give_up
ea3bc032-84ce-453a-baf2-072220fc1022,151f3df5-b612-49d2-b68d-fdbabaac42da,4492.99,UPI,insufficient_funds,531.76,0,60,retry_later
8c97256a-dde4-46a7-8b92-be64e6e3fe25,70868155-47a0-43b4-ad8d-7ad5b3d5be43,525.74,Credit Card,expired_card,179.3,3,43,give_up
27e6b06e-8887-40fe-8e94-297ec2e442af,b88a18ed-5286-43e3-a906-6cdbe0743508,2075.37,Debit Card,insufficient_funds,97.5,1,55,give_up
ebcc5ddc-5aa9-467f-905b-94d5b246ab05,e11d4ec9-0c7f-4964-af78-ea06a24c3cf1,4537.49,UPI,gateway_timeout,42.5,0,1,retry_now
2d527e73-a152-41ee-a7cc-8f7e635d2ce9,cfe4d620-53c9-49d8-9e6f-5450c0c589b1,767.13,UPI,expired_card,1210.87,0,0,switch_method
1c41440c-5e4d-4498-8674-be24a8281df4,5573d927-b885-45e2-93f7-cc7ab9583edb,2256.64,UPI,gateway_timeout,598.68,1,47,retry_later
8d416ce0-81f4-460e-b20e-6f694604dacf,43fce27e-f37b-456b-a3eb-9e6fc0541d0a,1054.04,UPI,gateway_timeout,339.34,0,44,retry_later
8d40d362-97e0-43dc-93b7-07ac04b51578,31fa6b1f-b174-4e71-b8f6-1646629026e1,4521.93,Debit Card,risk_flag,153.08,3,4,give_up
2b699a1d-cb9b-4f36-87ab-49941cfd312e,40477726-e46d-4fec-88fe-0814d782287d,2455.07,UPI,insufficient_funds,247.13,0,40,switch_method
0fb6dc3a-a2aa-4704-8de6-98ea184780a9,4b563d53-94c2-4ff6-abe0-146775a9f537,1945.86,UPI,gateway_timeout,512.39,3,85,switch_method
b67366f1-2dc5-4c72-b7d5-41eadd49d975,66fb03a6-9179-4379-b338-dd5960c0e52c,13709.65,Credit Card,insufficient_funds,298.44,1,46,retry_later
d89d8d81-9c2a-4998-95e2-5f37e4c87494,72fe9c96-d34d-4687-85b1-540128ac0a42,4276.96,UPI,gateway_timeout,1175.87,4,43,switch_method
a0fe1343-be39-47a3-947e-4bc1c1d2adb6,4bc87e41-69a1-4b8a-a46a-81c5ddac3f49,736.97,Credit Card,risk_flag,58.97,0,75,give_up
0a48d2d1-2381-4bf3-806c-1df738e3159b,13c2165e-5985-4273-ad85-15f18e772c66,1617.08,UPI,risk_flag,65.54,0,11,give_up
86132b00-7625-4011-8d8e-0b9051f29d78,942b820f-5004-42c2-87e0-681d94531750,1638.16,Debit Card,insufficient_funds,2896.51,1,36,retry_later
8f977015-b510-4ebb-b586-a0516b5d1930,94815bdb-e6db-4f1e-9b36-9f90b63f6bad,2007.04,Debit Card,insufficient_funds,357.69,3,9,give_up
df8dcb57-7fbb-4c7b-9066-3ab116b07c6c,ad4f1467-8a04-4df2-9409-9f35dd12c7aa,48139.68,Credit Card,risk_flag,422.52,2,44,give_up
932353fa-451e-4243-b608-713a0fc33cd9,83f7ab33-afaa-461d-862c-6ddc9a658912,2928.1,Debit Card,expired_card,1002.16,1,53,switch_method
15603e56-b9bc-43f5-95f7-5650b57a9cf7,526dfe85-ef67-424b-b5d5-fd240f713de9,128.17,UPI,gateway_timeout,5810.39,0,7,retry_later
74dace15-67e0-420d-8dbd-efbbb4cdca26,e6ecf8d3-21f0-40fd-beae-7e721d941e75,892.8,UPI,gateway_timeout,617.25,0,4,retry_later
9a588987-07a2-4696-9549-9dea8f73abf8,9395ad3d-ea83-4117-b83d-90b2e6a3bdb7,146.63,Credit Card,gateway_timeout,6010.91,0,10,retry_now
9c45e5bc-d078-4390-bdbd-8328f141c355,e84aff04-0a0a-454e-859e-c284f6830919,1177.63,Credit Card,expired_card,1181.11,1,52,switch_method
f68e1d27-eb78-445e-a344-990b73ae6170,91128bd7-029b-48ee-bea1-08690b108eca,136.52,UPI,incorrect_pin,1042.19,0,12,retry_later
d691fdfd-b000-4c34-a882-8d84dab3ba69,9fa6a6e8-c4bb-44eb-86b8-86c8262f8275,582.27,UPI,gateway_timeout,317.38,0,19,retry_later
db92e341-1730-4d50-bec5-17f3596b219d,a2a86bf9-4706-4967-9a9c-b01045f47ed9,250.4,UPI,gateway_timeout,141.81,1,72,retry_later
61b1ef3e-0d11-4bd0-a01a-496bf190adf7,e30eb967-8509-45b4-96ef-fd5fd430b5b4,2979.19,UPI,incorrect_pin,98.24,4,17,switch_method
c014a390-5192-4af1-bf3c-38f1fa455cfc,453050cc-2117-47b9-b0e7-0e8cd4f69cc6,1809.31,UPI,expired_card,181.76,1,30,switch_method
712137ff-343d-4796-a10b-7314f1a779c1,24f46d15-7842-4239-9df7-d9d47e140164,2680.75,Credit Card,incorrect_pin,237.86,1,158,retry_later
ae6aaca8-aa25-4fd9-bc8d-9bc0a40ecaba,4c57b50c-6cd8-4ccd-8442-628fb8fdd3d3,1578.27,UPI,incorrect_pin,389.66,5,104,switch_method
1ada4071-37c5-4bc8-9c97-3d10b9a935b2,3bbf58db-76bf-42d4-812f-20ee1eacc01e,295.13,UPI,incorrect_pin,3663.17,0,17,retry_later
9aefbcd7-89b6-42f7-9f48-5eedac7055c7,395bc2e5-20d6-4753-a832-9f7d42b36090,3524.8,Credit Card,risk_flag,2314.6,0,54,give_up
09c5f718-276b-4e45-9dcf-8ec650e2716d,26bb4f14-e859-4e8c-88a3-bdb75a17ab93,22002.07,Credit Card,risk_flag,1221.06,2,65,give_up
1230e798-0514-49be-9a3e-5604e6bcd2ed,36c99d98-6e5f-4ab2-9d6b-c378574b1b3e,3077.82,Debit Card,insufficient_funds,994.04,0,138,give_up
c32864b1-ebe7-48f8-ab20-b3e36ed3e0ee,6ef3beba-48b0-4b4d-8fec-ba060dbf4dd2,1039.3,Credit Card,expired_card,4488.04,0,47,switch_method
2b8724e0-8fed-447f-ae05-e4635a39d9a3,6b377c88-eb21-41a6-9159-1008e3d71e9e,282.45,UPI,insufficient_funds,398.91,0,49,retry_later
38b5a492-2e8c-4278-8bd6-e04dc7c1c31f,59e91e85-4a88-46ab-8db8-6e7d1acc345c,555.3,Debit Card,incorrect_pin,454.36,1,131,switch_method
9adb4c92-a739-4f62-8347-4b4a85c73c50,91909cc7-54a2-401a-828f-67825832a6c7,3258.27,Credit Card,expired_card,255.19,0,3,switch_method
f3420867-6339-427a-b464-a91a898ae975,1b696644-771a-4c2f-bf52-dbbdcd68595f,7295.8,UPI,risk_flag,672.19,0,59,give_up
870c2769-47a0-4fb2-a5b3-d5b9587b8552,49b1ccb6-ef90-4dcb-a6b8-be914e4fae28,2537.99,Credit Card,risk_flag,906.75,0,32,give_up
483b2fe6-fcc6-4dcc-b82f-4bee3ca64502,b388c440-5e34-4241-9aff-89322162f53a,5114.59,Debit Card,expired_card,393.28,0,144,switch_method
ef0c0523-25cd-429d-9543-450a46fc65ba,d9447037-c441-4144-93e9-80c4eb1415ba,4536.82,UPI,insufficient_funds,470.58,4,193,switch_method
24b87f3f-140b-44cf-bbe9-79f515dca3f5,8886397c-3761-4293-9de0-e3486bed73e6,3492.92,UPI,incorrect_pin,315.87,5,11,give_up
c6a3c312-7df6-4444-9459-dcf793ac540f,7f5bde38-3e81-4805-8bbb-d7b20a698171,768.15,UPI,gateway_timeout,571.73,2,19,retry_later
4f9bdac7-902e-42fb-a33f-c9cdd00ebc85,a02ffd48-c4c8-43ce-a2e7-b562ab2bd8a5,2266.75,UPI,risk_flag,34.05,5,19,give_up
5b1662c1-6db1-47aa-a602-a909a88f1b7c,ccccd3a0-4519-49b4-9211-77b16ca1403d,600.11,UPI,incorrect_pin,2356.66,0,6,retry_later
70be475f-d82b-4932-a421-526be8328dc0,9271a2e7-9980-4e66-a90f-d51df067a140,1849.48,Credit Card,expired_card,1437.8,2,39,switch_method
34c3fc01-abd6-4b16-a827-c32af2a04c86,c60211d6-1b85-4a88-b4b0-c9efc4e744a5,2779.77,UPI,incorrect_pin,156.96,0,43,switch_method
c0eefc5f-503f-4adb-9112-db5e2e53d8d3,6069c225-d50c-4b8e-bdad-ae7f87175b87,16033.23,Debit Card,expired_card,6940.99,2,51,switch_method
e6dcb710-1e8a-4765-ad6b-0edbb5fe498f,c1ffe910-474d-4da0-99dc-1031ed3c6b48,329.42,Credit Card,gateway_timeout,38.41,0,65,retry_now
68b6bfa7-5b6e-4846-a314-528dca2db9f1,e29e3961-97e1-42d1-9151-778a9c43dc62,3381.11,Credit Card,risk_flag,96.18,2,3,give_up
38b97ed0-ccca-4826-b4ce-f28f34f793ee,9ee2ac98-c1bc-4cef-a8e5-0dc8e4eae5ae,12401.93,Debit Card,risk_flag,286.15,0,58,give_up
0527064e-c8f1-4dd8-91e4-e700f967d3fa,0bae5451-6cf9-4ee4-adb4-87c0389939de,4848.88,UPI,gateway_timeout,111.76,0,147,retry_later
a7a21735-f258-44dd-8650-eb520445fc25,c586bea9-2931-4267-b84e-9ad8648d4c62,5339.19,UPI,gateway_timeout,37.77,2,36,retry_later
35d57332-72bd-4471-8dda-3a552f764c9c,ce56230e-c876-4840-91f4-3b85cbecbf92,3881.6,Credit Card,gateway_timeout,10.0,2,6,retry_later
448ec558-33e7-4118-a600-2921dd2889a3,a2cb095f-d23a-4cc1-a6eb-324a2b9e26ec,9777.46,Debit Card,insufficient_funds,47.93,1,5,give_up
c2bdf57f-f1fa-49d1-879e-fc9a8a37b5c2,fcca28be-d66c-4833-b93e-7b4e1abd735c,439.78,Debit Card,incorrect_pin,256.16,1,19,switch_method
3244ad8f-5105-4280-9c9f-4cc063c766df,41db0299-1590-40b2-a449-45b3af5a56dc,298.36,UPI,incorrect_pin,15.94,0,83,retry_later
0136f886-26f0-46fc-b8fd-6ad89901fe48,83f1941b-63be-4281-b228-6de4ac27a665,1793.22,Debit Card,insufficient_funds,144.88,1,18,retry_later
03d01875-69e1-474e-97b0-6ea21ba78478,fd17077c-d7e9-4da7-bcc4-9b3cfcedd296,108.91,UPI,incorrect_pin,210.25,0,101,retry_later
b4841e85-1083-4fac-9b59-3954f3bd4dfe,b96eeae5-6bc2-4008-b7c8-c07c520a55e5,8953.86,Debit Card,gateway_timeout,11.25,2,102,retry_later
a37725dc-a4b5-4311-bebb-02218f1697ca,ec034cea-1b6d-47f0-a939-65d0d791c62f,8839.01,Debit Card,expired_card,311.28,1,36,switch_method
6301e7b2-02f2-4be8-980e-df0dc866e22c,cf98ac16-90cb-4755-a204-d7e7777ce8dc,1029.31,UPI,insufficient_funds,543.96,4,21,give_up
947bc889-d1e9-44ae-b728-35d76488a1ca,b5e6f24b-9698-470f-8368-56e54b3e002e,1116.55,Credit Card,incorrect_pin,2889.33,1,54,retry_later
e3ff8814-576e-4c09-8026-ea3f95086d3a,f0cda981-b583-4691-a7fe-002841d22776,1645.74,UPI,risk_flag,79.69,0,99,give_up
48b89de3-b161-4af6-aa50-982f460bda28,965fedbf-6803-4c46-90ab-874dc27bdb7c,1934.54,UPI,risk_flag,2652.7,1,4,give_up
77fa7497-5b07-4b56-8de9-86969f0a4338,f4557bfe-e4d4-47e3-91f5-2bb8e0102b3b,2133.09,Credit Card,risk_flag,202.74,0,183,give_up
e65f8391-5cee-4781-8c81-daffeef291f7,fd8fe2ac-29b5-4874-ae20-86684054cc74,3735.74,Credit Card,risk_flag,410.18,0,62,give_up
81ef58c7-1656-4501-80e4-f3d11471ff8c,9a94549f-19ce-41d8-b85c-5b97270da913,1444.6,Debit Card,insufficient_funds,307.45,2,30,retry_later
cbc54392-3116-4e4a-9adf-a9f918208d00,14187402-dbf9-4359-99d6-c6a441e2668e,6161.97,Credit Card,incorrect_pin,77.74,0,42,retry_later
1df903a1-e317-436c-ba51-0418ed025384,4e77bfc6-851e-45c3-a01c-d607b3d32594,3228.37,UPI,gateway_timeout,540.68,1,29,retry_later
d85b8c04-f16a-451e-9d06-e06a5e245a6e,53538993-1704-43ab-85c6-6148254b65f5,821.35,Debit Card,gateway_timeout,187.36,0,31,retry_later
4a95b56e-a5b4-45ea-a08e-bf3246861704,f804601f-9742-4b26-bd24-d01b9d30eb02,10256.29,Debit Card,gateway_timeout,34.37,0,54,retry_later
68d1b3e0-645e-475b-bc90-5ff19db132ba,0548bcbb-c283-46f5-a54b-5adca4a7f903,309.29,UPI,expired_card,67.41,1,3,switch_method
af606e62-734a-4426-a6f2-a1bed4af6b23,e44051f5-c99c-465b-881b-7b431d1a7bbc,1603.89,Debit Card,incorrect_pin,2143.65,3,11,switch_method
a18a4ec9-c328-4def-be4b-d7a5eba3aaf6,90e980c3-09e4-4c00-93ca-30c3ade7e3ac,6354.97,UPI,gateway_timeout,110.14,1,15,retry_later
06b77b71-406e-4a50-97fc-94e82c97368e,35ee3af3-71f2-4c0c-a926-f0775e45a249,706.28,Debit Card,risk_flag,4477.26,0,31,give_up
3ff1eeaa-0deb-495d-bd9b-f41cf050dd9a,f8274963-dd4c-4a41-a301-5495131d9265,2703.82,UPI,gateway_timeout,403.67,0,27,retry_now
ab7c3c2f-bae2-4b14-a1c8-df05c11c9af6,850f5bb0-2bc7-4f1b-8e87-78808a035bd2,3664.11,UPI,gateway_timeout,2827.91,3,76,give_up
49453acb-c239-4583-b119-520c7555121f,19afef76-2f16-455f-bfff-16d6d624bef6,590.71,UPI,gateway_timeout,248.88,2,17,retry_now
efb4d75f-6912-46f2-bada-fd004717fb4a,cca967a4-dcad-410e-8e87-86885d09a85c,1645.47,Credit Card,gateway_timeout,336.07,4,3,give_up
cb31dfa4-f4a7-4f3a-8de4-aef36ff7dc20,fbd07113-42c1-4e23-844d-45c4139f8c43,1475.19,UPI,incorrect_pin,904.83,0,3,switch_method
fb648ef4-31b0-4864-a05a-0df0f052043c,98b9c3fc-a49b-47cf-8b88-2b6b01d07ea4,882.48,UPI,gateway_timeout,159.21,3,0,give_up
57ead0e2-30fe-482b-abeb-0f3438f34a97,91002fe0-3db8-4f31-b17b-2446a617f0eb,36032.53,Credit Card,incorrect_pin,456.02,2,2,switch_method
8ed40512-4788-454d-a3d8-8fb29dcc6b3a,cb27d86e-af4e-4c7f-98bf-914b96ccfdbd,670.46,Debit Card,insufficient_funds,1187.93,3,117,give_up
194f3c20-08f1-476a-b506-8ae63be84775,1711eb49-f867-4125-a81e-6d3cab1d758e,6676.9,UPI,incorrect_pin,45.53,0,71,retry_later
0c6080fc-d223-4b4b-92be-54c5be0cfbda,d78efcb9-4690-4a80-a6fd-f70699b9a346,1085.03,UPI,incorrect_pin,160.39,2,330,retry_later
255a9933-abce-47b6-82bb-97b834b7a58b,d65a589d-9f31-4ba9-99ad-6a7fd4cc3aae,440.26,UPI,incorrect_pin,69.48,1,1,switch_method
2dbad0e3-556a-4271-bc26-5f333f7380ab,08179a45-59b6-446d-ba75-eba2cbecfb5d,2066.6,UPI,insufficient_funds,413.67,1,113,retry_later
dcd9141b-be3d-48af-949a-095e5172854a,c2e03ea9-ec2c-4e46-b6c5-52692e38c4ef,4204.12,Debit Card,gateway_timeout,145.97,1,71,retry_now
06eb1837-78ae-4b06-aadf-01375db7a86f,86b87a2f-b3cb-4515-8cbd-b5660569b98a,5982.91,Debit Card,expired_card,880.11,2,61,switch_method
7988cc1c-68cb-4bef-8e12-580722acefbe,2491b466-0b4a-4534-a8df-0c3256af607c,13779.6,Credit Card,gateway_timeout,1725.87,5,26,give_up
1bc7b589-0b83-48ab-82be-0fa7197d69ea,8e2d629f-2cd5-4884-8e3c-ebc7fb2120a5,83184.82,UPI,expired_card,874.34,2,28,switch_method
d815a725-51ff-4f64-a3ca-4567f6227892,6d16123e-b04c-4dcf-93d9-9a63c54bf0be,2504.06,Debit Card,gateway_timeout,454.72,1,112,retry_now
cd13dbde-2278-4de0-b2e3-3352f6f68f58,6d6af7df-474f-4ab2-a133-4bd164a84051,763.55,Credit Card,gateway_timeout,614.24,1,74,retry_later
701549ea-c332-4d82-b8da-cacf423f50e8,65a0e16b-d5e9-4be3-a220-c2d372ca150f,3257.57,Debit Card,insufficient_funds,163.86,1,66,switch_method
e0532917-3106-44c8-8778-7f72b2a067c7,c49ad095-8901-490f-b557-11563727bd6c,1279.11,Credit Card,risk_flag,184.12,0,1,give_up
c32d463c-c746-4239-a760-7e1892a3f205,f50b45ad-d013-407a-afe4-071e85927359,6025.5,Debit Card,gateway_timeout,5248.06,0,12,retry_later
74a6d14b-23b8-48d5-b952-7c071cd9833d,6fae1965-efdd-486b-8b7f-d06f0290fddb,334.85,Credit Card,gateway_timeout,4708.87,2,197,retry_later
1b0987ee-6b56-401b-9d3f-914aeb118e29,bab201f0-09e7-4f1b-9363-da5026c4165e,39294.31,UPI,gateway_timeout,338.76,0,36,retry_later
13ba0e48-d806-49dc-88ed-158d7d396f84,6d294b6a-c5b8-46b3-9921-73d059b9b8bb,5501.98,Debit Card,insufficient_funds,349.48,2,91,give_up
9e2f920c-ba9a-4add-aeb3-c8e1a11facae,6fc35b17-daec-48d4-befa-755ebe6f05df,202.51,Credit Card,incorrect_pin,44.66,2,29,switch_method
dfcd671a-3b4c-4f79-aa48-7b70d9e8d0e4,b736f11a-a884-4887-bb7d-1248b672a46e,719.29,Credit Card,incorrect_pin,3336.73,1,86,switch_method
3ccba46d-69cd-4f60-8d0d-ffbe7320e303,71f20ade-3599-4dfe-8c0c-62a7a3d6e36c,5223.41,UPI,gateway_timeout,216.24,3,7,switch_method
86de7b86-c1a8-4cb6-9a6b-a82ab4c57393,9b762484-d9b4-42cb-96f8-cac6a19dad07,8343.58,Credit Card,risk_flag,114.76,1,2,give_up
663aad61-0856-43fd-9f15-54e6ce3f7397,eaf0978e-6db7-4dbc-a09f-03dfcb63344c,345.88,Credit Card,incorrect_pin,203.35,0,37,switch_method
f2f0ff73-d655-4655-8e63-ccc546d68cc2,29172abc-5a3b-4601-8a4f-fe101dfa9114,4568.47,UPI,gateway_timeout,216.87,0,53,retry_later
62770137-8c53-406d-97a0-b64b81fa94f5,b7d38f71-9593-4111-a7b0-0d2681c79b6b,143.8,UPI,gateway_timeout,7197.31,3,23,give_up
051bd51f-c6ce-43fd-ae7f-d381e75549ac,ad88f59e-f3f1-4f31-826b-359b55c87eaf,1609.8,Credit Card,insufficient_funds,1182.09,5,75,switch_method
63cb4998-9c35-4a7f-a60a-672d9336021d,c1cff514-0faa-41a3-a4f8-de782406bf36,7674.52,Credit Card,insufficient_funds,344.93,0,41,give_up
ec6332a4-cc71-4231-a0b8-391cc6b36437,bfad6b00-1478-436f-9406-8bb938d3259a,882.74,Credit Card,expired_card,943.18,0,158,switch_method
f5c6d02e-ac84-4596-88b0-36b8e21b8647,f259c003-bc2c-4743-b739-fcd32ee44a5b,254.93,UPI,risk_flag,616.26,0,5,give_up
a60da6f2-4fe9-4a69-8775-e64464db3a1d,83494abb-28a9-431b-ac0f-9c54419a3e39,2186.55,Credit Card,expired_card,600.51,1,4,switch_method
df3539fc-1ecf-4a7f-ad74-0c12afbc9130,b0c8aa3b-2120-470f-b0c0-6af8c92f5b9d,823.75,UPI,gateway_timeout,233.38,1,141,retry_later
de108f63-bf33-456a-b76d-fbc82a158886,850f35cb-d2bd-4e78-a281-e311fab017d5,4098.7,UPI,incorrect_pin,944.24,1,66,switch_method
0256e093-5827-432c-b66a-d8b0b25bc2e8,9b745e04-a95a-4a26-a901-9ea61a87e055,571.96,UPI,insufficient_funds,194.72,2,66,give_up
c61aa308-a4da-4dcf-9827-bf178a8a28e5,6bdf52ba-4480-4c68-8d27-83426eb710a8,662.2,UPI,gateway_timeout,416.45,2,1,retry_later
c0ab07fe-46fe-4c90-a93e-d3cd7272b03f,cdde10c2-cbee-4b52-9b25-07cf0829c0e4,130.67,UPI,risk_flag,110.06,0,166,give_up
9b834820-4c42-484f-adbf-8063c44a89b5,cfed1426-3bdd-4fe9-9bfa-a47896aa82b2,2255.05,UPI,incorrect_pin,80.83,0,88,retry_later
8c942e26-4424-4744-be9c-57533e4e7e18,a9ad8748-42cc-44dc-93d5-72839aeab4a7,1466.78,UPI,gateway_timeout,1839.01,2,86,retry_later
52943e95-8ea9-49ec-8a6f-ca78bfd95e6d,e780f772-2e1f-4608-ac73-e363ded1f09b,385.72,UPI,gateway_timeout,234.45,1,145,retry_later
11a186a4-317f-44c3-8067-3d204aef8c21,3fef275c-05bb-421b-886e-7ebcb3c95228,2326.08,Credit Card,incorrect_pin,34.55,0,51,retry_later
073fede0-3e66-4d39-ad65-b3bd3e3eb6b9,600a491b-63c4-44e5-b632-7c6788bd8f4a,6871.87,UPI,gateway_timeout,384.99,0,30,retry_now
bee96a50-d845-4c76-a99a-1384f7f37b96,bf557f23-f527-43d5-899f-f7173564cd66,1366.16,UPI,gateway_timeout,4440.9,2,39,retry_now
3c0aed1c-459c-49bb-8fee-385698060f70,aadafade-7a87-4766-ae26-91d3dc7ea487,2562.19,Debit Card,insufficient_funds,1026.76,0,90,retry_later
7ffd4b48-f415-4ff2-b7f2-d76dbdad1913,5033fa6c-aa8c-490e-9c83-fc68f8484bd0,2579.38,UPI,incorrect_pin,882.78,1,87,retry_later
94422721-c70e-4b24-a1df-197edde772eb,47fd0b82-99e4-40ef-be22-b5cf23b88176,377.8,Credit Card,incorrect_pin,712.03,1,56,switch_method
358dc81c-0db4-4f5c-b0b7-8359e3c900ba,c31f0430-f6b0-49c4-898f-c2f2c48cf249,26201.23,UPI,incorrect_pin,17.54,0,14,retry_later
4f72848d-7621-4a23-8589-0bb277904558,a28846d4-5b65-43db-a237-0e67cc0574b8,980.34,UPI,gateway_timeout,89.85,1,102,retry_later
c3768dee-3805-4f02-8d73-5bc30ff28fb5,68ee9da5-5c65-4245-9109-b3af76be526a,4242.68,Credit Card,insufficient_funds,1872.13,0,62,retry_later
229cb88f-b1ec-4863-bf15-be53ce332e4e,0dc36af5-ff01-4875-8541-354033796268,4914.67,Credit Card,expired_card,575.08,0,15,switch_method
dfc1f9bd-af7e-4136-9da4-d43ce65fc62c,5bccad90-3cb3-40c0-85e7-15d75588f1c2,1507.98,Debit Card,expired_card,236.11,0,39,switch_method
982105f6-b163-441f-9aea-fc47bd1e0df1,307dc71e-07cc-4df1-a74c-63c57959d577,3979.19,Credit Card,expired_card,399.37,1,352,give_up
33bab303-0f13-43f4-8bd0-3e7a7c1f3d4a,014fa9ea-d47f-432a-8704-d89578537393,2488.82,Debit Card,gateway_timeout,178.76,2,23,retry_later
5d7f0005-1331-472e-a698-cadd329e8ca5,751a403f-e3cb-445d-a39c-51d29799bfd2,286.31,UPI,risk_flag,162.62,0,7,give_up
8e9485d4-5251-4a9c-ba25-b9cad9192c03,7e8b5e1e-94a1-49b4-bb91-6a43ae8d9b31,1173.85,UPI,gateway_timeout,737.26,2,1,retry_later
ae52fc50-c5d5-4d0e-a8f6-1de19812f270,7619b6fe-23e0-4eec-8a65-108c08db442f,815.4,UPI,gateway_timeout,5345.13,0,12,retry_later
a80b405a-da2f-4807-9964-b3005bacbd7c,7452a0a3-8101-429d-8548-6faca2680e74,992.01,UPI,gateway_timeout,1919.81,1,12,retry_later
e4369f60-8797-40cc-a31f-64b07f982088,cfb504b2-22fe-45d0-8b40-f589560a49c4,331.89,Credit Card,insufficient_funds,7634.47,1,117,switch_method
a3525255-86e6-404b-8fe6-bae0481d98bc,7ee38a22-5850-4f04-ac9a-015815d6517a,7819.41,Credit Card,insufficient_funds,300.75,1,10,retry_later
a1c14418-3bc5-4a9d-bade-317c445451c8,f33fa7ed-ccdf-4d83-8538-09eaa7709877,14509.96,UPI,incorrect_pin,858.76,0,119,switch_method
2d199402-6edd-4abd-a71f-583ca42f58be,648ef385-7a2a-4498-bb03-18d248801817,6447.22,Debit Card,risk_flag,224.09,0,5,give_up
cad0517f-88fa-425a-bcdc-fc25fed286a4,4839b79c-51a8-4023-9c8f-adc39a36572c,9430.35,Debit Card,expired_card,531.77,1,142,switch_method
54c1d010-024f-4953-b892-20865210d1f7,93ac2c86-b7a5-44f8-bcaa-5cd325032ed0,1155.14,UPI,gateway_timeout,80.74,0,17,retry_now
3f0c1c2c-80c9-4e00-84d7-eedf4b0976da,be8f30b9-9c00-4ab0-9745-9a9cfa0f9cda,790.66,UPI,gateway_timeout,243.29,3,56,switch_method
8cacbd9a-6a1b-459a-8557-4b516f3513f2,ded9ce8a-7b6f-4ec3-bd74-e1f7ce08f016,657.1,UPI,gateway_timeout,391.37,0,10,retry_now
5c05bbfa-4bbf-48f2-9cb5-eff29645e853,5a7994a4-3928-4321-85d1-7d9a31f31351,4176.73,UPI,gateway_timeout,162.6,0,29,retry_later
a3aad500-7ddf-46f7-845c-5acb60dfd6e5,0137fe6a-2036-4f9c-82eb-c10d37c258d3,2428.87,UPI,expired_card,35.33,0,5,switch_method
cc391314-c86e-46af-9ebd-71fab4a3acab,04e567b5-eeb8-4def-b4c8-26417f30be0f,1635.35,Credit Card,insufficient_funds,63.9,1,51,give_up
497c945e-408e-46e6-9087-92670c10bc39,111b2b7f-7f6e-4373-894b-b6c963d01bfc,9737.05,UPI,gateway_timeout,189.95,2,25,retry_later
3ae4b9f4-9ecb-4c9c-a84f-741bb31746ba,e7bc854b-2e43-4749-8f43-be8bf29b24dd,3060.78,UPI,insufficient_funds,55.28,1,114,give_up
853df4c7-1d35-4661-9f0b-4e4cc7b11a30,eb6e4ca1-82c6-4082-93ed-092bec03f6ae,607.74,Debit Card,incorrect_pin,138.32,0,12,retry_later
88848e95-5a1b-4905-a363-3c1db0e1ecf7,d196bc7a-4745-4cc1-b493-8453f60b8c65,746.07,Credit Card,insufficient_funds,809.47,2,19,switch_method
833d9ce4-f9be-4cef-a844-fc72c9b025d7,656f25b4-0516-4355-9863-e4f78b3173a4,4387.84,Debit Card,insufficient_funds,612.92,0,11,switch_method
ef57c357-706f-491b-99a7-8b8bca24c46d,65644d4c-0d76-4628-96ef-f6d3d12aaed7,7004.11,UPI,incorrect_pin,1483.48,1,49,switch_method
e7f6aa10-a488-4fb4-a556-fe5d376357fa,5ece767f-d49a-42db-9af5-637250687929,3704.06,UPI,risk_flag,1915.58,2,7,give_up
1d201072-47b6-4b71-b098-a9b58b9061cf,74bcdfd1-51e2-4b56-a531-2e14f3e146b5,21289.2,Credit Card,expired_card,113.87,0,12,switch_method
26edf802-9b79-4f34-99df-240f28d6af63,ea45fafa-7a2d-4256-8d7a-0f7afa754ccc,15146.27,UPI,risk_flag,109.11,0,68,give_up
b8c83377-bf01-4d20-bd1d-4103d710c9fc,690d48ec-d83b-487f-8e3d-0cc0b0597eb4,3207.82,UPI,gateway_timeout,338.3,0,4,retry_later
e97d425a-d1b2-400a-8458-f1065b83cc5a,08620dd6-b63c-4dd4-be68-8e3721e8b0eb,607.8,Credit Card,gateway_timeout,2497.07,2,81,retry_later
81cbb632-4630-4996-a564-f4eff27ee7ff,6e2b72b7-5aa6-4294-9fd8-9a0df0b3f4a7,329.32,Credit Card,gateway_timeout,3628.99,2,6,retry_later
8c432f61-13f4-429f-be6e-9f87f3556076,56651b95-942b-4388-857c-f8ff68bfd43e,1092.7,UPI,insufficient_funds,2394.71,0,52,retry_later
bd97c90b-5c0c-4bf0-84c0-c72945060bd2,50952c1b-ef77-4443-9dbc-9fdd9b615082,4813.49,UPI,gateway_timeout,103.22,0,367,retry_later
72775561-2acc-400f-8bf6-bfb39f95da11,de09c028-1f53-4267-b112-cf50f73c663d,19431.31,UPI,insufficient_funds,38.33,1,11,give_up
25fadfb2-99d2-424d-b3fa-cf5f3c2e5070,9d8aa461-2025-4c88-bc3b-3b340995fd6f,3110.94,UPI,risk_flag,270.75,0,18,give_up
e24bb5fb-30a5-4e15-8920-88173a82b47a,d637d9b3-ebf8-480a-857c-76e7c757c9db,8261.32,UPI,gateway_timeout,1302.21,0,137,retry_now
f041a504-e69e-48c6-b1e3-48d2352dc662,18b26ee9-d052-4303-9f3e-f6f4a905126f,1314.35,UPI,gateway_timeout,150.36,1,59,retry_later
2cec914f-bff3-41e1-a0de-16ad585de33f,4c621cd8-82dc-45a5-8209-3218a7fb7597,4062.69,UPI,gateway_timeout,161.49,2,40,retry_now
78a9c111-2384-4eee-a741-4d84797b964d,0adeacc2-1b4e-445e-9ab2-7eeb9e3be38d,5273.05,Debit Card,gateway_timeout,194.08,0,49,retry_later
db0e9be4-a6ad-4937-aade-f6dacfe79c59,259456a4-8113-4c2f-82f3-da73f852bd4c,137.9,Credit Card,gateway_timeout,1006.8,0,21,retry_later
16cee02d-910a-4c3d-8e04-940650d811cd,47f5d3f7-3e90-4f99-b55c-f8d2c410e003,1056.3,Credit Card,risk_flag,612.02,2,115,give_up
ad14e867-95c4-443c-81be-de7372b3fe10,6f06f21e-dfb1-45a6-8c6a-e1a772383f94,6214.31,UPI,gateway_timeout,530.05,0,82,retry_later
1998d03e-e9ce-4c9f-bc0c-545a05e8d15a,dab68023-3ce2-4acd-8b57-743625485632,2583.26,UPI,incorrect_pin,135.31,1,61,retry_later
1f3c2266-d05d-432f-8667-8cb9eeedda6a,09b9a54e-4f0e-45c0-8144-e643fac41191,381.66,UPI,gateway_timeout,661.65,1,161,retry_later
e474881c-770f-4d2f-b55a-c6ea8d558928,ebe4d68c-ba35-44ac-b4d9-c92143c62615,76.77,UPI,gateway_timeout,309.79,0,51,retry_later
3b93b276-339b-4dc1-9e75-3517d34e97f7,cf08a7f8-9f27-4e63-a416-f4cf0a6f1027,1123.82,UPI,gateway_timeout,1346.84,1,43,retry_later
d709618b-e767-4823-9350-44320726a3fb,e3b883c4-50c2-4957-b4e8-1afbcbfb8772,1647.38,Debit Card,insufficient_funds,2560.83,1,223,retry_later
86b9fd78-41f6-4744-abd1-1f7c766b92ed,d341972b-e434-4a66-b462-9eb26db102fd,573.01,Credit Card,risk_flag,93.11,1,13,give_up
7b620d20-0a85-4e6b-8c22-c6121f73ad9f,c676ff32-6f22-4686-854a-507779411e45,2177.67,Credit Card,gateway_timeout,262.7,1,9,retry_later
25a25cf9-d51b-4ca1-9373-42c32d1eaa8f,f251ca27-f737-45b8-af15-462699903999,3492.25,UPI,gateway_timeout,1917.08,2,10,retry_now
98037a2d-d350-48b2-926e-b302c7c22de2,4f7e1bd6-7ba3-4533-adb3-b4f0ff66a8b0,4323.81,Debit Card,expired_card,961.19,1,273,switch_method
5b48f3f7-648e-4b59-8548-e192d495e0e0,7679e04d-7058-4935-a988-63a1b2f9d8ce,84.55,UPI,insufficient_funds,338.12,0,63,retry_later
92c04274-f8c2-4c46-b024-eace6a0922df,b0401cd8-97f4-4a3e-a546-18bf86b39724,327.48,UPI,incorrect_pin,528.25,0,21,switch_method
639cdfb0-09a8-4ca9-8d8a-fb7b81ca6843,e651bf0d-1cfa-4e27-ae4a-01033befcead,1216.81,UPI,gateway_timeout,70.27,0,17,retry_now
374e2f99-5fcb-4fff-a593-83f30c1e7ef0,a74a775a-8dbf-4481-ba12-156ff3b682ee,3804.06,Debit Card,insufficient_funds,10.0,3,3,switch_method
7bb128ab-1ef8-4923-8034-9c5de98b34b6,ddb55f4d-a79b-45da-ad39-da6af5a50fb3,3415.24,Debit Card,insufficient_funds,58.18,4,8,give_up
1b1731ad-78f9-47c1-995b-64bb32245bf0,02320a1d-86ff-4aaf-a9cb-1e90a12d74ae,3339.01,UPI,incorrect_pin,145.69,0,143,switch_method
6b743202-7d9c-40d1-adf3-2e0f58761146,5f4ec198-226c-4f28-84af-decd8c6f4488,1098.34,Debit Card,gateway_timeout,729.26,1,82,retry_now
5f309fe5-6ede-4b55-9cd0-68dbf17743ff,d3c3ce01-bb7c-4bcb-870e-c179e1b20cd4,1180.95,Debit Card,insufficient_funds,27.18,0,170,give_up
e07be18c-c41c-47d7-bfbf-7ede1a5d1c0d,93ce2d9f-5b95-420a-98bd-c95ae1d5f601,701.47,UPI,risk_flag,51.78,4,33,give_up
b0c05638-85ff-4787-9fec-bbed78e7d994,adf838e8-6eba-4093-ac78-f8cfa099ea8d,4908.15,UPI,risk_flag,1108.01,0,55,give_up
2227ed61-c46b-44d2-9f88-32fe54d2377b,9214b6ba-2d1c-4bcf-aa6c-9ff3f918cc1d,546.41,UPI,risk_flag,260.93,1,39,give_up
1d5a0d25-9b28-4165-ae5d-99813aeb6ee6,916ba1c1-c17f-4337-a24d-697ae25a440b,5459.14,Debit Card,insufficient_funds,2876.72,0,127,retry_later
e670f3a0-aaf5-4c34-bb67-1187867a7c6a,ac7dbfd4-c317-4178-afb5-7c4cc3985249,2368.97,UPI,gateway_timeout,2922.65,0,285,retry_later
60c63b31-d444-446d-af9e-fefa8a041bc2,8d074f44-304f-4d6c-978c-a5bd068a84ef,1705.21,Debit Card,gateway_timeout,711.09,0,161,retry_now
d606328f-0944-480d-9123-c22edf82df3f,94bd3bbb-6898-43ad-8b9f-afc45a9cc23b,769.91,UPI,insufficient_funds,143.03,1,54,retry_later
a193d2cb-f40c-44d7-8599-53ccbb103ea6,b1b1d88e-40e5-4da2-8cff-7ba4d5bd9e66,310.38,Credit Card,gateway_timeout,601.27,0,3,retry_later
d5859a6b-2008-4baf-b5b7-ac2d85f22fbf,04556603-2ef1-42ee-82a5-311c62845902,779.03,UPI,gateway_timeout,236.28,0,57,retry_later
75395cc0-75c3-49f5-ab27-779133e75093,7599042e-6d7c-48f1-a706-290beca6add7,1177.31,Credit Card,gateway_timeout,22.37,0,6,retry_later
3c0eae3e-dbb3-4812-87ad-b70105cc7a80,46585263-3973-4015-b82a-f865d53857b8,83.12,Debit Card,insufficient_funds,425.51,1,8,give_up
eb291f58-2040-45aa-8124-a69ca6ad5b00,85676221-5367-4288-8375-dea70d26a99d,1398.9,Debit Card,insufficient_funds,1293.3,3,12,switch_method
677c251b-e30c-4228-bbde-2a4f376759a5,4553dcfd-2836-4c99-81f8-68017971ef38,6012.91,Debit Card,insufficient_funds,724.91,2,27,give_up
adff475c-ea7c-4a85-a024-91ffca8addc4,55b749bf-a932-49cf-890b-17775d94b101,3779.64,UPI,risk_flag,118.66,2,53,give_up
d1896432-0861-4313-8a25-07ae00e72041,21473995-789c-4668-91ca-a4711aa60f55,948.55,Credit Card,expired_card,318.11,0,24,switch_method
d02767bd-466b-4a25-a29f-9d2b5984a0ec,76eab3d5-eb5b-4624-81eb-53fdc825bfa2,1921.8,UPI,risk_flag,981.38,2,36,give_up
7ea3e581-c6f2-4d48-8b42-44a93502f577,e9e9bf93-0e9a-470e-a313-bce7bd56ec84,877.42,UPI,expired_card,762.69,1,2,switch_method
214cbcbd-daa7-4974-b3e6-ef2e0019e0ed,4636a674-dca8-4f54-82a7-01cc45492a1c,2193.8,Credit Card,insufficient_funds,2004.81,0,58,switch_method
b312a6ee-0984-4b3e-bcb0-39f9673ec2ab,54d6db30-2a67-4d8a-b96f-18cd5f9b4d5b,13388.35,UPI,insufficient_funds,70.25,0,64,give_up
efdb733b-a521-429a-acdb-dcc6433df91a,128bbd19-2d6d-4e49-a471-ddd023964fb1,6368.05,Credit Card,expired_card,972.79,0,6,switch_method
6d7c226f-fd5a-4be0-94f1-ba7d10bac1f2,19de21e7-da8f-4928-bb05-f09e626d6510,3558.28,Debit Card,incorrect_pin,1339.02,0,92,switch_method
732ffbed-8423-4365-bf54-256df7606b27,22f62ef5-2673-456c-8946-1245e46ae26e,952.65,UPI,risk_flag,92.04,0,62,give_up
d3d3ab05-c155-414b-9cfd-b47dfc49ef7b,a1c9bd9c-d82f-43c5-bbbd-3aaf84b18e46,4793.04,Credit Card,expired_card,447.93,0,40,switch_method
bbf23e0a-cc8b-45ab-9dc8-9ae0363a2c63,a82070d0-4267-4cea-afb2-12c08f110de6,201.76,UPI,gateway_timeout,1891.86,0,48,retry_later
35a324e4-076c-44f4-920a-c07f5ff8edcc,b2843c94-53c9-41ed-96f7-26700d1139ff,1302.37,UPI,insufficient_funds,74.19,1,41,retry_later
886c587d-8f93-40d2-acba-af7bb83e559e,c7c5c23a-51e5-4908-a210-6c8ee4fdda72,3861.55,UPI,gateway_timeout,27.24,1,3,retry_later
f144d65c-cb75-43bb-9be5-6edd8182bb23,07e0bfd9-fc0c-48af-8cf4-4ed3374bb022,4734.1,Debit Card,gateway_timeout,18.46,3,79,switch_method
f2d0f23a-1cf3-4d04-ab78-3f56a0af374b,04463726-6328-4acb-bca2-89f0e07fe564,4319.31,Debit Card,gateway_timeout,1700.29,0,43,retry_now
7f3b69f0-8877-4234-971f-564a98f9bbc7,495af5aa-3c7a-4d78-a729-8a62c853d65d,2652.56,Debit Card,gateway_timeout,5626.91,0,11,retry_now
914a2f29-8cca-4de2-ae05-98caa431c647,bfbbd8a4-055c-4b03-8f67-200a87e86226,1401.86,Debit Card,insufficient_funds,402.15,4,68,give_up
ec695f93-eda8-4c4a-a6ad-b4e8d246501d,774dc0fa-1b66-4d78-97ff-50f1fc02dff1,3638.65,UPI,insufficient_funds,107.32,0,71,switch_method
95b08535-a122-43b4-9078-9f9ade1a665f,e69b762d-be7e-4676-a702-cfc064f78f29,523.89,UPI,gateway_timeout,245.91,2,14,retry_later
ff9716a3-12f7-4f2e-81cd-5b7b04f51dec,1d2506c5-6d59-445d-b320-14f15db04c30,603.0,Credit Card,risk_flag,4324.02,1,95,give_up
fc664f99-be0a-4235-b30e-ed5275d73ab8,38b63bf9-2dbb-4359-9b83-b85966e95c8c,1959.13,UPI,gateway_timeout,346.39,1,36,retry_later
278d2e62-41ac-4290-a07a-7cae95675dca,3ec1de59-cd8b-401d-9aed-8ebc22f787fd,2264.61,UPI,gateway_timeout,126.86,0,11,retry_later
f430e8d9-9422-4e71-8c27-b8dd4508e169,9bd38a76-69cf-422a-9429-aadd00bf44b9,168.46,UPI,incorrect_pin,515.05,3,64,give_up
5458f6df-d187-49f0-a876-32d2eb6e6848,1519aecd-3d05-43f3-b6f5-f854796a8ab8,3267.21,Credit Card,gateway_timeout,2860.78,0,54,retry_later
efad54cd-f1b1-4236-a6c8-32932887ddc1,63978100-35f3-4a59-abb8-997349444b2e,4937.17,Credit Card,risk_flag,7440.06,0,11,give_up
231ef09d-d925-4682-9eb2-4eb2525bbcc9,43b98f07-e11c-4f36-83ca-cafb80a7c12b,1635.21,UPI,expired_card,157.6,1,123,switch_method
7949aa9c-1827-4c0f-bc7f-bc3a9bb71ac5,04f1f255-fbdf-4b4f-8f94-2aa219e67d20,39608.78,UPI,incorrect_pin,726.91,1,115,retry_later
fbb4ea85-45df-4ed3-8fd7-baf783459814,7e82a5aa-63e9-4139-8ef4-4080999ffd4f,744.11,Credit Card,risk_flag,10.0,3,108,give_up
99c32cb3-7be9-400f-ab71-396595bb721b,3cc3d487-d25c-40fa-b4b9-c7416f827a50,1130.69,Credit Card,insufficient_funds,388.99,0,30,retry_later
cf13960b-f80a-4061-9827-3fb4adf3eadc,f761a79b-19fd-4150-a480-ddcbf3c1373b,1081.83,UPI,gateway_timeout,231.03,1,104,retry_later
7d0168a2-e254-4608-a362-ea45a145368d,886ee026-337f-486f-a8c9-c0e60dee3860,1637.55,Credit Card,incorrect_pin,154.32,1,111,switch_method
1807f3fc-f2af-44f3-8db6-32dd829e646d,d2882b9a-f1db-4001-a58e-f352e95437b4,1179.28,UPI,expired_card,4082.99,0,339,switch_method
426ce75e-b648-44c9-a9ca-131b51dbb700,f83488ba-f2f4-4d6a-aa2d-9af36bf1d1c9,290.37,UPI,risk_flag,98.08,2,189,give_up
e6fc0d80-2f75-4df7-ba5d-c325d53c76e5,6f0e7fec-d906-4df1-b0ac-2186dce9f96f,888.46,Debit Card,risk_flag,113.14,0,28,give_up
e1f064e9-4169-4530-8493-633145506c51,e021d627-a17f-4b95-a54c-69aaf00472fa,1592.55,Credit Card,gateway_timeout,635.53,1,13,retry_now
63c0a172-0374-4c18-a9ec-6a04d82af869,6569fc7c-192b-4d2a-8024-38b5978021cb,8929.75,UPI,insufficient_funds,527.54,4,20,switch_method
514af220-39a5-45c7-88ef-4e092257a92a,1e2dee9b-f707-4a04-b4ad-3678e9ccf12e,31663.39,Credit Card,gateway_timeout,779.04,1,40,retry_later
9457f42e-c5d8-4a3f-a296-df9d6abfb395,f345ebdf-2e87-4682-a6b1-9bb56bd8eabc,10261.11,Credit Card,gateway_timeout,553.91,2,98,retry_later
cf2dbb63-fd7d-4cf3-b4ba-3ad57a3b5ff7,5c0f6f39-75e1-47df-b109-57f35aff19ab,659.85,Debit Card,insufficient_funds,1203.79,2,77,retry_later
0bd75b86-99e5-4e6a-99df-f4556f3a10cd,bc2c282c-f310-4a6a-8b6e-5f7b175610f0,731.76,Credit Card,expired_card,156.72,1,92,give_up
46df8400-1323-4993-82e3-4666bacc4418,142047c1-5786-4cb7-81d2-2adf445ce9f3,1469.79,Credit Card,incorrect_pin,4040.49,3,28,give_up
8c4f3eba-0da5-4b60-8f7a-fd2f72c500d2,cff9610a-0499-421f-a3ae-2fbf4eae9c5a,18396.7,UPI,gateway_timeout,4308.7,0,17,retry_later
f90be06d-8626-4158-984b-d7aa7ecbdd84,003c85a6-7636-41f1-9125-a46e0eba3798,1458.19,UPI,gateway_timeout,165.07,2,1,retry_later
d32d32e1-7bbc-4dc4-ad69-b6ee0031a640,24762d15-780e-4aaa-a4a8-92d9df5aebdf,321.9,UPI,insufficient_funds,1805.14,0,59,retry_later
d83ff256-3e00-451c-a43f-040212f39f0a,74911ffa-b1be-41dd-8df7-461227b58841,942.44,UPI,incorrect_pin,8818.67,2,95,retry_later
26e4da74-87c3-49ac-b718-96d93dcc5441,1645f212-b77b-44ae-8888-12901a1378e8,4837.59,Credit Card,risk_flag,36.89,1,131,give_up
561d2fcb-8c09-44e8-9b2b-2ab8d5cdf6d2,b241371d-54ba-4ba6-a5b3-5e6ad6c09454,4433.4,Credit Card,insufficient_funds,125.73,3,38,switch_method
818d7724-6a92-4e3e-ba74-48165af42763,81cf97a0-1365-4fbb-ba03-e3066777a05d,1393.7,UPI,expired_card,331.73,3,157,give_up
6afbe91a-8eaf-49b7-af8a-78ddbb97eaec,3be9cc10-70dd-4e77-82d9-36912d395b9c,4395.95,UPI,gateway_timeout,377.45,1,13,retry_later
0b37e6ce-5184-4776-ae2c-3700b6868781,dbd1692f-afe0-4bbb-89aa-6e4d5f76364b,94.15,UPI,expired_card,1484.89,1,43,give_up
478c8f08-b52c-4dd8-a63b-a6cc1e492f2e,c691f949-f5df-48d0-8c79-dfb1684c7dde,2069.33,UPI,expired_card,230.79,2,14,give_up
b2a2fa7d-c642-4545-8292-763b525f8651,81073246-cb2d-428e-a22c-e29674872061,5535.24,Credit Card,risk_flag,367.11,0,12,give_up
2ea264f4-3aae-4628-b2aa-37adb077629b,88847f85-9e76-4348-8033-b021766e86a6,612.33,UPI,risk_flag,99.37,0,183,give_up
2b465adb-3135-4bbc-bca0-8016c68fe4a6,c95c2a40-b7cd-4457-a6d0-9621da7ddef0,609.57,Credit Card,gateway_timeout,15.48,0,102,retry_later
e2e74c34-c2bf-4fd8-819e-1ec4b99c3cdb,c351f374-6872-4ace-8ae3-394e191e1961,159.75,Debit Card,incorrect_pin,2981.19,1,0,retry_later
fd572ae4-632d-4f6b-a887-d4e83a4668e4,42bca296-b401-4ef0-b89b-fa91af0bc554,14283.56,UPI,gateway_timeout,493.37,0,18,retry_later
67cd5f91-90d6-4943-ab61-0b8822d79b7a,6f0f2006-d2ac-48e5-95ad-be940b6e94b4,708.96,UPI,risk_flag,3943.11,0,13,give_up
a5d3d214-841f-4afb-89c4-57d4a832e3bc,fb254a80-6f9a-4899-a06c-fde2a01fc862,2473.42,UPI,gateway_timeout,1224.6,0,9,retry_now
9e9283af-5ec1-4ae8-8bc0-fb6ead986e24,69a40ba0-5fba-4517-9001-7bd31a560efb,3964.33,Credit Card,risk_flag,152.23,0,71,give_up
57ff4ddd-525b-4145-999a-8146cd59dcb6,2e574e3f-c264-488b-b899-8f1b0521a2e4,12909.11,Credit Card,gateway_timeout,870.46,0,50,retry_later
2ad154fa-8bda-4b16-b543-365c77601528,afa4e816-6833-491d-8ec0-73fb48779f49,1480.2,UPI,gateway_timeout,504.53,0,36,retry_now
2b67d6f8-b57a-40fa-a4a6-6280dc77eb66,d0bf57f1-5f3a-4cee-89c5-43e95d35126c,896.72,Credit Card,insufficient_funds,610.11,0,12,retry_later
8a754a1c-d8e0-48f0-9649-44d66e94c5e9,a63af0c0-05d9-4860-8a3e-02f02a6e8ccf,2264.23,Debit Card,expired_card,178.0,1,19,switch_method
23baccc2-37b0-4d93-a2a1-ea810fc546c3,641b7614-dbcd-407a-baa6-142d34f2a5d2,9597.95,UPI,insufficient_funds,96.97,0,26,give_up
c8d428ad-79fc-45bd-9157-f1d1f8d8839b,9d1e492e-d60b-43e7-91b3-2ad363e2c00a,1449.21,UPI,insufficient_funds,1443.8,4,92,give_up
f3987ae5-4ffe-493c-9dd4-00ed3f5150a1,15cd949f-98bc-4d22-860b-1fb0cf6d2331,522.52,Debit Card,expired_card,71.49,1,271,switch_method
4163e7e9-f843-4306-96bc-c559a4180014,fa5ca79f-9d6c-413c-b00f-bba8d04091d7,243.96,Credit Card,risk_flag,426.0,0,12,give_up
aaa5bcaf-8ab9-4c0a-a96b-4d8f3d9a9c8e,51cb0eb6-4884-4a8f-87b0-93af29796dd7,369.56,Debit Card,insufficient_funds,827.35,0,25,give_up
79a6387c-0168-4548-aacf-33d8e83833fb,f371b123-930f-4bef-b796-08ddc9a6a49b,5561.98,Credit Card,gateway_timeout,258.49,2,19,retry_later
5ac407c5-8432-47e7-9e6e-5352efd3f780,16ea760b-3804-4038-8330-3c5656feb7ce,1191.76,Debit Card,insufficient_funds,100.91,0,2,switch_method
53de39ab-e240-4474-8879-b0bd86202261,5bd0ff90-727d-43d6-943a-136d81a3be28,820.75,UPI,incorrect_pin,261.51,4,14,give_up
c0168283-bbf0-4ef9-acb0-20d1a7ccf7f1,79566931-a283-4c06-bedf-c33e0ea1e7ae,712.83,Credit Card,expired_card,54.7,0,139,switch_method
9ae1d051-69e5-4d3a-bb19-b092498e5ec3,742e91df-fce2-46b3-a17c-cd77b5e741c0,2019.41,Debit Card,incorrect_pin,283.43,1,111,retry_later
98b1d6f2-efb8-4126-9c84-67ac73f870ce,cd8fdbf5-094c-4e7a-a0d1-5a7851e5be2f,1324.39,Credit Card,expired_card,307.2,5,11,give_up
75eaf54f-ce67-43d2-a2d5-d7c0df59a42a,bf59e674-54b3-43a2-b23d-ea55c935cbae,1267.66,UPI,gateway_timeout,4134.89,1,27,retry_later
b89908ca-5001-427d-a4da-e0b78cd7e766,d63c95d6-8276-4172-98af-e7bb7f019252,10447.53,UPI,gateway_timeout,329.49,4,22,switch_method
89433fe1-65dc-4903-9dc6-11479250d69a,814bf373-d806-4b7f-93ea-8ee8dc9fc4cb,13352.0,UPI,gateway_timeout,9352.71,3,9,switch_method
1b7a15f2-eb7d-474d-8aba-7441440ece81,bbf68916-33fe-4a2e-aadb-d1ca9eb51b58,222.96,UPI,incorrect_pin,6756.02,4,58,switch_method
31b895b0-c972-4372-9a42-349200a9bcdd,9927517a-6959-4c19-be14-f71a368ae7e0,2767.97,UPI,insufficient_funds,3060.46,2,48,retry_later
731bf09c-11b8-429f-b008-b392ada9205a,31f11114-fdb2-4a98-8ff1-d39726d5541d,658.58,Credit Card,expired_card,458.79,0,33,switch_method
4c9902d1-dad9-4f2b-9517-5b4b19f8fe42,7f5cc77b-7387-4621-8d23-ac0dc7fe8fe7,1309.33,Credit Card,expired_card,3487.86,0,116,switch_method
ced1ca8f-5fbf-4c91-9372-ff3287c60d7d,9fdddfbb-950f-4986-9f1f-6f3ec0607e29,2702.85,UPI,expired_card,31.94,0,58,switch_method
d39d80a8-3d25-4cbc-b6ba-94b17b8ff139,1eea2d72-9626-499a-8acf-5252308053e3,1371.23,Credit Card,risk_flag,177.02,5,18,give_up
cb1e8fd1-e6f0-4a0e-a23b-e31759cb9739,4a6c8312-e68f-4744-b379-337a5a7453c7,2439.62,UPI,insufficient_funds,110.1,0,28,retry_later
118eda96-e066-4cb4-bea3-a7caa616c5fd,8d4cf8ad-f44c-4adb-b1da-141b8ccbfa92,4336.67,UPI,gateway_timeout,39.16,0,9,retry_now
27eb0b69-80f7-4e0b-b24a-8c140ff1dcdd,caa65394-b6ee-4c45-91d4-a2c9a3491712,2651.68,UPI,gateway_timeout,345.23,2,53,retry_later
bc514a81-37f0-4f67-a347-e0526afedba1,01ef6ff1-b706-4155-97c8-b81d367c6fd8,779.86,Credit Card,insufficient_funds,172.41,0,53,give_up
1930dcd3-95ef-4159-a24b-f007c065190b,9daec6ce-e116-45b7-8311-85990ed76764,797.95,UPI,gateway_timeout,1738.23,1,122,retry_later
644869a8-1d64-47c7-a197-868000c2700b,f10aba20-9afb-4ac4-bfca-b8ecd172e9a9,278.21,UPI,gateway_timeout,166.31,3,116,give_up
3360abbe-de3d-4976-bd85-66f5c430c327,c1beb13a-0b32-40a0-8f1d-d7c47b51e878,595.8,UPI,gateway_timeout,41.65,1,108,retry_later
73d078b9-b495-4cf3-a0aa-05e92fc0ce42,8cd3ac08-d6a7-4121-9b57-c8d2798195f6,23171.74,Debit Card,insufficient_funds,2253.58,1,47,retry_later
42c55349-d2f5-4eb4-84b7-53ffe1852537,bc91241b-1277-4348-8641-33f81034ad79,645.74,UPI,risk_flag,463.03,1,63,give_up
320912b6-f325-4e0c-85c9-38151b144091,e5a0cc09-f3fa-42d1-8475-c7319706da63,383.22,Credit Card,expired_card,57.4,1,89,switch_method
43545b10-87ae-40b4-a47d-291e97ae0337,65d48308-6fe5-4942-92bd-676c32f82313,2740.53,Credit Card,risk_flag,1128.63,0,5,give_up
845fdf48-01cb-425d-9977-5045955f92e0,c5264d8a-c43c-490c-907e-91d1eef9bb17,1566.39,Debit Card,expired_card,10.0,1,21,switch_method
fe8536bb-24cc-4d9e-952e-73dfa6222aed,8a212123-5d66-4607-9384-3601e12a1898,1402.1,Debit Card,incorrect_pin,160.09,0,11,retry_later
5b0c73ca-bc3e-49c8-ab3a-8b8c89022547,23567b60-6510-44ad-8cb1-5397422d86ab,11290.98,UPI,incorrect_pin,21.77,1,42,retry_later
51405175-7674-4b73-a28b-86d2ae4899c1,040611da-a8ab-4a37-b918-0b223eb8aab6,3691.78,UPI,insufficient_funds,557.26,1,109,give_up
505f8b20-54e4-4c76-b333-256d476b9ab1,72afb82b-aab8-4efe-a32d-a9a757813d2d,907.79,Debit Card,incorrect_pin,1053.24,0,15,retry_later
f7917c50-9d81-44fd-9322-de8c967cd7da,afaaf215-bb4d-42d0-a135-6980f3cf9132,1041.25,UPI,gateway_timeout,690.12,1,78,retry_now
3705dba8-571a-439e-85b1-06862330630a,5022f6c6-e2c3-4c09-8dbe-ed2b87b8b291,940.71,Credit Card,insufficient_funds,601.84,1,31,give_up
9e1563bb-948e-4174-914f-655e3df61820,d76094ec-fa99-407a-85d1-72c24399bd0e,5637.31,Credit Card,insufficient_funds,296.81,0,140,give_up
0b04e62e-0ed7-4403-9938-2266f9eca7fa,d53b269d-5217-4297-81e6-698323a6849c,1211.25,Credit Card,expired_card,453.5,0,59,switch_method
572491a3-9394-4d53-86f7-98a6752d01a8,c712c8bc-9b4e-43e1-9eaf-f77e4b042ab5,175.72,Debit Card,insufficient_funds,1345.44,2,225,switch_method
5b2da977-f404-41c7-b298-ef18a5a940f5,c6930fcd-5116-48b8-bd2d-20e6972a9df6,1697.96,Debit Card,incorrect_pin,5987.5,2,16,switch_method
96cb2ed9-9f91-426f-9029-eda22e8d5db4,afceb317-badd-4896-9763-4fa87f3c43a0,245.15,Credit Card,incorrect_pin,11.63,1,154,retry_later
102754da-0201-42f1-bd4c-1ac0907fd44f,9d9bb922-111e-40ce-9166-760972466f80,30930.55,UPI,expired_card,2572.49,2,26,switch_method
f8b32331-6d1e-4304-92cd-9951b4ecbac5,2c6c371c-00a5-4801-b113-c344c15de1a6,515.24,Debit Card,incorrect_pin,531.73,1,58,switch_method
b61a9a22-2aaa-440b-acc9-d6a581e787d4,ac4693e0-4306-44cd-acf2-52b37522de06,1464.95,UPI,gateway_timeout,108.45,3,11,switch_method
44466b01-20e7-454f-8edd-26104f1a0474,a585cac8-6516-477e-8b4d-4793fad70706,2529.21,UPI,insufficient_funds,6266.4,0,85,retry_later
c59a79c7-fc60-4886-93e3-c482746f4e5e,78069f8d-fe5f-463a-b9a3-dcf46fdbe18e,1242.33,Debit Card,expired_card,99.51,3,229,switch_method
b4de5ebc-2c9b-4f23-a311-7a2d813d591c,d4731926-7310-46b5-892c-7ed7337ffecd,1240.12,UPI,incorrect_pin,2321.91,1,92,switch_method
c24c414d-450e-45c9-a433-9f9384cf6b82,4f8c5320-c6f0-4d70-a386-09353cff376c,3128.71,UPI,incorrect_pin,991.67,1,57,switch_method
d885a389-a948-4c31-977b-cd55a4f915e2,8b8bc0cd-ca0c-477e-a265-27e0485b851e,13148.73,UPI,gateway_timeout,72.82,1,35,retry_later
081ef734-4941-4e85-b8cf-81de50217e3d,f60c2b40-8156-4578-a6b5-e85a6d68d6de,4903.78,Debit Card,insufficient_funds,298.53,0,25,retry_later
41cb9110-702a-4351-9e8a-43040a6fb753,83bf52e4-61b3-4fa5-9570-1e664901d8f5,12358.11,Credit Card,incorrect_pin,1085.17,2,32,retry_later
d301c552-9da4-486e-a53c-698d9c4c330a,9ede4b1e-e457-4815-b2cf-8c9f33a8d9e2,463.77,Credit Card,insufficient_funds,262.79,0,23,retry_later
0e126a0e-aab9-45ad-8d2e-1e37d5b3727f,e25f01cc-67b4-4350-8179-5a248812688c,2731.41,UPI,insufficient_funds,182.85,0,107,retry_later
87bdc939-385d-49ab-aff2-8fce01fe3936,9b35aa73-17ba-4d60-bded-1819facec133,2212.37,Credit Card,expired_card,10.0,1,134,switch_method
c9f6d369-c2c7-443d-b390-5c701dcad041,8e55936d-3100-4292-881b-ff91a592c2b1,2853.83,Credit Card,insufficient_funds,1916.71,0,179,retry_later
715559d0-63f8-4339-bf25-d50ea4230449,91e09cc7-d94d-4a83-8e93-f3d40e32f532,10819.46,UPI,insufficient_funds,1727.49,0,32,switch_method
7a758111-4af5-4fe4-a2e6-807d9febe239,5d9a82b8-d6ae-4653-b03f-be9bc610cca7,1356.92,UPI,incorrect_pin,594.85,3,47,switch_method
11cccd13-e693-4572-92c1-d12c05b5071b,40648228-477c-46e8-af03-3509b72b76e4,1067.26,UPI,gateway_timeout,361.38,3,51,give_up
9bcb76c1-4c2f-435f-a429-cede0c30fdd6,85d3f909-9d23-4c56-92b8-355beba7cb4d,3619.8,Debit Card,insufficient_funds,1095.71,1,63,switch_method
0c15dc77-19d5-4b8a-b6ad-b6daae019e20,f053e3dc-4d99-4300-9205-4849ba1dc2cc,179.17,Credit Card,expired_card,182.99,2,0,switch_method
49662164-9556-4aee-8296-ef7e311a2239,96d7183d-2140-4ffa-91e8-245c57edee2d,1328.88,Debit Card,insufficient_funds,4378.94,5,110,switch_method
1b755551-4c2c-45de-80cf-4d36a3e5bfef,13b3037e-b9a2-414c-b7f4-051caf43b6e5,1518.6,UPI,gateway_timeout,865.11,1,18,retry_later
62b81902-f925-42b9-ba16-fb54e3192edd,9f040367-7cc2-4b0d-b007-4cd004449cf3,546.5,Debit Card,insufficient_funds,25.11,3,38,give_up
88215985-3396-43c4-89da-202298837000,822372e2-6c96-4623-9ccc-12a3c7019f58,7145.06,Credit Card,risk_flag,369.81,0,110,give_up
7ba0c921-38e6-46a1-96d9-c903bfacd01c,aff1b111-1510-47f5-b862-777df4bdc43c,454.45,Credit Card,gateway_timeout,237.64,2,345,retry_now
b850fb8e-954d-4a34-8f8e-442577de04b6,8878ebfe-b6db-4e82-89d7-dc57b546dafa,1515.29,Debit Card,gateway_timeout,650.84,0,95,retry_later
2cde1791-52a1-400d-b9a9-31f73d28fa52,a7e69891-e65f-43aa-b533-c594a359bd34,2646.79,UPI,gateway_timeout,1513.27,2,1,retry_now
c2ebdfa9-5449-4c94-85ba-573e75494829,afd27c6a-ac22-4d89-8e6e-630eaf6f6689,10503.74,UPI,gateway_timeout,16.4,2,27,retry_later
8132f72f-32ea-49be-80d8-7d09a4b78887,f1e3c300-7755-4057-b6d0-6e31b3ce0d0e,1783.4,Credit Card,expired_card,201.35,0,17,switch_method
c2b71a2b-81e4-4d7f-9baf-35258bbfd5f4,227e07dc-8ace-46b9-9a0b-5f2de87f070a,6105.83,Credit Card,risk_flag,9940.68,1,199,give_up
90a9b6ce-d472-4c87-be22-835d0c5ed379,b8622766-8920-4983-bd49-6a65edfd7b01,4495.24,Credit Card,expired_card,438.58,3,18,give_up
fcdbb8cf-32ad-4799-bacf-c03dff9a14b5,1bff5eb8-4296-4e39-b6fe-7159fa498b22,2122.81,UPI,risk_flag,429.29,3,172,give_up
062a7dc3-dde0-4a50-b2e6-ec720748155e,47e00772-473d-4d97-8041-dd0a03e15c86,438.62,Credit Card,risk_flag,107.42,0,166,give_up
29eddb89-ced0-4085-81b8-17d084828c46,d1fefca2-cc38-4a76-9173-26f92b517376,280.07,UPI,expired_card,1017.19,2,109,switch_method
b4d1d5f9-53b6-4ada-8824-c310e417e128,e8104aae-7841-4c4f-a40a-f1ec47d8d1f7,2076.54,UPI,incorrect_pin,10.0,0,6,retry_later
981387fc-1b9e-41aa-85e2-b158f67945a2,774a4556-fadc-40ff-8f61-37e17f834450,892.92,Credit Card,incorrect_pin,1053.92,2,0,retry_later
28b685de-e558-40eb-abc0-289a267e77b0,bbcff957-8d02-4390-bd92-75d5f57ae042,5973.21,Credit Card,risk_flag,1348.24,0,94,give_up
ce9d60cf-e08a-42b3-bd2c-666ec3b8549b,1bc2e885-1398-4bbd-a414-bf78f117f7b2,4767.67,UPI,insufficient_funds,3705.31,0,111,retry_later
01d89ec2-1901-4851-bacd-ceed3e23af39,a792c9da-ae07-4147-b2c0-7cc8cb76aca0,1422.26,UPI,insufficient_funds,593.97,0,196,give_up
07e91ac9-2663-46be-bb51-46be3a66c1e8,44148ca6-8008-4df9-bb1e-f5fb69d4656f,401.41,UPI,gateway_timeout,53.86,0,14,retry_now
3c3cb27a-a846-4099-95c7-988d3c9a6b10,04344eef-b1d5-45ca-86b1-c3fa4bef1d66,3512.05,UPI,gateway_timeout,10.0,2,79,retry_now
d9365799-1b51-4610-886a-8811f8789732,ebccedb6-979b-457d-9953-939d2b547eb7,481.38,Debit Card,expired_card,483.78,0,43,switch_method
c37f7da1-dbd5-46f5-a4e9-74e3ee19d717,ffda7866-4f76-4b06-b920-eabd60328a2b,674.52,Debit Card,insufficient_funds,161.37,2,23,retry_later
4cb8335a-2fe0-4b8d-853d-e789ea294ad5,84ad0a7c-b21e-4aa2-b485-670d6110ac7a,506.11,UPI,risk_flag,508.96,5,55,give_up
4100735c-1b47-496f-997f-5574138eb89f,173c7b63-aa79-45bf-ae2a-bc1059ec5dc3,1510.13,Credit Card,insufficient_funds,3601.24,2,47,retry_later
af1519fd-c1be-430a-827f-abf277d9471c,06229c36-d3af-48ba-9d34-67e40e55e602,8277.12,Debit Card,expired_card,660.78,1,20,switch_method
7edc9fe3-c762-4d99-a6e8-d26a5c46ae95,f143c43c-703d-48d4-bfaa-43fd35fd82ef,1796.23,Debit Card,insufficient_funds,2582.34,1,18,switch_method
211b3dc3-d83e-499f-811b-cfcee3f9acb5,44e29abc-ceb6-4243-a94b-bc7839dea281,1016.19,UPI,gateway_timeout,146.5,0,39,retry_now
3f93af73-b5cc-445f-a59c-11f71377f70f,49c70ffd-cc96-4000-9ebe-2d3f51ed1581,248.81,Debit Card,insufficient_funds,7633.65,0,38,retry_later
1fdce668-9298-4c35-a0b0-c873a8e0ae69,c6b46c19-9eb3-4419-9166-6c61e87e852e,3706.2,UPI,gateway_timeout,1428.88,3,21,switch_method
3d49dc64-0b42-4c08-9d54-ad3318d70142,63e35d54-ad34-4ebe-b920-e2908e666982,655.55,UPI,gateway_timeout,177.52,0,18,retry_later
dacaffd4-2ebf-4f8e-afeb-f3c814e3437a,76cb9245-cb63-4ec6-b413-2663b417c313,2106.48,UPI,incorrect_pin,3353.98,3,185,switch_method
09a867c2-071e-4371-9a4c-1ff8f1fc1129,7d521992-b7d3-46d0-8327-815696bc8287,1140.84,UPI,insufficient_funds,341.09,0,118,give_up
85ef9777-a329-47ef-b2e6-5880de51b5aa,166e544e-b255-4608-a35c-e7c387ac2249,5375.63,UPI,gateway_timeout,1696.46,0,101,retry_later
0d01f5eb-9171-4d79-a4e9-f7b596bc3c32,ec08d157-b38d-41db-9b0f-de29c866eb3c,1473.79,UPI,gateway_timeout,10365.67,0,14,retry_later
42d56852-db5b-4747-9531-0f2395e86e98,46ca36f1-559c-4a1b-acd8-7f3b7c28691a,1674.71,UPI,risk_flag,418.48,2,12,give_up
cf41eec5-5159-495c-b9c4-5d0d076cf2d6,47bea80b-771b-40c9-afb7-1dcd1da969af,3399.8,Debit Card,insufficient_funds,388.41,1,99,retry_later
4f9812e5-e7d8-4268-b80d-0f95925aa3bf,87e86299-3bb9-4462-bc22-8fdfac32dde6,27973.76,Debit Card,insufficient_funds,74.64,0,12,give_up
d4f084ef-83df-4d90-854f-659c3f952726,08e43704-51d9-4d21-99e1-0946637aed49,5738.66,UPI,insufficient_funds,37.05,1,42,switch_method
24f81411-ee0d-4926-8e64-a314417a32dd,8b03fcfb-d4b1-4078-b402-0543393ca86d,1611.32,Debit Card,expired_card,107.6,4,15,give_up
8272e81e-4703-400f-b6c5-cb4a7752a81c,f0600c0d-f11d-49f7-bc25-faf4a494a074,1815.57,Debit Card,insufficient_funds,10.0,1,28,retry_later
1eda17e7-7494-4295-b514-dfe896299fbb,1a58e1bc-6be4-4675-9028-d73b1a7e313b,913.86,Credit Card,insufficient_funds,224.81,0,115,give_up
1fe16d70-921a-4359-a452-0d6c817e53d4,ef663c3d-2bc3-4ef2-b935-8bb2e4378103,525.84,UPI,risk_flag,500.63,0,133,give_up
e69d35ec-5814-46a4-ab85-e8aa8e6dd963,d694a114-74b5-43a9-8d74-21fd6cd3c9d2,881.32,Credit Card,gateway_timeout,4432.84,2,342,retry_later
e2dd287c-082c-4a07-92e4-57356da2cd92,a413fd44-609a-4f34-9de2-6811e8b4e8b6,662.62,Debit Card,gateway_timeout,906.18,1,172,retry_later
4089634a-34e7-4468-aa9a-3f8018c4d872,0768afad-cb32-4c36-aef6-39f01fe3066f,4227.55,Credit Card,incorrect_pin,269.97,3,66,give_up
b36a89cd-a2b5-4506-af13-6938deb0317b,64026861-d515-4514-93ad-2f48df7ff1b1,449.19,UPI,expired_card,921.83,1,33,switch_method
68e0f975-2925-48d9-a3a8-86755edf418b,c96b3f54-7484-4add-aa73-b8b80eb782ef,10230.96,Credit Card,risk_flag,1559.26,0,3,give_up
a4e93cf8-d304-488f-8f6b-0347e1f12011,0255452b-fcfe-4d2c-98a5-d6a6938efe4b,4806.19,Credit Card,gateway_timeout,148.29,0,56,retry_later
285c1ea4-3172-4d49-afc4-f88cf168af6c,76c3774f-2107-4fb4-80a2-75fab1cde251,1856.88,Credit Card,expired_card,3252.97,1,14,switch_method
44b1e6e0-50a7-4dd1-8e29-915082e83247,dceac4ce-c441-49ce-8a0c-7e8580e00f31,1808.79,UPI,gateway_timeout,470.97,0,113,retry_now
1df0332d-c881-4ad9-b041-95f7db3e3be9,28125596-bf0a-441d-9f32-916d9f67a524,876.15,UPI,incorrect_pin,124.6,5,47,switch_method
b7f325e4-9e31-482e-9990-e0a7a9344a0d,02de4dac-74fe-4cf8-a48d-fdb3ba243e60,2568.58,Debit Card,gateway_timeout,760.45,0,79,retry_later
7e0f4abf-2b70-4731-b514-522803a05688,75e40682-89c7-4474-9405-0428e7ebeed7,7439.21,Debit Card,risk_flag,548.04,1,67,give_up
d8a92686-51ec-4a0c-bf2f-d6a04d9cf0ab,4bb91520-28cd-4d2c-ac1d-c5653127a977,724.8,UPI,insufficient_funds,675.36,0,25,give_up
4900859d-3c18-4164-a710-6b221964375d,afdfa254-750b-40c0-803f-6f82c634a6ab,246.31,Debit Card,insufficient_funds,137.49,0,85,give_up
dd6e329b-e21d-405a-a096-6ef2a76c33ad,0b17a01e-af94-4372-b952-41f5c95776e0,4510.59,UPI,risk_flag,171.39,1,111,give_up
137f83f9-aa8a-4fa0-948a-1db02f978d53,007d4398-59f1-4070-bf7c-5306ba76462c,2756.39,Credit Card,expired_card,2792.89,1,81,switch_method
f23c8e09-1951-4f14-9193-96b7d4651ee0,6dc216d8-e121-4134-b28e-bbdeec7c01cf,421.47,Credit Card,expired_card,1266.26,0,89,switch_method
85ff1a91-328e-40ab-8100-755c2b37ec1b,919b75b2-89c1-403a-a437-787dadf89e85,696.86,Debit Card,insufficient_funds,1061.73,0,26,switch_method
016e9ada-ffdb-4811-85ef-d87ec7f7e36d,c4b7c11b-a85f-4846-8b7f-7d204bd66e7c,591.8,Debit Card,insufficient_funds,1283.11,1,172,retry_later
c5a0b046-433f-4d55-b6e9-250c9c2126c9,5cd506d3-e217-45a5-bf17-5738bfbe6ea1,704.94,UPI,gateway_timeout,232.15,2,33,retry_later
c3eb1d32-9e0a-4f99-acdf-0e0b96aff931,f53b706a-89d9-43d0-942b-5a180357eeed,1187.03,Debit Card,gateway_timeout,340.06,0,136,retry_later
c4f0602a-9001-4726-b239-300352084477,af01394e-1d72-44a4-9af3-1ca7aacd114f,1278.56,UPI,gateway_timeout,102.16,1,117,retry_now
0d152b6a-416c-49ef-bfaa-bf9c9027dcfc,a3d12278-ceae-46d7-8415-4687a3e7c978,775.86,Credit Card,incorrect_pin,2926.76,0,7,switch_method
0861d0d9-2d19-4b4f-b56d-0a7f37daaa6a,daeed7ea-1a26-4041-b2b4-a340ce676109,674.78,Credit Card,expired_card,28.03,1,203,switch_method
004fef21-938a-459c-b50b-b4124e04cc9d,1a237e7d-ea25-4cc1-8d5a-d027c5de69d9,1342.89,Credit Card,gateway_timeout,333.4,1,336,retry_later
8c611482-bc2c-467a-8937-1880057587b0,ec83bba6-cff7-4def-8d9e-857f9929f1d4,2248.46,UPI,gateway_timeout,628.29,0,55,retry_now
d634e01f-7dfe-43e7-8d00-c04765c2b6d0,51174d50-000a-476d-894b-60e37288f095,1198.49,Debit Card,insufficient_funds,253.01,1,91,switch_method
b71a31c7-8a37-4180-b05d-704ad03953ed,c940fcbf-68b3-4eb6-8b49-c6e8190caa8a,8154.03,UPI,insufficient_funds,504.26,0,162,give_up
c40315ef-6f8b-43cb-9924-b5490751a10b,8ad7a968-ec6d-46ff-8c76-cbc4c2c194c7,3499.99,UPI,risk_flag,239.64,0,1,give_up
238d6fde-0652-456b-b6f9-b9c092ccf883,e0731e35-4eb8-4eac-91f4-ccf7256098ad,228.58,Credit Card,insufficient_funds,243.7,1,159,give_up
f3ff1c66-84a9-4cfe-b450-3a797d3af232,10fa90e8-5c5f-4036-8986-2cffb4d47b4e,3571.88,UPI,insufficient_funds,3403.58,1,59,retry_later
1e42a87e-dbb7-4b11-8236-b74de844dc2e,0f9ec048-1394-430e-aa90-46fe2d8ed0cc,3972.72,Debit Card,expired_card,2315.19,2,105,switch_method
e706da30-16aa-43c8-8c9c-a876952e1b31,fe57e124-26b7-4d40-8915-12c6940b0c6b,1027.46,UPI,incorrect_pin,101.51,0,46,retry_later
9d95ad47-f743-4856-b404-8940c0e5557d,478ecc17-cd15-4297-bc3f-49335c4f10f3,258.85,UPI,gateway_timeout,760.8,2,45,retry_later
827a3f4e-17f5-4017-935e-4f749776b531,ccae6fbd-0da1-4c04-86b2-ed7f181d00dc,1827.1,Debit Card,gateway_timeout,817.1,0,136,retry_later
4c4d9673-9a19-4fb7-84d8-247209995ac9,53ab2cef-85d0-4f30-ac4a-9ad46f2fdc5d,1790.01,Credit Card,risk_flag,31.44,0,42,give_up
078c6a9e-31e9-45a6-bf70-0f8dca6feebc,31e2ee29-c9c9-4b9e-b203-adef77c224bb,420.67,UPI,risk_flag,380.2,1,38,give_up
d93d2ff7-4216-45b1-b1ef-3714adf4a461,b19b2667-780f-4951-aa0f-51b690f87d2d,274.08,Credit Card,insufficient_funds,2330.7,1,56,retry_later
db1a2b92-e150-4b2c-b972-af28f26f25df,c7b617da-1e2a-4ed1-9eaf-1a9ef7c37f38,1613.53,Credit Card,insufficient_funds,229.03,5,43,switch_method
0fe9305c-795d-45bf-93d1-88f2935e83df,e01eae99-781a-45bc-8e3f-79f5f444214c,1335.42,Credit Card,risk_flag,214.04,1,35,give_up
26ca27f4-2144-44d8-bcad-4ced38b21a5d,5fee4dc3-0e1f-4e09-b234-cf08ce9c197a,1051.06,UPI,gateway_timeout,299.5,0,11,retry_later
e74bb699-f32e-445a-93c2-9341cd9f168d,ba583a5a-e958-4cc6-b4cc-f44a135df4e5,1622.24,Debit Card,gateway_timeout,56.44,3,30,give_up
f7e067c4-dd10-4299-b87e-a2718b125a95,dcbde5c0-4f92-4aab-8808-a271178cdca8,431.12,Debit Card,gateway_timeout,315.41,0,19,retry_later
dc26bd29-a16d-4db5-b3c1-88db31e6a483,5300aaff-8938-4416-a242-fd96302bd653,1027.35,Credit Card,gateway_timeout,97.24,0,30,retry_later
6370e95a-2302-4e5f-9c51-ed91a411a631,a649cd17-4680-4710-b69c-e7d10c19f0cc,3616.72,UPI,gateway_timeout,4962.48,1,53,retry_now
d0a767b9-11b4-454d-abbc-20c4b7095d03,c179729a-cfd7-4c15-b08d-928129097c87,1147.15,Debit Card,insufficient_funds,522.91,3,56,give_up
92b7be40-127e-4ca7-9e82-fb4e1168580b,f527d2ad-2a1c-404a-a1d1-56cd8678b6c6,205.7,Credit Card,expired_card,186.58,2,16,switch_method
63f269e3-c941-4944-adc4-e05b97a42d7f,efe00863-b338-46f7-a68d-f1d0d10955fe,977.99,Credit Card,gateway_timeout,10126.46,1,5,retry_now
2ffb022a-f559-4aef-8bc3-d6b037b22f2f,b1eb7365-62fd-4e6f-99ab-0dc43668b84e,449.8,UPI,gateway_timeout,897.31,2,81,retry_later
5fca2882-ed13-4185-8ce3-e998e0878ce2,578d4415-9810-4740-9669-d01a0cb17f37,2558.76,Debit Card,gateway_timeout,287.45,1,45,retry_now
9018ec64-f230-468e-9e7f-445e95da9953,fd8ecdda-1d47-4459-83f6-38facdf3f23b,2736.65,Credit Card,incorrect_pin,652.26,2,35,retry_later
964dd611-9805-434c-b985-5d75430d88df,f814c721-2ae2-4bec-8513-d2bdd8f33e7c,209.26,UPI,incorrect_pin,49.25,0,8,switch_method
cf6c27ba-478c-423b-a80e-8edc3d6a01f7,94451dcd-9ddc-4e6b-8bea-9013b1cafb36,4849.92,UPI,insufficient_funds,4211.92,0,32,retry_later
8e03e7c6-bdb3-4b55-be46-867a497ed9bb,0385e4e8-6752-4e2e-8a08-ad198c612a52,425.88,Debit Card,risk_flag,338.94,0,102,give_up
17b88868-b8a6-4876-a05d-a3f2dd5075ad,2be861db-262d-485b-80f5-474dac67de75,13724.49,UPI,gateway_timeout,351.68,3,52,give_up
9f69867e-be0e-4377-a926-f72ff7def30f,771b9c45-afd1-4309-bdcf-f54aaebe1f63,1696.96,Debit Card,expired_card,10.0,2,5,give_up
11a3251c-acb7-4ca1-9708-c184f88c5ce2,c99d1d3e-4fd9-4739-9540-bb196797ebdf,357.7,Credit Card,gateway_timeout,341.24,1,24,retry_now
c38de650-6522-42d0-84ef-58dfe0b4dd3f,2dfed2e7-f140-4601-b93e-38cd28eaf7a2,409.7,Credit Card,gateway_timeout,170.82,0,234,retry_later
283e1151-10e9-4ed9-a196-a23c194ba5bf,14f4d311-9fa1-4f30-b642-bc7af7d2faee,2842.74,UPI,gateway_timeout,12.64,0,47,retry_later
a6dbb785-136d-4c16-abb0-22fee0d624a9,1f7eacaf-2874-4523-b02c-d972fe6ca3d1,1087.14,UPI,incorrect_pin,7856.29,2,20,switch_method
2f853349-05fc-4c3e-b0a4-13a3ccdf2024,f7fdbfb1-5bb9-471b-8c79-949bc4547a0b,1594.55,Debit Card,expired_card,85.67,0,146,give_up
4f4d4b8f-97e6-4811-9a20-c677ed61af9e,7f4cf06a-fd49-4705-b4f0-1b2f9e402bec,14714.88,UPI,gateway_timeout,185.96,2,24,retry_later
1b1f38ac-d24a-4199-af70-71bacc585c38,01f88513-62f4-46f5-8617-ecb4b8ed8c0f,728.5,Credit Card,incorrect_pin,178.37,0,78,retry_later
5ccf5317-d418-4e78-8c14-02fa74b678aa,12e7f7db-a15c-4851-b8aa-8d90be2f7c49,1954.62,UPI,gateway_timeout,295.75,1,9,retry_later
5ac36b40-98f6-4243-a89b-4f88599181b2,e229d777-bc7f-4078-bbca-2cbdc0d4a403,11450.6,UPI,gateway_timeout,1013.98,1,10,retry_now
a52799fe-a693-4309-8234-5430c28ae371,110c290e-4078-4f5b-b745-5310b32ce7ec,2570.02,UPI,expired_card,1072.31,2,49,switch_method
e021e1f8-0e94-4e0c-b060-dfda1114209e,7b65184a-12f2-4a87-abd4-e7e379fc248e,223.95,Credit Card,risk_flag,105.24,0,16,give_up
a0047279-db67-41eb-907b-7575fab79b1c,f8ca05b3-e74e-4f33-af3d-dfb312e37087,3487.73,Debit Card,expired_card,332.71,1,3,switch_method
4d2fed25-0dd6-4b93-84d2-644fbc5c912b,8da4515f-cce5-4bf3-8c40-79183ff2d74a,398.65,UPI,risk_flag,153.85,1,156,give_up
a442871e-10df-40b4-b433-fa4c48651911,6a94955f-8072-4064-a4f4-1617564840ea,11258.17,UPI,gateway_timeout,2263.06,4,3,switch_method
25460e01-6faa-4fcd-a280-3438082b6c72,fdd20f38-e69e-4598-b8e0-65c969912923,620.34,UPI,gateway_timeout,50.92,1,75,retry_later
10a6d819-1ca7-4752-9530-caa9c12d486c,211195ea-039e-468f-a1d9-dda19e2872c2,85850.47,Credit Card,expired_card,518.54,0,24,switch_method
6543eec2-0513-4bfb-8445-f42d694dbe84,49cb9367-21c1-4702-b0a9-783c8de99919,12180.47,UPI,gateway_timeout,178.41,1,162,retry_later
4bdda140-4f27-4b90-9949-c5f75eef2492,21f2042f-a51f-4836-b951-90a204d8883e,641.88,Debit Card,insufficient_funds,10.0,1,256,give_up
2cddc7d4-f3c0-4fae-8c4c-dffafbc0fd35,fbca0b7c-666b-4094-b04d-905cf53a86c1,1855.7,Credit Card,risk_flag,11.74,2,24,give_up
289da5af-744d-44aa-863b-37a00fb9e954,b66e6d57-5d25-4e8d-a44d-06c9ce07e1e3,4816.19,Credit Card,insufficient_funds,2121.83,0,53,retry_later
c5a7f9a1-653f-4ee8-805a-60e64c06cb40,79ad1a96-0719-427c-9f54-1823893fba54,5007.83,UPI,insufficient_funds,2853.46,0,88,switch_method
99a289b0-a00a-4831-910e-890963374c03,48df8c4d-33e1-43ba-90e2-9cbd17c42cbe,3213.25,Debit Card,insufficient_funds,1886.09,3,7,give_up
d53be402-c93c-47a9-a11d-23ee331b0665,78c30d38-3e17-4e08-80cc-50d095c35ac7,9207.8,UPI,gateway_timeout,572.46,4,74,give_up
b3a3b26a-4e3a-4216-8eb7-c83e4eacdebf,346fc186-e2d2-444c-9277-771b54dacf2b,1540.93,UPI,incorrect_pin,4408.68,0,141,switch_method
9f48a869-0a07-4f6b-b242-d9942c06feba,0f98f2fe-435a-4163-9ff7-46d3373b92c7,1122.45,Credit Card,expired_card,271.26,0,11,switch_method
d7d969c3-156c-4570-9826-bf711bfd34aa,2b06bfad-7df9-451e-be60-522d1e4ef1c4,1151.79,Credit Card,expired_card,45.14,0,109,switch_method
357590a0-d823-455d-b4b2-2c608e7adc30,c5b6f9b9-8275-4e52-8584-7a9dc971d938,5518.63,UPI,gateway_timeout,584.56,0,7,retry_later
b9bdd3da-7fd8-469a-9fa3-adc2d470174f,811e6054-411d-4adf-90d0-3d3d0d833422,2906.59,UPI,risk_flag,212.36,0,50,give_up
8288279d-5ba2-43c2-993d-7c9cb0b12d6b,99d56f09-9f93-4bfd-be35-062dbd458f5f,2640.36,Debit Card,insufficient_funds,280.12,0,24,give_up
4cb14fff-5883-4ffb-b3df-912e07defaf6,78641606-5f0c-49a5-8caa-8d42cf4072c4,5083.75,UPI,gateway_timeout,10.0,2,38,retry_later
1944aced-ef19-44d2-be88-22a237d3d783,4d342643-b6e0-48e9-b4fd-8c3ba1cd5f7e,125.67,Debit Card,insufficient_funds,275.94,0,21,give_up
0dde35a9-97d3-4c94-bacf-0a938201fed0,a02fd544-d489-434e-9b83-9003b292ea09,2705.63,Credit Card,risk_flag,1789.02,1,18,give_up
c0f297a8-117c-4160-90fb-0b34e0770ebd,b4d75745-49fd-48f8-aa5f-239aba614670,2402.2,UPI,incorrect_pin,68.62,1,81,switch_method
84b4a495-20de-4354-ad75-7d8c1f379450,a70fe731-a074-433c-847f-459c874afe29,15826.65,UPI,gateway_timeout,318.71,1,15,retry_later
de361c99-79a3-4227-a563-8ea71e656b11,76b35ba3-ea34-48f0-985e-b46656478e6e,247.85,UPI,gateway_timeout,216.06,1,31,retry_later
899e6c0c-c786-4d4a-a009-6cce84d66548,efcf8225-257f-43e3-9510-812ec84f29ab,13688.93,Credit Card,insufficient_funds,347.69,1,19,give_up
6415e082-7185-4323-8f27-0946435d8619,db8c100f-775d-41f8-8251-59f91fdae810,1994.27,Credit Card,expired_card,742.59,2,16,switch_method
4d295714-2f65-4c98-82cb-7a16a64b7adf,73838e84-f41e-4512-9a64-d44e787609f6,3414.16,UPI,gateway_timeout,362.63,2,59,retry_later
37529554-fccb-471e-b4c3-13ab94c224ba,37e35dd2-66a6-439f-9592-d4aab804759c,15973.63,Credit Card,risk_flag,852.43,0,2,give_up
233db4e4-4f31-4bed-9cbf-92d6462fb502,1474c000-361a-49f0-b352-b8a2bb055a81,3748.04,Debit Card,insufficient_funds,795.19,0,93,retry_later
600ffec8-5113-41c2-9427-9817a10caff9,8ea744f3-6800-4988-9662-2167c71023c3,3042.63,UPI,gateway_timeout,282.93,2,47,retry_later
295008ff-003b-4e6b-9618-5728e270c08a,c85b189a-caa0-4b3e-8a9b-4754a4224822,2477.43,Debit Card,gateway_timeout,473.46,1,105,retry_now
a3909bee-d439-4130-b26b-9ab26c204d44,b0537404-b95e-4782-93a6-5c5c8a31fcf1,964.37,UPI,gateway_timeout,10.0,4,14,switch_method
1277ff4a-1e73-4c35-bcc6-3e90b78139a8,10d0f0b9-a590-48c4-b074-5329aed7c47a,1742.3,UPI,incorrect_pin,321.08,0,74,retry_later
1e1bd9ae-b99b-4996-9458-a270dcadb055,8040cbcf-a87a-4707-9aeb-2ff0abdade8f,713.25,UPI,risk_flag,855.74,0,32,give_up
33725531-2633-4aec-b377-2148fe7aebc8,0f4d4e19-cd24-479f-a5b0-8e46bbf8c837,1706.27,UPI,gateway_timeout,1744.29,1,4,retry_later
f5414630-e336-4cb8-bbd9-87c19a8429ba,0970cdb4-9d7e-43ea-90a6-62fa68fe7888,86.77,UPI,insufficient_funds,28.54,0,83,give_up
767e6675-c9a8-4562-8468-cc85bfc19d21,17f228b7-b806-48e9-9209-8fe528dd9b38,3158.18,UPI,gateway_timeout,355.22,1,86,retry_later
ddbe1414-63e6-48a5-ba39-277161c17ef1,558d797e-e780-44d6-aa71-089f861f1093,1543.4,Debit Card,incorrect_pin,270.15,2,18,switch_method
71f37538-9d6f-4b9d-94e1-5bf41105106d,7b4fbc07-6794-455f-bf5e-9ec474034c9b,1167.87,Debit Card,expired_card,2062.09,1,148,give_up
cddbfd14-a6ac-43e9-8f14-263a87b7b180,ef5a9216-e693-4d25-bf4a-739975e021f4,2405.91,Credit Card,gateway_timeout,1259.61,0,86,retry_later
25e6c8a8-48f2-470f-b872-fa90962141c8,649a95b7-c1ef-4ef3-816e-abf19a767bd3,280.44,UPI,gateway_timeout,765.9,2,21,retry_now
c9d0ace7-92a0-44f4-a858-97cc5e23312b,8ded18ec-f2e9-4b87-bcef-3b07569e8d07,22204.52,UPI,gateway_timeout,31.66,1,16,retry_later
f8c0315f-eb1a-4e90-a406-5b20ea536713,b0ada93c-8042-402e-9f29-077d51fe979e,1581.93,UPI,incorrect_pin,8005.98,1,34,retry_later
b1122de7-a36e-4cb2-a6d8-d13e7aa3b2a4,482af9df-1b0f-4a02-b2c7-f3c33a987f63,1495.78,Credit Card,risk_flag,282.03,1,20,give_up
a7b100f8-5089-4f7b-99cc-fbbf89feea68,3972491f-c972-480e-a22e-95875e747c51,515.42,Debit Card,incorrect_pin,510.62,1,14,switch_method
54371b14-3cf7-48d2-81ba-9adbe03b9269,98a4a094-6f17-4cc7-bc20-68dcda8c8132,1865.21,UPI,risk_flag,154.27,1,30,give_up
d61ba0c3-adcc-4a79-ba54-e1a85c7c499c,65911ca1-036d-4410-82ad-be49ad8e38b2,10971.41,UPI,risk_flag,290.83,1,1,give_up
3030fc04-f120-4251-8f17-3fdd713c979f,5e03a6d2-2ce0-44c4-8dbb-2ae78a3e80f7,6951.35,Credit Card,insufficient_funds,182.2,2,30,give_up
255c5ff7-0b77-45e5-8506-820be40c126d,f3cf4a00-f73a-4652-aaf6-fd8c3ffbeb91,5490.47,UPI,gateway_timeout,130.6,0,15,retry_later
2f2d31a0-0292-483a-b1f2-bda1fc2665d5,54527a4c-4221-4612-9f7e-968c81e23138,3678.71,UPI,expired_card,526.89,1,18,switch_method
a3c9f74e-cb8f-456c-9564-3f1ad19b9cd1,a91d9333-0069-4b55-9310-8a72d63fb072,1134.44,Credit Card,risk_flag,200.91,1,5,give_up
36dac103-8e05-4d01-bb04-0b4f3bdc5232,a04cc0bd-dbff-4ca8-a62e-fd9c63fa410e,274.46,Credit Card,risk_flag,187.43,0,53,give_up
1118d21d-a285-48c8-8e24-8e2f24482292,21a64d3b-e82f-4d42-89a8-c66f2cfc7358,1392.21,UPI,incorrect_pin,289.26,2,38,retry_later
97619042-9376-47bf-a509-0861bad9b9fc,62609c01-0b67-4428-9223-3f2bfdf5b5a9,1330.58,UPI,gateway_timeout,1720.08,0,83,retry_now
89d95a59-dcc9-456c-82cc-901671f6e9e8,f8f5bec3-0c04-4828-8c6a-101d862b1ed5,7068.71,Debit Card,risk_flag,33.26,0,261,give_up
2d6f951d-2393-43aa-961a-8f93a0c8d78c,5172a8e4-9397-4a89-b98f-c7ebcef56521,2703.24,UPI,gateway_timeout,231.69,1,7,retry_later
34c49b36-f7ec-48a5-99bc-3335d4650306,c4b10a37-6993-4210-9498-baa1276a80c2,14705.91,UPI,expired_card,37.66,0,19,give_up
6f58ee7a-4f3d-4593-88d6-459379def252,fad2ffe9-0acc-455f-af98-fae9bc075492,8576.1,UPI,gateway_timeout,334.49,2,68,retry_now
a42fa768-d1e7-4aca-8b27-8109f7249b06,5c95d0f4-2b2e-4bc0-981b-e3e334c2454e,998.8,UPI,gateway_timeout,1432.4,1,16,retry_now
ca6d6b63-721b-4bbe-b895-ef3c74bcc756,01b566ce-7f8b-49b1-a988-b20374cf1874,175.27,UPI,gateway_timeout,1067.95,0,1,retry_later
0b326f93-c50e-43c4-abac-684d17185271,c5d908c6-3e23-4ebf-b16c-7b2266fba3bc,10951.68,Debit Card,insufficient_funds,1073.51,4,6,give_up
7efc61c9-49c1-47a7-8514-23ae29584dcd,76da1fac-3cd3-4247-afea-8afdfa9f8e7d,10585.08,UPI,gateway_timeout,28.36,0,34,retry_now
167653de-4170-4dda-b264-7282140c2d3d,372122a5-efae-4947-bd99-91676c87cc79,306.1,UPI,gateway_timeout,114.89,1,33,retry_later
adf0b322-ca10-499e-bcd6-b85a2875a4fc,448d3790-2e2b-4c7e-ad50-6e38f44fe8d7,12861.74,Credit Card,expired_card,663.12,2,215,switch_method
be38c696-406c-450d-a8ee-15f3b9f21e52,918aa55d-273d-47c2-b21f-944d7d8d61c5,2971.29,Credit Card,incorrect_pin,289.56,1,37,switch_method
7908160b-81ab-4218-9725-c3222f1624b8,9ff0e985-1b6e-40a3-a48d-254dd60ff84c,2228.07,Debit Card,insufficient_funds,2465.92,4,68,give_up
cb207713-5983-4c9b-8b8d-3b10a4dbcd18,fddf4bdf-1b3b-4903-9395-3dbe8818b7db,14753.24,Debit Card,incorrect_pin,50.64,2,40,retry_later
3e8daeed-6790-491e-b19b-ed8ed2cb2761,d1f17a22-ab04-4345-8314-ad96578a6105,10384.72,UPI,risk_flag,473.96,3,18,give_up
b40a721e-a9d9-4368-a9f9-3f8de3cebc96,bc3d958f-7af2-4ab4-93b0-0d5aa5d092fd,4216.37,Credit Card,insufficient_funds,2659.48,0,6,retry_later
d92b219b-c7fa-424c-9aeb-2221084b74ad,8e02d3a1-966f-4b80-ae92-30b05095e879,3344.87,UPI,incorrect_pin,190.99,1,117,switch_method
95ceacbb-8170-4078-9bad-42f71c0d1456,dc99fc0e-ac74-4466-aea2-f2defe9e8d34,4029.16,Debit Card,insufficient_funds,948.74,2,9,switch_method
838ef60a-c55e-4f90-986a-b7c21d37022e,fe814814-aaf9-45dd-b35f-6be8514e55fc,1074.84,UPI,incorrect_pin,72.78,3,6,give_up
c145d834-7c38-4429-9ae2-10b9670e247b,2af2ba79-9848-4067-b1cf-6b88f0cbc6ff,1683.06,Debit Card,insufficient_funds,5527.67,4,14,switch_method
767fe0c5-9755-4791-b107-38b6403c8fcf,3cdad3c2-edf7-4a91-8106-00570ec7b941,559.47,Credit Card,risk_flag,1440.49,3,0,give_up
7d81c083-53eb-4da5-a088-1197999bd992,39866868-5e69-47b9-ac25-7d04b47a4f49,1172.68,UPI,insufficient_funds,183.71,2,4,retry_later
84704a75-2ced-4fb3-b1c7-d7de5ed2193c,028cecf6-224e-440b-9336-38ca0c18551c,1122.57,Credit Card,expired_card,2253.39,0,60,give_up
c9673343-60c4-4850-8742-69fb0f703aab,eca89b43-f8ef-4498-9296-0981a7b3439f,791.64,Debit Card,insufficient_funds,914.17,0,16,retry_later
91aa070d-90d8-464b-a288-8d536e764410,b7f4c68c-8e69-4dc5-9ba4-9711736ddcf4,2159.8,Debit Card,insufficient_funds,2086.0,0,24,switch_method
4dee2cf2-7c8a-48de-88a3-8ba42879eee7,e7365c47-53ec-4c97-a2d3-976af2c83b7c,1186.57,UPI,incorrect_pin,10.0,0,108,retry_later
436c9882-b6df-4692-98c2-b0f9bfa71946,0b251c7c-1b41-4afd-a25d-a3f730bc4878,3473.46,Credit Card,insufficient_funds,977.89,0,88,retry_later
d54b7fc2-9e78-4dbc-8cf9-010ebf4dadc2,918b22af-b01a-4da6-a5a6-8006ae82de38,219.42,UPI,insufficient_funds,192.21,0,40,give_up
73ad06bc-4983-44d9-aa14-c120685b0311,e0896e08-6ac4-46ca-be30-bde40caf0fbc,1560.31,UPI,insufficient_funds,235.39,0,56,switch_method
0147ecdb-70b4-4c7b-baf4-0a11468b578c,fecb679f-bd8b-4aba-8446-82490c332e3e,2145.26,UPI,gateway_timeout,148.87,4,5,switch_method
507dcf5e-3065-4585-896f-398ba521d2b5,a22d5709-94d1-43bb-9c34-50125bbd4023,1207.35,UPI,gateway_timeout,63.54,0,86,retry_later
d2766cf4-c09a-494d-be88-828ae22ac1f3,0115a4c9-d1ac-406c-8848-8fed637e4a64,1445.04,Debit Card,gateway_timeout,227.49,0,43,retry_later
dc4b3baf-e75b-45b0-bb48-87885917eee1,5514dd0b-4069-495b-befe-b0dd97eb8b43,230.25,UPI,gateway_timeout,502.91,2,50,retry_now
676f0b19-d8ec-42df-8140-077658f9db88,8d70506e-b125-4225-912a-cc077ea29596,2873.89,Debit Card,gateway_timeout,2568.45,2,65,retry_later
3178ee0e-255d-4e07-8bb1-b1050d066eeb,81618124-a7b3-407f-9fc7-e6adc8ec2bf6,4196.0,UPI,insufficient_funds,29.22,0,41,switch_method
dfa17a37-f54a-4e02-ab2d-9c017e908bfb,43167354-ba80-48f2-abf9-2e16404b28e2,3434.4,UPI,gateway_timeout,706.34,0,44,retry_later
fac37740-c462-4f82-a28d-a2c7a8f5f01d,3d451779-cb7e-4d15-8ea7-397e61763ea3,6976.8,UPI,gateway_timeout,1019.73,0,41,retry_later
d34f5f72-5617-4e8b-ac01-3cdadfc02373,c74492cb-31da-4d98-b672-416b9fbe7592,2349.57,UPI,risk_flag,633.8,0,41,give_up
66360fc2-2211-4067-8b90-e73c12a70533,ce977af8-1ce9-46d7-90d0-4ac0a3bdf477,3368.71,UPI,gateway_timeout,4203.89,0,83,retry_now
b294c126-b0b7-4fbe-8c37-92e06b593155,402351db-dcf8-4530-9629-f2354d4a9bd1,2214.8,UPI,incorrect_pin,22.06,1,33,switch_method
4175f913-01c8-4932-b67f-dc2b997da3c9,04c25697-f6b5-4c84-aab7-3c619a1ec703,4419.65,Credit Card,expired_card,574.26,2,0,give_up
2e741558-c4f1-4cab-8f46-528b2b2a7c81,7a550c9c-de3b-4b7a-87e1-51b1e6aff3b7,232.67,UPI,gateway_timeout,288.04,1,56,retry_later
74b50f87-2b10-4084-98b5-af778ae2bfa1,6e1675d7-296d-4ff2-95eb-de24f2d77b13,565.86,UPI,insufficient_funds,390.97,0,183,retry_later
74b4959e-f217-4fe5-827d-2482cd7d9413,e13d4740-fa55-4a52-96d3-0abf3b6b9525,14228.03,UPI,risk_flag,2464.13,0,17,give_up
a36bc9bd-1175-4674-8cdc-620d2cc40ace,b0f8004b-0633-4541-a12b-879cf0f938bc,73.81,Debit Card,gateway_timeout,819.59,0,101,retry_later
2ebbe749-e28c-45bd-90f7-1520d509825e,a97430e7-bb58-44df-bdd8-dd9813a25b17,1506.84,Debit Card,incorrect_pin,217.36,0,36,switch_method
ca7cf349-0733-41c0-88d7-fecb9baac86f,3e4518ab-16f8-4b3e-b632-5c12ca377739,8299.56,UPI,gateway_timeout,505.68,1,61,retry_later
f966ff21-a388-4a92-8ad2-a979d560c3a0,e70249fe-34b9-4182-bfc2-db611db6b421,1601.6,UPI,gateway_timeout,1183.36,3,132,give_up
807a6be1-d4e9-4c39-a2a0-4e9508872d97,72d3411b-7723-430b-bc6e-8c204cf3704d,1067.94,UPI,incorrect_pin,543.19,0,88,retry_later
c84c8f40-9c8e-4686-8dc9-451d9e03ce88,92561d5b-869d-48fd-b688-47c8efa02441,2139.33,Debit Card,insufficient_funds,1697.51,4,129,give_up
1cb4d573-7b9c-4615-b94a-12ccd107a7dc,66b0cd8f-3313-46ec-9a36-70af92fae5cb,1142.47,UPI,insufficient_funds,654.46,3,0,switch_method
57191b06-d59a-436f-98f8-03159865d099,658411f8-a0d9-42a0-9162-0bf53e1ac2f9,1882.03,UPI,expired_card,499.36,0,12,switch_method
ca6b04c7-d149-44d0-bde9-ec7c28e7bfc8,ee130b9f-1441-4305-bddf-4ecf976cb705,743.68,UPI,gateway_timeout,229.53,0,33,retry_later
4f8a5bc0-4838-4e5b-a9b5-7d65a705e4fd,e7f5f68b-22e9-407a-9519-acb94a6c7bcc,7640.95,UPI,gateway_timeout,6101.22,0,112,retry_later
a42694c9-d708-404a-8571-9f977d556949,eac4ce69-6cb2-4f9f-b11c-c847ba1b184d,11501.63,UPI,insufficient_funds,607.29,1,109,retry_later
6688bda1-8094-40cb-9931-c739ed60c993,0c94e695-be60-4a5d-a9e0-fd66fcdb9af0,1520.19,Debit Card,insufficient_funds,380.78,0,12,retry_later
5b788196-ad78-45b9-99ad-f41d3830f0df,bab41f07-0215-45ce-8003-6cc33cd3c2b9,298.14,UPI,gateway_timeout,471.39,0,9,retry_later
c3abf7c2-2a2e-47df-9fd8-c4de806840a5,25c7e565-0d88-410a-94a4-4eebb3bd20d6,915.07,Credit Card,expired_card,160.01,3,108,give_up
57b0ecb2-2d59-4782-8ab4-82848337426b,98ddf9f3-448b-427f-859c-cf59f3f1cfd5,1423.42,UPI,risk_flag,440.32,0,46,give_up
7470273b-902b-41ad-92db-96a321d7ed95,d80d2f9e-56e8-41e6-8b70-372c29539498,3488.41,UPI,incorrect_pin,41.83,0,59,retry_later
9e6f802d-d35a-40cc-bf53-d037ecd4d7dc,4cfcd8a0-c58f-479b-9ded-2962236f127f,487.64,Debit Card,insufficient_funds,316.57,2,99,retry_later
97430ae3-85d5-4631-912d-1fdac4fb4130,2747013f-9df0-48d0-bdbf-50906e0ced3c,665.2,UPI,gateway_timeout,1601.82,3,14,switch_method
77a5ebd4-3b7d-44ad-8892-d2934ab6efef,a94169d4-d6e2-40e6-9035-2994855fa926,3511.78,Debit Card,insufficient_funds,310.18,0,8,give_up
491bda2d-2307-45fa-8db9-1ec7ec66dfc3,2b31588b-1c8b-4876-9414-941c54164ae3,6127.74,Credit Card,insufficient_funds,389.76,0,117,retry_later
c6acc33b-02be-4ab5-a352-a8d858f16f3d,f1412719-ec48-4202-8f38-4b3d7f13a2b7,805.87,UPI,insufficient_funds,2060.36,2,7,retry_later
ccece1db-5cf3-425b-b8eb-4e5a1f84509b,518147ed-f3b2-413d-8273-1ff70b7126ac,319.52,Debit Card,incorrect_pin,1364.02,2,5,retry_later
8c34ec4f-5494-4969-9ff3-49226477eb4c,576c0067-dbd7-4dc1-859d-35d1ab313251,129230.6,UPI,incorrect_pin,159.76,5,19,switch_method
9711a549-d490-46c7-bbd6-2cdeb62b02bb,44038715-6088-445f-95d5-3679df77f0d1,5005.51,Debit Card,incorrect_pin,10.0,0,22,retry_later
dd35534f-1ed9-4352-8ad0-ae0328030fa7,df3fdf24-627e-4530-b02e-9e021a809960,1277.8,UPI,gateway_timeout,184.19,2,16,retry_later
e2492217-923f-4f56-b56f-1cfbc01b4838,d4354839-ebc0-43c7-8e45-8bf79908f9e6,5595.63,Debit Card,incorrect_pin,377.88,0,81,retry_later
6c519df0-d471-4dd8-9c10-88a59d9380d4,1e1621d0-c493-4258-a71b-535e33305778,1537.95,UPI,gateway_timeout,13.76,3,217,give_up
0eaa9fe6-5f8f-48d1-85f0-4f78ab4a3cbb,3434dde2-ed59-4971-ba31-5b4c3130a6c0,5582.01,Credit Card,gateway_timeout,429.41,0,13,retry_later
17fd3ef8-2444-4ad2-99ce-a70ea4662371,c822bbcd-d5fb-4007-a091-080bb44768aa,2224.33,Credit Card,insufficient_funds,419.62,0,91,give_up
39d2fab8-bc17-4a7a-8ddc-4ae1474c4b79,2fafa934-8128-401b-b662-ab029fda4072,2035.82,Debit Card,insufficient_funds,635.93,0,2,retry_later
e0fc04be-4f73-4190-b8f3-d481bbf949d7,46e6544b-0d17-4881-8f08-620afcc6880b,1559.85,Debit Card,gateway_timeout,101.27,0,7,retry_later
bc8f88aa-569b-48a5-b44d-adb21040c481,c036e743-2a39-4455-9127-e0762341c09e,275.45,Debit Card,gateway_timeout,372.51,0,43,retry_later
a7960530-20fb-42d9-9bb4-c78c4bac7cc0,0c2c665c-9653-449d-ae3b-b0da0ca9558f,22460.72,Debit Card,gateway_timeout,3413.1,0,470,retry_later
17d75853-621c-4aea-9f94-7022078c89a4,40a1c30c-8ab4-4f3e-b53d-09324e3d3f04,531.66,UPI,gateway_timeout,3812.35,0,178,retry_later
ff75b781-32af-4ced-9c20-dfdedb4ee382,1d893ccd-edfd-4bc3-ab44-a897a414e548,308.58,UPI,gateway_timeout,5961.29,0,7,retry_later
06e13b63-611d-4f2d-a5ee-091e34291802,6f629e3e-1492-4a47-8a8f-a4dab5a1cffa,1370.98,UPI,incorrect_pin,1671.21,2,16,switch_method
a4263f7b-2123-4410-937e-c70a9eab4403,e3d967b3-1306-4c4b-893c-40aa3f3143be,518.06,UPI,risk_flag,173.15,0,174,give_up
c7ce27d5-99c6-40ad-b200-0f8ed4034987,3046c02a-b170-4147-ae9c-9e6082529c15,1690.49,UPI,gateway_timeout,1361.76,2,9,retry_later
56c4ab25-a447-4947-b1be-cd20a70dd050,f1c02341-2500-4f8a-a15d-f5664f618a11,4420.88,Credit Card,expired_card,3116.72,2,81,give_up
884fdb6e-7704-49a5-95d7-db1a5a401205,38698829-e318-4b0e-a854-f49bb58df3e8,6593.86,UPI,gateway_timeout,2975.41,0,0,retry_later
e13aa0c8-ed9c-46a4-804c-b075b42719a2,4c122a29-a496-418f-a2eb-2f5287a63038,5214.25,Credit Card,expired_card,1019.38,0,59,switch_method
bc108d78-cd1f-467a-b5fa-9db4d56b7875,bba9998a-3077-4f7a-87d4-b6b7572dcabc,1215.22,UPI,gateway_timeout,203.24,2,40,retry_later
0796d8b8-aa2b-4e8b-bcb5-4f78c08d22f4,c57cf5e8-a52f-434b-8378-7149f121971b,1928.45,UPI,gateway_timeout,91.17,0,38,retry_later
6cc329c1-29b9-4c08-a0f9-525d892a97c1,660d5299-1966-404f-a444-5c1c42843c21,3072.49,Credit Card,expired_card,457.88,0,106,switch_method
cc29d5e4-ca40-4d36-a5ec-2b5877c1ca2a,394a71ee-d2c3-4cd3-bc30-32d1db19a7a1,183.99,Debit Card,gateway_timeout,24.43,0,5,retry_later
2eddb229-b650-4a97-b19f-a9a75b7a06e6,153eec39-fda8-4250-b39b-28ee97f0b30d,3796.22,Credit Card,risk_flag,31.97,0,28,give_up
4f18569d-7abd-45dd-9e1e-5c2b70ab386d,91762bb2-782d-44c6-bd51-4577d68f2beb,271.92,Credit Card,risk_flag,20.06,0,35,give_up
7affd6d2-a5c9-4989-9636-cf71fa09a3c7,150beca4-3a66-4a97-a982-4482e313412a,25653.89,UPI,gateway_timeout,129.05,5,7,give_up
eb5e5ec6-0e12-4ca0-bc1d-ef28c1c34343,057b137d-075d-4538-a550-ef182c204728,1068.63,Credit Card,expired_card,348.09,3,5,switch_method
3c292687-5220-4f19-bbdc-c2201b59fc53,9ae67e9a-0187-4810-bf9d-705e68f60cfb,1421.78,UPI,expired_card,109.66,3,11,give_up
7daa7ece-6f35-4c7b-8ad2-fa94fd1a7f29,4391d4d1-0c29-4ce2-92c1-ff600f4736b2,664.73,UPI,gateway_timeout,691.86,0,16,retry_later
dcc74019-f3f0-490f-9adc-c3475865c4b9,41615223-66b7-4f4e-9ebf-1b47c504125d,797.15,UPI,gateway_timeout,183.55,4,202,switch_method
6600709d-7a9e-45b0-9c56-73a0463264f2,98b38070-a4f9-4914-8fc0-0caca761b7bd,34763.44,UPI,gateway_timeout,1584.49,1,38,retry_later
cb975abf-bdf3-4e4b-a8b2-ab5ae69e3554,99bd546e-0cc2-42a9-8f74-537b3057c1a9,6139.39,UPI,gateway_timeout,783.88,2,42,retry_later
eb9f9ade-41d8-4134-a2ac-bed0fd7470fc,6ef7bba6-1a13-4249-9be6-3ec9930245ff,241.3,Debit Card,gateway_timeout,553.09,1,73,retry_later
1f45b8fa-e21b-41fa-906f-18cd7c240e6c,a3c65adc-bc95-4ecb-b576-7981241bc9d2,12777.96,Debit Card,gateway_timeout,1201.38,0,69,retry_now
05181d4e-562c-4bf6-9726-9c8295babcfb,087e3989-e477-478a-be68-652dd67ed443,8528.89,UPI,insufficient_funds,78.74,3,41,switch_method
bf8b5abd-80bb-4a3b-b009-970d754a6327,63ac8442-a6bf-4007-9e39-c1e360279158,1254.41,UPI,incorrect_pin,1289.44,1,24,switch_method
cb55d9bf-0f9a-48ee-a61a-a3d774195b81,1eb86d9c-5654-493f-979c-c0e289a95e61,2693.79,UPI,gateway_timeout,1272.87,4,24,switch_method
ebddbcbe-0f4b-40b4-a10d-dad77a113b69,f8f33563-dfda-4924-8be2-1c28435e59df,1773.26,UPI,incorrect_pin,180.92,0,3,switch_method
e34e3a3b-4275-45dc-8ae5-599b79ab20b5,ed5bb6e4-294d-4dd9-b5ba-cf75e72b8fd0,23490.56,Debit Card,incorrect_pin,80.18,5,137,give_up
0e6eb497-14ef-4ac2-b260-b4fcf2430ec3,c3fb6fde-38bf-429b-8083-d7bb700063fc,642.15,UPI,gateway_timeout,276.78,0,88,retry_later
c6f16aa6-a1a5-4b4c-817b-ac9abb57a7f2,61173635-2098-49d1-b5a6-877bba855d55,2185.97,Credit Card,insufficient_funds,261.54,0,58,give_up
12d70b7d-212d-42d0-a281-81644f5e60a3,89ed9ac0-61b8-4eec-839c-b5c1b790c316,1036.3,UPI,gateway_timeout,1449.34,1,30,retry_later
4990b044-01dd-4efb-b77e-3354b17c5258,04fdbe29-f4df-440f-bbd9-628fa59f3248,280.63,Debit Card,insufficient_funds,697.25,1,52,retry_later
e43ac28d-d72a-4b5d-823a-4cb6bea8059e,32c0d206-4df3-440e-87ff-83ce9c365e74,31229.85,UPI,gateway_timeout,76.5,2,39,retry_later
3ab42083-38a3-48eb-9e31-3ed6d0cefeb9,05e5639c-098a-49e1-b80e-ce4545a80732,389.15,Credit Card,expired_card,2302.06,1,19,switch_method
bdccb531-d0f3-40fc-ae0a-f9a97f4d7a87,4bb4b777-6f69-47a2-8717-51607441cb9c,2407.08,UPI,gateway_timeout,1810.95,0,21,retry_later
e9f74281-4c71-4221-9730-135217817144,ae93f3d9-fb29-4ce3-b50c-5f963237f77e,188.12,Credit Card,incorrect_pin,625.2,1,124,switch_method
aede0c7b-9af3-48ec-a139-b8cf56cf436f,b7fb326a-95e7-4574-8588-2c007226cec2,1076.22,UPI,insufficient_funds,2905.47,0,60,retry_later
7dee633b-3e56-4ca8-8167-bf925e817563,26e3c875-d451-42f1-af77-216f8d603c1c,3129.28,UPI,gateway_timeout,433.18,1,0,retry_later
9ddbd90e-5e94-4433-ab47-d10c98a85071,d113b482-13f7-4a4c-9efe-7fd39bc56fb9,618.84,Debit Card,incorrect_pin,310.7,0,23,switch_method
ad78362c-037b-4944-8586-6c752c708474,27d7187a-89f2-4632-81ec-d5f66ba03244,3877.1,Debit Card,insufficient_funds,84.95,0,24,give_up
6d79200b-9df6-428f-8db0-d3b2e6fd8c27,783b5e17-891d-424d-b107-4390d52b545c,1274.42,Debit Card,insufficient_funds,306.1,4,73,give_up
713f6818-ea35-46f7-bbee-007660c4dbed,2e84208c-eadd-4971-b4b2-0c26db5afff4,8169.04,Credit Card,expired_card,2638.4,0,72,switch_method
a9569b18-0563-4296-ba2d-5994303d7e1c,d49cac37-aa9a-4efd-8732-183ac73a2c29,10617.82,Debit Card,risk_flag,1016.85,1,37,give_up
905f9535-36f5-47e9-a985-a50b372f7766,88ce08c0-3250-483d-b89b-ce13ba2bde80,843.22,UPI,incorrect_pin,10.0,0,180,switch_method
9a23b9dd-e5b7-4928-8445-64910103f293,61e037d2-9193-4330-a063-a1a470aea591,1997.7,UPI,incorrect_pin,4019.58,0,123,switch_method
2fa3e40e-2d9a-4c0d-a237-fb96f42efd88,7f04aa55-a3db-4e3d-9717-e296fbb9ae78,2295.01,UPI,gateway_timeout,4537.27,1,120,retry_later
2d1959e3-0c5d-49de-80a2-b439754eeb34,d37a830c-87d1-4a1f-b541-315bee765f55,4044.67,Credit Card,expired_card,35.63,0,25,switch_method
ffcd6946-646b-4932-beb5-937aae659ec3,12e48a2e-d7b4-4a36-a0e9-e4dbb97f36a0,1842.16,UPI,gateway_timeout,127.83,1,33,retry_later
9fd0b3f8-871c-4959-84b2-ba9409efc9b7,6d88f49c-c108-44ac-bd71-706cf22ccbff,2315.25,UPI,gateway_timeout,134.07,3,32,switch_method
a37423f0-582a-428d-8a64-9e552b1485af,8311f179-0d6f-46af-8bb2-6cbc1793ebf9,1317.61,Credit Card,incorrect_pin,25.62,2,34,switch_method
e999ac53-a9b3-4d88-accc-2fefcf6dc83b,bb26b90b-7058-4ee3-8f16-64cf90bcf4c8,2100.25,Debit Card,risk_flag,162.59,3,132,give_up
ebe9844f-2c73-4fca-b241-fc4cf34c9c41,210caaf5-ff33-45de-8fd7-17a5cb205801,9772.45,UPI,gateway_timeout,22.86,1,17,retry_later
4b47d011-0d10-4e1b-9677-d73b7e552cac,35001f86-52b6-465b-ac39-dcc719df8767,4187.71,UPI,insufficient_funds,213.43,1,97,give_up
478bce09-2ba8-47ff-94a3-b7e95391b29c,1df51c8b-f2fa-4681-8bfd-bae2f7d1815b,4499.1,UPI,risk_flag,3158.17,1,43,give_up
453732e5-74ee-43ce-a8b7-3c0319c30a27,2f3df116-8fb0-4f33-b2fb-fb5b98398a23,4628.52,UPI,gateway_timeout,736.08,2,17,retry_now
7108b612-0c03-415b-9788-4d3fe7ba7204,f7a743fa-0513-4d3c-8ac1-56ea333f2af0,1480.37,UPI,gateway_timeout,19.56,1,44,retry_later
c76e70a8-9d1d-4060-ab37-72038d534c95,0b112a4f-9060-48de-a577-208429cb3afe,2736.61,Credit Card,risk_flag,72.39,0,13,give_up
1fb0e17a-5888-498e-88c9-2e76504334c2,38ec025f-30f9-45ad-bd3f-b6f0fe65d1c8,441.1,Credit Card,insufficient_funds,327.49,0,6,give_up
222cc9a6-0087-409c-a18a-d838485c2fe0,fcbad02c-9358-4a72-bcd8-bff10d221254,9409.26,Credit Card,expired_card,2058.16,0,109,switch_method
2ba06044-ee2e-4ebc-9f43-0c46cc411b88,7021ce4c-da3d-4d74-b994-a552915ba998,50.0,UPI,gateway_timeout,1923.02,0,72,retry_later
2fb91ba7-249a-48b1-bef8-19452cac8a5d,762ebd3b-b7e5-4cd6-8e28-2dcbb200fe7f,1614.38,Debit Card,insufficient_funds,39.04,0,13,switch_method
6e949a36-2f17-4c79-abe3-4b4b2cc4da3a,1515dc52-f60e-4e67-9213-9467b45419bc,7967.81,UPI,insufficient_funds,42.22,1,171,switch_method
644c16dd-0dac-4a6a-8c1e-bc63a8879c38,d8c0c5e0-4642-41b1-a47e-db9742fb17ea,307.04,UPI,incorrect_pin,138.89,0,1,switch_method
e5a6cb91-dd5d-48a0-b7c2-f62f612c45e5,7f47383e-de7a-4d61-b2a0-07cbd4fae8e0,3040.31,Debit Card,gateway_timeout,320.59,1,24,retry_later
9628e17b-d8b3-4424-913f-32c8a8e29797,bbb8ee16-503e-48a1-b4cb-7d2271ca00be,746.21,UPI,insufficient_funds,1506.23,2,1,retry_later
9b3ec09e-2e08-417c-9225-575dbc99c6fe,06d251b8-92ba-4ade-98fa-39b99096fe99,1119.41,UPI,insufficient_funds,249.0,0,9,retry_later
41b6d5ca-beb5-46ce-a63d-8adbd28e15d3,7b34da9c-1a92-43ed-8858-f6ecf71f2047,6184.02,Debit Card,insufficient_funds,133.95,0,11,give_up
c0e65797-7bb8-4976-bea9-3afcb485bc5d,bed5d027-c666-43c7-8e09-f4252fa933a4,2338.99,UPI,incorrect_pin,210.61,0,99,switch_method
e317387e-20f9-4333-87cd-bc1276999fd3,b90d767b-40c1-49cb-af02-8712ef1b7914,128.42,Credit Card,insufficient_funds,226.24,1,298,give_up
a45d58d7-3027-4a3c-b35a-8b6afe17b10d,fef446c7-4329-4f78-9926-982fcdaa8708,508.08,UPI,gateway_timeout,462.5,1,121,retry_later
441d41ae-691c-4d33-91c4-bc1e47ee2fb2,80336d20-6477-45ff-8e4f-a7b7c2fab7fd,6424.9,Credit Card,risk_flag,10.0,1,60,give_up
1c0af229-da9a-4478-a668-3d18b08637f3,74aa63b7-4a93-4e58-9144-df12b8ac524e,3240.96,UPI,incorrect_pin,2340.11,0,77,retry_later
b1b51405-db93-4ddd-8495-2e152b6dd430,3fd739c1-314a-46b1-8410-685c6543dfbb,17545.91,UPI,gateway_timeout,53.33,1,44,retry_later
5ae6263d-e996-4451-bbf1-416871d2548d,a4496f71-0be0-48f9-a50e-2d18f3c6d05a,16113.97,Credit Card,insufficient_funds,393.79,2,32,give_up
eda5d2ea-045f-4d33-b0fd-965ca9d16072,d6644bbc-73f1-441a-9967-740b34b25e59,1158.73,UPI,gateway_timeout,937.03,0,70,retry_later
720a1222-e3f2-4be3-a7bd-051b0c3696bc,31fffd32-3fb3-4b63-a255-3f69539f733b,46826.71,UPI,incorrect_pin,506.1,2,216,switch_method
57eb05e4-5dca-4576-b06e-51954eefa65d,f76e9bf7-0e62-4b68-b529-150ba3ebc28c,1866.51,UPI,insufficient_funds,1488.38,1,1,retry_later
ef929a3a-557d-42b0-a122-ef9bad98aa9a,5b885fd5-3bd0-4b7d-a284-c2beaa79453c,517.25,UPI,gateway_timeout,69.54,0,22,retry_later
e5b38432-6df1-4e26-971b-525dc7625048,d1fe020d-4a9d-4d84-b4ae-31362dc6f0a5,793.35,UPI,gateway_timeout,1777.37,1,24,retry_now
569c1a87-6dad-4518-973e-2d8ea0d9e9a0,8992efcd-01a2-4010-90b6-b14253755ceb,96.18,UPI,gateway_timeout,243.74,0,32,retry_now
7aa33831-a16e-4b90-9f8e-8bb0ee315fbd,d254a2ba-7019-442b-96f1-180d1c4474d0,14605.08,Debit Card,gateway_timeout,11223.36,0,59,retry_later
e065b84d-8f2b-4de6-9d28-48fdfce10b0d,3aaa3557-12a2-40b0-beba-e4f1b015d5d6,14374.21,UPI,incorrect_pin,379.38,0,43,switch_method
a2a60eb6-4ca5-4f09-b620-ba4a09e43d5c,da7d4616-e9d2-4c56-933b-6d4e6884772b,482.91,UPI,expired_card,648.03,0,1,switch_method
595fa7ee-fa8f-4c43-a0ac-277c06966800,6c71a975-c89f-4a11-95a3-93429e83f07a,1344.46,UPI,risk_flag,517.4,0,31,give_up
0f11cadd-9383-4cc6-aefb-547c14d45886,3c59c998-55a7-4ab7-87d1-906f3ffb021d,2047.33,UPI,incorrect_pin,78.26,2,57,retry_later
161d4be8-a460-46c4-908e-be8431b680ca,a5d5e38e-363e-4dde-93eb-0b374858759b,518.81,Debit Card,expired_card,20.77,3,42,give_up
b0d1ac46-160c-4e34-acb7-bfe0b9b87a44,b40c7d48-5959-4a6f-aebe-45cab68358fc,184.63,UPI,gateway_timeout,739.4,1,123,retry_later
19106a49-20f3-4887-8534-88346aff8804,08fc50b5-0b23-4e58-8a20-5f94eecdba96,1375.45,Debit Card,risk_flag,154.07,0,30,give_up
93788ea5-13e3-4b1a-b924-32d9cbf8f622,af4826bc-1246-48b6-8321-ff52bf2b883d,1191.06,UPI,gateway_timeout,224.74,5,0,switch_method
68e286f2-31d5-4564-9374-d432086b74fc,3aefcd75-b730-4c31-83b3-c2ff9a7f12da,1091.24,Credit Card,insufficient_funds,399.8,0,20,give_up
47827f52-5fe1-4b78-9739-d045bcb02c24,5c01b64d-1f47-4cbb-920a-a35175519ff2,2415.18,Credit Card,gateway_timeout,541.58,0,8,retry_later
3f98cb41-5a41-4bad-a606-83d8306e43fa,4f8ccd3d-c8c8-4fcd-a7ed-ec0b65ab65be,11595.54,Debit Card,incorrect_pin,321.16,1,17,switch_method
65d862cc-09e5-4e18-9fe1-a0a1a48f1283,e55fd421-4e73-4e78-a42a-91424f45b1bc,1219.24,Credit Card,incorrect_pin,2150.63,1,26,retry_later
9900877b-282a-43e3-8093-05a8bac78a84,7c9c8bac-acf3-40e4-9a54-408eea5deca9,2256.51,Credit Card,gateway_timeout,1815.81,0,67,retry_later
f8ea1b85-2423-455a-9291-5f50be477cac,8bd22498-0a5d-4004-8897-741c119a4ca7,4651.44,UPI,gateway_timeout,150.99,1,23,retry_later
188c2632-e14a-48ee-b582-09cdeec4e09d,71444cc4-3c23-4fb2-89c7-ee9cb9d0ea0d,3715.94,UPI,gateway_timeout,564.72,0,129,retry_now
3955809b-38cd-4b73-9514-b1745644e819,8d0ae30d-1408-4150-959c-263e98e85ea7,813.42,Debit Card,insufficient_funds,278.46,1,21,retry_later
db859ad0-0c2e-4fda-abac-56421c9e6210,012db42b-b282-4278-a944-12f3fb191a2f,2049.38,UPI,gateway_timeout,1058.59,1,8,retry_now
bfc8c302-50fa-448f-8f2e-324fb11ed24b,6ba837dd-42a9-4574-af25-43bad349c71e,3684.17,UPI,risk_flag,75.86,2,11,give_up
88f4f0d8-4357-43ed-bbc0-5976a3486efc,c1f7bce5-df4c-4bdb-993e-d11825c23ee7,417.02,Credit Card,expired_card,820.29,3,163,give_up
d576bb23-15ab-4fb6-bfca-67acedcddcbd,a06cd933-20bd-4c01-83e8-3d31c304de89,9345.04,UPI,gateway_timeout,171.99,1,36,retry_now
19c66072-0805-4208-bb10-3f7106448cd7,6c1968a9-e3d1-44ec-a66b-0d81c3df4667,11626.77,Debit Card,gateway_timeout,1077.78,0,30,retry_later
0957ac1d-b3d5-4e0b-9642-e2109d49f6ea,78b01757-de23-4e63-ac56-205594b05c29,706.54,Credit Card,incorrect_pin,1713.12,1,4,retry_later
0072bcf3-de26-4938-9d0e-e702ab7c1b28,2600bf10-0e09-45b1-ae8f-1f13463b6421,2325.69,Credit Card,insufficient_funds,115.34,0,79,give_up
fe771340-03c9-4e37-aecb-ccbd842bd6fc,9a08be89-0d94-4c32-b567-ff3e5921da57,4167.04,Debit Card,insufficient_funds,305.01,4,71,give_up
1fae69e8-b837-4ff4-bcdc-ad0352f68342,c7a08f35-d78d-4ed3-a323-9ef6cc94b579,889.54,UPI,gateway_timeout,537.41,2,28,retry_later
85008fb7-c6cf-4948-8fcf-49ddae76b0a8,23efce2e-7c5f-4416-b5bf-07bf304f9e59,3381.58,UPI,gateway_timeout,1414.08,0,70,retry_later
4a0967df-11cf-4d5f-aaca-80efcb6c5d25,84267da0-ae46-486d-bf6f-d58d719830d5,2235.53,UPI,expired_card,222.72,2,27,give_up
48d271f0-e277-49ff-b81f-39bcbffffe8d,7aff2742-db34-48dc-8c9b-929a829fe95f,268.19,UPI,incorrect_pin,1247.82,0,4,retry_later
6019b9f1-59c5-4db9-84a6-6f9f7342eb07,7c65138c-661d-4139-be4f-d6eddffaea3e,3284.3,Credit Card,gateway_timeout,7134.77,0,80,retry_later
6cda95fd-0483-42ac-8362-571f52305e71,a7ffa4ee-a3e7-4d0a-bd6d-c6c75e584464,432.6,Debit Card,expired_card,15.1,2,201,give_up
25233821-ac40-4c63-8371-ca83d394f258,5107231d-0feb-4d70-b472-a45ab42cb3bf,6130.08,UPI,incorrect_pin,1175.22,0,62,retry_later
826dbea6-8f6a-4530-b5fd-3811f91547b7,b723b439-5de1-474b-b7e0-66c7c598fa5e,755.53,UPI,gateway_timeout,1126.79,4,19,give_up
a81fa972-5b36-438e-aa6a-102693179ec5,d8f0d00b-f5cc-49f8-a0ad-45ef5a8ac0da,1466.05,Debit Card,expired_card,869.54,0,18,switch_method
48cc9fcb-8a74-4e7f-a157-0dff43a4b301,330c4930-8e8c-4534-9fb9-4f50090d02e7,10764.0,UPI,expired_card,1215.66,2,158,switch_method
3b70390e-7624-4f22-8c68-afca06b56efa,b9391900-a8cc-4731-b489-5e29b03ca2d7,3447.13,UPI,insufficient_funds,158.93,1,21,give_up
1decdb4c-e773-43cf-a425-a2d86f8b159b,d9d09dd4-0a95-4d97-bc45-2152ef0da0d7,444.38,UPI,expired_card,31.12,3,87,give_up
59e6e8eb-b437-4a7f-a196-9eaf77e7738a,81086ca5-ecad-444f-91fc-e917f4b344b5,483.29,Debit Card,gateway_timeout,3804.5,0,61,retry_later
2b5789dd-e84c-4cd3-a074-020210e82e04,6e7f3e8f-d6da-4fb3-9216-fec1b377fd0b,829.57,Credit Card,risk_flag,252.58,1,53,give_up
562a6dc0-cb8c-4f44-bdbb-33061a4c43bd,60805b73-6e36-4e85-93d2-67395ef44665,3020.08,Credit Card,expired_card,290.71,2,11,switch_method
95c6e0fd-0000-4fa3-913f-dc6c1fbb60b3,abd40e85-47e2-46b1-aad7-356054487be7,2880.7,Debit Card,insufficient_funds,92.67,1,2,retry_later
5b6a4da0-b99c-4535-850a-31b39a5957b7,33c2b2cf-ac0a-4f89-9bcd-7c387df1b67c,604.24,UPI,gateway_timeout,788.61,0,40,retry_later
76f01f1e-b78a-44bd-97c2-cd47aa52d7b1,c66b98fe-9880-48d1-9184-372c7baa0865,396.48,UPI,gateway_timeout,31.05,1,266,retry_later
1cd8847c-140a-4cb1-b92c-f3fb93d6db28,db82b604-f0dc-4238-ab73-d1bdc5492af6,2607.27,Debit Card,insufficient_funds,307.47,5,13,switch_method
5ca65aaa-20c6-49b3-8d8f-5dd09bb5e048,9404470e-a9d8-404f-b5fa-23d1da8bc151,1427.36,UPI,gateway_timeout,945.39,2,46,retry_later
0425e174-5d0b-4b01-a778-c5a5ee296700,5ce4cf12-3df2-4211-8a23-4ae5e671491f,29863.15,Debit Card,insufficient_funds,3583.64,1,66,retry_later
f9dc8658-14e2-4dce-be6c-81e2ac443146,01f50389-a0b6-492f-a4ac-a1833f7477e7,1896.16,Debit Card,expired_card,8721.68,2,39,switch_method
2e1f2a69-851b-4cea-88c1-b7359416388a,52821154-452e-4b29-97eb-653ea124307a,19120.74,Credit Card,risk_flag,372.65,0,42,give_up
159985fd-6d14-49fe-adc4-0f58d26a6b1e,d989ed3c-b2fa-4b00-9a11-5a6ff014b486,394.85,Credit Card,expired_card,373.0,4,64,give_up
7b8a0c87-877a-48cc-b7f0-093f860942d7,54759848-725d-4ddd-a184-2ed44e0888b0,233.88,Debit Card,gateway_timeout,3481.84,1,101,retry_later
1d028d9e-56bd-4f12-83fc-391d79e2a05e,cef86d91-b5fa-4b4f-b29b-cb8ce4ed3d3a,421.53,Debit Card,insufficient_funds,380.17,0,24,retry_later
8e74578b-7196-4226-a3ac-3fd6dd1adc7c,ad6dbe33-93c3-4e43-b281-d6454733f954,8483.42,UPI,incorrect_pin,6683.14,0,137,switch_method
f2b46ace-dd47-4480-bbc5-e6c75bff1383,aa9f2bea-a419-4da9-a886-44219f0af6af,17728.56,UPI,insufficient_funds,529.17,0,39,retry_later
9b154824-0c8a-4644-8b7d-304878b3616e,03719622-f5f6-4d5d-8335-da8d15e26f34,654.04,UPI,expired_card,281.93,1,65,switch_method
3fa6eefd-4e01-41c9-92d4-df39726d122f,7d1ea837-2110-4d63-8d4b-d9869c79733f,993.53,Credit Card,gateway_timeout,163.11,2,6,retry_now
6f84579b-36bd-4b17-9376-aaf170871fdc,de69965f-604d-4044-9425-a23af6091538,395.57,UPI,gateway_timeout,394.92,3,40,give_up
7711feb9-0d71-484d-ad4f-c43a3aa2840a,bce9a299-e17f-42c2-a78f-524f93ff4207,171.55,Credit Card,insufficient_funds,649.55,4,0,switch_method
d79b77ce-d4e9-4324-9936-a3113b15f837,9cd7e78c-d962-4d10-bdc9-f579cefdb090,4600.57,UPI,gateway_timeout,840.41,0,29,retry_later
d1b09788-3835-4f57-8d69-de2f081cbe21,96d3c87f-fdee-4644-b7ea-c4e5f937e12d,2416.14,Credit Card,gateway_timeout,1850.81,1,3,retry_later
0d3d3935-fde6-4f18-9e75-acbd1fbd05eb,b4b15fe4-ef64-468e-bd4d-1601d7da9c89,1832.86,UPI,insufficient_funds,67.72,1,136,retry_later
29b966a2-cfcf-40e3-b716-e13af7c12de4,a63993e1-e618-4b53-a602-adcea4eac5bc,292.93,Credit Card,risk_flag,1984.89,0,67,give_up
a6ea38ab-cd82-4a9c-8e20-c1cb1d9886b6,e0e0dc65-53ca-485a-919f-188bce2b6805,15244.04,Credit Card,risk_flag,3960.57,1,94,give_up
2efc69cd-4adf-4c6c-995a-f54a056b0a02,1bafc59d-9bcc-418e-862f-db31fdd38cf0,939.77,UPI,gateway_timeout,10716.77,0,37,retry_later
243bd5f1-675c-4b99-978e-b4ad489d5eb0,8d88689a-825a-49d7-b0e1-7c50b2bcc266,3618.14,UPI,gateway_timeout,2656.39,0,114,retry_later
8bb46e3c-f9d0-4053-ac5f-8fa3fd5f5afe,399e4a24-f25b-43a0-ae17-b84684b5e471,272.89,Credit Card,expired_card,209.98,0,123,give_up
63a4d255-780b-4ec8-8799-89b07f4511b1,a62a9da9-840a-44d7-b9ad-49a8d505e097,1411.37,UPI,gateway_timeout,363.92,2,26,retry_later
2a2d4aa8-c8ce-456c-a66a-f05827b62e11,b7c2bb2f-ce04-4b5a-aeee-a90609d87926,2640.67,UPI,incorrect_pin,511.87,1,28,retry_later
d38ecbc7-6270-4139-9ce2-a6075cb26054,9d8d3d2e-8498-443d-808e-1875d2ab0d2f,2766.11,Debit Card,gateway_timeout,292.46,2,42,retry_later
0432c86c-4e13-4923-931e-94d5fbb8d0f4,1885d449-1cd2-41a2-aa19-e9fa55afc3e7,2210.65,Credit Card,insufficient_funds,828.59,1,2,retry_later
b10d49c9-fde5-4538-9788-445711dfd227,e6e5862c-977e-46c4-a261-1f21b622b198,3438.8,Debit Card,expired_card,120.74,0,327,switch_method
ce192a05-7779-4f4c-a8f6-5dbf289ffe97,ddb2e165-180a-4278-b48e-cb681fdfb157,415.85,UPI,gateway_timeout,10.0,0,26,retry_later
5981f97c-6055-4beb-89da-3925c3f415cc,785d5e7a-7325-4574-800b-1456e97c7bab,2336.91,UPI,risk_flag,272.9,0,38,give_up
302de6c9-38f0-4bc9-99c8-26420d667bf1,ce1a2c9b-f206-42a6-bf52-ba4d510b8875,2096.21,Debit Card,insufficient_funds,1273.0,0,84,switch_method
1956fb91-5845-45c4-bbb3-a5a09e84d42b,f342425b-5ea4-4f86-a2a2-e12690ca7561,2443.47,Credit Card,insufficient_funds,14827.85,4,21,give_up
f23a03f5-8b19-4078-a4d0-ddeda6c04d94,c87e98bb-861c-4694-b63f-00bc71b609a9,1986.34,Credit Card,gateway_timeout,614.19,1,13,retry_now
08a2583b-625a-4575-b968-1f0820d0984c,7b2a2e56-9e12-4045-bb92-c8e8fcd2b969,345.44,UPI,gateway_timeout,2315.4,0,8,retry_later
45dd8284-9e1e-46d1-af38-94d2d31769da,609ffbfb-a29c-4eef-994b-5ae35f34334d,325.99,UPI,expired_card,197.1,0,45,switch_method
740536fc-65c9-4659-a753-b5925f5ceef9,6f36f986-7f27-4a33-ada5-52b7eb23be61,101.64,UPI,insufficient_funds,1451.17,1,0,give_up
c991a8d8-3e6e-46b2-a3d5-691b4165f0a1,80b436e2-6169-4c1c-a976-86c615249e60,5233.29,UPI,gateway_timeout,663.41,1,74,retry_later
ece97894-801d-4170-8fbf-8e5c634172ea,fbced8da-c1a3-42b2-856f-578ea6ad193e,5302.61,UPI,gateway_timeout,313.18,1,37,retry_later
cbfe5c0a-a4a3-4b6c-98d5-ca67df71cad6,93f143a8-fef0-49d7-be60-f4b8204caab6,5413.31,UPI,gateway_timeout,1920.78,0,45,retry_later
11ce1ff6-2549-4c62-bdda-70a3752183d4,32ad9ac4-557b-4885-a0ca-c4bd1d38ad88,2694.12,Debit Card,expired_card,1264.78,1,18,give_up
c87cc76e-0b13-4818-96c6-68b02738b554,370155a8-9a30-4717-9229-d284fbfa834c,112.95,UPI,expired_card,340.69,0,11,switch_method
87aa64e5-8517-4e48-8732-361da02c6e52,2715e6df-78bc-4c6f-bbdf-ebca29780f7d,475.93,Credit Card,expired_card,8362.34,2,72,switch_method
102bfadd-1d19-489f-adc2-3aa9f3bbfd30,1e9f8c8a-b337-4b84-800f-ffbbfb8e85df,2256.43,Debit Card,expired_card,606.49,0,14,switch_method
410021cb-8ce2-4906-b9d3-a08879254da8,db1b4a61-8333-4e85-a1d2-7a89c916e96d,2156.35,Credit Card,insufficient_funds,81.88,0,90,retry_later
e92fbfd5-82be-4033-9fde-b83bdc19affd,3b188992-fde0-4f25-b28b-4ac1f415b604,1353.47,UPI,insufficient_funds,143.55,1,13,give_up
e9adfbdc-06f2-4480-82f6-45304063807e,9a89d978-16ea-4edc-9fda-243efcb89d1d,2920.74,Credit Card,risk_flag,150.85,0,56,give_up
fb68b321-8d53-4190-bd25-c294d4966e54,2d9907f9-19cf-440d-9069-ee62a229e4c9,1835.64,Credit Card,incorrect_pin,480.23,1,61,switch_method
f7947425-0483-4797-b1d0-2b8dde2114c6,37a75a99-08a8-4211-889b-53d0d93a4f07,2115.41,Credit Card,risk_flag,748.86,0,42,give_up
4089cba7-a33b-4d27-abc5-b2d90797874d,1b8e3160-6342-4c7a-a6b3-a5f16028dbaf,787.78,Credit Card,risk_flag,508.85,0,344,give_up
6f5949c2-2cce-4a91-ad30-c717405dda85,a62d43ae-7b1b-4ece-b859-81bf79ab52a2,6480.9,Debit Card,risk_flag,920.43,3,28,give_up
0cacc0a4-e090-4b14-92d8-d2c296fcf2b0,c00805db-aa0c-4656-8e23-3b761cbec934,1032.77,Credit Card,risk_flag,433.1,0,128,give_up
c157d1d8-459e-4c86-8049-008e67a3eee5,7bf52e44-592b-447f-8563-aa33f00ed755,320.59,UPI,insufficient_funds,6254.04,0,11,give_up
8d19a27d-180e-4fc4-9946-8e49744b0a88,4da9eb94-7109-4ae6-b12f-cda2c96d9f4f,663.61,Credit Card,expired_card,363.65,0,24,switch_method
78edfbe5-dfd9-4413-9053-f0abd9d46fe7,976a2cf5-26ca-44b2-81dc-3419a29d34d7,1149.4,UPI,expired_card,544.69,3,9,give_up
9836c435-0fce-4dd7-8140-dbbf3ebf87b0,80cf7ee0-cb16-4c5c-9613-a9e7125e442a,6582.72,Debit Card,insufficient_funds,401.73,1,55,give_up
169ae655-65fd-427e-966e-9202d576ff10,889d1908-2a46-4a0a-b0c0-1a38ee0ec934,1711.37,UPI,gateway_timeout,2463.63,4,61,give_up
89b34414-5377-4de2-b4ca-4680d9f4b880,c3ac1a4d-80e7-4158-9786-bd15c0edc5a9,1419.43,UPI,incorrect_pin,905.34,2,36,switch_method
d8605a2b-f7b9-43b2-8375-e4a2307e676d,e675a7b8-81be-4a69-b56b-6dbfb4aa5a50,356.64,Debit Card,insufficient_funds,226.37,2,76,give_up
7f34e404-de14-411d-94e6-0bba0c1b6926,96e55b45-8cdb-4151-ba30-268fac1331dd,5019.71,Credit Card,expired_card,489.48,1,121,switch_method
