transaction_id,customer_id,amount,payment_method,failure_reason_raw,customer_ltv,recent_retries,time_since_last_attempt_mins,ideal_recovery_action
d4055888-c242-44eb-8e20-f170046fc90f,20ba089a-9e30-46b6-9b6b-262072cd510b,2348.72,UPI,risk_flag,29932.92,1,466,give_up
ed580c5f-43c7-4abc-896a-d99a1c7cbd5d,248af3f5-41ae-4c8c-9f84-eb9ef43ce002,9766.82,UPI,gateway_timeout,7143.34,0,0,retry_now
9b842063-1c79-4510-b047-00b45f24c263,a7118178-88df-47d5-ab9e-a2699ce385ac,14883.25,UPI,gateway_timeout,38.94,3,1184,give_up
9d804fd8-f5db-4320-b93a-dc7b007943ba,4affeeb4-9f02-4237-8204-bf8319074e2a,9181.67,UPI,gateway_timeout,14561.46,0,0,retry_now
8f4b9072-21e4-4f9a-b6bf-61b26f87b773,a15abc6d-a55b-4561-885f-f04cecfb5055,11779.79,UPI,gateway_timeout,22803.5,0,0,retry_now
c4a1e9ab-09fb-480e-a7c2-ec0994902454,aa58c89d-eb45-4d50-a5ec-8d504e2760e1,9117.1,UPI,gateway_timeout,2322.52,0,0,retry_now
5a48916d-15ae-4b1f-b349-3ff73b570b27,280db49c-a2cc-4fa8-9e62-550973078e44,12127.88,UPI,insufficient_funds,48281.6,3,776,give_up
6ef194df-5aa3-4f69-b5d3-0254849fc6b1,ad599ed6-5c6a-4081-8363-12360f80d63d,9153.85,UPI,gateway_timeout,34163.18,0,0,retry_now
02545106-15bf-48f5-a1b6-f1734a325a29,1c041b04-aa45-49ae-91f6-cef9548dc631,11332.87,Debit Card,insufficient_funds,9111.8,0,0,retry_later
321f768f-517b-49cb-bbff-99c69548aeb4,a904adfb-2395-458f-bfde-99e37a9c1191,12635.85,Credit Card,insufficient_funds,1565.66,0,0,retry_later
d5bddeb2-8e3f-48fe-a702-51c5971ea214,5dd5f94a-231c-46a9-8182-36cac8f547d6,4904.85,Credit Card,gateway_timeout,36363.6,3,1275,give_up
3b80b1ce-6a57-425a-b06e-507281f6a78c,a4886632-6a32-4801-9f91-3c9deae88ae4,12432.78,UPI,gateway_timeout,13567.45,0,0,retry_now
a79f6cd9-708c-4234-87a6-f29344079a56,f59540f1-68fc-4587-9de5-c4ba4536900f,12034.93,UPI,gateway_timeout,7046.21,0,0,retry_now
d6ecd7b9-8dde-4788-83cd-eecf4efe55dc,feb49228-fc45-450c-b9d6-a001c62e00ca,92.78,UPI,risk_flag,9935.78,1,1162,give_up
ba23d5a7-5121-4521-b309-523005a43ae2,6bf26a48-dcf4-479b-80e9-f354ab6ef090,13895.25,UPI,gateway_timeout,30298.0,1,1017,retry_later
8596004e-ce23-4534-b69f-c9637dcb547a,d3bfa31a-b177-4bdb-a4d8-ec1ef621d079,962.74,UPI,incorrect_pin,16544.9,1,406,retry_later
1a6fcff8-bf0e-463c-a451-9ce7e2e1036a,6510b445-eaa6-4896-98fe-e12b80a2c39c,8423.04,Credit Card,incorrect_pin,13736.09,0,0,retry_later
6432f8bc-908f-4cf5-8941-46ab1840fbe5,dd6d9a19-8ee7-4627-827b-b04c67357491,3547.41,UPI,risk_flag,36086.48,2,397,give_up
37fdb066-1f09-4680-88f3-4f42ca13eea1,a5f257fd-fe3a-470f-bbdc-951685ed8f6e,1627.29,Credit Card,incorrect_pin,1270.96,0,0,retry_later
af734c9f-d97c-418a-9a66-dd9de7a05155,c8850321-f94d-472d-9d58-36741a3c319b,13614.42,UPI,gateway_timeout,25428.53,0,0,retry_now
ac0bc93d-fba8-4e1d-bcfb-1ce41ea1cf07,46cee309-05be-459a-9b60-3f37f8af21b6,1163.93,UPI,gateway_timeout,11439.91,1,1266,retry_later
6725b76a-2518-4587-9d86-27b2508eed58,7e74b85f-81bb-4184-b46b-ff208b21b4ed,13073.19,UPI,risk_flag,31670.19,2,1051,give_up
da25c2c5-b31c-499d-8c3d-df09ff2ada81,7faf2135-249e-4105-a1f0-159ee825b6fd,1840.1,UPI,gateway_timeout,16217.25,2,1254,retry_later
5ca1e2de-8fbb-4492-bf4d-e2f56978ac6b,99a6d6c3-48cf-4414-8345-2bcda5fbc9f8,12272.04,Net Banking,insufficient_funds,21355.39,0,0,retry_later
36070c14-5123-44bb-9791-256dd5dccccc,7079674c-9c4c-4559-80bc-31f39dd9c0ae,3339.4,Debit Card,insufficient_funds,20870.55,0,0,retry_later
67dfdef9-d521-462d-ba6a-6e967d3d45de,fff1e60b-e414-4e58-befd-d72aea0a90cf,7786.67,UPI,gateway_timeout,16160.15,3,1256,give_up
35fde3ab-77c6-4411-8176-843a219e83ef,904019d2-5c22-49be-ab8f-d756a9b222e2,10447.6,Credit Card,insufficient_funds,12343.8,0,0,retry_later
3e0aa937-43ed-44f1-995f-57fec2ee9b4c,2e123652-0c85-4f2f-9643-a86b58936096,14649.46,Debit Card,insufficient_funds,13339.05,4,219,give_up
a66c84cb-df02-48aa-a774-bd0281112181,dea62c13-e622-46d3-914a-f2609ee92b9f,2181.97,UPI,gateway_timeout,11978.09,3,729,give_up
ea9bb5e8-5a59-44ae-aefb-97bdf4474b0e,a2c6ce2c-34d8-4130-8851-de9e05c438c0,3639.98,Wallet,expired_card,18482.72,0,0,switch_method
b256d5d1-e6a7-4e82-b65b-9a98c6695635,84b8e677-2413-4c18-8385-77b55783f096,12248.31,Debit Card,incorrect_pin,19941.22,4,143,give_up
40afd32c-f3b4-4ce3-8c96-8190cf21f13e,00575e18-1664-453f-be4d-060bb77c9d1b,8867.49,Debit Card,gateway_timeout,2038.76,0,0,retry_now
26626723-7f47-4d42-96e5-206c53bf8288,ae716806-237e-4568-a8e8-2959d76aab9d,9681.14,Credit Card,insufficient_funds,11324.79,0,0,retry_later
1fe55d6e-96e2-4e2c-911a-ef1bec3cdbaa,06cbd44f-f8d7-4c6c-8840-5b14e64d79b2,2071.44,UPI,gateway_timeout,46836.5,0,0,retry_now
432364c2-b07e-4738-ba5a-3eaae2b44e7f,4ac46718-5283-4161-bf3b-312e21e13b1e,3876.54,UPI,insufficient_funds,43866.97,3,143,give_up
4f89b6eb-e1df-42a0-803f-7d2a11b2b575,61cb0dcd-0275-4576-96e6-e070bebc5607,1405.61,Debit Card,incorrect_pin,12092.61,0,0,retry_later
0d5e3dbd-b7a0-48f0-87f5-9fd05d0a2db8,a8ad8471-8079-4006-b584-79bc17c4fb01,5244.65,Debit Card,risk_flag,16951.49,1,815,give_up
106e84f1-6233-4f2a-b87d-08a5606c30b2,5c6b9fe4-bc85-4980-9689-a73ce3c31d9b,12765.42,Debit Card,expired_card,44388.5,0,0,switch_method
5c0f9c60-1244-4043-81a2-0f7d15501f25,8d929d61-187a-49a3-a89d-35bfea316eb1,147.86,Net Banking,expired_card,30321.45,2,509,switch_method
de6753a9-8a27-4f3d-89ab-1a387d7ebe40,19fa46a8-536a-4ac5-9240-ec05721cc3ea,8235.52,Net Banking,insufficient_funds,8040.4,0,0,retry_later
6771b340-2b7b-45b6-aeb1-9b4d8077361a,96a4a94e-f6b0-4719-9f71-4bc72a85ac2d,3566.36,Credit Card,incorrect_pin,35608.96,0,0,retry_later
44e3e830-eb06-46ff-a6e3-2d1102ea7e4d,7a47ffa7-be36-4f67-a15a-44b5b36a3958,9867.62,UPI,gateway_timeout,42461.17,1,1056,retry_later
18058a8a-2c05-4404-af74-bbacecadae76,2adb093a-7149-4025-a306-9888bacfad89,8852.16,Credit Card,incorrect_pin,12523.09,1,229,retry_later
17c3db94-f829-41ba-86d1-5a47eaf03c2b,fb409a75-e41e-4801-b95b-610c6bbaaa6e,7544.53,UPI,incorrect_pin,39740.57,1,283,retry_later
943bd40c-44df-4d7d-bfa0-c67f614d7449,8f098071-acba-4060-9153-1db498e01dae,8584.34,Credit Card,expired_card,24959.67,0,0,switch_method
9e74f70e-40d2-444f-8143-ca4f47caadbf,55feb45b-0a90-45c3-ab4e-e8c011d4fb1f,4200.61,Debit Card,insufficient_funds,23497.23,4,517,give_up
b1236db9-7ace-4ac5-b3e7-a675857b9c8d,9e40601f-e845-4b32-9e7d-2d34f9a15275,14500.16,UPI,insufficient_funds,21409.21,3,1122,give_up
fe138625-4fcf-476b-9e51-82bf66783055,7427d40b-ccde-4eca-bf17-e4b1698818b2,12768.54,Wallet,expired_card,19254.89,0,0,switch_method
869c3722-bee7-4295-928a-15e8d1911a48,143c342e-2769-4c6e-bd61-c4dd67e96fff,10443.49,UPI,insufficient_funds,46807.74,0,0,retry_later
d5780b74-dc89-41a8-b34e-830f6bf66155,d9f6fa5a-72f1-4019-9d29-b87930fd7f7b,2109.86,Credit Card,insufficient_funds,49502.69,1,154,retry_later
78caf559-89f6-4e0c-8027-97981a425c88,9671d448-ae3d-46de-a676-408cb090e7c7,10636.58,UPI,gateway_timeout,6831.07,2,1062,retry_later
7c484e5b-53ae-4b7b-adc0-12744423b3ec,0f5c1c6d-ac21-453f-850f-6519b794c2ef,13699.48,UPI,incorrect_pin,43353.62,2,902,switch_method
85a16e5c-acb1-4316-b312-d4d6f2f923a6,b9190472-0c8d-4569-a995-ff91f22cce4d,11938.93,Credit Card,expired_card,35098.34,1,971,switch_method
f7ee5344-c607-4b6d-99b8-9aa5dc152104,2539f1d4-735b-4632-97c2-21ea7d06a2d6,10083.67,Debit Card,insufficient_funds,21923.71,0,0,retry_later
d6dab35e-6c4e-4328-8e8e-54d8cf34e4d5,7257869f-00fd-47ff-be0b-e926c96e3c98,12907.47,UPI,insufficient_funds,41946.68,4,304,give_up
c036bd13-babf-43fe-9b4c-b18d2df1d953,efa5d9aa-80df-41b7-bda2-b5ca360e8b54,7838.43,UPI,incorrect_pin,6353.03,0,0,retry_later
6d9fb24a-4202-48e7-b60e-d97a7dbd8f4c,16ec59c4-8417-4031-afb3-fc2418f0ca7a,784.71,Debit Card,insufficient_funds,4267.37,1,883,retry_later
21164f2d-aff3-4c94-96cd-b251eeea35c7,ce0ab2b7-ca90-4686-a27f-9f5810a36408,14543.36,Credit Card,incorrect_pin,6637.27,0,0,retry_later
9fa7b3c7-c7b5-475a-b12c-b3bf6accfb04,9d88cbaa-1b6b-43a8-b13d-4499c60888ef,11163.2,Debit Card,insufficient_funds,21676.04,0,0,retry_later
b517e701-a225-4259-b1d9-404ed935f595,b19ea4c2-9765-4aaf-8ed3-f600f2f97af4,10330.61,UPI,insufficient_funds,21415.72,0,0,retry_later
2ea9691a-8990-4c55-9705-0efc53eb5a83,eb71e0da-a406-4a20-ba71-b79f3ec5d395,1417.16,UPI,risk_flag,11989.37,0,0,give_up
3ad3e5ce-7fa2-45e5-b9e6-08dce537dda8,2749cf69-8f13-4fcd-ada4-f06419837cc3,9860.1,UPI,risk_flag,25834.81,1,580,give_up
89064cf2-5047-4a83-bc5d-fdb4903cea78,b0090e35-b565-415e-b052-89f8cb3ce4fb,11370.11,Credit Card,incorrect_pin,17798.63,0,0,retry_later
c8a85730-b8d3-4de0-ab29-a5991f9ad85d,34e46bb8-ef39-4ffd-ad2c-cde0cd3de312,12833.35,UPI,insufficient_funds,2036.44,0,0,retry_later
99af4bf6-b641-4425-83e7-f3d70e7fb32d,8ba87d2d-da85-4d72-be00-78ecf587f4ee,7107.34,Debit Card,incorrect_pin,24580.79,0,0,retry_later
b79d1c5b-2354-4e0c-aa98-168bfe434e0b,7117d31d-868b-4ac3-9bd0-75ce91f69f80,9530.05,UPI,gateway_timeout,30792.5,0,0,retry_now
9ba9f886-c1c1-4771-bd53-99486a5783ad,f3fc849c-b77e-4a32-8a3c-f2a7ab66aafb,12848.78,UPI,gateway_timeout,25156.81,1,1348,retry_later
e6526ff8-371c-44c4-87ef-1c38665389e6,e5a4dffb-b9aa-4eed-a3aa-123ed9023b76,13009.31,Credit Card,incorrect_pin,47212.58,3,159,give_up
861d3c06-f245-4b72-ae2a-f5d71f59b475,bfecff6f-1010-49f6-a3f3-8842a145211f,6879.21,Net Banking,expired_card,32164.41,0,0,switch_method
da41ac64-4581-4f5c-bd0f-a2452257dfc9,f45bca57-253b-4d4d-b1c7-1e6e6925aaea,13581.21,Credit Card,risk_flag,48059.53,0,0,give_up
6d529c83-8933-4af3-be4f-a7c96c6721d9,ed1eab0d-32b1-40e8-8959-0f9106b7fba7,1425.7,UPI,insufficient_funds,911.09,0,0,give_up
9ab351e9-826a-4969-80f4-e9f887ff2235,6713f69a-ee07-4408-87fe-a4b3051827c0,358.85,Credit Card,insufficient_funds,42243.77,0,0,retry_later
5b474edf-619a-4ad7-978b-3ab978f9cf93,ef48ff2c-8966-4073-97f6-4edd59f532ae,9437.85,Debit Card,insufficient_funds,34836.86,0,0,retry_later
5d68c5d2-8a76-4440-8dee-dc4cf8a8b1fc,7afb46c0-0dcc-4327-b398-8964f1547de4,2669.82,Debit Card,expired_card,14101.73,2,456,switch_method
d586e08e-0796-4448-9fe1-af63ab87f43a,de38e818-0fec-434e-ac5f-f57800b2a0eb,3757.75,Credit Card,incorrect_pin,6384.49,1,95,retry_later
032b1726-df29-4ab6-ac9e-b5854f4c7a2f,b87777a2-b143-4cbd-bb0c-9dbf8aaa85a5,11265.56,UPI,risk_flag,21449.7,2,216,give_up
9be4877c-4dd3-478a-9089-408640b6a700,73ac08db-59dc-44f4-9ceb-04a6c652af10,5850.38,UPI,gateway_timeout,24828.06,0,0,retry_now
ec8feb47-c434-4376-a8ab-1a86be6f18b0,07106184-372f-44da-964a-310c88760d87,12708.68,UPI,insufficient_funds,47927.07,0,0,retry_later
7c750cb2-3aa9-40b8-9b0d-052a3714f6dd,2fe557a6-36b1-402e-8bb5-9e784898c8f8,7400.45,UPI,risk_flag,24126.05,1,143,give_up
420c61ec-db70-4c4e-8301-70d4ec9c9c1f,87bd4823-dd52-49dc-ba8c-304bdc8996a5,11288.09,Credit Card,insufficient_funds,33625.92,0,0,retry_later
436820d8-f8e5-4ba2-9c98-e90ef0aeb44e,2b22aabd-5912-409a-a30b-a12f8c37cd73,872.81,Debit Card,expired_card,24721.02,0,0,switch_method
347509f5-58c8-4e07-b19b-55a6b6ddbb31,ceec7c9e-cb8f-4db9-a0d3-d9b1c0d7fd14,1764.83,Credit Card,incorrect_pin,17545.75,2,587,switch_method
c180123a-b055-4336-bffb-c097acfa4b4c,c24de928-ade4-4f4c-b4bd-6b13940a18b2,6397.11,Credit Card,expired_card,41924.04,2,1191,switch_method
42dc7557-ab63-4f7f-a3c4-67abde5f2174,cd3755be-059c-46e4-bb30-c044b217f839,1281.72,UPI,incorrect_pin,4067.44,1,338,retry_later
73671e8d-9c21-40ee-82b6-2667d341f0b1,bcea5eba-a861-429f-aa16-0e5d1a8e49b8,13616.33,Credit Card,expired_card,11834.26,2,1324,switch_method
aaec2e48-50b8-47ed-ae9b-c2223ffe24de,af02fb52-bc27-4020-ad35-c4f52e625899,8380.48,Debit Card,gateway_timeout,38857.35,0,0,retry_now
8f74fa61-0f50-49e1-84d2-60c3ab0b5030,7d4b83bd-3696-42fa-8340-959c0695287c,180.19,Credit Card,risk_flag,24631.26,0,0,give_up
63796c0e-5367-4690-8dd4-8f395faed142,2e828b88-11f8-4100-ba33-7db0bd765d79,9741.66,Credit Card,insufficient_funds,5876.31,0,0,retry_later
8a7553b2-0b39-4ad8-a006-0d9d6fce0082,2531b93d-602b-45e0-a4b6-24f810b94dfb,4292.82,Debit Card,incorrect_pin,18743.53,4,823,give_up
f251dd0c-aba6-4e75-b270-e3b7ff1f9036,2757080a-ff6e-4246-9058-d98f81be336c,8344.52,Credit Card,incorrect_pin,48895.03,2,814,switch_method
08a67e44-78f5-4be3-9e15-1b6f17fa329d,ab0d2127-bb28-48ff-b570-7798e9550b13,8312.28,Debit Card,incorrect_pin,3689.83,4,1425,give_up
fd3b9796-0c14-4f77-afd5-3931d210e6c6,3ec1b92f-82d0-4880-93d4-220d14272f85,10456.91,UPI,gateway_timeout,49791.57,0,0,retry_now
c4f5f4cb-93c9-4aff-9326-2ea6fed191a3,aab33b09-9b26-4cd6-8e73-ff75267bfc77,877.38,UPI,gateway_timeout,47935.12,3,357,give_up
fb0e981b-9858-4d6c-8ea7-80c176661f4e,c9532649-fd1d-48af-a317-4b7b5c748899,6960.84,Credit Card,incorrect_pin,9406.06,0,0,retry_later
67b4f84d-b170-4bce-8167-f18b404f0412,de0f20c0-d64f-4dec-9cea-0a4fba4c599b,14793.3,UPI,gateway_timeout,48719.74,0,0,retry_now
fd3174ef-59dc-4d1a-b324-1172820890d8,baf6d201-6aec-450b-abb3-a06b60d57286,10274.12,Credit Card,incorrect_pin,40689.75,0,0,retry_later
d2e495df-b33d-4fa8-a314-0fb180d62280,320fea5f-928e-4699-92c6-0cd436a01771,10888.54,UPI,risk_flag,47490.0,2,449,give_up
ded5a925-5cb3-4ebd-b0d5-436a1affb62d,d4055396-48c7-4ade-95f2-86b38886a01c,6174.71,UPI,incorrect_pin,8241.71,0,0,retry_later
30aa29c3-ea58-48ae-87e4-45cfa7c709c9,c45dafbd-c365-47ba-bb5e-924230430ea5,11246.18,Debit Card,incorrect_pin,18836.95,4,1240,give_up
80877697-c1e0-4db9-b922-ed9f9d106f85,2d3de28c-26b6-45cd-b46f-1e52bf032346,561.96,Wallet,incorrect_pin,3175.59,0,0,retry_later
3d88de74-956e-4ec5-8e13-6f1880c6babe,3467f693-93c4-44e7-bdc2-f062feb03d6e,8019.85,UPI,insufficient_funds,34585.72,0,0,retry_later
18b6f601-ea84-4449-b08a-af6211236639,3c960f90-91bc-4916-b486-43fcc5a76976,11358.65,Debit Card,risk_flag,36306.04,0,0,give_up
bc56a547-4e95-4cbe-b606-e86fb08e2ad5,36ea15b4-c026-480e-b1d7-3f66aa70c8ce,4128.23,UPI,gateway_timeout,12572.12,0,0,retry_now
aa7e36b3-d5c4-46f9-a2c4-2fbd7a6922f8,a7d5f588-93c8-4cfa-b782-048ea685aa91,4037.4,UPI,incorrect_pin,2344.82,1,153,retry_later
e7da9eb0-7138-40a2-adb8-46d89a3952f2,3e781e7d-2ecd-4e09-9a40-9dba104e151b,12247.62,Credit Card,incorrect_pin,15388.86,2,235,switch_method
b2f5b72e-b463-4ea6-ab8c-0147dbc67458,cde1f4d5-f768-4154-baff-1732bf43ea29,441.45,Credit Card,expired_card,6700.76,0,0,switch_method
a077c9e1-f391-4ada-9466-3472c5d74841,2bdbc3f3-576a-407b-8b82-742fb6e1ef47,2054.21,Debit Card,incorrect_pin,10648.21,1,763,retry_later
e62178f7-09c9-4f6f-89d5-0848903849b8,ed12b5d1-bd2b-4124-a40c-784e60c469cc,6567.75,Wallet,gateway_timeout,19612.2,0,0,retry_now
d62e75ad-0106-495a-a8ad-47b0b9136f31,7fb3249d-8e66-44fe-afa4-d5e3f8de4b5b,13657.96,Net Banking,expired_card,22545.52,0,0,switch_method
f9dc9099-34d7-4c82-bc22-fc8afc720ad5,e4097740-ef21-46b2-b75e-2180e17880fe,6895.61,UPI,gateway_timeout,39823.59,1,1424,retry_later
4619739b-346e-4ff1-ba2d-0056dbf8c3fe,1c019602-3aa6-4007-8598-1bd4a6b8b0d7,7394.35,Credit Card,insufficient_funds,49001.63,0,0,retry_later
db1ab78a-653e-43ff-92e8-ce042792fabc,5fd6cbfc-5cad-473d-98ce-68aeba989a77,1941.91,UPI,gateway_timeout,3793.17,0,0,retry_now
1b6817ca-2d75-48a9-9187-f22a6d855e06,1ee0f8da-76e3-44c7-99fd-9f88c88d1bd2,2736.38,UPI,insufficient_funds,32043.74,0,0,retry_later
3dbe4c30-31ad-42c7-bedc-d2e5bf3c2cab,7a2f49a0-a6d9-45a2-a263-61293afa9d0d,2593.07,UPI,incorrect_pin,33377.89,0,0,retry_later
d179cfcf-25bb-4f0d-8ba8-efbc7ac5c213,8b2eb5d2-59f7-4e08-909a-97e6a9798de9,2663.39,UPI,insufficient_funds,13929.52,0,0,retry_later
2f2dd1c5-27e7-492b-81b3-687459a4469b,3d6b6b3c-cc3f-4596-b040-a36ee43b7de9,5470.41,UPI,insufficient_funds,10316.69,0,0,retry_later
2a9f953b-ec99-4c71-94aa-58e26a381bdd,82a45382-f9bb-4a1c-b75c-38a21a3db4cb,9422.23,Credit Card,incorrect_pin,39970.52,0,0,retry_later
3c53bb79-d2fd-4d9d-90de-fa1d5422be40,93994199-41fd-440c-a699-036182a0dbd6,4160.4,UPI,incorrect_pin,3053.9,3,1280,give_up
42cd959f-ade9-4b7d-9005-5ccaf5b3f423,f2b2ca16-6a29-4b25-9c56-2a8392f8659c,13861.39,UPI,gateway_timeout,26829.53,4,525,give_up
20c55f5c-e8af-4002-9f95-f6cb91ff2997,d932ec5e-ac20-486e-a84c-c102a6e265ad,559.88,Credit Card,gateway_timeout,37373.55,0,0,retry_now
f4dbf97c-4358-400d-b18d-6b7a29a70f83,7cb36563-9be4-4142-b1dd-0717f496e4b3,7986.38,UPI,gateway_timeout,25583.87,2,1297,retry_later
daf85b98-cb43-4f01-87bc-eded5276cdee,12701da0-a089-4c0c-98eb-529728ac5656,5665.49,Credit Card,incorrect_pin,13462.16,0,0,retry_later
e6cd4560-ac26-4fa9-ad6f-7324fce13fb9,3b408ac6-c7bf-4845-aff5-166606bb2e25,1805.23,UPI,gateway_timeout,16374.87,0,0,retry_now
e7b44c73-b993-427f-8444-9ea0f39aaebe,0739442c-4af9-4633-b40c-b155edac20b7,7481.65,Debit Card,incorrect_pin,39458.56,1,110,retry_later
bfcd2c93-74bd-4838-832f-7e07475d8be3,9ada3f0f-ced8-4a36-8721-1bea4e6716b8,8471.23,Credit Card,expired_card,29326.77,0,0,switch_method
b9dde997-fc33-4a52-8043-49c90a99a73f,3bd298eb-fca2-45bc-8dd6-174eab08c9ba,3672.85,UPI,gateway_timeout,30377.76,2,314,retry_later
5f63e4ad-11fe-4538-972b-b32fab057be2,a38b54cb-922c-4164-8c53-6e0ae1fc7964,3387.74,Wallet,risk_flag,376.72,3,623,give_up
59aa2996-5eba-4678-a42d-81c15b270837,2bebc446-3292-4eb4-9925-033e0e6d756f,13452.51,UPI,insufficient_funds,8668.68,0,0,retry_later
99321d9c-0603-4f68-a352-d9eabd3472d7,9f88eda3-6e66-43cc-b1e1-df731baf630f,1689.46,UPI,gateway_timeout,49118.93,0,0,retry_now
2d4c772e-429f-4a24-b346-e5bbb7052abc,44e33c8e-8267-4652-9fb1-20672a90601a,3875.96,UPI,risk_flag,40853.6,2,503,give_up
d6816394-ec0f-4a44-b0ac-c675492803da,ffc893f0-ee92-4bb9-bb44-6e55e938e24e,7154.53,Debit Card,expired_card,26751.84,1,172,switch_method
d902f8c7-6ba3-408a-a434-882806b61bf8,131419cc-b5a9-4942-91f0-e49117289574,7619.08,Debit Card,insufficient_funds,21271.82,0,0,retry_later
e894d130-05dc-4a14-b5f7-34bcaafedfe7,997b79e1-351f-4b30-bc29-975af3c98996,8722.76,UPI,insufficient_funds,14431.53,1,138,retry_later
e8345224-3f4e-42b6-98e5-0cc2f0dfeb5b,9b540d9e-dd57-4b01-9142-90e3fc66022d,5055.7,Net Banking,risk_flag,2591.18,0,0,give_up
5918e542-3615-4fd8-8ea1-24ce303c1c59,0f3bc227-6312-46cb-9221-3bab08aab64b,12150.02,UPI,insufficient_funds,16117.69,4,320,give_up
aa39e69d-e242-4436-92d0-986f32ec8623,4b2b1c93-45e7-455f-8185-a0fc2cf7dc1b,9095.47,UPI,insufficient_funds,23658.31,0,0,retry_later
f9868ec2-e45a-4e4a-a1a7-2fd43add5d03,55566b5d-47b2-4877-a019-f5537d92a41b,6133.69,Debit Card,insufficient_funds,37298.73,2,375,retry_later
05aefbf6-2a24-4e68-b535-80bc84214529,21aa5181-a49d-4160-9298-5e52dab1129b,11119.4,Wallet,gateway_timeout,3324.81,0,0,retry_now
c56b5968-5869-4421-9083-bec2c00c399f,f0da04b1-f63d-4f69-95c2-0c823254f1bc,3032.39,Credit Card,expired_card,39763.37,0,0,switch_method
dca144c8-7f44-4bdd-b7e3-9d0532314270,d1702a1a-bfea-46dd-8d9e-986b405ca91e,7850.75,UPI,insufficient_funds,33259.86,2,131,retry_later
238434fa-c82c-4d70-8122-a81dba3f5642,0e0ccb70-06e0-427f-834d-c44bfee8cf3e,10709.6,UPI,gateway_timeout,22597.43,1,799,retry_later
efe6f287-7fcf-49d3-a042-54f891d5eacc,b7a9a36c-0ce2-4311-9fdc-df41074822a8,3490.87,Credit Card,gateway_timeout,25136.02,1,1248,retry_later
c0003cfa-9328-480e-b7df-75ddbdf3e1be,e25efef8-3e96-4768-bb17-c9c75b86fa14,8147.31,UPI,gateway_timeout,11451.27,0,0,retry_now
0779d8a7-cad5-4316-9d3a-a9907e1478be,5be83358-18d7-4517-85c1-832f24f46b3c,2509.29,Credit Card,gateway_timeout,34685.88,1,1312,retry_later
526f4cc9-904a-4802-8b6b-b1e789aa57db,f0d2ab25-40dd-4bac-92c3-36fce7b1baac,4682.71,Credit Card,expired_card,7583.74,1,996,switch_method
11e6955e-e695-4fed-beae-ab26742ef226,e53f8dd0-22f0-47dd-998c-01cf56d1f1fa,7414.78,Debit Card,insufficient_funds,35703.2,0,0,retry_later
83da3285-3d62-42d2-98f4-912dad89d564,65baca07-6e0d-4bf4-86e7-f87c58f81d16,6860.43,Debit Card,insufficient_funds,18941.08,0,0,retry_later
2424b8fa-5303-483c-bdd1-7e623f175960,2fe90a32-70b6-48e4-af82-d953bef52057,6140.24,Credit Card,incorrect_pin,24317.87,0,0,retry_later
472a1456-e4e4-4ec7-b488-7e2736e31682,c65c0b3c-043a-41e5-acc1-00fdeaebe1e3,10745.52,Debit Card,insufficient_funds,28275.42,0,0,retry_later
350e1a0a-1216-4472-8034-32f27b501b74,5c4beefd-1a0d-4a00-a270-9602c7136757,3417.99,Credit Card,expired_card,17126.21,4,22,give_up
4a7efd92-a3bf-41ca-b9e9-df59dea9821b,18fe6686-df0c-44f4-aabe-57db38e5fcc8,7593.27,Credit Card,risk_flag,29311.49,0,0,give_up
867cae11-fc8a-4318-ac81-9c6f6d28c327,fdc767aa-d6ef-4db5-afd0-40a9c59abea4,8481.35,Credit Card,insufficient_funds,46605.91,2,1347,retry_later
dc49b791-e724-4418-b3eb-deab2d3452c7,a4ebbf70-99e2-43c6-920f-215807007a41,5622.79,Debit Card,insufficient_funds,38562.33,1,1013,retry_later
3af19c49-5935-4e00-88b6-ff582be55c18,d6908847-29ee-494e-814a-c189cde0a7b9,1850.93,UPI,insufficient_funds,45534.31,2,1428,retry_later
6b20bec2-d56d-4625-b190-21a22c3e09cd,9277a23c-d890-4820-9385-a3e0bcf24d21,4678.55,UPI,insufficient_funds,16607.32,2,370,retry_later
b9ecd148-a55c-41b1-9f04-6ad2526dc763,46e8336d-b7ef-4f97-8aa4-79469dfceebb,12044.77,Credit Card,gateway_timeout,16759.86,0,0,retry_now
d5355251-8549-4ee5-a286-2bceed8ccd98,32796300-1b05-4766-99c7-c4283dfffdb7,13798.64,UPI,gateway_timeout,26869.78,0,0,retry_now
c259ee5d-a3fa-4469-b76a-c6e81254f2eb,aa0e4a6c-fbdb-4b3a-b850-060c1b7e34c7,3376.83,UPI,gateway_timeout,22610.9,1,875,retry_later
44f0cd60-22ad-4b9c-8bc9-c2632aadd04d,587abd1f-635a-4a94-863e-9045551a7ee0,13723.54,Net Banking,insufficient_funds,20946.27,0,0,retry_later
0b5f53d2-08d8-4c9b-9ac9-84b353f45918,c09db3ca-d73d-4d81-b50d-7b5f9c08ab47,9956.43,UPI,gateway_timeout,654.72,1,966,retry_later
e2207f57-824c-4314-ae3c-6f9bfd2e21dd,8903fd8e-c801-4c5c-96ab-0106ed5efa84,1289.39,Wallet,insufficient_funds,20731.21,0,0,retry_later
dbc437da-4b6e-4329-9915-d4512300aff3,4425d5cc-01bb-4296-bdbe-8b5f0102bf25,5965.8,Wallet,insufficient_funds,15496.85,0,0,retry_later
67f2cf01-559e-48c2-94a6-eb7d90a00c50,e0503036-f5ad-448a-9d04-93ac8188b392,9378.39,Credit Card,expired_card,23411.59,0,0,switch_method
ba5295e2-eb3f-4af3-becd-f3fe68d49609,fae42815-3d7f-4efe-8e3d-168d768abf09,10713.75,UPI,incorrect_pin,14702.23,0,0,retry_later
fb2fb95c-5f18-4101-853d-4c1305e6850c,462d79f0-f340-4932-b472-66315341b5a7,11482.69,Credit Card,incorrect_pin,24850.6,0,0,retry_later
9bc3724c-0da1-449a-89b2-704e61c0c3c5,5abf21e4-efe2-4d53-9c3a-5ba53706b763,4091.8,UPI,gateway_timeout,37662.31,0,0,retry_now
f49e6c9d-9a46-46e5-81d4-93134cce761d,55a17f97-fe9d-477a-ad14-695b5cb67623,12598.44,Debit Card,incorrect_pin,48946.57,2,1414,switch_method
9fd48f2a-da59-4dbc-b5fb-48255dd44b53,15a7bd87-fbfe-438b-8842-07f3282b32ad,10081.67,Credit Card,insufficient_funds,11553.74,0,0,retry_later
082fc2f7-f028-4d56-a811-3b05a25eb519,4fb7d2a2-5538-4a29-8493-fc11aa63d375,9794.66,UPI,insufficient_funds,8927.23,1,1006,retry_later
7fab9fde-82ca-4e0d-8153-458730b842b7,f86b9855-7289-476b-b8d6-5a38cde7c091,12104.68,Debit Card,expired_card,30159.87,4,451,give_up
1b4f8e0b-7d93-4cb6-b2c1-6a33d4aab45c,6fb4e945-dc18-45d9-9761-868aa05399af,1313.01,Net Banking,risk_flag,16199.5,0,0,give_up
4b40a3c1-1b08-43db-aa26-b1d1be9ac3b7,1be294b5-3cb5-4fd7-be67-3a645f8328ff,13147.9,Credit Card,expired_card,6138.84,2,1308,switch_method
fe099193-c8db-4524-87fd-3114f5277c99,c161ec82-3af7-409f-973f-9db8813ff94a,3898.76,Credit Card,expired_card,17090.87,2,1409,switch_method
b1ce8f4c-b37f-462e-b73d-257d054b6b7d,9eab3113-5bac-4399-a1b7-5ee2ba0337c2,11609.78,UPI,insufficient_funds,17259.61,2,904,retry_later
db73a0c7-3032-474e-9cb2-4cdc18fc49f3,c3ea8630-6638-4242-abbd-222b772443ad,2110.3,Credit Card,insufficient_funds,38180.29,3,713,give_up
34cd41ee-15e3-444b-9f51-e9f0a2343996,9b9ce1e1-d061-4010-9b6f-fb0b7ce62105,7276.83,Credit Card,risk_flag,9105.36,0,0,give_up
f10f8bf4-8425-4754-8d60-ca06411df2c2,00172e9f-9b23-4996-a4ea-e9a0b09e7a05,3278.17,Credit Card,expired_card,20127.5,1,1301,switch_method
a39f9114-0be5-4b77-8f3a-8d866fd7dcb3,49037c09-b836-4576-b2a5-87a2c7509dd2,4091.89,Debit Card,risk_flag,8583.96,0,0,give_up
aab309da-bb26-41c4-980a-96833a409cb4,75e8d0b7-b035-4522-b244-5d98baef0444,4118.09,UPI,risk_flag,28825.82,0,0,give_up
28a00eb7-cd79-4a5f-b01a-4d01002be6b4,b0a8076a-f3ad-41de-91eb-49cb884953e0,174.83,Credit Card,incorrect_pin,10321.06,2,26,switch_method
5e0f710b-6feb-492e-8bbb-e02c5d34d568,2d0a584a-e73b-43dd-a0b8-6292e47f3df3,9978.9,Net Banking,incorrect_pin,30025.84,0,0,retry_later
4bb5a776-5cfc-426c-8971-4583470eb042,fed6eac8-4cd7-4825-99b9-120307846b7b,7788.58,UPI,risk_flag,19156.93,0,0,give_up
368ea1ce-f6fa-4277-a418-5e5b8c82512b,789d2dad-d0b4-404d-bc07-1576fa5cc7d6,9051.25,UPI,insufficient_funds,4139.93,1,793,retry_later
a946d224-18ee-40e6-8735-9ac6d6f10cde,4d403c35-60d5-4023-904f-fec85ceda606,10825.78,UPI,incorrect_pin,45775.68,0,0,retry_later
c1e29787-4be7-4a4b-977c-44d92a1494dd,23acd81f-a7b9-4632-990a-ed0d43635fbe,2033.67,Credit Card,risk_flag,47704.35,0,0,give_up
3284d21b-d8d0-41e4-8810-c24d28749555,b1e56102-e346-4c07-ba80-28989b3ff02a,12624.53,Credit Card,insufficient_funds,8100.69,0,0,retry_later
87630621-7ba5-4359-aea9-09e6525fa185,99f1650d-c5dc-4052-9512-56b764df9403,7118.82,Debit Card,risk_flag,31166.63,0,0,give_up
d089c53a-d6f4-4b8a-bb8a-95c16e32f863,dd3e9714-7946-49ef-9aef-a2603bce8c14,8978.31,UPI,gateway_timeout,35246.28,0,0,retry_now
6d14c3da-e59a-4af0-93aa-2b8d913dbcfe,b41b4aa9-8656-4c19-adb6-302df75a92c7,14515.81,Credit Card,insufficient_funds,116.97,0,0,give_up
a8dec5e0-80a6-4e22-8fb7-1ef77fdb28b7,1e23b5fd-7abb-4b75-b198-216e986c8a53,14431.86,UPI,insufficient_funds,40371.51,0,0,retry_later
296376b9-7cd8-46df-bfd3-6e3d942d98d6,ba6b9a8d-d8fc-4905-ae38-8775dfd0355b,14372.98,Debit Card,incorrect_pin,4335.26,0,0,retry_later
df021139-89c3-4455-a984-260eb472f51a,660adb51-2497-4c4e-9046-3b86d0e0ed09,9562.1,Debit Card,incorrect_pin,36205.17,1,1223,retry_later
c9bb3aaf-badd-4413-ba9b-a4271ab04ff1,d96ceb54-f4d1-417b-a345-8c3a792c8eca,14161.45,UPI,gateway_timeout,49383.4,0,0,retry_now
09350137-1ada-48de-97ad-0ab6a25bdbf6,b9447c51-d409-43a3-bb13-2d32e86820f5,8523.5,UPI,gateway_timeout,9028.77,3,249,give_up
ae612767-dcef-49d1-b3cd-ebfde1c16d81,764ad423-f54a-425c-a0a8-69c5f3a390da,1738.08,UPI,insufficient_funds,9629.95,1,826,retry_later
65435da1-27d3-4466-998b-60c44da6828f,79a83bc9-4659-48cb-88a9-743bfe523fce,6832.6,Net Banking,gateway_timeout,2744.13,1,614,retry_later
7b88d8ad-f9a0-4235-9318-160d2f7e1fce,fc9dda14-7570-452a-a1f3-78892385de41,1163.53,UPI,gateway_timeout,6028.34,0,0,retry_now
69830900-5630-446d-8174-6fe25b4371af,3b667592-c0ac-47aa-bb00-64588ad0a861,4736.2,Credit Card,gateway_timeout,3267.82,1,496,retry_later
54651ef4-2c1a-4faf-816a-b78b2a4c8ac8,4d772965-f2e5-4e8c-b552-0b8ada47742f,6407.99,Credit Card,incorrect_pin,26008.41,1,1131,retry_later
8bf7db8e-da17-4af3-aeea-556936e9adfb,2f38ed8a-0648-4edd-b208-a41646a0cf86,13121.78,UPI,insufficient_funds,1063.47,2,1164,retry_later
eb29a735-00c4-4074-b0a6-3b263a9ceff7,c6b34b74-5fcf-44b5-881b-a8c4dc283025,799.73,UPI,risk_flag,474.27,0,0,give_up
cb1fd6f7-3771-4ef6-91b5-95b1a2399964,70149101-c827-4ca9-ae41-3fc7ace9a54c,4082.59,UPI,insufficient_funds,29037.86,0,0,retry_later
25b14c03-7f3b-4ecc-883b-da8bd85a6ed1,f90024ca-c038-46ca-9505-d7ee0c124f81,10986.75,UPI,insufficient_funds,26125.96,0,0,retry_later
19f3e39a-849d-4972-ac4c-d5ebb7d733bf,e3a2a9b0-1968-41e5-9362-ff7b0e37fb9c,10736.14,UPI,gateway_timeout,42641.09,0,0,retry_now
747b9095-9682-4e5a-ae32-54377e548fdc,87f4527e-d035-4025-a49a-a59a9d20f275,1650.92,Credit Card,insufficient_funds,2255.03,3,1367,give_up
529cf9db-189e-4b39-a7ee-7e1be4916955,e75b6cf9-418a-43c0-ab7c-830f88d42802,8832.43,UPI,risk_flag,12949.13,1,806,give_up
f45d2d11-3049-4d27-be85-d30309e27cf4,5405b8fb-4581-47c2-9b4b-a9c146935441,2513.84,Debit Card,risk_flag,30670.57,0,0,give_up
80e42039-4f46-4407-b209-d089b26ac4f5,7fcf2c68-cbe4-42b1-bc32-83b9b0bceceb,3466.23,Wallet,incorrect_pin,41891.29,0,0,retry_later
3da827ea-0186-4267-8ea8-291dad85a49c,9e2045cc-1d2a-4dc6-be02-4676d557ddfa,560.61,Debit Card,insufficient_funds,19204.53,0,0,retry_later
5fb223c5-111b-4ea1-b644-2044f249e97f,8ab8a100-8d7c-4c5e-8c6a-e67fbd22de59,13257.95,Wallet,risk_flag,48455.13,0,0,give_up
d013df69-ca22-43b3-9654-cfe395674420,f816d343-b590-4265-8da9-dda10092dec1,7733.57,Net Banking,gateway_timeout,13011.67,0,0,retry_now
102b70b3-63e6-436d-81d7-1efa15fab36c,f61a29de-250e-45b4-a6ae-11788392094a,9347.83,Credit Card,risk_flag,23169.04,2,892,give_up
57724ba1-b6d5-4beb-9368-93195ef95b7e,e66fb3b4-80eb-4369-80f4-8eedacdd46ce,13163.14,Credit Card,incorrect_pin,4574.34,0,0,retry_later
95cb6550-689f-4662-8e47-5552671c7e3c,81699c50-2d69-4a2e-a6ef-8b71323f1fd0,12933.29,UPI,insufficient_funds,47782.57,2,520,retry_later
8e5b90b1-1549-4cf6-8e1a-25783391f807,14193f11-023f-4a30-ae85-d1be1359e06d,3797.21,UPI,risk_flag,14069.55,1,37,give_up
0e881346-9293-44db-b144-eda45c67679d,c40c95f9-027a-40cb-85de-c99029a20a20,3310.55,UPI,gateway_timeout,4052.31,0,0,retry_now
8040eb28-2119-4085-b739-6798fd4ac3f7,180b562f-08b6-40de-8f9a-8584265c6600,7213.99,Credit Card,insufficient_funds,24757.33,2,348,retry_later
5792471a-1b75-4b10-ae94-16fff095f0d1,3e3fc41c-1b0b-4f82-b265-4c86b557bf7b,8490.32,Net Banking,incorrect_pin,33900.81,0,0,retry_later
dfddddfa-1553-4425-9938-855a88c45476,8ac2b424-6cc2-4c53-944e-2f5e0ac84a54,12760.22,UPI,incorrect_pin,32922.59,1,815,retry_later
837de554-5075-4cbe-8994-4b82a99d3987,f8ac6fd7-76cf-4279-9d33-404f97689fde,9282.98,Debit Card,expired_card,34007.04,1,421,switch_method
c812ab73-ddd2-4492-a742-ef844387b76f,6a2beace-d998-4fd5-874e-5470268f0d2d,13187.28,UPI,incorrect_pin,23273.5,4,425,give_up
16a12071-3156-4458-b6be-c00140c33cde,5c3f61ce-47f8-4651-b2ca-27440232d21b,12271.33,UPI,gateway_timeout,8037.99,1,588,retry_later
9c07a645-a770-4afc-a33b-79de7875593c,6f9425d5-8437-4f36-8f81-78c77b69f638,14717.98,Credit Card,insufficient_funds,30846.35,0,0,retry_later
8816c94e-05cb-413a-91bd-19848a95053a,d2f59cba-0267-4d9e-b6e2-7f348edcce0e,11699.88,Credit Card,insufficient_funds,26999.27,1,1349,retry_later
96177557-5ee2-467e-a474-4bf5e73cba77,c1d0e93a-5be6-4d9f-8fdf-dfdb2c30eb6e,5888.35,UPI,insufficient_funds,42006.08,0,0,retry_later
3941150a-7005-41f3-9880-078b066b5666,cdba097d-7b10-49e6-8858-6076bda20c58,11565.1,UPI,gateway_timeout,8687.67,1,1347,retry_later
853433a0-1f2f-455f-9f0f-c1f30dee0af9,3f1140d9-f288-49b9-aea5-c9af1ed06bce,5194.79,UPI,gateway_timeout,29108.52,0,0,retry_now
5f92d718-755f-4be8-85dc-d1fb3bd64ccd,a83320c8-e8dd-4b4f-b75c-7598bb54c9bd,14533.48,Credit Card,insufficient_funds,48674.45,2,762,retry_later
f8dad7d4-cedb-4ef9-940a-c0f38ec604f0,b4bcb1e2-a5a1-4dfd-b92c-dcc7043f0139,4860.92,UPI,gateway_timeout,1106.18,0,0,retry_now
d9b460f9-2f4a-4f9f-8011-9876fd5ddaef,e578599e-03ad-410d-bbd1-e819278b89e6,4111.66,Credit Card,expired_card,22295.14,1,1308,switch_method
50d5630a-d9d3-4982-871b-d02cde158d77,a38cceb6-daea-4082-92cc-528c027d9bf3,11924.2,Net Banking,incorrect_pin,8181.19,0,0,retry_later
f0ca1e25-1127-4c1d-bad1-529e945462d4,e04fedc6-a8d4-4a7c-a4f1-4df431b278fb,9821.12,Credit Card,insufficient_funds,34024.97,0,0,retry_later
a5245ada-cb6a-46e5-8611-1c9f9f1c63eb,6bce72ea-35ea-4fd9-ba11-2985cce25282,14154.8,UPI,risk_flag,21616.74,0,0,give_up
f2e19bc3-f257-48e4-a374-6535d05071ce,002b23da-3723-4caf-9f7c-b862ae0c39a1,14759.82,Credit Card,incorrect_pin,13710.76,0,0,retry_later
79683d35-a8e0-46cf-b0b8-219b736286b1,dbe92003-d1dd-4c4e-b902-401fa234b4a4,476.7,Credit Card,expired_card,10655.24,0,0,switch_method
4d588c6d-287f-42ae-9462-384e401e0480,49e82c22-4230-432c-b799-fae0425992c9,14523.22,Credit Card,gateway_timeout,23660.5,2,429,retry_later
5d0d372a-a950-4397-bd08-8435bcc62050,c8f011e7-b308-4027-91d9-a827d53b5a21,7960.01,UPI,insufficient_funds,22684.68,0,0,retry_later
f508dc57-79e9-4ec8-af9d-5cfef9b26d37,e75570db-24cd-434c-a96e-5f166dc1f784,14512.99,UPI,gateway_timeout,45591.8,0,0,retry_now
1bd78450-bcd9-4efa-b9e8-b9704ca3c98a,980d634f-ede3-47d7-8150-7319b441e147,9113.52,UPI,gateway_timeout,29916.36,0,0,retry_now
13a8ec62-9a47-4cb4-bebb-e45ed8b3b114,3082efe6-f29d-4c5e-a596-fbd5449d604b,9776.28,UPI,gateway_timeout,8041.27,0,0,retry_now
90b6f835-a45e-4507-b8d2-b8d39031f07e,4b36ed90-b3b3-4dd5-a2e8-05ef0ee3311c,2252.21,UPI,gateway_timeout,49217.57,0,0,retry_now
45db8fff-2360-448e-ab68-f42322220846,5dd4cba4-e3c5-4dc1-97a5-36b969d0ee80,10831.1,Credit Card,incorrect_pin,48734.99,0,0,retry_later
b4b002f5-1612-4550-87e4-95639b2add3a,c59f799e-1e13-4110-b16d-f82449d8fff0,10867.04,Credit Card,expired_card,45390.93,4,1111,give_up
89d8c53e-087d-4527-8042-74043666ddbd,658d73bf-45f0-43c1-8f28-0c68a06e32d9,7240.52,UPI,insufficient_funds,918.38,0,0,give_up
47c973b8-2954-41be-856f-e8f5998f896b,06227a4a-0286-4a4e-bffa-fdba313f3a7d,1095.52,UPI,gateway_timeout,47061.88,1,224,retry_later
57d2c2c7-2a44-4bf3-9639-912631d864ed,cbb0524a-2ac0-4826-9705-73100dac914a,5959.88,UPI,gateway_timeout,3928.92,0,0,retry_now
6dd87a26-eb36-4555-a452-9dd295a30162,faeebb1c-d76b-4760-9b82-9e7292d4a4d9,3010.25,UPI,gateway_timeout,40029.33,1,886,retry_later
83c21fd5-7d21-47b0-a2fa-5142b3969e48,81257ba5-c3af-48ee-886a-649385d7755a,8925.7,Credit Card,risk_flag,44811.07,0,0,give_up
235fd62e-7834-414d-8fa4-e1b12b107ecd,34209a6c-3b21-4466-b5ff-41565e8baa9e,14210.78,Credit Card,incorrect_pin,46760.09,0,0,retry_later
c6f5f0ea-c0bc-44d2-b7a3-b81466a64555,f0db062f-37b3-4318-9a62-328e462b2465,9915.69,Credit Card,expired_card,24219.92,1,207,switch_method
0204e65e-061d-4c84-a59e-f3800ed3f7d3,6f817b99-de6b-4fcb-8a37-36ca5f373616,7900.78,Credit Card,expired_card,32178.88,0,0,switch_method
7dc3c9fc-753c-41a2-beb2-0d391e018fd9,176a016a-84ad-4d71-9a88-1a2e9535e707,2401.57,Debit Card,insufficient_funds,12355.16,0,0,retry_later
c2703226-2c37-434f-b604-7f0c51a83f40,ded97c64-8945-4c64-bd7f-4c887c423184,2739.95,Debit Card,insufficient_funds,16844.79,4,308,give_up
35626931-dcbc-4548-b9ea-16f7d108a6cf,34375d91-1be7-4b06-9301-2e2be0b9c842,3434.54,Credit Card,incorrect_pin,35960.09,0,0,retry_later
f04c7a05-7e7d-464d-9434-eb4599c41eae,de5915f5-7621-4ced-80fc-2bff1be534f5,6054.89,Wallet,insufficient_funds,4076.32,0,0,retry_later
dfa16691-1dfe-495d-807e-4a6626c3fa6b,8866a216-bd7a-4c5e-85bd-d6017b864ee8,2621.16,UPI,gateway_timeout,42022.62,0,0,retry_now
48d8dd5a-3294-487b-846e-0ed7e2aaf6ae,6e6b2754-394a-4992-82ca-173d1e64c799,5195.57,Wallet,gateway_timeout,21274.67,1,1387,retry_later
a320f85d-e1d7-4133-bbfc-c34e05e0f785,9ffcf020-048a-4d02-93c5-ce1f9f53acc6,8825.0,Debit Card,incorrect_pin,25699.79,0,0,retry_later
6803ce8b-734b-46b9-9e80-c520889a348c,9c08a79f-4a61-4b31-9649-44510e4b3dc4,11896.41,UPI,gateway_timeout,29886.18,1,294,retry_later
468d522c-3c93-41c6-80f4-d263be67e63f,96c97616-689c-4214-bfb6-461117908141,9348.27,UPI,gateway_timeout,10533.11,3,20,give_up
ffe79b82-1e19-45a1-9a7c-449eff6b24be,a22df2f4-02c5-4e0d-bc19-f141932e0616,2703.45,Debit Card,insufficient_funds,45451.63,1,939,retry_later
fd21a2b8-f8c8-4cf6-8e2b-388ad94d3713,6249b72f-8932-4808-9056-ccc378ba1ff6,6563.11,UPI,gateway_timeout,3456.64,0,0,retry_now
9b4cf929-a796-4854-ab72-51ef1774eea0,90edb2d2-8487-4aaf-b741-02fa83268acd,9942.69,UPI,gateway_timeout,28970.74,0,0,retry_now
8cc7c7b2-ad87-4ddb-bbaf-06952419b90d,006e2518-d01d-4656-8adb-e255118aa622,12871.21,UPI,gateway_timeout,19952.3,0,0,retry_now
fa1137ce-83a8-46eb-8ea9-4d95ad23474f,5b7b2aed-e2f2-45f8-aec9-a9e06af7a815,3563.05,UPI,gateway_timeout,19832.99,0,0,retry_now
afdd8725-50df-4e51-b602-b6cfd0dd3410,e19d7ad7-f8dc-4af1-9549-e75ffe28524d,6737.18,UPI,incorrect_pin,16544.47,0,0,retry_later
2468ab4f-cbaa-4bf5-8c30-94bb3257d6dc,622541e5-2d58-4e2a-a4dc-bbe8bffb95c9,14229.26,Credit Card,insufficient_funds,29394.22,0,0,retry_later
464afbd1-7ad6-432b-9397-7de4ac8ab01c,b5b68eb7-c903-43e8-b900-ae79a92dd869,5357.41,UPI,gateway_timeout,30276.91,0,0,retry_now
b10ec848-b2b3-456f-9a98-ea9b82abb1c4,de426bcb-fc3d-44aa-9ccc-ad967d426726,12964.6,Credit Card,expired_card,22318.43,1,619,switch_method
3ec8ea1c-8a3f-4fba-9dfe-9dacaaee9c37,50e64ba5-39ba-4ff6-af2e-1ab167ace2d5,3474.65,Credit Card,insufficient_funds,6148.54,4,281,give_up
096d6724-4224-4dac-8559-1148e57bdab2,bfb9ec09-b826-44e1-8452-89fdb690d5a0,4749.18,UPI,insufficient_funds,46693.75,0,0,retry_later
afaa180a-84cd-4d01-8370-9da128bfa9a7,9ef81056-f6b9-42e2-81b6-4809dd59107f,14477.13,Credit Card,insufficient_funds,49331.51,0,0,retry_later
6e32522a-24cf-454d-a618-21822aaafa39,ed4e2708-7ea6-4fb5-bf0b-d0566105aa5f,6826.55,UPI,risk_flag,43395.91,1,494,give_up
56befa36-f3ce-4e50-bdb9-f499f445302e,dcd37de4-675a-473f-8244-c7bddf3a84b2,1999.39,Credit Card,gateway_timeout,6287.08,0,0,retry_now
5c605f4f-e888-4a53-bbaa-c0cdfb342415,303da855-6303-4ed6-93b7-acaaf158b2c6,2833.35,UPI,risk_flag,8119.09,1,1014,give_up
c3581907-fab0-4e12-af70-58ee4b4330e9,42ec6149-0426-471a-89cb-42314a181aee,10392.46,Credit Card,incorrect_pin,8857.49,2,310,switch_method
b622329f-b644-468d-a6b1-7746c24b75f6,100332ff-5177-4271-91be-cd30c496b451,9271.53,Wallet,incorrect_pin,24858.74,1,302,retry_later
eb8bfe6e-3939-420f-be19-647bbff63af1,3ffd059a-76c8-4aef-b62a-910749ef2f71,10150.94,Credit Card,insufficient_funds,34476.34,3,1170,give_up
6a1bfb53-d7c1-434d-974b-e8a74f17239f,9458021a-04fa-4d30-83a6-9b2d545e1280,5235.12,Net Banking,risk_flag,28859.26,1,1009,give_up
f04e0cb4-404c-41f0-bfbb-1558ab4e38cd,33d82523-c748-47b4-900d-70f67c48fa58,11288.89,Credit Card,gateway_timeout,49666.85,2,588,retry_later
63dc35e9-d125-4f4c-b09a-5c375cdacc43,f47a13d9-002b-4d46-8351-11d0062118a8,13885.87,UPI,insufficient_funds,38259.54,1,18,retry_later
c2ea4569-b1a6-4f7e-811c-41e6a4ddf118,2e2916e2-3678-46b5-8746-e8c1275af084,12269.33,Debit Card,expired_card,21779.17,1,1367,switch_method
80d8602e-acdf-47fd-99b7-ead05e7eaf8c,2f17dd42-db44-4f09-8da2-4fcfb99f22df,9151.38,UPI,gateway_timeout,31510.44,0,0,retry_now
8505d866-928e-48ea-957e-c135bb4b32b4,5879df46-aba6-413d-84ee-85a8c8f9393e,8189.85,Credit Card,gateway_timeout,29824.27,0,0,retry_now
5f128e4b-8e3c-4b6e-86f1-853ed13c7827,b1f9906d-732e-4b23-9182-76ef28791936,9642.21,Credit Card,insufficient_funds,8422.22,0,0,retry_later
acada829-3dce-4270-a6b7-4853f0d975bb,581eb885-3530-48d9-9fa6-dda6ade09cfe,12709.04,Debit Card,incorrect_pin,47573.93,0,0,retry_later
d4c52ccb-8762-453c-a8a5-b713772bb4d3,34b937e2-8dfe-4078-b4f4-8f730af2207c,5988.35,Net Banking,risk_flag,19009.78,0,0,give_up
3a22ecf7-e636-40f9-b594-6ac26401cb46,461e824a-0d50-42b7-81f4-4459d9219679,12196.66,Credit Card,incorrect_pin,38244.16,1,497,retry_later
48d3d47b-20d3-41f5-87d5-202aae2ab7fc,b260127c-bc35-47cd-b195-e85f1de0b93e,13451.75,Debit Card,incorrect_pin,21543.1,2,1140,switch_method
b64d60bf-4dc4-476f-b676-f738b5883174,666a7cf6-b92e-4685-b3b8-8219a8de8dc4,14017.2,Debit Card,insufficient_funds,3013.37,3,469,give_up
30ed5b67-66a4-478e-a168-933ceee3485f,310e380c-c65d-49f4-b733-2e9ff4bb57e3,10054.74,UPI,insufficient_funds,26154.24,1,750,retry_later
ed5c735e-25d1-4304-9636-723a016e560f,3bb3edfc-d2c1-4417-a0c7-8cd2ed8705a2,6004.58,Credit Card,incorrect_pin,35881.79,0,0,retry_later
5ddc4d5b-a143-43e9-8564-2fa57fdf9b47,329f9172-fdae-428b-852b-25489a264b2f,10219.96,Wallet,gateway_timeout,9057.47,0,0,retry_now
5f7193b2-1698-4731-ac64-064cedf72e42,edf5d941-3416-48af-8393-d18ee364c9de,8514.01,UPI,gateway_timeout,5343.85,1,297,retry_later
c2454431-c3bf-4459-8060-1eb4a9241d22,33c21823-3936-48ed-94a2-6685ad4ac1c8,8257.9,Net Banking,expired_card,40299.63,0,0,switch_method
2ab6efba-e42a-4a43-b1fe-db54cd719ac0,e36c2aa1-40bc-4cba-859f-11a276abf7de,12289.64,UPI,gateway_timeout,30080.59,4,725,give_up
a6df7bf8-7f3b-4bf7-9668-245dd1251f8f,b1e6889b-abaa-4b43-9608-d2143d078e66,5417.98,Credit Card,expired_card,8738.67,1,681,switch_method
f9907623-ebf6-416e-96e5-77465dc764ce,b538d82c-7a48-4e88-97f1-a89d27990e59,4129.34,Net Banking,insufficient_funds,39026.28,0,0,retry_later
1e0afa4b-daf9-4187-9309-d5292b647767,5124ecf3-fc8b-46aa-80f9-a7f967a24a33,9361.65,Debit Card,incorrect_pin,4776.77,1,992,retry_later
cfa1a9ea-e281-48f5-8b9a-ba190b277648,85ce9111-1663-4717-b940-d2b894c03def,7098.65,Credit Card,insufficient_funds,43462.98,0,0,retry_later
f734d1f6-a724-4fca-af33-5c700e8a8158,e7ef1748-23da-49d0-9f38-ec1002ab73d0,3100.73,Credit Card,insufficient_funds,11512.31,0,0,retry_later
4a5ad5d7-f8ad-4dc4-989e-24d8fd4c6296,879146e8-8348-475e-909a-007736c1cc1b,2135.2,Credit Card,insufficient_funds,2922.73,1,1343,retry_later
4809c963-c4fb-4b65-b1bf-6e0652ddd5c0,a9065c79-cf5b-445f-85d6-b17df2cc7201,10766.79,UPI,gateway_timeout,21409.98,0,0,retry_now
1834d391-79b9-4c23-9f5a-04e60ea9118f,b2d7f928-7113-415d-9833-fc2c12453fde,10867.84,Credit Card,risk_flag,5205.48,0,0,give_up
857700a4-2b78-4915-a974-f49b1d3dec49,bfc98b20-2324-46fc-9c39-1803bca12d29,13413.92,Credit Card,insufficient_funds,4282.91,0,0,retry_later
3adc1fec-3d78-4ff2-a161-3cb07622d5df,4b838c81-8309-4f32-bb08-c7317399c664,1050.66,UPI,gateway_timeout,17749.82,0,0,retry_now
ce723c1e-ab13-4d0d-af46-32e35ae2ea99,f3b941ea-f571-49b2-bc9a-f4660573674e,8104.78,Credit Card,insufficient_funds,11685.6,2,1253,retry_later
4db520ac-55c7-4a30-901d-770bfb11a3bd,2264b0ba-3e7c-4a35-945e-7ed175517255,2862.97,Credit Card,incorrect_pin,22842.93,0,0,retry_later
85d61f03-8d00-4f03-aed3-7d45a5df3bf6,3a0a12b0-e1d8-4469-92d3-85a42d87e75b,6700.82,UPI,gateway_timeout,49774.02,0,0,retry_now
a4dfa08e-fdf8-497a-b464-2b304b737aa1,22dd55bd-170c-475b-a165-d0df52e584ab,9528.05,UPI,gateway_timeout,48083.29,0,0,retry_now
2a57cd54-810c-400a-a9a2-e4c744eff465,a403f2e4-a39d-4bf7-84b1-493a60985ae8,12328.88,Debit Card,insufficient_funds,21134.46,0,0,retry_later
657cce5b-c8e1-422c-b5f1-8d91ab1eb208,73713b89-cbad-4888-9139-0e96bce0f8d6,5744.07,UPI,gateway_timeout,23744.33,4,1302,give_up
484d68e7-adf8-4b03-81af-b59285598035,88317311-008f-4624-bedb-f6aceaa0aec8,8103.96,UPI,insufficient_funds,46350.05,4,285,give_up
4aebccd3-ec17-4439-ab78-a296f01cc340,1edbb963-cc79-41e6-8000-27fb1720de93,1924.43,Credit Card,incorrect_pin,37763.52,0,0,retry_later
96be5233-b2e5-4ed0-8391-8b9be27831fa,129502c0-1fa1-4cbe-9f2a-66bfa4ca056b,4553.89,Debit Card,expired_card,1808.02,1,113,switch_method
f27a6eb0-3f2f-409d-b5c3-89d18935b3c6,c4be9bb2-e3bb-4175-805b-7616efa75304,7650.77,UPI,gateway_timeout,11952.77,0,0,retry_now
6b328de6-4669-420c-9351-688df756dfc0,fd22f16c-149a-4167-a38d-3eeca8bfd8e3,2434.85,Debit Card,insufficient_funds,43666.83,3,405,give_up
8a410fd3-94be-4ca7-bdb2-1e1b313aac2f,32440c5b-bb19-441f-b017-d52b04453186,13959.62,Credit Card,risk_flag,10425.53,2,41,give_up
c9a77e4f-0df7-406d-ba86-487f9a35485f,9f884399-7f41-45d1-89db-3bc181e4af81,10824.12,Credit Card,incorrect_pin,26624.06,1,1090,retry_later
f16c4ec0-899e-4f17-b663-a6b36e886c17,66df01f0-31c4-450a-a993-84a75979cea7,2611.13,Debit Card,gateway_timeout,20149.01,0,0,retry_now
9e3ab5f7-02bf-43c8-a11c-5fdebf2542e5,d32c1cf8-f7fb-496d-9d81-25f678842ce4,12338.98,Credit Card,gateway_timeout,32048.6,4,792,give_up
49a0eebf-94a9-4a78-b3fb-a324ebacf0a1,13db53e9-a064-412d-89db-ea4845c20a67,13474.94,Credit Card,gateway_timeout,6959.9,1,237,retry_later
2aa759ed-f4a3-4dd2-882c-efc0ac5e8441,c6bfb58f-5016-4fb1-a610-093897a340c7,5519.34,UPI,gateway_timeout,7318.7,0,0,retry_now
a91a7b90-443c-4643-8723-334936c87af0,8e5d5029-d10d-44ac-b2c4-69f4f4c18688,8247.45,UPI,insufficient_funds,48155.76,0,0,retry_later
5fb02a69-11f7-4d84-9c06-1b92e3a04a5d,2bb14ccd-e6e7-4708-9c19-a62e115728c9,6598.28,Wallet,expired_card,25307.09,0,0,switch_method
f41faaf8-5c4a-4307-94b5-f414f392fabb,3622e99d-7da4-4e85-a7c9-ff75ff51a50a,9756.51,UPI,gateway_timeout,30979.4,0,0,retry_now
01863d24-2753-4e61-ae0e-2d28130b2adf,ec927a14-39ba-4d1d-a187-1c960f43d918,881.88,UPI,insufficient_funds,22990.02,1,689,retry_later
e5d6d584-d174-4e6b-9fbd-5ad5f7c8c864,118bf0a9-4369-484f-8196-03a8c9fd1e8d,2142.32,UPI,gateway_timeout,11959.01,4,1352,give_up
cff3df7c-e06f-45dc-b278-e3a7aa3accde,7933dc1a-0c66-405b-974f-066d55b934ed,9274.59,Debit Card,insufficient_funds,34580.9,0,0,retry_later
78c8f258-eb94-42af-9fb3-50df85072625,cc5c582d-5cf2-430e-ae48-0d230a96ca51,2614.55,Credit Card,insufficient_funds,11040.13,0,0,retry_later
f18120a0-9922-4105-a1d8-8982c5214b0d,fd514859-3d56-439c-9f52-fb97ee13c5f6,6077.93,Credit Card,expired_card,39604.68,1,767,switch_method
3ecb7c1e-d4b0-423b-b326-49794a2535f8,1ed5ea49-9c5d-4107-83ca-09966de43517,11006.88,UPI,gateway_timeout,41376.89,0,0,retry_now
18a9be5d-cd7c-4321-96a5-fdd4e19a98b3,c76cfba8-1bb8-4e18-989a-0b3c8776f92a,297.69,Debit Card,insufficient_funds,24067.21,0,0,retry_later
949745ef-bffd-46b0-975d-25bbe75d4517,ef714895-2080-4822-918d-801f0794b0f0,3235.88,UPI,gateway_timeout,26765.51,0,0,retry_now
993befd7-f58a-49de-8c35-f485d8a0bb5c,44244fec-d44c-40d8-93e5-183a2f28394f,14394.05,UPI,gateway_timeout,40076.86,4,163,give_up
d40f5499-2e14-40c0-bc5e-112ca5e2fe6d,515a78eb-a3c1-42b5-aea9-8985b8d6090f,3997.63,UPI,gateway_timeout,24966.69,1,628,retry_later
e12267da-8f8c-46f4-8045-405c8ddcbc19,abb9b8e3-a54a-4792-a9c6-d3a030685e14,7145.51,Credit Card,insufficient_funds,36867.85,0,0,retry_later
d694d40c-1d88-4f38-8812-7505be7e5d42,91c92e1a-f22f-4971-8019-ee55101a7458,13382.35,UPI,gateway_timeout,39250.83,0,0,retry_now
f5f06fe3-0c11-4a04-a45e-45cbe142147b,e6518fd7-c052-43a4-acc5-66be5ad39741,12135.16,Wallet,insufficient_funds,47141.56,1,28,retry_later
b6f2917e-0225-4439-a079-c71fa6901995,24b7db4d-8024-4383-a075-fae0c3597d48,12378.73,UPI,risk_flag,39058.52,0,0,give_up
1c0e4318-b441-421a-bbae-440d278ab555,80da74ae-339c-4c0a-9387-7db6c161314e,13341.97,Credit Card,gateway_timeout,11348.23,0,0,retry_now
cd292d24-f99b-41a3-b3b5-3e21c8be9b18,d33f7597-c6d6-4965-b972-486ef16f75bf,6654.66,Credit Card,expired_card,49413.76,0,0,switch_method
0c716eda-7dcd-4e02-a67b-36b004749175,9daf6767-ae59-43d4-88f4-e4ff7a32ca39,12033.94,UPI,insufficient_funds,32951.78,1,663,retry_later
c5a6a5f7-3ead-437d-a262-fa5d1893daeb,9e2d5c19-ead6-4f2c-b8aa-6f075567a67e,14873.91,UPI,gateway_timeout,23097.35,0,0,retry_now
c43c43e0-f134-4946-b324-28b68b7d56bd,6c6679ba-7831-40c6-8162-279660018fce,2619.9,Wallet,incorrect_pin,9259.78,1,1284,retry_later
2c244c00-cd0b-44c3-8f44-eb1309442a42,c923e84c-929d-4e23-9bb4-bb803351f575,1248.44,Credit Card,expired_card,21214.84,0,0,switch_method
ae4742a5-e427-4afb-b754-239ae78c62a6,f9ea1239-6bc9-45e0-9502-40dda6e0baa8,14640.1,Credit Card,expired_card,11392.12,1,462,switch_method
81bff8cb-f360-420e-8328-975b28de752d,08a6ce5a-7ee8-4c96-9e3e-bb2701bf7a3d,9662.12,UPI,insufficient_funds,38731.69,1,377,retry_later
9e132697-350a-4324-82e2-ed07e8fc62f1,d9b9697f-672b-4ae7-8628-2432a20ac6d8,7120.3,Credit Card,expired_card,6261.68,0,0,switch_method
d26ff119-d459-4196-8056-e1c391bfda4a,5457c7bb-9c62-4f18-9aaa-e21870873d28,9251.33,UPI,gateway_timeout,26038.41,3,1249,give_up
de7986f2-0ecf-47ee-b0ef-83e32334adfb,30830a03-9411-4e59-85cf-19be4ba22acd,5588.78,UPI,gateway_timeout,11230.78,3,845,give_up
5bd52566-5ee1-4bf7-b49e-b343244d0e86,1c3d64b9-7b92-4929-b3eb-c7509a6c9960,1831.31,Credit Card,incorrect_pin,12034.64,3,1311,give_up
56e0ca42-6ada-4879-8bfe-b5012f08e561,1caa175e-e8d8-4c64-9602-55931b5c7196,4760.67,Credit Card,insufficient_funds,33572.75,4,38,give_up
281d34a7-be9c-4c64-9186-9ec677541593,6f363a67-a7de-4831-9fe2-c59c01425d66,6913.49,Debit Card,risk_flag,37752.1,0,0,give_up
f564b04d-57fe-4c7e-a2c8-aabe2f6b9a58,b72606e4-cc71-42b5-8149-344271888abd,2669.66,Debit Card,expired_card,32808.09,1,597,switch_method
c9e1a2d6-7f8e-46bf-827d-e6d2707e4946,04f96bec-0ab3-443f-a897-e28b58749e46,1628.08,Debit Card,insufficient_funds,36397.36,0,0,retry_later
5b1b0baf-f56f-4c94-a85c-5a4d5bf03d3f,f0dea639-9126-4a7c-b530-3edfdd84b020,2268.63,Credit Card,insufficient_funds,24419.71,4,1067,give_up
b4c3fe09-b158-4ac7-b617-396b529a62f5,a71bb44d-5469-4dbd-be52-d4008da5604d,4470.25,Debit Card,incorrect_pin,25418.03,0,0,retry_later
e2716c3a-7b4f-4ff3-9603-150c6c7ee3cd,c387cb48-bff6-421f-b057-22355cba3400,11419.21,Credit Card,incorrect_pin,31814.57,2,1134,switch_method
2a95a698-e44d-4099-bb8b-71fa57f5bd04,5409c3e9-0e6a-4e54-afcf-aaceeaeb9bb0,13222.95,UPI,gateway_timeout,37085.6,2,1127,retry_later
6aedc92e-9bde-4dbd-8b82-f5fbc04d6dab,703f290a-b4db-4dbc-8c37-1fd7415bf49e,11137.8,UPI,incorrect_pin,15546.45,1,301,retry_later
f504f59f-edd7-42eb-b013-0f08d201f028,f4838f0f-219d-4905-995c-c69048f3baab,8317.86,Credit Card,insufficient_funds,39189.59,0,0,retry_later
c2a87796-255a-4cfa-9f25-1c9cc6afe768,7b5b4ea0-20ff-4c69-a584-4712bcada07b,3045.18,UPI,gateway_timeout,37286.69,0,0,retry_now
269e9b7d-b6f5-4f4c-b095-7386281b75c0,585ee293-ec50-4d2b-9bf3-8dc3626ed6ce,12631.14,Wallet,insufficient_funds,37813.23,1,1093,retry_later
f2521b49-c427-4984-9f80-f85387c627b8,36be7306-20b2-444c-a718-fd51d3437aa4,10833.84,Debit Card,risk_flag,22430.53,0,0,give_up
57766d37-e1e4-4d6e-b34b-76eec8c2ab2b,8857b698-7855-4804-86a9-ede3e70e7a87,10437.32,Debit Card,incorrect_pin,20631.09,0,0,retry_later
ba000526-ee0e-4a6b-afb2-28d1351731ab,4c288b93-e07c-4e79-b6a9-0a97b96d32b9,1403.93,UPI,gateway_timeout,39709.87,0,0,retry_now
27e075ff-42a6-4ce0-b421-5f3f419609bc,42acdd6d-9cdb-4e44-a64d-4fcd5f6ac603,8703.96,Credit Card,incorrect_pin,3242.68,1,1078,retry_later
2a4ff2ff-3e32-4ab5-a931-0a319edfb108,f0a4dd00-94b0-492a-9f91-a6d0d789e862,9036.16,Debit Card,insufficient_funds,29968.45,0,0,retry_later
0e14f2fd-699e-4357-9e66-e3bce513d3fd,2f6313c2-31c1-477d-87e5-0fd5b71f71df,10434.28,UPI,gateway_timeout,7449.99,1,1099,retry_later
9bacf3a3-b88f-481a-9d80-2763899a603e,6e31f1b1-76d4-435d-b11e-187beb689f15,6608.58,Debit Card,expired_card,25863.45,1,739,switch_method
bd298cd4-d55a-44dc-9bba-f12cdc52f322,68fc29c9-c1c3-4252-a611-3b566b794482,947.51,UPI,gateway_timeout,18571.1,0,0,retry_now
ac65e440-3e3b-4bbd-8c73-5750058a06e2,859530e2-dc1f-4e3f-97ab-e1cf48ffe448,2610.47,Debit Card,expired_card,14972.18,1,197,switch_method
a066bf3a-48a8-4f36-9e51-cfe251a5b343,59b5b578-a164-48af-afa6-e97ad06ab1d4,12598.64,Credit Card,expired_card,20495.24,0,0,switch_method
e3cbc36d-88e7-4896-b1b8-88f13a5cf96b,197f3839-5b4e-45ce-b524-ad8a32a6279b,5439.91,UPI,gateway_timeout,9223.81,0,0,retry_now
dce73bd2-6117-4c6f-85d0-494feb2ede20,091d83d1-47f5-4925-8f91-9be1884abcf6,4103.33,UPI,insufficient_funds,41584.85,0,0,retry_later
c02ead9b-9933-4e70-9fd6-8ef6c6f5a52e,d7b49e15-35fd-4368-9394-ca6fe1955e68,6450.56,Credit Card,insufficient_funds,12964.84,3,580,give_up
e48250a2-38b9-483d-a2f7-1e978020b5e9,0ff5d1ab-7e32-4886-8b45-ac3577d0d05c,7249.7,Debit Card,insufficient_funds,22909.34,2,1283,retry_later
aeacdac0-5cb3-43b0-83db-a111e2679387,73dd865c-13e4-4da1-ad9e-67c36d092d49,115.37,UPI,risk_flag,39010.65,3,808,give_up
242dba86-1f86-445f-a483-325abf9c5f76,5da38f98-6af5-40d7-83d4-34a4685fe8e9,9857.76,UPI,gateway_timeout,37568.75,0,0,retry_now
c85af8c6-4bb5-41e2-ad0f-70983510ee0d,1fb9a0da-7a60-4442-903c-69f216078ffe,4143.04,Wallet,expired_card,1814.38,0,0,switch_method
f6082903-e23d-43c4-bb0d-e9a4b88425ea,77f98d14-e8c7-4b26-8466-1a504c9a8a30,6439.01,UPI,gateway_timeout,18560.35,4,204,give_up
1fa74a56-ef2c-4491-b8e5-4cc10b743cb0,d1f36e0b-6bd9-43e9-b573-1a3347f1d236,9299.29,UPI,insufficient_funds,2325.03,2,874,retry_later
d894a544-b981-4472-ba72-6bad84fe26d4,bdfbb069-12af-4dde-b95c-ab13831a16d3,13498.5,UPI,gateway_timeout,17367.17,0,0,retry_now
53f45663-4dc9-4fd6-9039-ad02af8bd325,2c13c1d3-324a-4b9e-8924-5f669daf27ee,14052.97,UPI,gateway_timeout,28008.41,4,491,give_up
6b9a4874-c0e6-4848-9f5b-3327749a7475,fa7339c7-f99f-45fa-ab6e-b9f2dba6993a,2183.03,Debit Card,incorrect_pin,48977.54,0,0,retry_later
bdf8d9a3-64e9-4211-b847-3899ba40a093,cfff5187-c1e4-495c-b5af-5e0fc45bf04b,14206.07,Debit Card,insufficient_funds,15434.94,0,0,retry_later
51db409c-783e-4aef-ab5d-a50c6b769611,07043909-4280-4de0-bffb-7a94154fa6d6,3387.5,Wallet,risk_flag,7562.34,0,0,give_up
c035cdaa-0dc0-465d-92e8-63035dc0f057,7f96162b-8452-40c6-814a-1466afb65f79,1730.39,UPI,incorrect_pin,26169.55,0,0,retry_later
35128808-8537-47fa-b591-e06dbb462bc1,a1641a81-5965-4e8a-a5f7-83abf52eea96,8157.64,Debit Card,expired_card,35391.75,0,0,switch_method
5a7f88aa-7d3d-482e-93d9-29e69419caa2,dc51e008-7ed3-406c-90e4-cf4dfa7cd600,14186.02,UPI,gateway_timeout,8288.73,0,0,retry_now
8d164808-7dcb-405c-a47a-f36e228fde1a,532500a1-1097-4485-9479-fc41ae92e3bb,9768.09,Debit Card,incorrect_pin,20588.28,0,0,retry_later
07a399f9-a133-4002-a939-18b1a0f3aae0,6b049779-4ff3-4d2d-bba1-d07132895cf4,6894.01,Credit Card,insufficient_funds,40320.18,0,0,retry_later
3e3a93c9-30d3-4c78-9300-311bfe4f7c38,d0936a1e-94c3-4399-9c8b-936b9ce00771,2478.95,UPI,gateway_timeout,12931.04,0,0,retry_now
6a7c8df1-c8c3-4523-acbf-cfd4f69f4a12,6a88f48d-db5c-4695-9a89-c972895b4182,13168.67,UPI,gateway_timeout,10244.06,0,0,retry_now
f88bf848-923c-485d-b962-d049def0f0ae,51237c47-885d-454c-b76e-6e24c50c2596,14774.99,Debit Card,expired_card,22561.97,0,0,switch_method
9186f4f0-5595-4293-b208-0dc8115de2f4,88fa81eb-cf40-406c-8abe-28523c1945b5,13639.21,Debit Card,insufficient_funds,23196.57,0,0,retry_later
0bc8a5fa-5ff4-4bdd-8111-3dd3cc949897,db85c31f-079c-45a6-af3c-2c53e04f627c,12333.33,Credit Card,incorrect_pin,32839.01,0,0,retry_later
24a8bc60-330b-42d5-9313-1573f0b29f74,5166ba60-cd30-4bab-bf29-57c56df61707,7854.71,UPI,gateway_timeout,10188.32,4,507,give_up
2cb9f2a1-d345-4f0a-925f-7d6d5566e238,4ba8da10-d7ec-49fc-897d-1df63ec6b147,5945.6,Debit Card,incorrect_pin,39895.71,1,237,retry_later
04666acb-b265-4ba2-a456-bc169bd1c78a,edbe3ec7-ef63-4577-a545-5c7352826088,4758.26,Credit Card,insufficient_funds,39663.07,1,386,retry_later
b397d48f-3ac1-4d89-9600-35c9c42b5e1d,0e151f38-e4cc-4320-9d6c-6cbb06fb80a8,8975.71,UPI,incorrect_pin,25352.56,0,0,retry_later
aaffae7e-405b-43c4-9de9-7cc2cade805c,8e24838a-29dd-4424-a599-dbc34017e122,4704.3,UPI,gateway_timeout,41018.88,1,989,retry_later
832930a2-dd46-4e00-a142-8fe7f3a2bfe3,c7e4af9d-550d-4fbe-b7b2-4c5b9f2f0f40,7583.05,Credit Card,insufficient_funds,40180.18,2,1039,retry_later
babb77d1-b984-4404-856d-90a78d78b277,aaa2a429-151f-4c22-bc55-74ad546fa675,9523.72,Wallet,risk_flag,33396.0,4,1283,give_up
658c8185-2d0d-4a2d-9e24-a948978f5fb7,b7e22b7e-4c80-4305-8496-a3947421042c,198.99,Wallet,gateway_timeout,8111.67,0,0,retry_now
2acb78dc-91b3-420b-b318-1eb478bdf7ba,18a8a756-7132-4ca6-ab04-657355daf647,1200.3,Credit Card,incorrect_pin,44512.9,1,644,retry_later
15b65f74-17b0-4014-8e1e-0a41d9bb5804,924c22bf-2e48-4e28-8641-b97e10eefe79,8116.5,Wallet,expired_card,40953.18,2,210,switch_method
41490c31-b097-4f74-a0d1-07ff946c03cf,d738b63a-14c0-4c90-87a9-d4947fac1cb0,4717.77,Debit Card,risk_flag,32583.4,3,1249,give_up
3deb7798-c0ea-43d3-9ded-6316f6b8d364,4e80efbb-bbf6-4b02-8737-d6e6c92d6ebf,1703.02,Debit Card,expired_card,12217.0,0,0,switch_method
1e2a48cd-6143-463b-8ee4-21266dfc78e4,eb7b367a-9462-47db-ac94-0932f4c2a413,11097.67,UPI,gateway_timeout,45267.99,0,0,retry_now
55a66bef-8cf9-46bf-af47-f8eae39ef008,8bf9929e-449d-41a4-bb96-2ce8e380d85a,11073.66,UPI,gateway_timeout,28862.49,0,0,retry_now
d3136a83-3f70-4ff8-9592-64ccc623bcac,a2cf373e-eb12-4abd-9edd-6abedd84a3f0,11092.03,Debit Card,expired_card,1555.78,0,0,switch_method
4d1898d5-fe9c-4310-af06-e0ed7243efea,21625bde-f1d0-42c8-8414-8765758d420a,2515.31,UPI,gateway_timeout,34083.47,0,0,retry_now
aa5c5fd8-407c-4359-9360-954aaedc191a,3346b52f-b4f2-4732-babc-479fad461428,5112.3,Credit Card,risk_flag,3853.9,0,0,give_up
16d4ba34-5ff3-4db1-b20d-6f54b2c431c3,580d1158-98be-4e52-9c66-e858e6394e13,11449.7,Debit Card,insufficient_funds,3425.27,0,0,retry_later
cfb13984-5434-4792-bf6e-69f83efcc070,866c6fc0-a829-42e6-9cef-3508a58b22e7,12112.87,Credit Card,expired_card,11638.16,3,844,give_up
03234307-2f95-4aff-9cf0-e40fde4ac8a2,f50cec43-8071-4c35-b53f-67a836883c40,2544.53,Debit Card,incorrect_pin,9.42,2,1377,switch_method
8b214e8d-2c4f-4997-9932-eeb8190ef144,73b64e56-f2f7-4920-896a-792c260967ca,5712.2,Credit Card,incorrect_pin,27332.41,2,595,switch_method
6c264da5-e8e8-49fc-8dd6-17ab96c5ebf5,009d068e-e316-428a-948c-dd50158766d6,1920.53,UPI,gateway_timeout,48312.17,0,0,retry_now
682d7e24-f6f4-4b68-b766-272c69a88328,7ed6f8aa-60eb-4222-9a80-9da3091fa737,12593.52,Debit Card,risk_flag,34965.77,2,172,give_up
ea0ae3b3-d8a2-44f3-af97-4e3d9c5eaa8d,12902261-9264-4527-9fde-971c1ca1f005,4230.0,Wallet,insufficient_funds,41469.73,0,0,retry_later
9aa5715e-e4dd-4f60-b8e4-39dc6b7092e6,521bdd12-f34f-45aa-95bc-64ecc699d2d1,1457.05,Debit Card,insufficient_funds,27034.92,1,285,retry_later
89b3cd75-95bf-4b5d-b590-7a0df28b35e5,9dea713f-da07-43b7-ac39-e6d2cfe473b5,1122.87,UPI,gateway_timeout,41226.74,0,0,retry_now
022c0603-56b2-48d8-913e-e6cd84fadfb9,b1755ada-019e-4c6c-ad9c-717fd1f6a1a1,13159.82,UPI,gateway_timeout,3224.56,0,0,retry_now
fd840a99-df9d-49ea-a6aa-d526c5e0735c,8f95d128-6eb3-486a-95e8-fff2213751ac,9396.38,Debit Card,gateway_timeout,49451.42,0,0,retry_now
3f88099f-2f1c-4006-865e-75276e5b2a93,9015873c-2ead-4dd3-b6f2-5f910de291ff,4023.97,Credit Card,expired_card,21459.13,0,0,switch_method
393f8e5c-095a-48f6-9ed8-7ed8ffa0d3c0,ae10a994-023f-481c-bcb8-098b8c94ba19,3311.18,Debit Card,incorrect_pin,12615.36,1,1012,retry_later
421753a3-2bf0-4103-95ed-8de8d5f9d51a,9b83102f-bfb2-4a32-9a7d-7d83ff82f66d,13185.89,UPI,risk_flag,41464.34,1,1088,give_up
1822a56e-9937-44f6-8c59-ba6aa6b524b9,2b885842-e9f6-491e-afb9-c2b627ce33be,6971.85,UPI,gateway_timeout,45533.83,0,0,retry_now
39fb2cfb-b0e2-40ad-a349-2dc3345090bb,f1ed0544-0b8c-4bec-a2e7-8eb572bc7581,14222.14,UPI,gateway_timeout,8529.1,0,0,retry_now
fc0bb6ac-6738-489f-823c-8000917a568c,7a4f0463-6c0d-4e02-b45e-b10a13909078,1984.08,Credit Card,expired_card,33821.32,1,771,switch_method
cd7928f6-3adc-4271-8cac-331b189cff76,09ecdcf5-f300-47ed-b412-4e156d1e55f8,9013.76,UPI,gateway_timeout,47526.55,1,950,retry_later
81b5b832-6d84-4d5c-a729-abede6e5c15a,1335cf53-3c60-4a95-b59d-8f55152db369,9065.03,Wallet,insufficient_funds,1988.3,0,0,retry_later
5fa7ae3d-0d58-4711-8f09-c9c9952d6e7e,1e94dda5-7ca5-4b44-ac8d-77d1386c0b8a,4976.89,Net Banking,incorrect_pin,48576.63,0,0,retry_later
49d3a364-c5da-4f7a-a4e6-90a907dc29c7,399d5aa4-3586-4c92-9af3-f4b40fd1de35,3112.82,Credit Card,insufficient_funds,14034.16,1,652,retry_later
8bc24723-db65-42f5-819d-3003886a541b,547100b8-93ca-4ba2-b570-8a85fa26dae3,12660.43,Credit Card,expired_card,41665.85,0,0,switch_method
bd9d9f68-7783-444f-9081-b0dc56eb32f8,b7316c78-9429-4107-96f8-f23c70f94e35,5957.98,UPI,gateway_timeout,10925.49,0,0,retry_now
93a4c70f-4675-4e7e-9aae-8aeacf430307,43e42d2f-a9bf-472e-8ce3-fc3cc5817482,12274.92,UPI,gateway_timeout,14228.12,2,818,retry_later
efbd939f-965e-4b4f-803f-a50650e735c3,06c8d212-54b1-486c-8abc-6a9288997f61,682.35,Debit Card,incorrect_pin,33771.01,0,0,retry_later
3d71b0d9-9d49-46c5-84d0-e2f21b3f46c0,8d6e14cc-7bf1-49ce-a939-cc7412046f08,10950.61,Credit Card,risk_flag,19493.62,0,0,give_up
1a3a420e-edec-46a3-a4f5-0eb658d0fcf3,a87eeaad-e9aa-4591-b164-87321f0ffe94,4457.95,Debit Card,incorrect_pin,33730.39,0,0,retry_later
93157dcf-fd20-47a5-a71e-e10514d28aa8,f054465b-5cfa-47e2-a268-92b44a0f8f78,41.54,Debit Card,risk_flag,43144.03,1,1004,give_up
bfb861ce-f737-4991-9556-a384e7e89df5,503b39bf-bda4-4fda-ada5-84ad553d62aa,9982.73,Debit Card,insufficient_funds,12834.71,2,638,retry_later
64c92b81-e1e0-4a08-8787-8718a7d75e50,1b383391-fdca-4bd2-9b72-b95d6cc08728,13505.82,Credit Card,insufficient_funds,27479.18,0,0,retry_later
30c4b35f-39dd-410d-9641-173e5e94dce7,22f17dfa-12fb-497a-9224-5a469f05052f,9694.98,Credit Card,gateway_timeout,20633.77,1,201,retry_later
f140868f-0cb5-44c9-9074-3ff35b63a2c9,b566efd3-7ef8-4f2b-848f-6e2a10665d9b,13700.17,UPI,gateway_timeout,31804.8,0,0,retry_now
1dfea081-11d5-4924-b2eb-19cec9e41f1c,a644985e-f9f4-4262-b36a-3b088bfbff5d,13537.78,Credit Card,expired_card,6027.92,1,386,switch_method
c931203f-6c68-4468-9752-c9b97fb9761f,e56db43a-492e-4ef1-97ad-44abf058dc03,4432.66,Credit Card,insufficient_funds,21101.71,0,0,retry_later
b972bf17-a1b7-4acd-8d32-e748766f25c3,d0ee3675-62c0-40a0-8a95-b374456a2b03,8384.05,Credit Card,incorrect_pin,6150.16,0,0,retry_later
5205911b-e5f4-43a5-ba21-d767ce817fd6,baa6f784-b7a3-4513-b351-ca9813764abe,10390.47,UPI,gateway_timeout,42280.22,1,419,retry_later
adffebb9-2b6d-4a54-abdf-84484ea6e66b,0b1b6418-9ab8-45b1-8dad-f11d558dec49,6701.83,Credit Card,insufficient_funds,39449.26,0,0,retry_later
ee515d36-2c12-4e85-ac0b-0fa7efc676e0,1fe6d858-4c78-4562-89a5-fe9147a8d2fd,6470.47,Debit Card,expired_card,45831.76,2,359,switch_method
fc20d284-a925-4e01-9364-963b0e723045,9ae33b10-f2be-4386-9768-df466a644354,5900.68,Debit Card,insufficient_funds,1371.02,0,0,retry_later
58b477f8-81a7-426a-9496-972ae754194e,a9967591-5e3b-48c1-858e-a183690b3450,681.23,Credit Card,incorrect_pin,32287.03,0,0,retry_later
b8429954-11e2-4e54-9faa-c54822abaeac,911ab0ac-bfc0-42d3-bce9-e00fe214c9dc,5689.87,Debit Card,risk_flag,25861.97,0,0,give_up
15a62149-c495-42c8-b90f-e99a10205f5a,64602b9c-9811-4e9e-b7f2-182a77a045f4,1527.89,UPI,gateway_timeout,29799.44,1,575,retry_later
d23f3697-0940-49f0-abd4-63a3b9c79b50,b296ef63-a248-4ec8-903c-cd951e088409,6815.48,Credit Card,gateway_timeout,49401.8,0,0,retry_now
3ecc81b6-47ac-4d1e-bcb0-06865657ab5b,046580a9-24f6-45fe-87a4-6a5990f99c0a,7586.77,Credit Card,insufficient_funds,1376.84,0,0,retry_later
94ca045f-1e27-42c8-aff6-3fe8f9cee854,7b742b05-4f87-45d0-8579-ef162f1384b6,13885.3,Wallet,expired_card,10443.2,0,0,switch_method
e4aa38bf-02c1-41d1-a2b3-4f2c365b8839,58f923b4-0833-4ada-9112-fe9e21958dff,7322.89,Credit Card,gateway_timeout,7353.09,0,0,retry_now
7f463f98-c67c-4d1b-8b21-d584f2d1b63c,07651d02-d48e-4873-9181-58f1e7d57684,7115.36,UPI,incorrect_pin,18740.18,0,0,retry_later
96b2d136-3765-49be-b6e8-878aa3ea7269,080e7841-6fc3-4b58-babd-ddf133ca1d76,9107.09,Credit Card,risk_flag,4410.09,0,0,give_up
f003f805-b037-4b51-84a1-190bbc6b9aeb,5d7f5944-e0c9-44b7-b541-6d226ecc7c2d,14701.83,UPI,insufficient_funds,38676.94,4,304,give_up
d4a09b3d-a01c-4aef-8004-7db34dd74400,28ea1750-126e-4221-bae2-00c043a92266,5349.22,Credit Card,insufficient_funds,41927.46,0,0,retry_later
ac15934e-9aca-4323-b19e-d535bd773ab3,e421cf6e-8a2b-45ff-b139-6d004f8c84c5,10164.04,Debit Card,expired_card,25372.32,0,0,switch_method
9d2ce8e7-ea1a-496b-b3ed-194bce44fa7b,58ccebcf-bb19-4618-bf04-8dbf373d9972,8748.94,UPI,incorrect_pin,8262.1,0,0,retry_later
1bea7742-112a-4a48-bf31-09347634eef4,02d2ff43-9eac-4862-b90c-e3d1d309bd0a,6032.66,Wallet,risk_flag,24444.89,1,272,give_up
ef12bef4-7704-4215-918e-4ed7a23c4e49,26fd58c8-2ab7-4a03-bbe4-c18b50d1ac05,6927.07,Debit Card,gateway_timeout,39626.07,0,0,retry_now
00afbba5-aa23-457b-8e98-627e19d6ff47,b4013362-e5bb-4d27-9146-365b3b9095a3,13605.07,Debit Card,insufficient_funds,35544.24,2,63,retry_later
1d8d8afa-074a-4277-b265-492672b92ee5,c9ed35b8-b047-45c9-a7a7-31772391f2ee,579.34,Credit Card,incorrect_pin,22923.32,0,0,retry_later
4106f4c4-99cb-472b-a2a8-50c8bae91860,963a905a-31e8-4bce-b138-30695cf287af,7007.06,Debit Card,incorrect_pin,34037.79,0,0,retry_later
89006109-d9e1-4933-850d-677f25395b6d,97bdb721-e126-436b-9b5c-bfbf54b39691,1414.15,UPI,risk_flag,25645.12,3,819,give_up
ef87f297-aa30-4e9d-a40d-e3c3b2fa076e,7c7ed206-ce5c-4d8a-bed4-3a8d80f4dcaf,3056.31,Debit Card,incorrect_pin,14289.18,0,0,retry_later
f82d9b52-6cb2-442f-80f7-b037b1805a8d,dfed2e17-ba28-4f11-81ed-e18b1068b505,8663.41,Debit Card,gateway_timeout,24616.27,0,0,retry_now
41b25e04-4961-434f-b48f-76837aac4947,dd84a458-fb49-41ad-a066-95eb51bf1670,11470.27,Debit Card,risk_flag,41375.95,0,0,give_up
fa9831fa-e080-445a-813b-e8db1364f8eb,4b2f79b3-7d25-4f14-9904-f8dd80d498f0,12810.89,Credit Card,risk_flag,5463.21,0,0,give_up
c5d572c3-8d82-45df-abe3-b2283f61431a,e5daf570-570f-4521-a8d8-6d59f5332f6f,13253.14,Credit Card,expired_card,3122.88,2,442,switch_method
1441d7bb-3bdc-4fd8-9fa9-cbee81f7e3e5,07fdb60d-32f4-4830-9696-ce17d183e068,11441.32,UPI,risk_flag,36701.49,0,0,give_up
cce4a6fa-fba4-4a63-bef5-3e9c42af341f,f8412e54-78b5-4da6-9185-96b76448a6b8,9491.84,Net Banking,incorrect_pin,26361.31,2,276,switch_method
bfdc473a-aacd-4c5e-9964-1ff323d3d8d2,7ce1166e-94ef-4ad0-b6b6-40348be97ecc,14362.15,UPI,incorrect_pin,10535.25,0,0,retry_later
149abe12-511f-44a5-8a7d-38033bf63a5d,6dbf32f9-0ed0-4231-b3cb-029f3200ae07,4426.34,UPI,risk_flag,41423.46,1,646,give_up
5844a583-9969-4b00-97b8-bc9ef0b43981,3531fbc1-2f9c-4eea-a886-37a738a56afa,94.93,UPI,gateway_timeout,3451.48,1,647,retry_later
d6931ab7-964f-48c8-b431-d4c3fdfe0a2b,c672158c-c7cb-4208-966c-4c8cc98e8ef4,9207.93,Debit Card,incorrect_pin,42296.07,1,1127,retry_later
083c1030-4d17-46fe-ae3d-a062fc7c42e0,e1b1b1b0-9324-4171-add6-d14a7fb0598b,377.23,UPI,gateway_timeout,34370.32,0,0,retry_now
563f5d59-7181-47a2-bafd-8e6ce3fb3919,1a25fe85-8596-4ae8-ba8a-60eeb85d22cd,10469.37,UPI,gateway_timeout,28852.03,1,44,retry_later
3b3f6e40-d5ea-4163-b9e9-af4fd17141c9,355c01ac-0a38-4631-a680-1692edbc0ee8,1702.85,Wallet,incorrect_pin,34087.43,2,161,switch_method
49584d55-bd7f-4016-8c21-a9ac941d36a7,bb89cefc-b7a4-41c6-ae77-183cdec1baa0,6049.07,Debit Card,expired_card,3645.09,0,0,switch_method
f72c3497-c884-4718-888e-a9adb510e9c4,21b265ec-1fe7-4d11-a4a9-17e1fd98755f,13939.13,UPI,gateway_timeout,40174.14,0,0,retry_now
255bf015-0e0d-4b29-a93e-5730b45a1275,2aad7f4c-e462-4435-9e7c-3572ab3d9de6,3398.17,Credit Card,risk_flag,23821.85,0,0,give_up
59cbf0df-fbe1-4070-bb8e-67327be69a28,a55e53ba-084e-4fd5-8b30-1e4a90d35b8a,9720.78,Credit Card,risk_flag,17890.7,1,725,give_up
729e4341-96fe-4dfa-86cd-99613d075605,af409f53-493f-4ea5-b139-ce56e305c2d0,12323.27,UPI,gateway_timeout,22697.34,2,659,retry_later
d264c424-0fa9-45e8-aed2-362954a40b64,80a4bb9b-2641-4c11-b504-a49d7a256a99,12061.34,Credit Card,insufficient_funds,41126.74,1,1045,retry_later
4eee8072-683d-4d21-a354-a2f60086d3e5,1129cf6f-6e53-4ce2-a5ee-b6083e614ce0,6027.67,Credit Card,insufficient_funds,36032.76,3,1313,give_up
b844f0ab-fedf-4b0f-9dbc-2f43612b707f,fa65646c-23a8-4e39-b341-6f149a675b5f,4770.63,UPI,gateway_timeout,37432.26,0,0,retry_now
c07cd5dc-f029-4309-ab62-41140beaeb3a,c27fee0a-532a-4620-90eb-6b3fea2214a4,10607.58,UPI,gateway_timeout,13808.48,0,0,retry_now
b538cd7c-0477-4825-8045-c4b8e5dff4a9,361bdfbe-b089-4134-a6a7-255ebcae8eec,11116.15,UPI,incorrect_pin,12341.19,0,0,retry_later
6b663d7c-32c2-43be-bdd2-2480a24de28b,73b511f7-01ec-4582-b0b1-1072ebead745,12642.25,UPI,insufficient_funds,13519.66,0,0,retry_later
1dbaa5cf-b987-4f06-a78d-8d58e6bd3be7,88987dcb-6632-4fb7-87dd-9e2416f5bac8,13650.05,UPI,gateway_timeout,21690.87,2,623,retry_later
cfb0f133-d28e-4c00-93a5-cd17fa66bc9e,f456dcd4-ec5a-4284-8d28-ca732c58597c,7412.27,Net Banking,incorrect_pin,34350.96,0,0,retry_later
7bf2186f-dcb8-4d65-9da7-6788a59fc5e3,5863d8c0-1f47-47a7-b6c1-8d0d4671f905,2512.63,UPI,gateway_timeout,218.16,1,234,retry_later
c4de76c9-0d61-4805-b76c-35682031bb72,a2bd2fbb-7bac-4ddd-9612-d5ff4a0ee000,10541.08,Credit Card,risk_flag,47538.64,1,532,give_up
ef85d5c8-5779-41e3-a1c6-283f1cbc5975,cf17806d-5924-4ac4-ab92-0d36c3d5761d,7483.58,Credit Card,incorrect_pin,5240.4,4,870,give_up
5fd895e1-9357-460d-a897-09de9475e4fa,4d0d0ab9-0be2-4fee-a538-0842f4837b31,5536.92,Credit Card,incorrect_pin,10444.14,0,0,retry_later
dc96753c-8df4-492c-960d-b014630da997,ab7a33b0-938d-4efe-9634-25a63b149eb1,12334.48,UPI,insufficient_funds,20825.22,1,30,retry_later
36e44639-709b-4ea9-9f6e-e08dc55b992d,bb706f02-ade6-4db9-a483-d38f5d235c7d,9719.22,Debit Card,gateway_timeout,36524.82,2,1123,retry_later
efa156a3-e038-4994-8fef-18b09e4249c6,79325220-3f71-43da-9d9b-81814605b9b9,9778.08,Credit Card,incorrect_pin,6830.05,0,0,retry_later
da80dbb6-2773-4339-9989-7870a92abba1,f7c79dd2-e664-49d9-9a44-18bb95fe10e0,10700.97,Debit Card,gateway_timeout,19756.55,1,1088,retry_later
c3c0dfcb-e1f5-4f12-a187-3d83aa8f63e0,18b58279-bb14-4352-a487-567c331dbeaa,1681.57,Debit Card,insufficient_funds,2904.6,0,0,retry_later
53f9bf14-2684-418b-9732-36dde716634c,216716ed-617b-439f-8030-eb3950d8947c,5692.62,Credit Card,insufficient_funds,734.67,2,867,give_up
e7eaf449-95a3-405c-b84f-ed6762c555a6,92b8ee95-4056-468f-b89c-8d494888af91,7968.76,Net Banking,incorrect_pin,20214.49,0,0,retry_later
ca65ad96-9dc2-4e1d-b42d-f02ba93517cf,620c7a83-13f6-478a-958c-4bf825c80307,7790.29,Credit Card,insufficient_funds,48174.96,0,0,retry_later
7bc623ed-a79f-40d9-a1a7-4dbe43edf36c,733d3cd3-bd1d-4e76-b78a-4afee016c099,7824.23,Credit Card,gateway_timeout,38646.07,1,697,retry_later
7b1661e1-49f5-4c57-8b7b-de7ad35cffc9,6392cd48-f4eb-48c1-9967-0be4157af306,5522.33,Debit Card,incorrect_pin,19129.02,0,0,retry_later
9b926fa4-72aa-4cbc-bdb4-91314dd54ac0,3127b76f-7826-4ba2-a2ca-3b5cf9abcdf2,11088.01,UPI,gateway_timeout,17090.19,0,0,retry_now
485cafdb-8e92-42bd-a501-c51762b120ad,14a0d2e9-cfd3-4fa5-b8c4-c5487114e97a,9948.48,UPI,gateway_timeout,28404.63,0,0,retry_now
b5d1b9cd-6002-4f50-9762-91295445690f,d0b4aba0-d4ea-40d1-8f59-b5d2474e4f21,12448.15,Credit Card,expired_card,27348.16,1,982,switch_method
1dfb89c5-051b-48f9-b83c-def266b2f7c1,cc6707a6-ddfd-4d74-a929-0f6a8c71db29,994.77,Debit Card,incorrect_pin,15145.79,0,0,retry_later
571babd5-86d9-4857-bab5-f24a4b5548b1,669642b6-431a-49ea-8b8b-f7f93c3e3ca3,7112.41,UPI,gateway_timeout,37372.22,0,0,retry_now
22ae2154-0922-49f8-a598-fb7c5cb5ec2c,48d408a8-4e3e-4874-b34e-f4356bf66b6f,14870.01,UPI,risk_flag,39259.48,3,433,give_up
d29151e3-ae4e-463c-bdf4-cfb746991738,378e6054-a0bd-41fd-b810-8e64ae829c0a,10887.15,Credit Card,incorrect_pin,10249.06,1,1222,retry_later
1c65d942-a0e4-4cbd-a955-aa775a110e46,b89a16cd-8512-4e9a-bb1c-efae130f0f35,2212.97,UPI,gateway_timeout,28914.92,1,455,retry_later
dfe0bcd0-da7e-4a2a-9874-30e1fd5d4cc3,cb19e7ec-e39b-49fd-b4e6-a5fc54484745,5184.43,Credit Card,gateway_timeout,12995.25,1,563,retry_later
b7e659b0-e4e8-4487-b476-a148c36f953f,531428c9-f988-40ba-8eef-4bad132e425d,10353.1,UPI,gateway_timeout,3031.45,0,0,retry_now
5efa56da-92e9-4799-b381-86cd5f871c1d,0bfbdec4-6c34-46a3-8eaa-ce9a7b2797e5,678.01,Credit Card,risk_flag,11512.55,0,0,give_up
8135ef47-3cf2-4c31-803a-fc8af9ce0391,72edfebe-4ed5-4b57-a175-768a5f92b40f,14236.58,Credit Card,gateway_timeout,17713.39,1,452,retry_later
3af618c7-cc94-4434-8cab-08ca2cbde31b,48255a12-80f1-49d3-a05e-90b1ed2dbb4b,2712.82,Credit Card,risk_flag,27342.98,1,1246,give_up
c47b071d-3f11-41ce-92bd-2e8af6f3e924,79b6c085-fcc4-489d-a56f-297b06535262,759.19,UPI,insufficient_funds,10459.27,0,0,retry_later
49aeebcd-6fcf-4453-9808-7ba6cbc75d58,c84cd0ee-a838-48e9-9f87-198aaa5ba103,3637.24,Debit Card,risk_flag,42689.25,1,271,give_up
72bd3e35-6079-45dc-a039-bc22786e33fd,d116fbb9-25c5-4993-a51b-f7a433e1646e,7842.87,Credit Card,incorrect_pin,47651.0,0,0,retry_later
800678e0-d9b8-47c5-bc31-3ad99b688b3d,34ed0af4-264b-4610-8139-b4f5dd03c9e6,3217.22,UPI,gateway_timeout,8804.77,3,153,give_up
96f46e3e-1386-4de8-8d5b-835e70edb599,b056edf6-9ea3-4744-a8af-3c2afc818b23,10477.68,UPI,incorrect_pin,17752.05,1,244,retry_later
af042d22-4ef6-490a-a2d4-75eb6b5e3c69,e2b6db1f-6b43-4ac6-9631-ba61e037de45,7158.73,Wallet,gateway_timeout,8083.57,1,1375,retry_later
062d6f1e-65a7-4c52-88f7-d1c4b32125b5,a680d1a1-2087-44c8-8154-4fac66d9797a,14402.92,UPI,gateway_timeout,39067.44,0,0,retry_now
7ce76903-c0b7-4eb3-8a63-d36313fdc480,334108ee-b93c-4c53-a7f6-a322e15582a7,11768.47,Debit Card,expired_card,41770.39,1,1179,switch_method
a6d588d2-2c47-47ad-b527-24d48e2efd94,4d6e519e-638e-4725-9441-19edd13cbd93,12722.15,UPI,gateway_timeout,16083.5,0,0,retry_now
505b8b8a-c927-4be6-a7fa-49886e76ac34,e9700ce1-a123-46e3-9db4-e1c6fdaf6b07,7218.54,Debit Card,insufficient_funds,1458.49,0,0,retry_later
b17ad646-9c7b-4a4b-b9bb-9f4147720a97,a482bf04-1822-4ff1-be08-cfd53d2cb0ee,13793.77,Credit Card,insufficient_funds,19891.83,0,0,retry_later
b46b55ad-48d9-4aa4-9245-c4a3d674b885,2a65484f-9be8-4d10-9958-22465476a659,5892.95,Wallet,insufficient_funds,18586.2,1,628,retry_later
847c49e7-036d-498b-8706-4204777104a8,8ae690df-47e6-4066-8962-ebcc8912025d,9334.37,UPI,insufficient_funds,13777.4,0,0,retry_later
cb3182c3-2424-4330-8842-490526587c74,40299729-1da7-43fb-978b-c6b27d14173a,9852.9,Wallet,risk_flag,17928.92,0,0,give_up
10f2d856-957a-473d-8136-feef171d961d,ef5cfbe1-3fa6-44d3-9114-0dd42b1abe1e,7594.31,UPI,insufficient_funds,5090.18,3,1064,give_up
53d4c3ca-f6e5-4e81-ac6b-caec66effc02,c636cb49-e3f8-4f69-bd3c-51bec875022b,4244.36,UPI,insufficient_funds,43338.52,0,0,retry_later
d7b438b8-18f4-4925-a8df-e9035a1b19af,59ae2e25-cf1b-4114-a0c6-95d882995129,6418.25,Wallet,risk_flag,28166.23,1,587,give_up
bff9e68e-7ec4-48f5-a3af-bc1f4fd127e4,27a11d7b-6dd4-485a-adcd-5cc902a266fe,14197.38,Debit Card,insufficient_funds,44704.72,0,0,retry_later
58f7f249-515b-4712-9858-252ee2cc4902,96270b2a-0266-454a-bd0b-0cd1acec5eeb,7468.12,Debit Card,incorrect_pin,23816.79,1,627,retry_later
9ee42716-e4a1-4154-b409-7198d7f82d47,512910a8-4f13-48f2-846e-d661f08a858f,501.82,UPI,gateway_timeout,29690.12,0,0,retry_now
c541d0d4-1e46-4c95-a7e7-e155e51a38e4,8b241eea-f9cd-4ee5-bbf8-9ad969739049,6905.44,Credit Card,gateway_timeout,43974.83,0,0,retry_now
41006b0b-a3cb-4092-9799-cd0ebd9a5d64,d1d15298-52d7-4c94-aeea-f8e11172353c,11610.85,UPI,incorrect_pin,36337.46,0,0,retry_later
ba7ba30a-9a51-47e4-a61f-a223f9b9cd71,9807c7c7-746b-4b06-a8cb-c2579b95c3f0,690.6,UPI,incorrect_pin,23164.68,0,0,retry_later
07e9bca2-2ab1-41b6-8087-739ca0885cd3,278e4a43-602e-4808-aa57-2815323de4ac,7985.0,UPI,risk_flag,27335.03,0,0,give_up
ec8b93da-6e0b-4523-9e1c-549e167d5218,296dcd52-ad60-4bca-aadb-c049eff70b8a,3016.4,Credit Card,insufficient_funds,36156.41,0,0,retry_later
306f2f56-d729-4364-b0c2-d89693235c3a,e61070a1-ce9c-445f-8f30-4f24f59c4f56,788.0,UPI,insufficient_funds,44136.72,0,0,retry_later
cfe8920f-a3d3-463e-b1cf-720c11575a56,f9e224e5-232d-470b-a1d9-b7baf229eaac,6245.0,UPI,gateway_timeout,32031.78,1,1366,retry_later
0f680950-0fcc-4654-b4a5-a40fad66bfe3,5edded00-8bda-44e8-8a40-49fb96c06ecb,4078.86,Credit Card,expired_card,12640.68,2,1208,switch_method
54279246-fc13-429a-be8f-e3e062c59da0,0cac9122-1e09-4124-8627-5b1c5c3fbccd,11316.18,UPI,risk_flag,49242.92,2,212,give_up
1f4e7890-2de2-4e37-9079-c4618d334fd0,1ea48f80-1231-46f5-ac79-aaeb2c4610ef,11309.91,Credit Card,insufficient_funds,20723.49,0,0,retry_later
87b0e37c-6d8e-45a4-ac7e-bf77de2de3eb,bc4d9697-a644-460a-be87-3160bb28aa4a,9430.23,UPI,gateway_timeout,13442.34,0,0,retry_now
c6dc7faf-fd91-4cd3-99a4-ee09090d189f,a10c7601-2f35-4c22-8a64-d9d63bc1210b,1957.82,Credit Card,gateway_timeout,31607.97,3,868,give_up
02168d26-74f9-44c0-a6f5-e9ea5ed49f0b,bea884c7-5ab3-4658-a9c6-495064454fba,13994.54,UPI,gateway_timeout,18464.04,0,0,retry_now
292810f8-2661-4d71-ad34-7936687a88c7,3e0365d3-1c43-4744-90b4-5e75c57930d1,13815.71,Debit Card,incorrect_pin,23085.81,1,406,retry_later
3dba5fc5-f8b5-4b83-8ff1-d74d2ea1907f,3a9ac4d3-7553-4b14-8ea4-eb1cc2125f67,787.91,UPI,incorrect_pin,1542.9,0,0,retry_later
65c0f010-647d-4f17-a002-c386e0d3834b,9c840383-1de0-4f77-b7d7-2cd41fe91fe6,1791.93,UPI,gateway_timeout,7866.31,1,560,retry_later
e899d3a6-e78c-49e1-bd2c-33c637321c54,1ef4211f-91cc-4515-84df-ffaaba1200be,5713.96,Debit Card,incorrect_pin,24812.94,3,1123,give_up
8855038a-f860-4054-a52f-19278c770890,f2c86253-1df1-40ce-a522-a6cb02a26b9b,12586.57,Debit Card,expired_card,1259.67,0,0,switch_method
56645059-0977-4580-bcc7-abffb37fa774,a44a8fd2-53cc-4078-a3e1-4b1708f0bf5c,3532.25,UPI,gateway_timeout,21883.07,4,1338,give_up
a6a681ce-b5c4-469c-9058-759b10153070,ec92a192-7d3e-47ad-aa9f-e1f0bd94908f,6449.64,Credit Card,expired_card,27036.73,0,0,switch_method
87f6cfd3-e007-4e29-a132-f7de592df78c,3ca4ef96-1972-4316-b881-6703e4d10dfc,10719.02,UPI,gateway_timeout,48075.67,0,0,retry_now
2a36700c-f35c-4245-9e5a-4704daadcc11,3868d683-7b6c-45ec-81f1-c8d9b58e19cc,10160.51,Wallet,incorrect_pin,40439.5,2,427,switch_method
57aee638-f3da-40d6-af42-daca6bf832c0,4f044c8e-c892-40f1-89fc-3c3dd263e9bf,3764.51,UPI,incorrect_pin,39834.07,1,374,retry_later
2cde266e-f7e2-4956-b85c-d5249dc186e3,6b41a8c3-6b83-43eb-86c6-91077efa78f0,10113.56,Credit Card,expired_card,607.84,3,1147,give_up
32def85a-d8ad-4d5f-89e9-72ff6f63115a,4c7801e6-625a-4760-b9d3-3e1d8423e83e,6180.72,UPI,insufficient_funds,9571.38,0,0,retry_later
7cd815c3-3ce0-49d6-8d44-c80d37eeddb0,c23df5aa-cb7d-43b6-8000-e09a4cb95889,1034.61,Net Banking,risk_flag,20226.37,1,1082,give_up
ddb9d75a-246e-4755-9055-c78dcad56b08,ab588bb8-702c-498f-83f1-2d847e917889,1090.95,UPI,insufficient_funds,33877.05,0,0,retry_later
b356b2cd-2886-4624-871a-1c6018b3e969,67429a6c-2ae4-45b5-a77b-fdab7e992a31,11004.97,UPI,gateway_timeout,39243.09,4,214,give_up
5c6483ff-356e-4907-b1f0-f082ef2805d4,023e06a5-e3a0-4c05-8db3-a498e777b898,4175.01,UPI,gateway_timeout,5068.64,1,337,retry_later
92d1e2c5-7994-4afc-b180-4330f314970e,5de32524-de2a-4ae0-aea7-441e64ca9626,7785.33,Net Banking,insufficient_funds,3375.13,4,16,give_up
f9d55002-273b-489f-bba9-a4ae03ffc1f4,7269200f-459a-4925-87f9-59f7a823642e,2855.33,UPI,gateway_timeout,27774.77,4,424,give_up
52cea362-6559-4a1b-a917-48558f1726aa,198439d5-2c8a-4379-ad5d-f047c34618fa,7756.68,UPI,gateway_timeout,30274.13,0,0,retry_now
d3c5d415-62c8-41a4-8971-b91924c21576,f41adf90-bd7c-4f06-b332-4fe9aca68277,2167.69,Debit Card,incorrect_pin,34488.94,0,0,retry_later
809421b3-e51b-43d2-a663-72d4d58fda86,28554a6e-161d-4f0b-a040-53fde6c033f5,6461.32,Credit Card,insufficient_funds,3416.71,3,147,give_up
cc3c76f7-4389-4d74-9a1e-03915ce76796,b71b7a5e-0b4a-48c6-88e5-389574181306,236.51,Credit Card,incorrect_pin,13370.1,1,1157,retry_later
8de77dc2-246e-49f0-a1ea-10be6f6bf568,b26e5514-c388-468a-a7ac-28858eba34ce,4700.48,UPI,gateway_timeout,30500.37,1,99,retry_later
3e07aa8e-e08b-4068-9aba-78b7b838fd26,c77ad79a-e496-41dd-a329-24ae57f4ec03,6741.78,UPI,insufficient_funds,5853.3,0,0,retry_later
3391d8bc-a41c-464e-a9c7-73589b7097e3,06ef46cd-ba73-4c24-a817-9cb644aa10aa,11586.79,Credit Card,insufficient_funds,334.11,3,867,give_up
f51a9392-6e96-46ed-8d61-08d9167f8a28,1f6cc39c-6ad8-4de3-bcba-f2a1ebe510ba,8748.06,Debit Card,incorrect_pin,769.74,0,0,retry_later
ad66a7b0-d522-47ae-b02a-921e4d2b219b,3e5b01ec-5fd2-446e-9dfd-0065e831f878,12598.63,UPI,gateway_timeout,19951.77,4,617,give_up
550a8800-0b92-4be3-af53-04e70899cfe7,a628dfec-ace7-4eeb-a3b4-1f3a4f430b46,11144.95,Debit Card,insufficient_funds,24902.02,1,689,retry_later
19596e0c-4840-4a4c-8b93-bb92cdf322a5,49aa8038-0abe-4715-9b69-a062b0c36d5c,3888.09,UPI,gateway_timeout,21701.05,3,378,give_up
ab7594bc-c0af-48d6-b67e-f0b38e53747a,25f3297c-8ccc-464b-b64d-62a645576908,9568.95,Debit Card,insufficient_funds,30664.58,0,0,retry_later
fb9b23e6-9aad-4808-b727-efeb2853e9ad,d061ee8f-6c9d-4712-bef8-45d8ac97e21c,13163.28,UPI,gateway_timeout,9963.52,0,0,retry_now
b37588d4-0a0f-4dc8-8efe-695a0ceeff5c,88324824-5df4-4fd9-b25b-27d9af070785,4069.39,Debit Card,insufficient_funds,10720.32,0,0,retry_later
70e60852-e492-4cad-8530-cbf8fc9b693c,3a14fa3e-868c-4725-93b9-e07285bfce27,9104.91,UPI,insufficient_funds,36636.67,0,0,retry_later
178e22f4-70ce-4a93-95d7-05b776533ae4,0c47b962-a722-48d4-8271-7269bc5f16ea,12078.3,Credit Card,insufficient_funds,41924.59,4,274,give_up
b4a1709f-aa72-4535-ba39-42981866e280,98f901cc-2678-41a0-a958-dd39aaddfef7,7709.03,Credit Card,insufficient_funds,19872.41,1,1014,retry_later
0de20030-3b05-445f-a6b4-705209b89b34,e3d4a273-7616-4c4b-b2f0-393feadc0bac,13812.29,Debit Card,incorrect_pin,18555.65,0,0,retry_later
688b3aba-7b3f-4504-bc0f-a441ae3d6006,24425027-bb56-44b5-8d3e-2ba0d18e0bb9,13431.24,Credit Card,incorrect_pin,18422.45,0,0,retry_later
69d53fb2-81c4-4d07-8d98-080043ac911f,dfa6a3c0-5a37-44f2-b27a-14af3d4bfa00,3733.27,Credit Card,expired_card,31512.36,0,0,switch_method
cfc390ef-805a-4fb9-a76c-f7e397655302,c0cb7f2d-622f-4e59-be4f-db12c865ac9d,14044.85,Debit Card,incorrect_pin,32466.12,0,0,retry_later
e00c48ff-ce9d-42db-a2ff-53e4c64f54aa,f2840b67-216b-46a7-9889-e6beef8de964,338.48,UPI,incorrect_pin,22195.97,0,0,retry_later
1302c4bc-f4ca-475e-925e-d988d808ef51,683a06ba-6545-448f-8cb1-da85b0dbf4ce,13907.39,UPI,gateway_timeout,24554.79,0,0,retry_now
474862c7-f22d-4211-88bf-9ac2d210b5f2,98406cf6-bfeb-4ed5-babf-d33761de032c,3910.95,UPI,gateway_timeout,32758.69,0,0,retry_now
040ff7a3-3e91-4067-ad04-38fffd29856f,30becd19-5124-4a58-9146-1bfe5e41af61,9966.65,UPI,insufficient_funds,9282.34,0,0,retry_later
98c5a3d5-6a5f-46ae-b57b-5f8a5ea45ee3,0bad39d5-dc10-4632-8893-8cf3760f42c1,4344.92,Debit Card,expired_card,5521.59,1,195,switch_method
593b6ce6-092b-4852-8ca4-82bc69c8d8f0,547635fd-f09e-4672-b2d6-b27414ef9550,5359.72,Net Banking,incorrect_pin,26777.69,0,0,retry_later
331203bf-12fc-4df4-8e07-ba3ab5a846a3,f46397e0-4661-421a-9f30-923232e1c302,13707.69,UPI,incorrect_pin,15389.79,1,1412,retry_later
deeee1f8-2e5b-4284-a921-be336cde666e,c41f843d-33e9-49f6-af97-051cb543ea31,13146.03,UPI,gateway_timeout,47056.04,0,0,retry_now
3f19bcef-8359-435e-a8a8-bd96a2103c22,29b23b13-df23-4c7d-a758-a5082fb3e88b,2916.01,UPI,gateway_timeout,25156.62,0,0,retry_now
ee23890e-9288-45ea-bef5-b49b0e711a99,bcff4200-cabf-4adc-ab26-67f6d8356c2a,11227.85,Debit Card,incorrect_pin,42938.21,2,824,switch_method
19077bbe-b22e-4e0e-a345-bb3b0f4b3b7d,25bf2df2-563f-4b1b-9d28-bd3558017e46,10831.72,UPI,gateway_timeout,20554.68,0,0,retry_now
94d79342-1959-4d72-9528-98c30d725b65,bfb1b866-7f09-4d20-864e-5452fe61f4d9,12945.96,UPI,gateway_timeout,37031.31,0,0,retry_now
c028c5dc-c851-4ccc-af03-05e775256552,49de0451-d0cc-4163-87b9-4bc1b29eb5fd,5185.0,Credit Card,expired_card,27068.48,0,0,switch_method
616a4b06-349f-4195-89a7-580abf53b6af,a8057b87-e51e-4b99-8609-d6a4937c153c,9523.24,Credit Card,expired_card,6074.77,2,114,switch_method
aff7fe1f-e577-4330-a923-3b2fe617ec22,06d49f1d-76b2-4c76-98b6-bd40a65dee81,875.41,UPI,gateway_timeout,12267.62,1,757,retry_later
e19f2286-2e15-4ffd-97f9-a5cae0521f58,e7b30ede-7bfc-4905-817d-758b1fe4b0d4,14793.84,UPI,gateway_timeout,28595.61,1,136,retry_later
6b39d6f9-139b-4f17-baff-c62bfba3dbc0,a7404d08-b563-4c9e-9e5e-2c5a20c539df,10535.17,Credit Card,incorrect_pin,34821.49,0,0,retry_later
2b70fa44-8e7c-4c32-bc52-8d6065136aaa,8e6683b3-67af-4e2b-b92d-79debcbd5cdc,9474.97,UPI,gateway_timeout,43526.35,0,0,retry_now
e2929422-8975-4db7-9b23-8ab359447a92,68f6ae62-c040-4d3a-ba7c-15656fe6e9fa,5064.73,Credit Card,insufficient_funds,5860.2,1,639,retry_later
f301c226-44be-440d-ab76-02b02a13860c,b220fd2a-6fd7-4324-b581-424c04c8eb4c,13436.16,Wallet,insufficient_funds,19592.97,0,0,retry_later
e2bac1e7-1e80-41bd-9e54-86906a444184,841f6ff5-a6ff-4c68-9c62-ee9e8ff4b78f,11893.44,UPI,gateway_timeout,906.2,0,0,retry_now
8d3f3e37-e852-492f-91b3-5cc604564f9f,934b0e17-d215-49f9-8c23-2981ea90fc3e,10332.59,UPI,gateway_timeout,31421.32,0,0,retry_now
1f9bb292-3697-4c99-bb65-c35f23c8d07f,ef5edcd1-9725-4bb2-975c-2597cbfa11c2,12543.4,UPI,insufficient_funds,26782.83,1,504,retry_later
1fe50dfc-013f-4473-9f48-4d7ea251a8f0,a329034f-ce21-4592-add0-fb084e13218b,7978.35,Debit Card,insufficient_funds,14275.44,0,0,retry_later
3d423539-1e5c-4de6-b83d-3fad4d55a454,8bcc924c-ee27-424b-88fa-b2445ce43e7f,210.38,Credit Card,expired_card,24217.22,0,0,switch_method
9e5d3244-9757-4fff-ac9b-ccba450ffbbd,b92c213f-640e-41e2-961b-f2f86425aa41,3127.27,Credit Card,incorrect_pin,14044.1,0,0,retry_later
639e2193-8683-45b3-9510-07e51dd01992,6e1f7a51-8540-4947-bf63-dd5f2cc576af,12720.44,UPI,gateway_timeout,37154.08,0,0,retry_now
4fc8b73e-d981-4cd9-8ad4-3bf0c9eb8b0c,f2024845-b45c-4caf-ab9c-bcd0da5569c7,14838.37,Credit Card,risk_flag,25668.41,0,0,give_up
264f1c8d-06ac-4eb8-abae-37fe1b7cddbe,ca356a1a-7a2e-4ad5-aefd-0eb21eaf6ab3,1059.35,UPI,risk_flag,22319.34,0,0,give_up
69ece565-48ba-40ad-abc3-1a0a28883578,c5ceb387-0980-4dba-b943-96d9cb8097f9,5548.53,Debit Card,incorrect_pin,18724.02,1,842,retry_later
f86131f1-1e9d-4dcc-b8b2-41a0d9e984eb,41b50bdc-249d-4211-a9a9-3507539d8aca,9928.65,Credit Card,expired_card,10883.37,0,0,switch_method
8adee6a6-f32d-4dab-950c-4625d075153b,a043b0e1-66a0-4162-9fa9-fe323bdecb52,8230.8,Credit Card,insufficient_funds,38640.48,2,1432,retry_later
9d35e8ce-d53c-4115-8820-162619208219,460b9800-6d48-4ed5-bc5c-0b2283ff87af,5259.54,Credit Card,incorrect_pin,26053.66,0,0,retry_later
de03a2c0-de10-4132-9b68-4ebfae74a6e3,c47d0ec1-74e4-4fa5-90e3-d3c090429469,10701.41,Credit Card,expired_card,10362.11,0,0,switch_method
508617e4-500f-44ab-9b84-9c50615be7f1,8b9efe0d-55dc-423c-b2db-59f82907c26c,2388.6,UPI,gateway_timeout,19537.76,0,0,retry_now
d5375b01-5e6f-4e4a-ac72-3f06dd9da873,1b04a575-292a-4e40-87ed-094ade3f989d,12790.25,UPI,gateway_timeout,38715.13,0,0,retry_now
ce7a7606-7f4b-4586-a533-d63ff10e133b,ce5ec522-9dc0-4d3d-8385-c788cd91f42b,10694.54,Credit Card,expired_card,20748.56,0,0,switch_method
240b5ed0-9c2a-4500-a58b-7c418ff2ed7d,f58bea5e-d3d1-4931-9a66-a905f95265be,12924.09,UPI,gateway_timeout,29988.57,0,0,retry_now
b40e0c50-1c71-4bae-8674-394a08a4132b,9b42961e-0b13-4467-9793-4c6296c799b0,8774.17,Debit Card,expired_card,27896.37,1,1201,switch_method
40bbb6e0-fef1-4c08-a1c3-1b5ac93a5518,a77d8bbe-407b-4609-b372-79033b997513,4086.47,UPI,incorrect_pin,39812.07,1,504,retry_later
1424b993-1595-408f-98e9-74e4926a2382,7fff87f7-58c7-4198-bbad-800b6b5f9f15,4049.98,UPI,risk_flag,16225.59,1,155,give_up
60e0700c-2f3c-4fa9-8726-a26179c2c582,511ac2d1-63ed-40de-a5bd-c0ceb7efd4cd,956.47,Credit Card,insufficient_funds,41188.37,1,974,retry_later
ffb61edc-08e1-4d26-90b5-0538d92cb376,86a5e527-2fb9-41d0-afda-0beaaffbeab9,11607.2,Debit Card,incorrect_pin,39335.42,4,339,give_up
e9ad0c82-5b53-45ee-a731-12ce9b9eac09,a3e0b8f4-7da9-43e6-995f-3e70931707eb,514.81,UPI,gateway_timeout,12978.82,0,0,retry_now
29a6600b-b21d-4674-bd57-272673e05638,868ccfb2-9b6b-4855-88f1-f2e113e98720,10006.04,Debit Card,insufficient_funds,1948.97,0,0,retry_later
9c5b797c-8473-4fdd-9936-aba144ca93aa,5c8f2f51-47ae-4d7d-85bd-065f30d064b5,13515.4,UPI,incorrect_pin,16264.53,2,103,switch_method
1ad20485-fde8-41e9-b56f-0b35cfe77173,b4413e6e-2767-4155-806d-b333d80a451c,10605.5,Credit Card,insufficient_funds,40635.68,1,687,retry_later
0333a07d-212b-4ec0-bff3-5c34c5f75604,21a47eaa-fd89-4767-b1a4-960a758a44a1,10117.14,Debit Card,risk_flag,40067.4,3,364,give_up
46f8eefa-0615-4aff-8740-63889d0c998b,a891b262-b913-4f41-9a15-0d001f333cdd,14417.78,Credit Card,incorrect_pin,15905.22,0,0,retry_later
e9d812b7-5cd8-46ea-bb3f-d429842ab0e2,8eb31553-b439-4e78-b99b-1b1b3f32cf1f,1212.53,Debit Card,expired_card,684.93,0,0,switch_method
83baa2c4-290d-453e-844e-3ecb4afd1919,8fcb9de4-7b99-4587-bb5d-c8b7e48a1857,10595.32,UPI,insufficient_funds,45830.17,0,0,retry_later
09ae7955-5eab-4da6-8b67-609a4ad3a0cf,9cd54c55-d726-479d-9402-7cdafbd37b36,14076.82,UPI,insufficient_funds,267.31,0,0,give_up
585369a1-7f86-4b69-80b8-95422ea794aa,1c02c02e-acc2-48e8-aa28-b81035da58b9,9578.45,Credit Card,incorrect_pin,3466.42,0,0,retry_later
17e0136f-5845-4db7-8c18-3d627bc14e40,2f07374f-2071-45e4-912b-ea264f0018d1,8546.57,Debit Card,incorrect_pin,28942.01,0,0,retry_later
09438d8b-d7ea-4302-be95-764fa83efcf2,8311452a-af7a-46b3-9053-026e471b3899,9499.76,Debit Card,gateway_timeout,30926.35,0,0,retry_now
a599effa-10cd-470a-934d-82ffd31df13f,d24586c6-6286-48f6-8f24-9e7152921a73,6922.89,Credit Card,incorrect_pin,43052.26,0,0,retry_later
1fdde41a-745d-468d-b8f7-94f921de2b7d,5878ea0f-5f14-4f5d-ac62-53daa9ac33b1,5442.85,Net Banking,incorrect_pin,41641.6,3,693,give_up
17bfa88f-5936-4553-8f3f-b56cfd107ce8,a4e83857-ea36-486c-82de-87362af3033d,10366.35,UPI,risk_flag,25017.97,0,0,give_up
568d46e2-025f-4cb2-bdbe-e541c4c09901,94583bc3-24cb-44b2-987b-a0a7933008cf,9542.75,Credit Card,incorrect_pin,7810.33,0,0,retry_later
66193b9a-f8b4-48be-aa5e-749ce6b6a655,ec0d2d71-57b7-4e9b-a7c8-483a385cd945,10019.73,Credit Card,insufficient_funds,22758.6,1,92,retry_later
55987b00-7590-4e71-93cd-483135b223bb,b0a249be-cdf2-4e07-827f-0d0cd8c02da1,9149.36,Net Banking,gateway_timeout,38955.13,0,0,retry_now
bd32c141-8dee-4174-bceb-6bca9961efa9,feab3ed5-4a39-433f-8131-5478f1e1200c,8043.67,Credit Card,expired_card,48046.01,2,1207,switch_method
8abf039b-9317-4f13-9482-17124b68281e,fe7ccc23-80fd-401f-8ee0-50caccadcfde,4162.42,Wallet,risk_flag,28630.36,0,0,give_up
7561c818-c6ad-461e-8294-a57a8656a6d1,e3cf4f7c-b69f-4b1d-84cf-ff2172149219,8915.3,Net Banking,gateway_timeout,4745.42,1,659,retry_later
af6313a4-cd87-42f8-997e-3709b7f5e709,214f3079-05bb-4845-96ad-ac866f41f2b3,13215.79,UPI,gateway_timeout,30342.35,0,0,retry_now
e8f42eae-d350-4de1-8fdb-b33e776518fc,c37ca439-3d37-43db-a372-2488c587ac68,13292.54,Debit Card,incorrect_pin,43149.84,0,0,retry_later
bfd91c7c-9123-496d-88a8-82a05af190a6,ce98ffd2-a4c2-4a95-b230-27d1a7e734a2,14958.6,UPI,gateway_timeout,40132.02,0,0,retry_now
fb928ef3-6e0b-4ee8-b8d1-10825fe59110,49de8b70-53de-45f6-bc61-549cc8e20eec,6980.49,UPI,incorrect_pin,48669.13,1,606,retry_later
693062b3-aac8-4163-9898-1a70e1e33020,8180bd8a-6b44-4c15-b003-2dac2b4bf001,5945.46,Debit Card,insufficient_funds,21769.68,0,0,retry_later
3b2da1ee-3e9f-4c19-89d2-6185ce1abd74,1eaf9e7e-2c12-4d66-82c4-4a8ca5621a37,11843.25,Credit Card,expired_card,27593.86,0,0,switch_method
58bb1f07-7cb0-4118-ae44-d4348cfcfc21,0e085868-1acc-469a-973b-2103c65beed4,14136.33,Credit Card,insufficient_funds,2761.13,0,0,retry_later
e0784c40-fa10-4bf5-a73b-6b066b51e0c3,c14a0934-a977-449e-8e60-6ffa21c164f4,2498.67,UPI,gateway_timeout,49265.19,0,0,retry_now
05b4e4e6-121e-448a-b558-01d4563bb18f,53e7c7b0-7c6c-4d72-937c-b4b34d3cdc10,9462.41,UPI,insufficient_funds,10363.65,0,0,retry_later
31bdfde7-e1af-4bd7-9692-4486cf503819,bfda0c68-0fd4-4893-abdd-d019b49212ec,5311.91,UPI,insufficient_funds,18279.79,2,1036,retry_later
254d00d4-d202-4da2-b166-3adde5002a5d,1d82c0d2-21a9-4b5c-abba-212e48a80ce4,5146.25,UPI,gateway_timeout,7346.1,2,382,retry_later
4919cda1-79d7-43a3-a97c-d9b18cee9e1c,99fc36f2-6b7c-4e0e-8e33-c3971e445b29,9262.11,Wallet,gateway_timeout,35333.78,2,1213,retry_later
00067634-36d5-42e4-9311-4fbf9867d696,d3c46a01-f2da-4217-a751-3c6f9e6428e5,9363.74,UPI,gateway_timeout,7203.94,0,0,retry_now
090af1ab-52a1-4251-8b52-e4f0907d2726,a9c20414-3572-424b-8885-16413f43b3b5,4603.89,UPI,gateway_timeout,22979.2,0,0,retry_now
dfdb9fa4-3a0f-4c9f-9f6c-e95e23bff7af,5aaea9eb-a8c3-410d-96d8-455c6e9663db,10877.84,Debit Card,insufficient_funds,22921.57,0,0,retry_later
6e0db1c1-d98a-4506-bed3-c4bfd677f788,54f786a3-b5fb-42cc-8bcb-16ef57792a60,4714.99,Credit Card,incorrect_pin,43110.15,1,830,retry_later
1f301119-d3f6-4151-848f-9ff2f5da4270,99907402-93f8-41f3-b2a6-6adde68fcd6a,247.19,UPI,gateway_timeout,47020.96,1,980,retry_later
d08e797d-ace2-4729-b976-4c263455e26d,c83a1002-be75-46e8-8e3f-2252676b0095,12575.07,Credit Card,expired_card,24159.04,0,0,switch_method
9d0c5f39-aeab-46cf-8c6d-9cdb46f0bbac,29898908-a2b5-4d11-8bb3-6ba3441315e6,6815.31,UPI,incorrect_pin,16411.66,0,0,retry_later
f527ae73-a619-4ea6-ab47-a82b5dca9e37,5a68a9a5-63f9-4ea5-9f5a-0e4124c8acf9,2640.62,Debit Card,insufficient_funds,47572.24,0,0,retry_later
944c39ee-7fd7-4053-8d29-95f569865a6a,1a92aedb-d985-4c1e-9f00-c979a9617742,3455.1,Credit Card,incorrect_pin,32237.26,0,0,retry_later
1571089f-48b0-4642-9ef3-9123994ea415,56db9399-1db6-4863-b4b3-a20850470a3a,8567.45,Credit Card,gateway_timeout,7061.18,1,219,retry_later
2b12d736-dd2b-4782-955b-5d3080cc2b8b,ecf2d388-af88-4be4-b9be-d83cbf71e81a,13548.83,UPI,incorrect_pin,20327.84,0,0,retry_later
d0f534aa-0960-4b92-a09a-a5bc70e13174,610279b2-a2da-40ba-bc2b-424cf6824658,11786.79,Credit Card,incorrect_pin,18558.48,0,0,retry_later
1bc731d9-4626-49d4-8738-1dd95b6bfd4c,0022c5c4-eb11-45ea-bebe-28e98ef35c4a,10944.66,UPI,risk_flag,16874.02,2,348,give_up
97e71333-82cc-4ed7-af46-60f3e296120b,68eb996b-0e7e-449a-a638-9274ef70b788,3280.93,Debit Card,insufficient_funds,11025.21,1,761,retry_later
4320e0f5-905d-446c-b8ab-09616a21762c,c067cd3f-71ea-4c50-b3b4-82537acad4ae,9008.22,Credit Card,incorrect_pin,31173.89,1,275,retry_later
fe1c0ab9-0172-4398-93fe-78699d5f8206,ee9a7cd4-036e-49e4-a35c-3e51bcead328,3000.58,UPI,gateway_timeout,27716.87,0,0,retry_now
57dd9e9a-4059-4a69-9060-9dd5cce615d7,99b25c85-518a-40dc-8c9b-61d96c2757b2,9153.02,UPI,gateway_timeout,47233.29,3,314,give_up
fc49be0b-f8f8-4505-b40a-df177c4744fc,7f0889b4-df7e-4e26-91b2-38601514960b,11411.03,UPI,risk_flag,23314.97,0,0,give_up
d999775c-e938-4e16-883a-deb663e053da,3df503f6-ad17-48d1-bf06-b4a90a58701b,14993.37,UPI,gateway_timeout,29845.53,0,0,retry_now
b8a51de9-80a3-47b5-a3bf-2e932ea3c2a4,38535b2a-f87d-402f-b57c-84230df9f726,466.65,Debit Card,gateway_timeout,8535.42,2,660,retry_later
4c5393b4-9c92-4067-acd1-3d7b5a8d7179,5fcef77b-91f5-492e-9e0d-b2526ec5363f,7030.27,UPI,gateway_timeout,33501.63,0,0,retry_now
4d36b74a-5ff1-42d6-9976-1391f60ba996,d0ee516f-19ef-47ef-94a0-f3042969fbd5,12796.2,Debit Card,insufficient_funds,13923.54,1,648,retry_later
a0fe4756-e8fa-4837-930d-524ee316a054,a3bcac31-b5ce-4011-92a2-70070d030ffa,3569.8,Debit Card,insufficient_funds,22451.94,0,0,retry_later
9020e083-6970-43e1-80dd-29d2f6ec641e,d47a8912-81a1-40cb-8e1a-c41df7fa4baa,4222.94,UPI,gateway_timeout,30415.98,0,0,retry_now
a7296fea-54f6-4e31-b8ba-90a8a423d296,5903e4be-d557-49a6-9407-baeca1ed52bb,11264.04,UPI,gateway_timeout,19604.68,2,862,retry_later
ea2d9a6d-816a-4a71-b583-505d2556c967,4a1f6352-5d61-4054-86d3-b68483ab063d,13937.88,Debit Card,insufficient_funds,28289.08,1,389,retry_later
31d38cf5-bb9b-4c63-b852-6e2fde141be6,23b3d40e-eeac-49c2-8cd5-a5d3f9007d6b,1322.35,UPI,gateway_timeout,21555.62,1,226,retry_later
6419f2e5-5db1-4734-a643-2a3d50fa1306,702956ff-1a81-4bb5-a4ac-49fa736f8736,632.07,Credit Card,insufficient_funds,14688.8,0,0,retry_later
764206a5-b845-4bbc-9cc3-266e3a5f8bad,5496f444-1cf0-4e19-b70b-7d34a7f470b4,4441.86,Credit Card,incorrect_pin,9615.49,1,1142,retry_later
f3bf7562-7e41-48bb-9286-25789f0523a9,9538b791-b960-4980-ad44-51e6fa04f340,5103.16,Credit Card,incorrect_pin,45646.55,0,0,retry_later
4ee01f8b-97f6-4ac2-9ddb-06a8805312f5,d8274d60-2238-4e9f-bd2e-58ecf1f0eee1,6540.32,Credit Card,incorrect_pin,17344.3,0,0,retry_later
b2737515-44ed-46ac-8931-74c461d51c5c,f562378c-2498-4926-a588-975345e8f67d,12744.52,Debit Card,insufficient_funds,15658.16,0,0,retry_later
d031f1b9-29df-474f-be28-db36e9dac1c2,8eeb6e2d-7ef3-482e-a07d-1e9b2604ee30,14085.56,UPI,risk_flag,49242.29,0,0,give_up
c0281cfb-4d66-4e93-abcf-8926aec284e7,878d08e2-539b-4824-810b-17962ba1b4bc,10654.89,Credit Card,insufficient_funds,11999.47,0,0,retry_later
d1582932-8113-4b19-8395-f3950de9eb82,db2b789c-1cf9-4e7a-9651-85d18058875e,2849.01,UPI,gateway_timeout,45661.63,0,0,retry_now
77a32875-8ade-4d53-9d4e-50f99f69f66d,e7f4603d-fa25-41b1-9a04-05f4b61a252b,4102.88,UPI,insufficient_funds,32375.82,3,1234,give_up
ab794b62-57c7-43d1-818c-28e958c9ad05,bc02e5a9-17da-4621-a4f7-d31814fa77a3,11765.25,Net Banking,risk_flag,47076.65,0,0,give_up
504f7953-2b84-465b-beed-c2a89f3e84c1,7031b42a-a31d-4661-b2cc-c98bd377ab6a,12843.43,Credit Card,expired_card,35856.03,0,0,switch_method
4b8081f7-3863-432f-999b-515a60af94e0,6ffb1984-f413-4cd3-9be7-b2d5462c1430,1614.79,UPI,gateway_timeout,14942.86,0,0,retry_now
be022189-2833-487f-b09c-7b04e8be528c,7e8c632c-1574-4b6f-be80-df461dedc90d,12948.4,Credit Card,expired_card,30189.85,3,627,give_up
0bf1f5e1-bf00-438c-8d2c-9d3050b288c7,b9846e53-374a-4947-8846-b4c459f256ef,7397.37,UPI,gateway_timeout,14397.27,0,0,retry_now
c37766b9-9944-400d-aec0-71651c461e63,5f2264db-54b8-4bc9-8014-5c06191bcdee,1757.58,UPI,gateway_timeout,8220.28,0,0,retry_now
a29c10e6-9e90-4cd2-8f4e-54f6e6246af7,e138472a-1c83-498f-a36f-aa3773d53ac7,9883.33,Credit Card,risk_flag,36650.01,0,0,give_up
aecf00df-0214-4ad3-b40d-f60c727a3e5c,02e263eb-e36f-4f1c-8e2a-aba670b94beb,10498.35,Net Banking,expired_card,26157.15,2,1265,switch_method
5e48810a-3dca-470a-8296-6c7cb56358fc,5bb71d61-b39c-4512-a15e-2b51648b5ef2,11702.03,Credit Card,risk_flag,12696.89,0,0,give_up
d13e8e20-67f3-40e9-b158-dbd69ca6f462,806342fa-30aa-449b-a965-80d727f38968,8780.33,UPI,insufficient_funds,4608.4,0,0,retry_later
802634a7-91d4-461f-b172-ce07ce972728,78b52482-2d05-46e1-b556-63e93f783479,9257.99,UPI,incorrect_pin,34985.26,1,107,retry_later
28dc8528-d165-464b-9d24-8a47e97e6838,dd0176a5-6ee4-45d7-b217-812335352ec2,14075.35,UPI,insufficient_funds,14817.88,0,0,retry_later
1f9830d1-1c87-4fc0-9e76-49cc21648d66,7994aa2c-d959-4d0f-9cf9-a11492178284,6474.2,Debit Card,risk_flag,48486.18,0,0,give_up
e1650906-f299-4552-a468-f9d87873c636,36938318-d443-43f3-abe1-7311eadba5f1,6874.36,UPI,insufficient_funds,34600.56,0,0,retry_later
9781cc78-7d93-47f5-8234-e7afd46f5d10,f626dc31-2459-4664-94f4-5b4ad29020bd,5394.54,UPI,gateway_timeout,28881.59,0,0,retry_now
8e398a6e-9d2a-441c-bb50-f8db23e4a836,fecd2d3e-d4d1-4ec1-8dd1-289d6a464f85,5444.77,Debit Card,expired_card,17540.96,0,0,switch_method
92537e2f-36fc-4baf-99e5-3b1119989684,827bfb0c-a636-49bb-9419-639a77174262,7005.73,Debit Card,gateway_timeout,4234.42,0,0,retry_now
609af3a2-6d59-4235-9e0c-4b55011334ed,95106536-f804-4294-aa00-91f01b1c517c,12128.0,Credit Card,expired_card,19049.56,0,0,switch_method
83193d34-44e5-40bc-bef5-c0e7c2eddf68,fe605b86-b15c-405d-a905-1462adb2f7f3,13989.0,Debit Card,gateway_timeout,15164.29,0,0,retry_now
a70f7275-8ac2-4b9c-95f4-636f8f6c87db,72e328d4-3a8f-413b-a9e0-4e5334a7672e,499.56,UPI,risk_flag,26578.61,1,1028,give_up
2ea9cf05-4f57-476f-bddf-6066d4f5f314,b3b33aac-4fb9-4961-8968-1663f79e8534,4988.33,UPI,gateway_timeout,30961.95,1,1272,retry_later
abc9aaa9-3ab6-4166-a8d8-4381c93cf8d1,bfc75da0-d758-439a-9443-2808be197fcc,9195.81,Debit Card,insufficient_funds,5817.92,0,0,retry_later
bb9dc9fe-2a73-4d37-820d-811a8fc85d35,e7f64445-e0df-40c2-a070-bf890beb921f,3479.89,Net Banking,expired_card,32411.79,1,121,switch_method
f060d150-71bd-463f-adad-cc7ca44c0541,d0fa88f6-8e29-4e77-8092-876ae44d762e,3837.49,Debit Card,expired_card,18672.9,1,1088,switch_method
914e7c77-ff8e-4f31-9fc4-406f9ac4bf86,b18c3c0d-085f-40d0-a105-c8e47e2446c9,4178.71,Credit Card,expired_card,26889.15,0,0,switch_method
d9f34a4c-178c-4f3a-954b-c1ec42fc7d1d,7efa0674-1f83-45b7-be47-18b6003a6090,13609.66,UPI,gateway_timeout,1457.76,0,0,retry_now
7ae92e03-f303-4fb3-8af1-4cd1ae032714,11bfc9c3-464d-4512-b850-1a4538d5ec6c,1444.98,UPI,gateway_timeout,35505.74,0,0,retry_now
33db9179-4a5a-4e6e-9580-bb78cc87f405,ca05c9ae-ab67-4036-8dbf-e22dff58371b,12549.11,UPI,risk_flag,15652.51,0,0,give_up
d937d885-2b06-4b41-b827-11861feddcf8,3c9268a4-1d71-4d99-ad79-c78958b35559,4292.64,UPI,gateway_timeout,15829.34,0,0,retry_now
8ff4e665-7f66-41b9-88a6-ef8c6d5711a9,b02ceae2-0453-441c-b6d8-70987d2a4fca,5979.43,UPI,gateway_timeout,39048.19,0,0,retry_now
eff9b6c0-522c-431f-8362-ce95ed1ec395,e9e13c56-08bb-45dc-8e58-f32cd895ceda,14148.19,Credit Card,expired_card,402.96,1,493,switch_method
08429fce-4c1a-474b-97e1-8c2c7b52ec09,0d9e57db-f862-4e71-a119-815499a2b7d4,3750.05,UPI,gateway_timeout,21688.53,0,0,retry_now
7957e644-73c3-432b-879f-eaaaf12a5966,c1d48c73-e5c8-4684-aa95-db4b6aaa06b8,13266.48,Credit Card,insufficient_funds,10760.22,3,446,give_up
d331b58d-1ee8-442b-9ba2-e8fd2e21d19d,089e33f2-12e6-40f9-9b46-a3aa1c54ed20,5933.38,UPI,insufficient_funds,48287.36,4,808,give_up
f23838f6-881b-43dd-989f-3d1d936481bc,c3274807-17fa-491e-a7d9-2dc084d8da88,1994.75,UPI,incorrect_pin,22028.68,2,149,switch_method
63bb9db2-cf2f-4a59-9594-a3a24e469e42,13219e63-945e-4edf-a834-c5b87e7afef5,9056.9,Debit Card,insufficient_funds,1288.48,4,598,give_up
008945b7-a05d-4a3e-9500-6c82d12b652f,378aedcb-f3e0-475b-9a3f-8ccd9b3d6444,994.72,Credit Card,incorrect_pin,9904.78,0,0,retry_later
cb4243e2-3de7-469e-8402-4461ebceb20d,d35d80e8-abca-4b9c-9516-45dcbb4f59d2,11646.59,Debit Card,incorrect_pin,45847.1,0,0,retry_later
ec12895f-4103-4708-982c-65ba2cc72cd2,37cc39f5-8377-4fbf-9d6d-faf11d58d179,10866.25,UPI,gateway_timeout,39860.55,0,0,retry_now
58133468-8c98-4c03-a8b9-1d42ce94337b,ef5c79fa-6a82-43ca-baa4-6436ec9f4883,2402.78,Credit Card,gateway_timeout,2619.56,2,47,retry_later
bba40593-7fe5-4833-bd6f-775b99c55743,d9c9da5f-91bd-43ae-9862-35ff01c4ea76,14620.61,UPI,gateway_timeout,41747.36,0,0,retry_now
b636e7e9-598c-4c44-aa8d-6b00e83585c5,5672309a-74ca-47af-9eda-e0a4e7195fec,6300.21,UPI,gateway_timeout,46323.19,2,53,retry_later
48a50a76-c223-4e60-ac6a-b5b5b6373442,6965f454-83be-4f55-9382-5cf3efb42379,10970.05,UPI,gateway_timeout,42897.75,0,0,retry_now
9f761ca1-67a5-4986-b7e1-344722756d8d,704aa5e2-dfb9-4f90-bff5-24c21688e7c1,613.47,Net Banking,insufficient_funds,15321.64,1,75,retry_later
6e444239-12ad-4076-96af-5ef9060a9e25,b0266b97-6add-4eaf-af99-4cd311b1dc22,8035.17,UPI,gateway_timeout,3094.29,0,0,retry_now
98f93ef4-fde6-4c32-be3d-1a06c40a8d31,fddd6905-12ca-4476-8a50-8f7857ca21ae,2924.77,Credit Card,expired_card,25659.15,0,0,switch_method
75d9698a-154a-4635-9292-3a7eed1dcd3e,596c91c1-1ff3-4817-92ce-25292cb06c0c,4770.14,UPI,gateway_timeout,11089.1,0,0,retry_now
e48d7ce1-ea17-4e3c-85c7-76e5c0406067,bcccff94-850e-43d6-b139-f8f6892a1a29,767.88,UPI,insufficient_funds,9662.47,0,0,retry_later
b18ce148-fb4a-45d6-919b-34b180916e0d,7a2ac02c-8b15-49cc-bc01-85f950e08a69,9945.32,Credit Card,insufficient_funds,16599.91,0,0,retry_later
c7d7a7b6-d519-4390-bdff-28f58314ffa6,78f2d33f-d1dd-46e5-84d3-ec26e409e2a6,10410.15,Debit Card,expired_card,24219.56,1,460,switch_method
548ece3a-092d-4200-ba9c-9b8979dcf8f8,a65c6503-be6e-4f85-9bfd-1e97bf329c7d,2247.25,Credit Card,expired_card,7695.0,1,837,switch_method
6bbaf1b8-6516-4aa5-b1c2-9fae20fcf109,a202bc6c-199a-4567-a02d-9e859ebeb0e7,12412.07,UPI,gateway_timeout,8564.75,0,0,retry_now
9b998ed7-fb70-4b36-8a22-3e8980eebd47,63e675bf-b662-4950-a8a2-a150c2385211,14640.73,Credit Card,gateway_timeout,12326.0,2,533,retry_later
5d881603-194a-4b35-a70e-8cb60ebe337b,bd51fdc7-79de-41d1-8e28-f728f5c94e60,9725.09,UPI,gateway_timeout,5556.86,0,0,retry_now
4133a7fd-f4a4-430a-904e-4140151266c4,a6ea4aff-62df-4a35-a009-bdd956314f1e,1592.82,Debit Card,expired_card,27279.11,0,0,switch_method
2783650c-82c4-437d-8454-cb24a6995cfe,a4108688-eff0-452c-88d3-4c23820759c6,533.74,UPI,gateway_timeout,4101.18,0,0,retry_now
7bbef4f3-b032-49c7-b3bb-29802a90af97,7ef82603-b235-47f7-bc8b-3228c1cfb9be,14826.43,Wallet,risk_flag,7810.08,4,1170,give_up
13d07f0e-61f9-400a-bf97-06439bad2db5,3c4ee55f-3759-4bfe-b250-3fdb9884a9fa,9572.15,UPI,gateway_timeout,25354.12,1,1204,retry_later
cbb82458-13bc-42ff-be5a-6f3427f06a68,20f44c6e-7251-4d4e-9fab-6e24c86ebd9d,9983.82,Debit Card,incorrect_pin,30938.6,0,0,retry_later
5037f25a-57c6-432a-9a8c-81c530f0c272,fe81b0d7-a3e5-4f46-bc0d-7fd6e83474d4,4191.28,Credit Card,incorrect_pin,21481.14,0,0,retry_later
d087946e-47b1-47b2-b6c6-7997db178788,457d740e-1adf-416f-87c5-18465e38566b,3811.23,UPI,insufficient_funds,26180.03,1,1248,retry_later
c34d48cd-5a9e-42bc-9b07-8b0570105440,b2fc885d-3bf2-47e1-933a-d1dcb2d53ff1,11874.04,Credit Card,insufficient_funds,39045.97,1,1131,retry_later
792df66e-de8c-4338-8c2e-793bea4d9ec7,bcc4533b-35ef-42b9-858e-e20d90f8ad40,2034.85,UPI,gateway_timeout,48191.16,0,0,retry_now
0e158456-4970-47d4-9d9f-3b03da7aa372,7df294c0-47d5-492c-bcec-3bccc76101bf,91.02,UPI,incorrect_pin,38291.45,3,693,give_up
319e308d-5227-4041-969a-1cb7a201e6be,3bec9694-d20f-442f-9df0-35e62d1de268,10388.39,Credit Card,insufficient_funds,11313.62,1,807,retry_later
3ebcf6ab-c87f-4678-a461-11273db9c35b,8d05a17b-4b51-46bf-a588-87307b3a47b3,9759.87,UPI,gateway_timeout,12554.01,1,1260,retry_later
c9b2995d-13dd-41cd-b3c7-ecdb852f9719,b704c4c6-08a1-44de-9b16-1dfcd5c8aa5c,5126.37,Credit Card,expired_card,36707.56,0,0,switch_method
a12ae6b8-7be7-4e06-8d02-d8e86fa4ba2c,ac29967c-051d-434c-aaed-cd7162e9cf5f,215.1,Credit Card,risk_flag,23266.85,0,0,give_up
c21a42be-fd0b-4c82-a7f8-79114e22de5c,6c067c3b-717f-4b5a-834b-ff39809b55b0,6401.71,UPI,gateway_timeout,31568.77,0,0,retry_now
e0650862-f17c-45d8-9d7e-f4448d223324,7025afe7-0ba7-4418-9c1d-5beed1ee95c1,14479.89,Credit Card,insufficient_funds,33191.22,0,0,retry_later
ccc5fe4f-e707-43cf-bb4d-2b21568c4655,95645bc6-4684-42a6-bf6d-c02c89aa0596,7509.18,UPI,incorrect_pin,28195.98,0,0,retry_later
b1e3869c-ebe0-441c-afe2-5a7784761d01,4627949b-aa3e-45d8-b908-058c65ddcdbc,13759.85,UPI,insufficient_funds,17047.93,1,331,retry_later
85408dc5-e087-4a7a-8a67-8e55c401994f,facee33b-f19e-44a8-a03f-aa1eee0fcfa3,11773.7,UPI,incorrect_pin,36341.94,4,1379,give_up
6383149a-c3a2-4a05-82b8-52bd20d7c407,bdf1a5eb-eebc-45d7-97fb-188570461c5d,8722.12,Credit Card,gateway_timeout,30724.29,2,662,retry_later
f561777b-8148-4f44-b189-93819e858a18,24fcba87-3554-4143-bcf0-260bd23e3e30,9509.34,UPI,gateway_timeout,33091.73,0,0,retry_now
6237445a-50f3-47be-9ca7-aa72036de163,f9f69c62-f0ab-4ddb-9eda-b893286cabc3,9979.19,Credit Card,insufficient_funds,16176.52,1,1165,retry_later
c6c92f15-5620-45bd-9986-13a21222e27a,8077700c-3a54-49ef-85bb-9d39e5934f4b,6915.44,UPI,insufficient_funds,46212.71,2,555,retry_later
55ce8ca6-d8e4-48ea-b30f-0865dd9b66aa,9fcb6157-87ce-4e85-ac77-078d11c9bc28,11699.52,Credit Card,insufficient_funds,36446.96,0,0,retry_later
508770eb-db47-4e6e-bf19-e71360220b2e,d2f9d7ae-f045-4129-9e50-617546cdc108,3824.68,UPI,insufficient_funds,17829.81,1,189,retry_later
a5ecfbfe-f606-415d-ba85-c2a95c8854fe,3538bf0f-3d74-4c44-91c8-9fb713198792,7721.78,Credit Card,expired_card,28287.25,4,325,give_up
e85a9d61-296a-4fd1-a641-8637c08d2b54,6e209047-cfa9-423f-9c9b-69ab864819f3,3393.66,Debit Card,gateway_timeout,49441.78,1,71,retry_later
7cd1ded8-906f-40ce-aeb4-438989ffb249,013b46d7-17b3-4ab6-b558-48b3a623d7d7,14810.17,UPI,gateway_timeout,8844.85,0,0,retry_now
3291b021-d044-44f1-9ec9-f2f130751b9b,18587874-1c88-461f-b566-3644803f5635,8744.89,Credit Card,incorrect_pin,49778.45,2,192,switch_method
377fb6f5-b50e-4d2d-a41f-bbb7b12bfe5f,d0af3446-a152-43e8-8c8a-9dd206fab42a,12894.75,UPI,gateway_timeout,24451.79,0,0,retry_now
ffb67252-a295-4d20-bdd3-00a89fea5a64,f7ed68de-41db-4643-9e14-dfb631248ea4,10002.59,Credit Card,incorrect_pin,36925.29,0,0,retry_later
43705881-bec9-4588-a7f6-60c722f4eb13,6588e1b9-a7bb-43bf-b982-ba3b4b7dfb83,6394.81,UPI,gateway_timeout,40204.78,0,0,retry_now
016291c9-ef80-41f1-ab8a-9910fa39b4d7,5aae81be-fea1-48df-9644-3144e76b0112,395.09,Wallet,incorrect_pin,9332.0,1,1109,retry_later
8b1c385f-e55b-4a9d-a713-ce12792bfe37,f5ea76ce-630a-4a92-b9e5-f5446203d45d,3398.24,UPI,gateway_timeout,11627.07,1,1223,retry_later
c2163e96-3ad6-4326-9264-7402936d1d1f,98b95a4c-5009-4a0c-b660-7e32f82988aa,8125.2,Wallet,incorrect_pin,29278.19,0,0,retry_later
89c71244-289d-4a0d-abe4-3bf3eaf3ef9f,a7e16619-3097-4a4b-a118-c1c292eeabc0,8169.73,UPI,insufficient_funds,29279.38,0,0,retry_later
7ff06350-7c62-492f-895f-7c0f64240eaa,cde4bfad-8e0d-4fa0-9186-7862eb9de32c,7476.97,UPI,gateway_timeout,2078.95,2,901,retry_later
65dd69c4-5afb-4f22-87ef-814e07d760be,5626b317-405f-4543-a42e-80a6581ee6f4,12150.77,UPI,gateway_timeout,44896.76,1,51,retry_later
0b6536c0-4ea9-4b2c-9fe8-19b278f63573,38c55edb-cf15-463e-ab88-2a698e715074,2857.14,Debit Card,gateway_timeout,23309.08,1,651,retry_later
738cb346-63eb-4dcb-84d3-a934a870a01c,4470ee7e-98b3-41db-802f-7d95653993dd,862.65,UPI,risk_flag,15788.66,0,0,give_up
592700bc-c718-494e-923e-c4b06f3cfaf6,47a9fecc-9e4e-411b-9e53-2f2235e40b50,5945.1,Debit Card,expired_card,33783.15,0,0,switch_method
5b1a964a-a539-4dfb-b7c3-3caa6e090155,d7fbfc1d-40da-4077-bf82-922c44e4fba6,3770.68,Debit Card,incorrect_pin,46736.5,0,0,retry_later
8fc127fe-f742-46f0-92d5-807dc90b5708,eae89d3d-9f39-4f19-a1ca-3064393c767f,939.93,UPI,gateway_timeout,18891.96,4,864,give_up
105fc84e-7096-4280-98bd-b122b115f23a,9f7acca5-c1dd-4e4e-bec3-b87d027bceab,6781.57,Credit Card,insufficient_funds,49887.47,1,1437,retry_later
a95e5a73-154b-42f7-b66a-6c9c9421fdd9,7e5b4aff-13af-4bc2-9f8c-68d9b3204ba4,6228.24,Net Banking,risk_flag,44163.68,0,0,give_up
18de3d0c-0938-4f28-b007-afe4478fdf0a,893e15e3-2ec7-48af-92cb-fc54d1dfd3f1,931.08,UPI,gateway_timeout,32411.67,0,0,retry_now
680da126-bbcc-4696-9575-eaf9ef4438f7,9c6f8719-6f98-4518-9ea7-beb4197fb868,2279.97,Debit Card,risk_flag,47728.3,1,649,give_up
10424f4a-de79-4f2c-8a04-4ec6347ce942,d0b56a7d-9df6-4eca-b18b-245928434b73,4467.45,UPI,gateway_timeout,43408.46,0,0,retry_now
46247e6c-2d8a-4e5b-8803-274fcd05a469,c93339fa-6248-4c6c-a71d-94b530484c0e,10475.99,UPI,gateway_timeout,30998.43,0,0,retry_now
da5c5b10-08bd-48c4-935c-1a1f4faf2997,8c80659d-ea13-4b60-88ed-fcb16c1ff5e4,1756.0,UPI,insufficient_funds,4929.71,0,0,retry_later
4f0e6120-6676-4135-ba3e-5bd35eca5468,dc4082e1-8dbc-4073-8340-0565ff6af24a,8895.64,UPI,gateway_timeout,33919.59,0,0,retry_now
f88ee6ed-1497-429e-a900-447ebf4d4a40,87a78a54-5066-40e1-a05d-7a4240dd9331,13050.37,UPI,insufficient_funds,27917.62,2,1054,retry_later
77e6536c-4921-4254-a0d8-f8744622a154,b9b82435-18ba-4801-8a25-1f272a7dd4ff,8803.49,Credit Card,insufficient_funds,37756.68,3,541,give_up
806c61ab-7822-4ee2-a886-2a55be2c0d1a,d4d8086f-3b1f-49d9-bfff-d9b9fee0b79a,11754.21,UPI,gateway_timeout,41432.65,1,692,retry_later
40455ec8-2611-434a-9015-5d3b46af0673,a0bda599-7b62-4c16-9916-ff9a5236876d,4892.02,UPI,gateway_timeout,49387.48,0,0,retry_now
003d81de-cc38-4876-967a-848637a73f15,aa5cda45-8c8b-4cb1-833e-98bfe1995494,6345.61,UPI,gateway_timeout,23475.93,2,1380,retry_later
26d642d0-fc1c-458f-a002-fcd787fdd77b,e90ff1a4-cf26-42d1-9403-100246e18051,9272.79,UPI,incorrect_pin,39296.26,0,0,retry_later
db396634-342b-4802-afd5-e80ac584a56c,7a79d533-7679-4640-bb3f-24001ecd7b8f,8507.72,UPI,incorrect_pin,11334.53,0,0,retry_later
49e7c8cf-00f0-4909-9f71-3a4b0245408a,14353fd1-6ccf-4d38-8383-45c2156542e5,1915.17,UPI,gateway_timeout,5822.95,0,0,retry_now
0f6c9af9-6e92-433e-98b8-0f1f2c0e4730,eba53032-968c-4c85-b479-7088021a0853,12532.23,UPI,gateway_timeout,45276.94,1,377,retry_later
3b880c54-5d82-4fc5-9f9a-b8c62b648e4c,ab8ec7e1-e891-46f1-a7b0-66a1c3b3c3b9,1030.95,Credit Card,insufficient_funds,25177.35,0,0,retry_later
dd583df3-66c1-4333-8d0f-b1bb9ec0e065,ce937ed0-42f5-4b2c-abef-eb149d8869e9,228.36,UPI,risk_flag,22269.33,0,0,give_up
d0dea0f2-1976-4e99-bb01-c0c958a77392,b9915e30-e090-4040-ac35-be6851965be3,224.82,UPI,incorrect_pin,20756.25,0,0,retry_later
e5534e69-6f04-4932-9a29-9030de8a57ae,1e0b5362-271d-4bc4-9d49-d91a60d2ea4b,11818.26,Credit Card,insufficient_funds,41242.69,2,1076,retry_later
54d667e7-dacd-4e08-b302-378d9b1e823f,611b0f72-7ea9-4863-bf45-ec30ce0a929d,6633.09,Credit Card,insufficient_funds,4005.29,1,1410,retry_later
15d0b30c-d4c8-45a1-a809-416d8754d0c4,a21683e8-dd86-48b0-9ea0-2a8e7162ddc3,5972.92,UPI,gateway_timeout,2557.51,0,0,retry_now
cda81e9c-2a32-4147-8a8d-58885259f409,32f9a135-9c57-4fee-8dc0-e67580a3b1e6,2188.45,Credit Card,incorrect_pin,41957.33,0,0,retry_later
a0783460-3554-4108-8d6e-689582899ba7,feb02f3d-df3c-4694-a4ba-5ade7d836c51,8494.62,Credit Card,insufficient_funds,28693.29,0,0,retry_later
a947de45-a398-4525-abee-9d16e03ae485,d85ed385-d57d-4f73-a989-fcc46c5676fd,1479.14,Debit Card,incorrect_pin,2434.74,4,225,give_up
9d7a96f2-e6ee-49d1-aa44-d9a3eafdb1dc,81ed4b41-22ff-4460-8d4f-6d5586204312,14190.1,UPI,gateway_timeout,2279.26,1,951,retry_later
8e51b503-8580-4140-b813-1625fd976beb,990ddd39-aed0-4c53-a461-8109f7dcc60d,11353.8,Credit Card,risk_flag,39824.22,4,936,give_up
4b90b230-df6b-46c7-bded-4e82db4008a3,9feba986-3cc3-4392-8c0a-464ed504939a,714.13,UPI,insufficient_funds,36439.31,1,1213,retry_later
a2f0dd96-5fb5-4836-aa97-a63e625c9c27,9b06c9ea-5dca-4401-bc37-421b74a27298,10059.81,UPI,gateway_timeout,209.37,0,0,retry_now
ca251767-6524-4e3f-91ee-63f1e01bddd3,53b53365-e993-4ac6-8e22-141602479d22,369.84,Credit Card,incorrect_pin,20772.15,0,0,retry_later
8bf96db6-433e-45dd-953b-9fe3f3f74139,7ae696f9-97d1-4c89-a7b6-48de90b0831b,8994.4,UPI,insufficient_funds,47836.02,0,0,retry_later
e062e23e-7304-4c34-bc74-5f3ed6dcfda4,ab553405-41d1-4d99-a246-d1214f024695,1463.52,Debit Card,gateway_timeout,11846.2,0,0,retry_now
0ff9af79-a6ad-4984-9f2c-c174dae90d76,16e82c8a-5db4-4c05-a827-6fcf7047ce98,7131.6,UPI,gateway_timeout,27346.44,1,587,retry_later
a2b696e6-770c-465d-abe3-ba7c4b7519e8,f56d9680-9492-4e89-a2f1-6c8163294ebe,14887.79,UPI,gateway_timeout,39121.29,0,0,retry_now
98abb0a6-2a76-49a3-abb9-85daa3c0092e,89c4bbfc-268c-4e3c-a43f-b7208da3c133,5996.0,UPI,incorrect_pin,11232.87,2,562,switch_method
c5a29d5e-0be5-4749-9482-4e11e33c456b,324491e1-d0cd-48ec-a832-e56d85b2c0da,12158.92,Debit Card,incorrect_pin,9738.67,0,0,retry_later
58f0d97f-a1a4-42db-8dbc-88b5330609a4,61a4bc32-94b1-4c6c-b52f-155574525372,1028.92,UPI,gateway_timeout,26094.22,0,0,retry_now
c6fcb171-0282-4b9c-85ff-87a39237604c,ba278282-ab20-4d66-8389-ab8a954586a0,6900.07,UPI,risk_flag,32613.76,2,293,give_up
3b60a2e9-9a4e-4a2e-ba56-b71a19f40bef,f0633c40-6470-4537-8d6c-e8fedfc71f15,10135.09,Credit Card,incorrect_pin,6760.87,4,443,give_up
8539a512-7e1c-4289-abc3-9b10b890a6dd,a11c7591-d687-44bf-9e32-95ec26d1579e,6516.44,Wallet,expired_card,28589.47,1,84,switch_method
2c5de2c9-83d8-4c30-977e-f537bc3ef2e8,228f65bb-95ef-4493-a18b-a78bee1bd2a6,10965.89,Wallet,insufficient_funds,15141.49,0,0,retry_later
494bcbb5-3d46-4fe1-b72b-37a3beffe1c0,14303c4f-f5a8-4e5f-ad38-5075f52ee2d8,3664.59,Debit Card,incorrect_pin,17492.72,3,312,give_up
1314caf6-1e9e-4d0f-b743-3ef866fc9e6d,055e7bbf-189b-4845-a83e-367cb57c2dac,12414.21,UPI,gateway_timeout,3457.68,0,0,retry_now
141d8347-27b0-4d11-a66a-b5f0d4816680,f4788542-4c2b-48e2-aeff-e574ade984d7,4965.11,UPI,gateway_timeout,34966.97,0,0,retry_now
9c11824e-4849-4773-b358-3b66b82924c2,19446ee7-de4b-48c7-8da8-2e9c775508b3,1966.26,Debit Card,incorrect_pin,25658.75,0,0,retry_later
4e1fe389-23f9-457f-8b23-e55ccae10f74,effaa383-7697-4411-8393-389f8adf285c,10413.32,Credit Card,gateway_timeout,3046.44,3,57,give_up
1da9110a-eb8c-45e5-b058-cc5ac3e8b30c,6c3243d0-41a3-4676-83a1-563f5cd84a53,368.95,UPI,gateway_timeout,36730.42,0,0,retry_now
f6cda099-28b3-464a-b904-138a042f12a0,5e430c64-678d-4c43-a2a4-48d1bcf2d1d0,1380.42,Credit Card,risk_flag,23582.47,0,0,give_up
2b8846f1-fa11-4178-b505-32fdd1c3cff3,8418137c-a3ee-4871-bb08-04d09b096725,13449.65,Credit Card,incorrect_pin,26068.85,0,0,retry_later
52af3ae4-fd31-4533-b728-2e3be599f0d5,cbe71cce-7087-415b-b183-a1b4abb13e03,13360.97,UPI,insufficient_funds,28855.85,2,220,retry_later
5c7d1458-2054-44d7-ad33-7a0c4796e4c6,f5977055-1a0c-43df-bfd8-5162354a1ccb,8586.12,Debit Card,incorrect_pin,45652.07,1,480,retry_later
9b38aff8-a477-4b26-8b7b-b4dadc170352,f7e8823c-49fb-48fd-8afc-9b87fcc8afc7,8331.46,UPI,insufficient_funds,15320.77,0,0,retry_later
ba8db7f1-c778-4c99-99ec-1f45dac8e6cb,7c34cb91-f81d-4881-983b-dafaf762b929,1325.95,Credit Card,incorrect_pin,4078.75,1,1001,retry_later
63590e6c-e3b8-4df4-8246-b53ab660b708,e9191515-c759-4ee3-96e9-c79421d5577a,5412.03,Debit Card,expired_card,730.45,0,0,switch_method
04c43a32-64c0-4cc1-b827-27492d9435e1,317f647d-bf43-4d01-8fa9-2b11d35ed3ed,4410.09,Credit Card,gateway_timeout,15440.11,2,1232,retry_later
e25bff72-d522-48a5-aac5-59b0fc7a8834,98327cd9-aea6-49bd-834e-067002c2d4e7,8473.21,UPI,insufficient_funds,22925.93,2,622,retry_later
9081a381-40a3-4176-8ac1-287858188f32,4c540886-7369-4aa1-8690-c6924ed6704d,4315.45,Credit Card,risk_flag,36007.87,4,1031,give_up
c92aed95-977a-42e8-8c35-afe3540a517b,b69e7d97-dca2-49f8-8e93-0f7dc345fe85,23.93,Credit Card,gateway_timeout,6881.49,0,0,retry_now
f699ff9b-cd65-4db6-910a-7950038b89d4,f757dfd3-97ba-4118-bc01-82586c2dea5b,10126.65,Net Banking,gateway_timeout,25002.91,2,1097,retry_later
e91dea49-003e-4a02-9ccb-9a620e803eb3,e7034f96-af9b-44b9-a0d1-6d4f4fe2f389,6166.13,Net Banking,insufficient_funds,15629.9,1,790,retry_later
3935ab16-f345-41e8-919c-4c915687cb4a,5c379b39-102b-48da-bf49-4604631b837c,5615.47,Credit Card,expired_card,19296.98,0,0,switch_method
055f997b-7aef-4f48-ac21-b96154ca1373,61426130-90e4-41d8-a117-ba390501bc7d,826.45,Debit Card,insufficient_funds,16427.91,0,0,retry_later
2f1bcd8e-fa90-4236-a37f-7a0a2d59945d,ff528431-7ef6-4d0f-adae-c13449cc265d,10894.41,UPI,risk_flag,31600.96,0,0,give_up
e6628c05-1dbc-4926-8aa6-0fa333d2904a,d1e57a13-a614-43bd-b5c4-bbbef73e2983,9544.67,UPI,insufficient_funds,15663.32,0,0,retry_later
b092ce4e-5ea3-497a-8c86-eaf6b3f453a9,f1cb3dc1-c9ff-4019-9924-61d34b0f6892,12183.04,UPI,insufficient_funds,46075.67,0,0,retry_later
1b25ac8b-a088-4989-8454-1ea66cda811b,ccb2f7a5-4514-493a-9b09-bbdb0b555fc9,2155.99,Debit Card,expired_card,38259.69,0,0,switch_method
15c884da-8b4b-44ec-9fbf-0e91f77cbd8e,d98b6512-04ca-40e7-9d2f-88e0fa31f1dd,13549.69,Credit Card,incorrect_pin,39398.51,0,0,retry_later
321dd796-42e7-4e39-8876-190d1fa2a01f,673bd03b-3acd-4b26-a236-29e5fb82204f,7289.85,UPI,incorrect_pin,29998.39,0,0,retry_later
517d30af-169f-454d-9d52-af27b0545c05,99f01d3a-1805-42cd-b860-e8a24b72e6f7,4112.74,Credit Card,risk_flag,39254.18,2,517,give_up
a06a6837-a1a7-4a13-b775-e80bbef35eba,2b69b27f-647b-45c9-9119-9aab58bd259f,7513.68,Credit Card,risk_flag,16580.84,1,1175,give_up
2d2d2e0b-8e25-4c77-b078-678d231e70e3,4fd19859-819b-4b5c-831e-800b5c2f1526,2665.14,UPI,gateway_timeout,3184.24,0,0,retry_now
7ed79dba-42b8-4205-b3dd-b61f75d3ca14,0045092a-4f38-40d4-bad1-68219d31e9d3,3541.99,UPI,gateway_timeout,34132.63,0,0,retry_now
44146542-905e-4a71-a5fc-467e26950d93,2dae02aa-ff1a-4d56-924c-fa8e6c4efd8d,12879.01,Net Banking,incorrect_pin,15645.98,3,904,give_up
c5e70a62-7a98-4864-b54f-d6531649efd9,ef8a3088-d542-41f2-ae36-aca0b62712aa,3792.2,Wallet,risk_flag,33886.16,1,378,give_up
7d9a94a4-85bb-4340-b55b-ff97953b8551,782e4526-a77d-47b6-aa60-09caa8887e8c,3273.51,Credit Card,gateway_timeout,47973.61,2,966,retry_later
c5082d89-3dc4-4af0-b3c0-934018d91935,1a3b2815-0d9a-45a5-96fb-49a9785993c4,2846.04,UPI,insufficient_funds,27445.48,2,164,retry_later
6e083118-8304-4b62-88a9-c6e9eefe86ca,7a4893ee-dfb7-4db9-b777-791db4405fe1,12445.15,Credit Card,incorrect_pin,41435.45,0,0,retry_later
0dc993d4-0280-4f85-b4df-aadc072a859d,38cebb54-d04a-49e8-b75e-0d7eff1dc6fe,10458.39,Debit Card,insufficient_funds,33550.65,2,414,retry_later
3fe606dd-8bbe-417c-a514-4b0be9f48c75,524fdbb5-9520-4258-973e-882241436c93,4601.45,UPI,gateway_timeout,30600.43,0,0,retry_now
92908883-babd-4357-87f3-f94c58b4ddd3,5903e1e4-af07-4d8e-8445-e1daac5d75da,3503.76,UPI,insufficient_funds,43124.83,0,0,retry_later
b16d480f-14c7-4de5-8aab-d516afe3c726,43642702-1d39-4375-b344-447461cbf959,14664.07,Credit Card,incorrect_pin,6614.4,2,1279,switch_method
6013629f-e9dc-4f83-a394-5a7184832f50,c564191f-b9eb-4d0c-a129-d0d097f74692,5364.31,UPI,gateway_timeout,18456.81,4,888,give_up
4c90aae5-1149-4e13-8d76-016f1b263885,50ebacf4-60c0-4a8f-b7a3-056a15a39ed8,1837.1,UPI,insufficient_funds,1663.4,0,0,retry_later
55bc7fc8-6cbb-401c-a7da-afe90b0551c5,f3cf1577-0077-46ff-8ea1-705b3eef524d,6774.49,Credit Card,insufficient_funds,23700.31,0,0,retry_later
0b6a2133-2d77-4296-81ed-57942a456c24,db42ceb4-e02a-4fa3-a988-6299e8872582,12266.17,Debit Card,incorrect_pin,20535.46,0,0,retry_later
69948153-6d23-4b20-a67c-45aec5a09e85,ccdbeab6-a19a-4d8f-b372-bcd3f3d245fe,4160.28,Debit Card,expired_card,6868.09,1,502,switch_method
f80d2576-d8f8-4f0a-8733-dcbb3ca7220a,5a58f9b6-d240-42c0-ab60-1f94b7fb4cb0,14936.06,Debit Card,incorrect_pin,29802.51,0,0,retry_later
c9a61f0c-61f8-437a-85e3-44c670f1b894,3d8989ba-dd62-4408-8ad5-ab0f621f0e31,3071.59,Credit Card,risk_flag,2736.64,0,0,give_up
5f33e241-3d0e-4fc9-8fc0-4aab29d979a2,cbb0a65f-97b8-490a-aa2f-c83eb2226ecb,12659.75,Credit Card,insufficient_funds,45750.08,0,0,retry_later
0f0eddad-689e-4cb4-b663-c1bc36fe3938,e3a623ff-1597-47ec-8616-f49f924a6914,10863.2,Debit Card,insufficient_funds,3380.24,0,0,retry_later
f4cce239-7040-47d2-98e0-08f47b48fe7b,a2f3da4f-44e2-4460-a4ec-80f421871df5,3640.2,Net Banking,insufficient_funds,15385.14,1,1306,retry_later
cbab81b8-c78a-4cc0-bc70-bb8cb8178d83,1c48e8d2-d79a-49a0-9d98-dcdaa2b6694f,543.5,UPI,gateway_timeout,5530.18,1,317,retry_later
ce92f627-14ca-444b-95e7-b4f2eff49b4d,5df5a83f-d75f-4fdd-9c9b-41e22bdce2e3,5883.25,UPI,insufficient_funds,1947.89,0,0,retry_later
462e5f62-9eb0-467f-84c9-c1c4a34a9849,3341b77e-ea7f-4263-9253-44d5be8ff45a,7638.32,Debit Card,gateway_timeout,33779.34,0,0,retry_now
85630147-ded6-49f8-ae27-3b1a409e4146,de4688d8-e48d-48dc-8898-c6bd80775947,6916.4,Debit Card,expired_card,38902.32,0,0,switch_method
7331bfcb-9e62-48a7-b641-2c0a21111a1e,975d3225-1176-41b0-bc12-f66c5f905bf9,3736.59,Wallet,gateway_timeout,37728.47,4,192,give_up
555c2189-9d3d-4c78-8468-62b5f5950890,3a5f8ff0-e111-414c-88f3-acb3e7ca8d72,8024.57,Debit Card,gateway_timeout,13353.75,2,520,retry_later
7718b2d9-b4a1-4340-a4cc-e8002affc017,56ffb447-d8f6-4d5a-99c8-cbc08ba1d496,5066.59,UPI,gateway_timeout,40943.46,0,0,retry_now
2aead55e-d42e-442c-8312-3437fdd5bf49,37454eca-be03-4a09-b32e-ecbc20513ed0,3511.17,Debit Card,insufficient_funds,12058.26,0,0,retry_later
18a57741-a1b9-42f4-a4ee-492285014cbd,fc95ec0d-a670-4401-894d-788d1ea3f782,6266.75,UPI,insufficient_funds,14568.05,0,0,retry_later
99369348-5f7c-4f82-8176-f1a3547c511b,9bc6cb5f-1ec5-4c7c-88f6-915cbca6df74,4959.04,UPI,incorrect_pin,24647.85,3,609,give_up
2502ba90-3b7c-4ff1-b9e8-b6d2b82a90d8,b42b6e08-c995-47a5-a89b-995f4d2a7d69,4726.29,Debit Card,gateway_timeout,49689.2,1,470,retry_later
ae7c7bf2-176c-4970-97f9-dce9f9bd8257,bc786637-a0f1-40a5-b8c4-6fa3f2cb031a,1866.45,UPI,gateway_timeout,31745.33,0,0,retry_now
6ca2db91-a59d-4506-a91c-817f4a6ea12b,12cdc59e-034f-452c-a43e-8a2a9a6dd88c,8174.02,UPI,risk_flag,41062.51,0,0,give_up
7986cdf2-ba6e-4dc1-a196-23613d926848,46701b37-0de3-4138-8954-63aa5d87d698,2540.46,UPI,risk_flag,42982.27,0,0,give_up
75b3c94b-498a-4f74-8d29-3a9a7ff3ba0c,c45bc110-261f-41b8-a70e-f1a5df76d19c,14022.58,Debit Card,insufficient_funds,38472.13,0,0,retry_later
2eec2251-9455-4348-8a82-565e65803e53,63131392-be94-4e4d-9d3b-db05c25736bf,9092.83,Net Banking,insufficient_funds,49039.69,2,107,retry_later
3846b3af-f7f4-4a19-b6c1-8478b514f54a,ad6fb37f-51db-4b0f-b83c-db938e01bfe6,2406.6,UPI,gateway_timeout,27227.77,0,0,retry_now
c34ab459-c9b3-4fd3-954a-15c7abdb53da,6c969fed-cc26-40a1-8f3b-6b3a3ce76e09,11948.64,Credit Card,insufficient_funds,25167.26,0,0,retry_later
93795ff7-bf18-4187-b96e-c8f9e873a451,bfbbb09f-df93-42d9-98c3-205506753b43,1320.82,Debit Card,incorrect_pin,27352.27,0,0,retry_later
26c53c66-9139-451f-891b-a3946d5cacfd,bfc8fed3-2524-4f36-bb48-b08fcb3448ac,14335.19,UPI,gateway_timeout,13699.4,0,0,retry_now
995d663f-2760-455e-833e-a62ddba8984f,a9f2e730-6dd4-4520-ae24-13444b1621b7,12795.37,Wallet,gateway_timeout,34979.83,1,1242,retry_later
c468eb69-eae0-45af-8237-6de71198d23b,fe328942-77b2-4363-bd89-3a0f53925e53,7627.04,Net Banking,risk_flag,41457.53,0,0,give_up
e033758d-1e44-46c5-92d3-1dfbd14cbd94,bedd6b7f-6973-4202-9ed2-db05a964a16e,9432.21,Credit Card,incorrect_pin,38398.5,0,0,retry_later
bff6a9ee-f022-4545-ab6d-20f2fe0b7a72,99cd20fe-3724-4246-b105-db4c00f5276a,12390.85,Credit Card,incorrect_pin,37285.88,0,0,retry_later
427b68f0-6e1a-4554-9303-caef63f5b34c,ba3b9717-9c1a-473b-8168-ea6ef93e4f96,10074.38,Credit Card,risk_flag,28093.19,2,517,give_up
d841266d-62d8-4937-b8bb-741e14cdda71,9d20fe94-9682-4e24-8996-06bfc3d1fc35,5738.03,UPI,insufficient_funds,40719.2,0,0,retry_later
3002c816-1699-4eec-8ab2-4c9d02c0bb8c,4767b0d1-42b7-4a05-82c2-078200afc9d3,9645.5,UPI,insufficient_funds,14994.88,0,0,retry_later
e3feb345-9b2e-4ffc-b885-e108ddc82d24,b811f83a-8e98-4810-bcba-3d992e59ad53,3069.27,Credit Card,incorrect_pin,41199.88,0,0,retry_later
b83ca5fb-06ed-4793-b330-4a411f524119,4eb98a4e-568f-42d5-afb8-adf5f242a608,13256.42,Credit Card,expired_card,5493.16,0,0,switch_method
ac315412-42cc-4294-96ab-e5295ae6f2b3,644b3398-ae6d-4445-ba66-228fcf6d89f5,4748.36,UPI,gateway_timeout,34502.34,0,0,retry_now
dbb5592b-f642-452a-927f-0ff659f6c383,a87673f7-e0a5-40fe-ba8e-fbcf9f418ef5,1217.91,UPI,gateway_timeout,19340.36,0,0,retry_now
47916034-b95f-48ab-8ddc-04b9a2241dfb,d19f3501-564b-4466-b4d5-c3a79f61be86,100.65,UPI,gateway_timeout,45541.31,0,0,retry_now
a59fefd2-e41d-4726-9377-09cf2db3b448,2bc03ae8-82c3-4c4f-9cc2-9241cfe4a3a4,2433.8,Credit Card,insufficient_funds,46302.98,0,0,retry_later
19856a58-dfa1-4e96-867f-601d701fc637,4e1aef95-a656-4469-9222-ce5780209094,13268.34,Wallet,gateway_timeout,27333.86,1,151,retry_later
956f3d8a-6b24-4c50-b653-8a2603250c54,3bc22bea-57b9-4872-8993-c1fed392f4f6,8994.6,UPI,incorrect_pin,15073.15,1,72,retry_later
c594d7fe-0b6a-48ae-9498-5d81810f19b7,9628e1b4-b2a4-4198-b32d-50628169bdb9,8751.09,Debit Card,insufficient_funds,25100.41,0,0,retry_later
f7e8fbab-adab-42c8-8bd2-c2c0571f7dca,db928218-eb78-48ec-81e8-6f2f82196de4,3256.52,Credit Card,insufficient_funds,24959.95,0,0,retry_later
9521e9d8-be0a-4e00-9ca8-1fde3a9e3335,0a13b082-10b1-4769-9c69-a2e9de98ae4f,3933.65,Debit Card,insufficient_funds,34570.8,0,0,retry_later
e6dde026-451a-4788-863e-6a28a3a9dce4,a967e674-1139-4ba7-9669-e92a6e29d520,8307.84,Credit Card,expired_card,45861.03,0,0,switch_method
93795f1e-cf11-458d-bada-3f5d94550c0c,23df06a1-5da6-43ec-b726-9d5bd4551a72,11946.55,UPI,gateway_timeout,36255.56,0,0,retry_now
0c414d21-08ff-4b11-8e08-b799cba7de18,1e712e14-2546-4210-8578-4df2d052de08,5094.91,Debit Card,risk_flag,30069.2,1,867,give_up
30c155b9-d188-4de7-8f74-dc132f036669,881192b3-fe54-4daa-bad3-75afe8fd8509,6034.13,Debit Card,expired_card,2563.17,0,0,switch_method
80f763ee-63ca-4dd7-83bc-adc930d344cf,88e6dafc-fdad-45b8-9dfd-4d467b03c9ff,9524.81,Credit Card,incorrect_pin,17849.12,1,1359,retry_later
319daa47-e576-49e3-8b5f-3a13fa89a511,e75e623d-5f0f-4fbb-a6e1-68415a10b88b,7275.5,Credit Card,insufficient_funds,29821.7,0,0,retry_later
4d870962-9215-42fc-a815-7f5b04c1aeb9,86e189e8-9266-410c-a8bf-99b749f0d55b,5942.71,UPI,gateway_timeout,26567.84,0,0,retry_now
8f4234c0-102b-4791-83e9-229e94e334b4,f2914004-a157-42b4-84da-b2aec243b3d7,8039.16,Credit Card,expired_card,48105.11,0,0,switch_method
50611b84-e4f9-421b-ac28-4dd992867654,41ca2da0-3417-462b-94be-e32b1b395fe6,6437.18,Credit Card,incorrect_pin,25548.54,1,745,retry_later
177680d6-616a-4b22-8853-7e0a64cda279,3f0670f8-6d64-496d-bb2d-27b6d5909475,8264.4,Wallet,risk_flag,41954.98,1,595,give_up
9fa91d1e-5f6e-4d79-b46a-0db844d5f5f2,8e052084-9251-4e9e-9d56-83081500fbf7,12834.71,Debit Card,risk_flag,35043.28,0,0,give_up
9781a063-2def-4ce2-bef0-08cfabd0654f,76faf8a2-9a90-405d-bdf7-5a191075f243,7463.84,Credit Card,gateway_timeout,25783.83,3,1379,give_up
e4a34219-c456-496b-a3d1-ba545b4561f1,28ae57ae-8df1-45ce-879a-e87ab56df94f,5910.6,UPI,gateway_timeout,29865.62,2,1094,retry_later
585d0570-1d87-4ab9-b6fc-56c6ba49c59f,3503286a-8bfb-44f0-9199-78305b7ead90,1273.12,Credit Card,incorrect_pin,42570.29,0,0,retry_later
77fd09a5-e247-4ae8-bd77-6e13bbacb14c,a04116f0-0725-4832-b306-5d848d4a57e9,11100.62,UPI,gateway_timeout,41383.76,0,0,retry_now
52a94059-d868-464e-914a-49468e7f8db7,95673df0-0d8d-457b-9fac-6730a79affe1,7775.98,Debit Card,insufficient_funds,14323.69,0,0,retry_later
6eb1178d-df6e-4acb-ab55-246719f8aee0,4ba24c46-2a52-4007-8bd6-e7717e157119,11083.77,Debit Card,expired_card,46429.84,1,630,switch_method
44527a26-c72b-4282-bf8e-2a2f1e90b091,a3a336fa-35bb-44b5-8da8-5c0551387d40,3890.98,Wallet,gateway_timeout,26379.4,3,1192,give_up
2eee2b2d-adb5-45e7-a153-cd6028bdfe40,be333845-814a-4a56-9c29-f9fb49c5034c,7239.29,Debit Card,insufficient_funds,40578.6,1,870,retry_later
d8955178-b7a5-4af1-bbf1-d72f2b5fe369,e339ab82-caa2-4a3e-89c9-bc0dce9388a6,14547.58,Credit Card,insufficient_funds,30859.71,0,0,retry_later
e02baf5a-2147-4559-9bc6-3f22a572bfc7,2c126498-adad-4f7d-afb3-0a81c2d1e364,2888.43,Debit Card,risk_flag,29585.85,1,306,give_up
c5d5d548-7331-4e25-aa9f-d8e234832e0a,89620ef5-f526-43bc-9b46-d5a45ce7ef35,4201.75,Credit Card,insufficient_funds,20394.48,0,0,retry_later
f11025ea-73b9-4c36-9632-a75884064677,b98797f2-fcb5-421d-b37b-31dad174e977,11618.55,UPI,gateway_timeout,12873.95,2,873,retry_later
b1908283-f08c-4e7b-81c2-3fd3c3e43159,805503d9-be3e-42ec-bab9-7d8765b473e5,8376.99,Credit Card,incorrect_pin,13837.71,0,0,retry_later
9f1928b6-574f-4417-bff4-bfc1d065bbbf,bb33cb53-54a6-449a-9ef5-9bfe74ed4e0d,4924.98,UPI,risk_flag,25118.59,3,1317,give_up
c5d0c76b-7889-401e-bbea-0f5ebb82fe0c,20d11367-9458-4161-a8df-257f718fd8f7,189.93,UPI,gateway_timeout,46026.79,0,0,retry_now
965c2614-0c76-4007-8a55-242871a9ab8f,7c5412a0-005c-4db4-8067-80d981b56328,14587.2,Credit Card,expired_card,4270.15,0,0,switch_method
01470830-de2c-44cb-a5f9-77cc161fbf3b,85ffb4a0-6249-41d1-9c5f-330f78806c19,6442.95,Credit Card,incorrect_pin,24174.9,0,0,retry_later
a938840e-acc5-4239-a683-27c3de21b6b2,df2ff1f5-90d2-47ca-8791-0fd01113fcb0,2932.42,UPI,insufficient_funds,11991.0,2,109,retry_later
6f3dc341-600c-4d2f-9a31-2f2d518d8b22,cd3a0554-edda-44f7-adee-d2c2d09a3b02,11881.11,Debit Card,gateway_timeout,23312.66,4,56,give_up
bfed048d-c922-423b-b8ee-97482d02d58b,de620ceb-db8c-46c3-bc7d-318507e71c44,6574.12,UPI,incorrect_pin,2257.57,0,0,retry_later
0cd2328d-1726-4d76-b066-be01db923f45,2b91f3d6-b6d5-497c-99e9-442e50c0fe31,6741.69,Debit Card,insufficient_funds,1996.13,0,0,retry_later
259330b8-7568-4848-a9c0-e8c4a162a357,f4d63682-e5ba-4caa-b105-3a8fa529836f,1608.29,Credit Card,incorrect_pin,15776.66,0,0,retry_later
d9f8fea5-3614-4c0a-9682-12174a89a479,891446fd-981b-4c75-82bc-6bfbf1c6e311,14551.42,UPI,insufficient_funds,48313.71,1,1187,retry_later
99884c07-a0f7-4adb-aef3-edda93b87c96,a6cdfbf3-9c62-4e0b-8d7b-c9c1b9d4f112,10280.77,Credit Card,insufficient_funds,42409.07,0,0,retry_later
d0c4a8bb-097d-422c-b53b-9c0ca594716c,b7487983-0290-41d8-b8d7-fab1859aeb3f,1443.65,UPI,gateway_timeout,8487.96,0,0,retry_now
bece41e2-527d-42c3-b6c4-163c6623372a,b68d0b52-a145-4f8b-b67f-55b8a590e219,2477.34,Credit Card,insufficient_funds,27366.23,0,0,retry_later
a92f6dc7-24d2-41ea-b5a0-cdfb65e29110,391c7141-e3f1-4f92-93bd-532d6fc98b8b,1544.48,UPI,gateway_timeout,25765.26,0,0,retry_now
b4bc54b2-1a9a-4896-8191-e6c7cd49bcfc,5ce090f3-b8bc-4224-aa2d-d3d4cb6a67de,12911.41,Debit Card,risk_flag,26641.35,1,971,give_up
6428c171-6e81-439b-965b-e234d53d67b5,44b2badd-d534-41b5-9bc9-be30573f8e94,1900.47,UPI,gateway_timeout,28783.26,3,935,give_up
e76707f8-a45d-4ca9-aa85-462b5348ff97,1f5e0abb-63a0-4142-8b8f-f33362d6ebfa,2887.41,Debit Card,expired_card,26867.02,0,0,switch_method
61a8d27f-3d23-4ad4-8307-e96472bd5446,24799268-85b0-4f6f-96ab-db27b8e5c0ba,7150.07,Debit Card,insufficient_funds,42248.54,0,0,retry_later
7b9ccdfa-d75a-4fb6-a89f-de7b6cc59c5b,fa887e45-a8e3-4563-8a58-ac084bd4c7c1,2331.32,Credit Card,incorrect_pin,31273.9,0,0,retry_later
13ce8dcd-d09c-4791-a032-55317b2edc36,dd63e9e6-21a2-4ff4-beba-c48f8dca67ba,14932.71,UPI,gateway_timeout,47210.44,1,495,retry_later
aedd6de9-8ee9-4c34-ad05-4616497077c8,5797a8cc-503b-46bc-bfa3-0b67e4fe950a,14281.91,UPI,gateway_timeout,10300.28,2,989,retry_later
8d6f4915-ee11-46fe-8cb0-2564489d136a,3f36e557-cf9a-4d0b-bc7d-0c16a4d0f50f,526.13,Debit Card,incorrect_pin,1050.46,0,0,retry_later
8effa37a-e7dc-49a7-90ed-1ab1f6be91dd,0ddf4071-ecbe-4c38-9eca-d79f5ea3ebd5,8080.06,Credit Card,expired_card,4335.33,2,949,switch_method
597dec4f-6eac-40b7-8d9b-edf95d967510,7cd9386e-077d-4b1a-b28d-7063aea39f57,2812.1,Credit Card,incorrect_pin,48848.28,0,0,retry_later
946497f8-8b61-4f62-86b8-85254109088c,7ac65e9b-21bd-44b9-8d7a-7c64b2e6e925,6435.38,Credit Card,incorrect_pin,4961.48,2,1204,switch_method
2de314a9-cca2-43d2-bc75-1a3a8b62c350,3646b9f5-c42b-4111-afb1-089fdf17be8c,3079.99,UPI,gateway_timeout,46470.17,1,376,retry_later
4ceea842-8622-4c7e-b560-9ae9853ec32f,8e403bf4-398a-4dfa-bc0d-75036b83c53a,3060.29,UPI,gateway_timeout,12112.86,0,0,retry_now
9cd940fd-c89f-422c-ac11-9b14d82b1b41,e633fb3a-6363-4a5a-a596-ea7ca1863551,6083.18,Wallet,gateway_timeout,16940.65,0,0,retry_now
9dbadb1c-b7f7-42e9-bce4-007a68a912a2,0e8d1ebe-810d-45de-928a-2c8ad9a3bc5a,11115.63,UPI,gateway_timeout,42525.21,1,1086,retry_later
67c5984d-849a-4f47-bb46-cad59fe990b9,d2988afd-3b92-42b2-b463-cae3583b0206,2008.83,Credit Card,insufficient_funds,24461.36,0,0,retry_later
44f216b2-f114-4617-bac9-08a1d0c8c540,5bab89a5-3bd3-4952-881a-a3eee4c5f82a,4345.77,UPI,gateway_timeout,11519.33,3,1190,give_up
d4a1ce97-a670-416b-a44e-4f72fcbf93bb,b666a5a1-a70e-4d71-9b80-3a30067a76c2,8662.47,Credit Card,insufficient_funds,43278.56,4,1113,give_up
47907c5d-beb4-40c8-afdd-1fc718ed4975,0e3779e6-e8bc-4d24-aee2-7d6c5369d62c,6166.87,Credit Card,incorrect_pin,35054.88,0,0,retry_later
b8b6a96c-70f1-43db-95b2-50fcc7fdaced,d234d0f0-b826-4df2-ae1b-85be15071788,585.63,Credit Card,insufficient_funds,33067.13,1,926,retry_later
773a785f-7f74-4157-b0c0-611104419b14,b34fdc1e-ef93-4bb3-82f8-2eedcfedecda,7008.5,Debit Card,gateway_timeout,42841.77,0,0,retry_now
07e99c37-d532-4a46-a46d-798eba5af5b8,f1a85d3c-7b8d-430a-a426-00c4245bf69c,14083.77,UPI,gateway_timeout,22178.17,1,477,retry_later
e31ebb29-fd87-4bc7-99e6-f47c9aa34a0b,2969f5c2-9ad5-4773-8a1b-820e9606661c,12945.76,UPI,risk_flag,4161.15,1,502,give_up
544e1f04-1bff-4a73-bb09-b29e3107010b,75e2e10a-d237-417c-9acc-2104faec5432,13111.46,Credit Card,insufficient_funds,36343.85,0,0,retry_later
b5ff4052-2b04-46fb-a8e7-5794638bdc55,0276feb8-6c61-425d-8e7a-c7e8f2009907,4677.62,UPI,insufficient_funds,41135.15,0,0,retry_later
1264bb5e-287c-4acf-a200-ebe3b152a283,c1f4df21-3997-461e-8834-27cdfeb26e40,9229.82,Credit Card,incorrect_pin,32541.66,2,205,switch_method
93231ba7-a990-4528-9e1a-1b34617d0f37,2b6b60c4-5d38-498b-b10d-01980fe9f498,3419.95,UPI,gateway_timeout,23581.32,1,427,retry_later
30ff1d60-c849-4a6e-84ab-e94ce3fd5324,abba4b9a-e102-46c7-80d4-69cf506366e8,6856.39,UPI,gateway_timeout,357.1,2,1320,retry_later
de71474a-c517-44da-9500-5e9bdb5f2ca5,69b99d55-924d-4317-92e5-9f7f4e5a5625,14755.84,UPI,incorrect_pin,35483.57,0,0,retry_later
e232ab9f-aca6-49ef-8fde-544e0333d91f,8f8519c2-7028-41ed-8ab8-7b90b764aa3d,2772.68,UPI,insufficient_funds,14091.25,1,48,retry_later
05b4ba44-47f1-4ad3-ac03-91dbfd46054d,8ef86a6f-3efa-4e37-88d5-4a67baf0fc23,9092.39,UPI,gateway_timeout,23386.03,0,0,retry_now
93e6180e-606d-4dba-ad95-692e418a777d,252ff710-ba21-427f-bd99-b138a67cc9a7,11430.73,Credit Card,insufficient_funds,525.66,1,608,give_up
5038034d-39cc-4ee9-bd1e-bd16fb974104,a894b5c8-1890-4362-a159-503e1df2f72a,7649.75,Credit Card,expired_card,12543.67,4,896,give_up
84f3c2b7-1565-43d7-b1f5-197ab9f3c5c7,c915a72f-3a2d-48a8-81e9-538480580d36,13965.67,Debit Card,incorrect_pin,2861.83,3,1395,give_up
525c843a-14a1-43aa-a62f-c62f7356338c,f871aebd-d3c9-4925-8a21-d85769e0dee5,8701.65,Credit Card,insufficient_funds,7140.72,4,1080,give_up
2366a9d3-96a9-47cc-a59c-bc7022dc6017,35b221ed-11b2-4a0d-904f-163cc059abfc,8682.34,UPI,gateway_timeout,2748.32,4,744,give_up
9e90aabb-30a7-43d6-a9af-cb597f33e530,e88e87b6-870e-4f6b-a327-a852a54c7a29,1124.28,Credit Card,expired_card,3195.05,0,0,switch_method
1e95a236-6c02-423a-aa3b-ebcfc7cc5436,8a3889e4-038f-4a87-885d-78ee4eae6bac,5899.71,UPI,incorrect_pin,35644.12,0,0,retry_later
03b9d024-b9a0-4109-8700-a712694f28cf,f323fadc-0259-45e8-aa34-160167a83dd7,14065.22,UPI,gateway_timeout,31260.81,1,503,retry_later
6656a0b6-9a48-44ab-95eb-67537dd9d14c,47c25a92-5c1a-4ba4-ad2f-e306acb66866,222.81,UPI,insufficient_funds,26877.01,4,942,give_up
c1a166fe-f3c4-4ebe-b370-c9679db418fd,0c625d37-6c0f-4c06-92e5-211e3ff287c3,13008.99,Credit Card,incorrect_pin,10657.11,1,757,retry_later
fd7fc273-7a11-4835-8b7b-d350468d7304,cffbab77-7175-4185-a18d-6cfe4cf0d5f9,14662.07,Credit Card,incorrect_pin,8458.09,0,0,retry_later
76d15f68-2c5e-45e3-8d76-a886482c5db6,0152563c-5531-4179-8ef4-648578432b14,8161.37,Debit Card,incorrect_pin,11363.05,1,13,retry_later
401ed10f-d785-4009-9e3c-e10313e6b789,fc6f642d-d47a-4316-8acb-351333ee735f,12779.17,UPI,insufficient_funds,6666.34,1,1302,retry_later
5c0f2cd6-edc9-4ae9-9a70-ab59fad5c1e1,77f6bc4e-9d47-407a-bf95-dcff93692300,7267.75,UPI,gateway_timeout,39088.99,0,0,retry_now
266f3c09-51f3-4ec8-a11a-70ac022c6c89,88ce9482-61a9-48ea-9990-cb4033241898,3581.96,Debit Card,incorrect_pin,40498.94,0,0,retry_later
b3656886-a521-4aa5-a584-2bf33d8c0982,2158512f-9025-4b7b-ab5e-fe285ceb2542,9727.98,UPI,gateway_timeout,454.35,0,0,retry_now
6acf9b4b-f9f6-48e2-835f-7c7faaf2a624,f4b6f701-fbb6-425b-8189-00f9523cf713,12952.84,Credit Card,incorrect_pin,28559.96,4,678,give_up
d9cc51d0-5017-43f7-9d0b-3e0914c483be,13e156c9-16bd-4a59-a3f3-2a3fea735af3,9903.3,Debit Card,insufficient_funds,46291.37,0,0,retry_later
013a7ce8-1547-42b9-b4f3-dd7495bc7cf0,ec6129d7-bc2d-45b8-99af-06aa993e3aa1,10775.34,UPI,insufficient_funds,29060.77,0,0,retry_later
e6e44b5c-e93a-4608-9b74-0646066060e6,863a6e2b-15dd-491e-a255-2e44db8b1c2b,10354.95,UPI,gateway_timeout,25697.77,0,0,retry_now
29179c03-d8fa-4b29-a5ec-3bbe6d9451a5,99392b13-ba50-422f-b47a-df98e1013efd,2603.63,Debit Card,gateway_timeout,8031.68,2,1182,retry_later
6ab944d6-d3b6-404e-bbcb-1bf8dd990bb7,f8d55af0-b178-46ee-9505-2899bcb27b5b,5800.45,UPI,gateway_timeout,2464.72,0,0,retry_now
9b2540e3-ecda-4aea-b03c-93e7973644f5,11587345-2c52-4676-9d63-f2a27a65b3bc,2891.95,UPI,gateway_timeout,16036.68,0,0,retry_now
e7a37b04-7272-441c-9089-24fe4aab7679,8861ae8a-5dbc-4b5f-9585-ba848805b11d,8652.41,UPI,risk_flag,22235.64,0,0,give_up
1d688f9a-4b5e-496b-ac0a-84eed9f49caf,fe25e52b-7cda-4511-81b8-0eab0516df52,12750.7,Wallet,expired_card,135.41,0,0,switch_method
54364777-ca27-4bf2-89d6-4a43b857aa5a,df2a5be9-f099-4158-a1b3-ce13d31135dc,14797.45,UPI,gateway_timeout,24604.6,0,0,retry_now
65a6a529-f137-4cfe-8fd7-9c8473f15019,4ee00660-b2d9-468a-bfc0-6fae701af845,6266.7,UPI,gateway_timeout,40739.68,1,1439,retry_later
56e8bc54-09db-4108-9bef-f7b18090a199,1fd0c020-63ef-424f-86c5-379d34dc65a8,2994.41,UPI,insufficient_funds,3633.28,4,687,give_up
f3e2b9c9-5478-4a93-92e2-9e682d479aeb,f21c5582-7f31-4e29-8f61-77202e1f55e4,10733.31,UPI,gateway_timeout,4478.3,2,1075,retry_later
474d4ec6-1db4-41a4-8007-f01140a2ee88,1c0311c3-1ac1-40cf-b0e6-ddde4ba260ab,5506.52,UPI,gateway_timeout,10872.65,1,535,retry_later
b15ffc3f-1599-4b10-8c6a-155bd022ddf5,f02ab9ac-7c5b-453e-99a0-bd353c5fb3bf,4556.21,Debit Card,expired_card,22219.78,0,0,switch_method
319f33d3-43c9-4179-937f-ef8853a6479b,1ef59cce-8785-4e0c-b039-08e12f46fa79,1381.4,Debit Card,gateway_timeout,21611.55,0,0,retry_now
9eebb851-a277-4fad-a26b-013605dce2d9,88ff2f85-97d7-4ddf-bc06-9edc3ffe4d79,3493.74,Debit Card,insufficient_funds,9143.23,1,769,retry_later
9103d5ce-08e7-477b-b601-663abdba7ff9,eeca7fd1-bda6-441e-8693-e5e4bffe4476,11496.02,UPI,gateway_timeout,34668.88,0,0,retry_now
f85c6e56-b034-471f-85f3-090d8414468b,77763aa3-30b3-4e89-98da-cfcc290a5393,10908.01,UPI,incorrect_pin,22316.32,0,0,retry_later
536693b4-682d-4d8d-8833-cd41e680e595,bc0a336e-6e40-4267-bed5-1e6afbde2671,9149.13,Credit Card,risk_flag,33115.9,0,0,give_up
22d8b86b-3c30-417b-8244-9cbbd342d3e0,2e66c259-7909-49f6-9672-ef37f1880184,8543.78,Net Banking,insufficient_funds,21560.52,0,0,retry_later
e9b03d6b-3e08-4c72-a6b5-43b4254e7541,f140d933-1dad-4888-837c-0979f3c57d98,2620.61,UPI,gateway_timeout,36110.8,0,0,retry_now
deba4e22-e454-4b9e-8755-555ecd9b719b,e205af5a-a0d5-42af-8d71-ae05fe506675,6744.53,Credit Card,expired_card,1354.06,0,0,switch_method
bec959d9-e5ee-40c2-89a0-350e7a8f1e94,91c89683-745f-47b4-8c05-55a0014a59a3,800.27,UPI,risk_flag,32623.8,0,0,give_up
196dfb94-aa0f-41e7-aad3-c1d6e65a2e47,fc6d967a-ecb1-49ae-be82-78ef1aa0e302,2461.67,Credit Card,incorrect_pin,22753.78,0,0,retry_later
0163b3ab-15f7-442f-911a-357e39fbb949,41af847a-3304-43a8-85d1-e6ad9feb4e1f,9429.82,UPI,gateway_timeout,44987.15,0,0,retry_now
7fe47c84-3993-4028-b039-20297857f10e,6c404edb-6bcd-460f-b565-25f6cfd37735,3990.71,Credit Card,insufficient_funds,38238.81,0,0,retry_later
c6003394-7361-4010-a2fa-f3841cecff8a,31e64927-5206-4a37-8c78-b7b8b43cb068,12994.09,Debit Card,insufficient_funds,4263.42,2,478,retry_later
1ede00ae-236a-4aef-8b90-8abce77becfb,00191188-e7c0-49ec-8f34-57066cf0f63f,3312.71,UPI,gateway_timeout,49952.47,0,0,retry_now
0f4e14eb-2d34-430b-a7c6-5bdaadb0857b,d390fd00-1ce0-49f3-8bc3-cc7136754070,10007.36,UPI,gateway_timeout,26209.81,0,0,retry_now
68d64094-2294-46f3-9be9-26224a2b5435,8710be07-31d8-4e79-bfee-86e6fc6f0724,11137.06,UPI,risk_flag,6454.31,0,0,give_up
2aae0c4a-a44d-463f-9a01-bf49b122e707,b68838d1-e51b-48a9-acf0-71c869257c69,6678.14,Credit Card,gateway_timeout,10993.1,1,564,retry_later
d55f0526-0dfe-4149-8e12-7e825990df9e,773ebafe-c102-4f5a-b3b5-0f67abab85d5,6814.35,UPI,gateway_timeout,48474.54,2,559,retry_later
a60ce0ac-1363-49ba-9bad-73b2b805e840,97810e94-668d-4818-ace5-34453c6aa169,5121.02,UPI,gateway_timeout,31955.39,0,0,retry_now
6bb26ad6-5920-4971-8825-3ff335e2b03c,a59a44d8-b984-4a33-9f7f-b3244decf80f,9816.76,Wallet,incorrect_pin,30144.64,1,1226,retry_later
e45ce701-4471-40c1-9199-864e40209ce9,4221a3f1-005e-494b-a795-1faf68c929ed,988.5,Debit Card,expired_card,48780.1,4,1134,give_up
953fac5a-2a5b-47b1-98b6-a5482111d8cc,db81a20c-43cc-4461-a08e-ab34a4398cab,14737.41,Credit Card,incorrect_pin,32509.36,0,0,retry_later
107e391a-b282-4599-9002-acac4a3cbdf9,3e79a3c9-7f27-469b-9f09-dc5558e709c2,12397.59,Net Banking,expired_card,18114.67,0,0,switch_method
ec6ed7cd-fbd7-41ab-818d-c15c253bc9c1,df41c56d-455c-45db-96ba-da6fb9662f93,7040.68,Debit Card,incorrect_pin,21344.74,0,0,retry_later
a187a17e-7664-4ad6-a16e-70488c66b097,1d3ee646-18b7-46a9-b695-e8012747bb5c,13972.87,Net Banking,gateway_timeout,19898.02,0,0,retry_now
71114611-74c0-4355-a860-d6fdeda021f5,1d12917b-2018-4028-b039-2159e524f673,12255.19,UPI,risk_flag,33090.54,4,1004,give_up
7ec37721-7c71-4203-b6fe-601f02882d40,0d62bd82-38eb-47c3-b7a8-4b32a7db621e,10007.37,Credit Card,gateway_timeout,17152.59,0,0,retry_now
0912d442-a45d-472e-93cb-642762b12a49,11d8a16d-82b5-4b00-82ad-00460697ce54,14592.18,UPI,insufficient_funds,35786.8,0,0,retry_later
01dcffe8-315d-4508-93ce-9a60550933ce,37e187e6-560c-4f4e-b651-6018a5561e0d,12320.68,Wallet,incorrect_pin,33538.25,0,0,retry_later
99f63aaf-f80c-474f-9c48-9ff1f728284f,2c58e79a-d0d7-4ba7-87b8-dcfa7fa6ec05,3655.27,UPI,gateway_timeout,43856.02,2,628,retry_later
9a59b6a1-4e90-4e5e-94ff-bd359e45a440,d6ac5a2a-45cf-450a-b4e4-a1da8ca499e2,384.51,Credit Card,gateway_timeout,31552.47,0,0,retry_now
6649d91b-93c2-477c-b2c6-8d1a083218b9,9a7149c3-b856-485c-a2d7-38165dcd310b,7910.48,Debit Card,incorrect_pin,31594.01,1,1294,retry_later
278fbb83-bdcc-4abc-9272-5fd86c8606cc,fbf5a2b2-fb8c-497e-a30c-6d833a304083,2849.76,Credit Card,expired_card,43480.82,1,548,switch_method
463dbcdd-bdd9-44b9-bce1-b3ff190d0fc9,42cf0eb0-4e23-40a0-8cb6-b13e232b7ebd,744.58,UPI,gateway_timeout,874.91,2,677,retry_later
625ab017-a92b-4666-8576-aa861f6c7d68,dd0a67bb-5675-40f0-8fc4-49f918ce1fcd,14921.68,UPI,risk_flag,14202.92,0,0,give_up
2bff8fdc-17ac-42f3-a483-17684da53a2c,826ba69a-009e-4857-9fe9-79bc4f045881,8715.53,Wallet,risk_flag,31282.5,1,726,give_up
8b3c0b0a-636f-46aa-a578-cc5f6600e05c,f6f05bbe-7dd5-4aef-b142-de18baf624f9,10411.01,Credit Card,expired_card,14189.9,1,833,switch_method
3d303685-24a6-4283-9da3-fc31d2f06d76,55c1b108-6e02-4951-bb6b-1b683decbeae,2769.68,Credit Card,expired_card,31417.36,4,1148,give_up
dc19652d-f571-4c50-bf2d-bc214384e07a,4aa8b37f-ee8b-45f7-92dd-cc23b87fc85c,10552.13,Debit Card,incorrect_pin,39073.1,1,1025,retry_later
cb26b6f9-9454-4b9d-86f5-9b9a3d469b0f,a82bc420-c635-4d77-9453-7be242dc6505,9610.3,UPI,gateway_timeout,14306.75,2,1232,retry_later
80708993-dd45-401a-8260-1006822f0205,ddf65f48-08b2-422f-a395-d3e7c5e33292,11836.02,Credit Card,insufficient_funds,10495.9,4,822,give_up
edd995b2-f6ba-42e9-a895-de531de4ecef,dab42813-3c1a-420f-a522-b9d1c82db3bc,3183.6,UPI,gateway_timeout,45741.75,0,0,retry_now
0d75e0ce-0218-4a6b-ad38-b973e9d5cb68,3c16134d-61f5-4696-b9f0-629c3b74aea9,2207.75,UPI,gateway_timeout,45589.26,0,0,retry_now
a26c3dae-8a4d-4db7-a702-d88b9eb3a1dd,6b734cc7-e7cc-48a7-8bf3-39fab6c56df4,8909.33,Credit Card,insufficient_funds,34171.47,0,0,retry_later
1aae9993-a061-4e09-97da-ea600c3cb1ee,8d3a2f46-f341-424b-9be9-0ab09b5d05c0,14761.5,Debit Card,gateway_timeout,20273.58,0,0,retry_now
8d6b5b66-76be-4951-b9dd-0641804c382f,5f0858e1-5557-469e-9306-4defa6fd895b,3792.32,UPI,gateway_timeout,28229.7,0,0,retry_now
b241ee02-c83d-435c-87a3-ecaf46e2238a,3f074495-e536-4d9d-b707-dd9337a9d92c,9851.87,Net Banking,insufficient_funds,5173.75,2,1000,retry_later
612bef2c-cb36-4c98-ad8b-e7da79057655,757f4fae-66ad-4a9b-8e3f-7bc94459080c,2861.52,Credit Card,insufficient_funds,34198.76,0,0,retry_later
db2bb6ad-1383-4853-9757-12c7af824e98,9b0b5a3e-efdd-4850-94dc-e2eda2e4ce1e,5041.88,Credit Card,incorrect_pin,40915.39,0,0,retry_later
8d1dee05-99ad-4e17-99cb-5e7a8b6c8302,97a21fdb-5a4d-4dc4-9256-2e3b6d825f0f,6358.0,Credit Card,incorrect_pin,5361.12,0,0,retry_later
7fbb73c1-a73c-4c92-a2a3-17cd77254dca,29224806-f609-485c-98c6-4fb898b6eaae,1310.88,Credit Card,expired_card,27249.11,2,691,switch_method
498c3b7e-c83b-4288-b671-7f1b059cc2e0,f0644671-c330-4a1d-95a9-d063d1e817e3,10160.09,Debit Card,gateway_timeout,26863.78,1,383,retry_later
d6d78ea4-dbc3-476c-80ab-6a20ff7ed9f5,c6406cba-ac38-49b7-953f-257947ab89ea,6470.45,UPI,insufficient_funds,8609.87,0,0,retry_later
b2a62c6f-05e5-4d89-83a8-7acb2494e053,84ea7b80-eeea-4d87-9211-a8aee3ed5d1a,2759.52,Credit Card,insufficient_funds,17087.44,0,0,retry_later
e225c36d-a2e7-4d4b-8474-0feb8f2acf8f,dd516d66-b71b-4cd2-9204-c93b44b13893,1985.78,UPI,gateway_timeout,11313.87,1,946,retry_later
434dde99-5f33-4ec9-8fbf-efdf425e594a,26096ec8-cf1d-4b14-bfa3-21fc01635f0c,5748.67,Debit Card,insufficient_funds,45509.81,1,139,retry_later
0140cccd-0a14-46ed-aaba-caa83ccd7d6e,01aa72a1-65b0-4bea-89f6-4d736878ad00,1484.19,Credit Card,insufficient_funds,28671.59,0,0,retry_later
87b3ee36-d924-4230-b8cf-9617040d88cd,2c53ecd8-bd6f-4023-a6dd-77befbd40bc5,9365.46,Credit Card,risk_flag,11966.61,4,99,give_up
d644bcae-8ec9-4495-8894-f2d12ac31700,e7efb7dc-2ec2-43af-8ea1-02c172881f0a,5249.35,Debit Card,insufficient_funds,8128.06,0,0,retry_later
710e21f7-0cd2-475f-b3f8-3e248260711e,ebf0ef5c-64e5-4956-a388-ca05e0e0ae0a,6871.58,UPI,gateway_timeout,14977.82,1,1195,retry_later
1997e709-d59c-4cd6-a873-8e9df926cf82,477c4a0b-306b-479d-9dd7-ae9790ad6a3c,2617.67,Debit Card,risk_flag,43427.64,4,101,give_up
2038aad1-c6bf-4da9-9c71-edb8ad611fe5,3dd0d89f-c381-4fb6-9aa8-06574e7bb5c5,14990.26,UPI,risk_flag,40983.85,0,0,give_up
a74ffa76-276f-44c6-a2c5-5bf953a52ab0,105ea75f-b26d-494f-8fb1-5980b49231ec,13738.06,UPI,gateway_timeout,48272.43,1,811,retry_later
c5b4b4cf-f28a-48cd-8ee6-093eb519c95f,3d7b26aa-4e80-47c4-ab40-bc83ecb8820e,935.82,Debit Card,incorrect_pin,17215.4,4,1312,give_up
587cd188-efc5-4813-9282-4e08ae51266c,6ee87320-95ac-4725-b9ca-d22643652512,5680.95,UPI,insufficient_funds,40797.79,0,0,retry_later
7bc4242d-28b0-4b2a-bc2e-ade62584dea8,f5562159-5d70-4ffb-b321-b168b4717f29,6248.25,UPI,gateway_timeout,31484.18,4,1164,give_up
28e1361e-eb3c-4da6-a95d-a2dae2a7a66c,b04b0746-8c8a-4469-98e1-21b1df80cf9a,1060.33,Net Banking,incorrect_pin,14073.87,2,808,switch_method
e811ad42-b7e7-49f4-8281-3852a8e3cfff,cdc70083-79d5-407c-a0e5-944f89505651,4595.36,Credit Card,expired_card,12185.41,1,57,switch_method
973d651f-cb8f-41f9-a22a-5d4cfcb54ced,676b1954-4c4d-480b-a14e-56f22766086c,11295.18,UPI,gateway_timeout,18040.32,4,285,give_up
5599e13f-09a9-416d-a9a4-4a1bcc5a580e,423f8edf-9b5f-482b-90a2-057341c08336,7123.26,UPI,gateway_timeout,49811.22,0,0,retry_now
7985fc66-e42e-4b82-9de2-232205d5e5f9,034ec90e-7415-4689-9a84-2fcc1df113dd,13300.07,Debit Card,incorrect_pin,29770.74,1,449,retry_later
1d310cd1-9607-4460-841e-46cab3767177,c09248d3-dd81-4426-b455-bff2b29c82ef,441.73,UPI,risk_flag,31338.53,0,0,give_up
e68db286-95a2-43b2-8d08-30b699e001cb,b5e03561-53b3-4993-8607-24f9729caf92,2599.62,Credit Card,insufficient_funds,17263.23,0,0,retry_later
549de901-69a7-45ff-81ff-018ba62a9230,8951b918-5d88-46f0-826f-0eb07ef36d0c,10763.42,Credit Card,expired_card,9617.32,4,1298,give_up
52d619d0-05ee-4aef-9756-6b4224e399ab,65e56b86-8e21-46bc-9933-9bf50a1eaae6,309.39,Credit Card,expired_card,430.95,0,0,switch_method
212d1189-1a2d-4e7b-8b0e-da599b3f78b1,85552af8-2fd7-433d-abbb-b31bbba38ce7,6346.07,Credit Card,incorrect_pin,373.16,0,0,retry_later
9947436a-c5c3-4661-8100-ecc67ea0969e,ea214e99-bcea-400a-8403-e6a15e40f696,12199.0,Debit Card,incorrect_pin,11650.95,1,523,retry_later
65c9d280-6f8d-495c-9288-85bf9babe0b3,3ab727cd-e410-4844-9a6f-1c720cfffd19,8968.51,UPI,gateway_timeout,28910.92,0,0,retry_now
a8a04bd2-ce1e-4043-b9c5-7f4c61c556ce,5aa7d95d-fdbb-4587-954d-77ce7d0246d9,10520.15,Debit Card,insufficient_funds,2645.37,0,0,retry_later
f800e54c-53fb-48d8-ac55-68e77d592e28,c0019192-c671-4603-a709-230b2c36a555,6628.14,UPI,risk_flag,25369.49,1,752,give_up
f91c141b-a871-4354-80fc-f23748cbb500,bc6633d0-e015-4b7a-b673-638f20bc7744,10783.3,Credit Card,risk_flag,22556.5,2,1095,give_up
62d2ca83-a1ab-4865-86ef-d4ffd651f2da,99c84444-1d2a-4041-b473-09a70350797d,12477.55,Credit Card,insufficient_funds,12517.01,0,0,retry_later
02ca2911-f5ba-4ac7-aabd-955d61183c6b,6af0d81c-f751-4fab-9f21-0b74d6f3a783,13481.03,Credit Card,incorrect_pin,31854.29,3,943,give_up
ceb86c75-20f9-4490-9ec7-d807000d5aeb,028795ff-3c56-4a82-bc33-0a4e7efcbb52,11671.99,UPI,insufficient_funds,22343.71,1,250,retry_later
19a50df7-d777-4374-b929-304fe8a199b2,be72b60c-f14f-4560-98cb-867729cf07f3,13989.71,UPI,gateway_timeout,46679.02,2,802,retry_later
3711dd6a-41e0-42ab-9e69-6e9fd9aee773,a01efd2e-44b4-4add-afd5-72700f7a6436,4288.21,Credit Card,insufficient_funds,33320.37,4,496,give_up
940ec953-73f3-4aec-bc73-04c87dadded9,d3cac4ad-da9a-4c59-93f4-34314b25201a,14467.68,Debit Card,incorrect_pin,48110.65,0,0,retry_later
f7e7f438-7d62-4e50-8305-55ab09ed7352,996175b5-7dc5-42f3-ab5a-4debafedeb14,6196.05,UPI,gateway_timeout,243.42,4,332,give_up
83dfe55e-c4b0-4dad-917f-ece83a01483a,d9dfe03e-4857-4553-9a18-4ae0168c7c6c,8004.29,Credit Card,insufficient_funds,11034.95,0,0,retry_later
0bc6d60e-a50c-4c46-adfb-fa9aff05d8fd,f0e38210-87e9-405f-98a4-2491b983d453,4226.46,Wallet,gateway_timeout,11949.88,0,0,retry_now
8ea581f9-6322-4501-957f-34d4f0f7cd88,4ef40568-f28d-45e8-907f-d60398dd2e4d,14484.49,Credit Card,insufficient_funds,43969.65,0,0,retry_later
dde4463d-9c1e-404d-9fb9-978fb4ae1493,4ce844b5-6fac-4e41-ad5d-c839223bd485,12383.34,UPI,gateway_timeout,34012.53,0,0,retry_now
43b9d195-2ab0-4bd0-a81c-45c620ed6a7e,bfcd5521-1018-43bc-b986-15e8c33c45e0,682.46,UPI,insufficient_funds,30814.54,1,1346,retry_later
535dfa3c-57f9-4a6a-92f4-5c6607ab78a3,56851a23-5aea-4159-9b7c-a71cd8abbabf,1745.24,Credit Card,expired_card,6701.24,1,282,switch_method
fc76192e-748f-447e-9f51-1c7966113728,3007633a-a36d-4255-9a90-71e133d4a489,13617.34,Net Banking,expired_card,44876.62,0,0,switch_method
6554439b-274f-4af9-b2d9-61a6e5203a64,74e88ccb-69a1-4d49-a861-f59792c01dd7,3021.66,UPI,risk_flag,39565.54,2,725,give_up
265d9cff-c885-48cc-b5cf-9686e1cf92af,2699351b-3b4d-46ea-a9de-af72283fbfeb,757.4,Wallet,risk_flag,47613.0,0,0,give_up
4acfa86a-ab61-4323-9262-49ac73844a7b,f2bbef6f-51f9-4fbe-9175-51198b64fd74,264.37,UPI,gateway_timeout,32257.5,0,0,retry_now
17cc7d5c-92db-4a85-8872-8acf889c3523,51bb958c-aa3d-4b29-af24-f7c9876e892a,8507.21,Wallet,incorrect_pin,700.73,0,0,retry_later
2e5b200a-9b1c-4406-b4c5-57a2f0da0256,e3d08539-458f-4a9e-b508-756e4515df51,8134.81,Net Banking,risk_flag,664.06,2,860,give_up
bd79e1a2-07c4-4a18-a1f0-edb894ca7686,cb4f01bc-3abc-4b8e-bd17-23127d693b0c,11485.5,Debit Card,expired_card,6279.11,1,1049,switch_method
c43f00af-fae7-4da5-948c-22519ad330c9,16460f30-2c65-4538-bb9f-074b937067f5,13087.19,Credit Card,insufficient_funds,8619.32,1,920,retry_later
8c32baa7-76d0-4102-8c79-4324de9d43cd,afc2e59f-eeb0-4c69-ae03-0414497c31bd,4000.81,UPI,gateway_timeout,29246.54,1,696,retry_later
3a8033c2-9f5f-4860-bcf4-4a018389b61e,d5bb65aa-ce78-4af9-8e87-af7bbc490231,6829.8,Debit Card,expired_card,25093.48,4,1184,give_up
cd566753-d8fe-4c09-b038-261e899cfc5f,4ab6f800-7c5e-40d5-bcd8-2a810e10254d,6275.58,UPI,gateway_timeout,4473.66,0,0,retry_now
fde24d56-b76d-44de-b74d-b50faf6363c8,4e4750bf-d426-44d3-b582-01194d7b2714,3947.81,Debit Card,expired_card,4536.04,0,0,switch_method
19e3b9c7-9e06-4147-a7d5-45ce92503ee4,31dbbf87-9707-49b9-b6a1-0aee95177973,9350.84,Debit Card,insufficient_funds,5058.28,1,506,retry_later
77a45d76-41d9-4b3c-aab8-5407400791d6,95364f69-25b3-4d30-a3f6-2a4fc2a779e2,4807.65,Net Banking,expired_card,13708.2,0,0,switch_method
69e9bbfb-380b-4f5b-a73d-82eb76ffad20,de87a3ab-8885-4453-9e0a-2def4bde9ed5,677.19,Debit Card,expired_card,20894.2,0,0,switch_method
13df594e-cb45-4355-9a4f-8dc3647431e8,fa248cde-eb70-4827-b521-0661ef0ad400,12799.11,UPI,gateway_timeout,22663.37,0,0,retry_now
026fc9c6-769b-443f-971f-1709a1c53a72,c8992c18-539c-4162-87c1-91349747e7d7,5428.69,Credit Card,insufficient_funds,23727.22,0,0,retry_later
a450f6a7-8246-45e3-a7e6-c41ce31d31be,4c92f92e-c74e-4d23-835f-9a33e2bc9d7b,5121.09,UPI,gateway_timeout,39843.08,0,0,retry_now
bfc57376-e950-4883-adda-af83d1b6940d,c95df5a2-bb40-4beb-91a8-bc17f3f379b8,8822.66,Debit Card,gateway_timeout,27709.38,0,0,retry_now
9d067373-68fd-4cf5-b7d1-3903a8861206,03bcdd48-74af-458a-add5-53677b592b00,9072.57,Net Banking,insufficient_funds,45417.36,3,545,give_up
d57217bc-6bd6-45c6-ba72-40e0797d5c5f,217846a8-73f5-4829-9436-a9ad585739e6,4583.44,UPI,insufficient_funds,47464.06,0,0,retry_later
2e54b75d-1c6d-43fc-8e1f-44b5c78ef9b8,bcdb1e15-88b7-4501-bd67-1fe7afa0787c,4853.95,UPI,gateway_timeout,1757.96,0,0,retry_now
1b985c8d-4232-438b-9df7-a10225aa4314,f7b3a568-ccbf-4401-8203-05143eed5123,14483.11,Credit Card,incorrect_pin,22365.14,0,0,retry_later
b44d15b3-cbd8-444d-973f-0a2fd882689f,f085d417-7e25-45e2-9c1e-f3184015de20,11395.21,UPI,gateway_timeout,22888.23,0,0,retry_now
71d07ab6-b5ef-40c1-959c-56c9232ae226,d8b40ef6-e94c-46fd-8208-98142fe6dec9,11640.22,UPI,gateway_timeout,20946.65,0,0,retry_now
38d91634-d234-40f6-a786-4c938f95fb26,78f7be61-7c66-4862-95fa-b42893fdb98f,793.66,UPI,gateway_timeout,37099.77,0,0,retry_now
36ddb473-925a-486c-afc5-9f078d3325c1,cf258190-9eca-4c80-a6e3-f70a446dd5e6,10843.03,Debit Card,insufficient_funds,17626.46,2,1338,retry_later
66de1436-ef22-4e7b-9fd9-b5621fbe7261,a66f9f77-fe62-4aa4-9781-76bf2cdd46c1,3523.21,Net Banking,gateway_timeout,25960.35,0,0,retry_now
99c4f92e-fbf8-4654-acf7-75c4dc46269d,cff66ddf-9f64-4f74-8de3-a447c8a86d3b,4829.78,UPI,insufficient_funds,36737.96,0,0,retry_later
fb5d1bb6-9bdb-4cb5-8634-7d7097d15f63,12b916aa-e931-478f-ad76-02bfea9e9d6b,6809.06,UPI,insufficient_funds,24677.18,3,915,give_up
d7fd551d-766f-4754-a78a-41a52a04773d,8b965a04-5c22-45b6-9a09-a46736eb35fc,5756.98,Debit Card,incorrect_pin,5503.69,0,0,retry_later
bf4473e4-11a2-4f08-a35f-45f202069773,b8dbf83e-3f9a-41d6-b9a9-137f6c0e3b15,1736.19,Debit Card,expired_card,36376.82,1,414,switch_method
11bb9a3a-f468-43c8-ba56-df41e247446f,a8b6a8e1-3b4d-425f-9e30-f6f89e7c85c8,4709.03,Credit Card,insufficient_funds,9749.84,2,83,retry_later
0e48a4fe-75b6-4b7c-9d91-98d1c6887dac,3b6310ca-d8e4-414c-bca6-f881689ef156,12029.37,UPI,gateway_timeout,31870.12,3,842,give_up
59fee8fb-2527-4a79-be56-886269745e55,f0b00023-4aca-4c1f-939d-1b00fcfe493e,11350.52,Credit Card,risk_flag,5900.3,1,1021,give_up
82e593b1-1f1e-40fb-b2b4-87749dc28d0d,67d1d3e8-42b0-4b2b-8e2d-692d019c35b8,8700.77,Credit Card,incorrect_pin,47309.34,1,934,retry_later
94903fe3-8b73-40a5-b8ad-4d310ee7dbf6,3b2fa463-3df0-4fbb-a4ce-8b87bf008e9f,10852.72,UPI,insufficient_funds,37167.64,0,0,retry_later
b12a8ee7-7efd-4589-b6bf-9a06aa6b5126,29f0c01c-1560-449d-848c-e256d27e43b3,3742.16,UPI,incorrect_pin,15058.78,0,0,retry_later
4bb44e06-362a-4809-b668-20e053c02555,fc553321-3b75-4654-a114-b9f08ba49de8,14798.68,UPI,gateway_timeout,20370.39,0,0,retry_now
717b7628-70c6-4071-9512-c68b24d67288,9cc51a33-2f59-4218-834b-65e150a8e216,827.09,UPI,insufficient_funds,31292.06,0,0,retry_later
c08c0f5b-3df9-41fd-898f-bb37e832a7dd,e1801931-5eb2-4a00-9fdd-9a3b76e4e398,2570.5,Debit Card,incorrect_pin,28079.73,0,0,retry_later
2ae668a1-0bff-4fd1-b016-7d2a82e03eb2,4ac4ce38-7f36-4588-a835-81ec0f62afc0,1753.81,UPI,gateway_timeout,10505.89,0,0,retry_now
6ddb57bc-6f7b-421e-9108-efbd6cc94f43,0b0881b4-958f-4bad-a9b9-8e49a54de8ae,5407.89,Wallet,expired_card,784.8,0,0,switch_method
446b0b3c-3375-4bda-84d0-7f692f27f45d,c29ad315-1b63-4d1b-beda-a029ee6cd9f7,2993.18,UPI,gateway_timeout,5047.08,0,0,retry_now
7c994714-8918-4821-b32b-e0a4a2f07e7b,f3bd2e38-7981-46fc-8f2d-8407ddab0089,13810.22,Wallet,incorrect_pin,7062.18,1,843,retry_later
27330eca-6050-4685-93af-1c3508f20eb6,95e2454b-2c12-4cd5-8034-6b3e72857f3c,13801.4,UPI,insufficient_funds,20126.32,1,745,retry_later
903d7df7-de13-43c2-80d5-d70ccc6aacaa,f600eca9-6bc6-4d44-a9ec-d6837eeeac3a,6039.88,UPI,risk_flag,16860.62,0,0,give_up
c7583d86-1143-4ae9-8ad2-fa1ec32596f5,468fe91a-90eb-4471-9643-25b82a245f1f,5267.14,UPI,gateway_timeout,20048.52,0,0,retry_now
4faad3bd-2fbe-47fc-9c38-5052bbede5cb,0f57528b-edb4-4409-b09c-0ab04eba8586,5606.56,Debit Card,expired_card,18327.56,0,0,switch_method
f6f245ae-7b17-4b73-a00f-9c040112721f,a71143c6-2140-44ef-bffb-648b7d39b133,5507.16,UPI,gateway_timeout,9519.09,1,475,retry_later
7f49f3b7-dc58-4083-8364-c465ca28bae4,b33239d0-baa1-414d-8337-5ed25732edbb,5330.42,UPI,insufficient_funds,3520.27,4,408,give_up
88e17247-c38b-47b1-b1fc-cc70951b7126,bcb8d6d8-3be0-4a72-b222-113fc471ccc7,5686.76,Credit Card,risk_flag,8724.92,0,0,give_up
9e0d532d-3ce8-46d6-89ba-ef023aa654b5,9c4f66e7-496d-43f7-8e08-0dcd33d036ec,13410.66,Debit Card,incorrect_pin,43341.07,1,454,retry_later
6f307c01-c015-44eb-b166-dcfb3072020f,0554eb7a-5f86-464f-8735-07bc59b5de35,9104.68,UPI,gateway_timeout,37846.34,1,815,retry_later
a7079f6d-a3e7-4350-b749-b83bc66e53a7,b1ac2054-e394-44c6-966c-8657ec29abc3,13379.18,UPI,insufficient_funds,27841.93,0,0,retry_later
ada3d483-173a-4003-a2fe-362a13708906,0478e00b-e1d8-484c-806b-a00d35715a31,567.95,UPI,gateway_timeout,19431.55,0,0,retry_now
3f09fb3d-80c2-4c41-ae3a-199a45c96b40,b8426cb7-8a0f-4350-b000-128d76c87835,1816.02,Net Banking,incorrect_pin,10773.15,2,1045,switch_method
e6cdea83-5424-4cf9-ab5c-3d6fa3ee9473,15c47f9b-8b63-4e76-86c4-174a07e52bfb,14721.51,UPI,risk_flag,25043.83,2,762,give_up
14a33c10-5a05-46b2-9f2d-c9b43e65dcd6,bd55f8c2-f731-4547-ac64-fe80e501dc08,993.74,UPI,gateway_timeout,46418.63,0,0,retry_now
5c6977f2-02a9-4cb0-a5f2-816dae463ed2,90c6a950-5944-421e-bbd3-c6f5856a3459,5474.85,Credit Card,incorrect_pin,12783.31,1,622,retry_later
a0bac919-605f-410c-8df8-54ab824b2ef9,2d32f66c-75be-442b-bd22-28eaa85bc5c3,946.04,Debit Card,incorrect_pin,25444.26,2,499,switch_method
b336ad79-3178-4ab5-ac8e-68a8959dd657,eedc6a27-d5c9-41c7-80d9-fbd88875da97,14499.2,UPI,gateway_timeout,21605.81,2,136,retry_later
27045d35-f2d0-431f-bd04-2b517193446f,b0bd63ce-baa9-4d3e-b579-6f44531a185b,13022.79,UPI,gateway_timeout,15986.04,4,1304,give_up
d72d22c4-95ff-48d6-ac0c-7de09f986aaf,473a9739-6a7f-4550-98e9-bc34f9a1d08e,275.53,UPI,gateway_timeout,18586.35,1,1031,retry_later
10f839f5-c378-4f5c-90e3-4c7d13139d49,3b51202f-ec3d-4dd2-8d86-cf94a3fea912,7563.66,UPI,gateway_timeout,28280.18,0,0,retry_now
a9f4d638-e69c-40e4-a0a8-7923b762568e,ebb604b0-77ab-479c-839b-d0fb26f13bac,13330.75,UPI,gateway_timeout,42430.33,1,307,retry_later
bede869d-179d-40e1-80b4-6c0e7ab02144,7ca37ac0-7a72-4033-8628-8e71e022c988,8433.6,Debit Card,gateway_timeout,9723.18,0,0,retry_now
3e466130-3ef2-49e2-b2b0-ae5e1c964843,f0a57cc4-eb6a-4edb-8386-b0de615deeee,5406.29,UPI,insufficient_funds,35387.66,1,1299,retry_later
8e1f8bd1-a0ad-4fd9-9b10-b0682eb12991,0a3c6e7b-3493-4e32-893e-68aadf4103f7,6136.41,UPI,insufficient_funds,47537.24,0,0,retry_later
2b4694fc-3dd0-47b2-9f3f-76329dee7b4f,d2c4d02d-1b6d-435e-b285-2c7a67824aff,8076.04,Credit Card,insufficient_funds,35859.07,0,0,retry_later
021e2cd7-d0e4-4fee-b499-6750a5188d93,43989b01-94f1-4ce9-b7fa-f7257a1d387e,2857.12,Credit Card,insufficient_funds,8411.83,1,899,retry_later
b17f4ac1-87d1-49b4-94a2-93aff5a2c053,e32a9b01-b564-4d51-8041-aeb422eec734,9768.07,Net Banking,expired_card,32261.88,0,0,switch_method
2f92cdeb-b54e-4538-8662-a68c7edc1a7e,71c05c86-9b7d-4791-9be6-0b282f43e667,14700.28,Debit Card,incorrect_pin,13683.32,0,0,retry_later
6358cc04-850a-4bd5-be33-de8ea25d563e,32936713-a9d7-4b39-bdbf-c5916c1d5eb9,572.55,Credit Card,expired_card,25910.29,0,0,switch_method
0e8058ae-0c2b-45e2-8381-7c7752b182c2,12aeab4a-4047-4bbc-bcfa-220b28773f14,6878.49,Credit Card,risk_flag,27027.63,4,1004,give_up
1ca601da-d95f-4e78-a4a9-9c7c0f7b00ed,86d0b7a7-f784-475a-a412-9eb0cfd0b050,8128.54,UPI,gateway_timeout,45300.95,2,414,retry_later
9bf1170d-4c9c-4f75-bdd1-7de9d6903078,ee80cd41-c7d7-4648-9dae-19fdec3a8054,7560.75,Credit Card,incorrect_pin,8213.52,0,0,retry_later
d7491a70-c72f-44bd-922b-5d3d78f6b475,2c58389f-d8c9-46da-aa35-4da903687a72,13683.99,Debit Card,incorrect_pin,46776.15,0,0,retry_later
4e5162f4-7b41-400f-b794-90d31e6f5f3f,3e83e191-fa34-4cf3-a51d-4a667ddda1ed,14518.29,UPI,insufficient_funds,41380.51,1,362,retry_later
632f4538-1458-4ee4-981c-0bd72f77dc5a,487873ec-541e-412a-9662-f2fb82eed7c3,13381.96,UPI,insufficient_funds,32279.79,1,838,retry_later
0667e522-5692-454a-846b-5b549a70e7e0,303b652a-681d-4643-9457-143db545e016,8478.64,Credit Card,incorrect_pin,13988.35,1,1405,retry_later
ce918e91-eeca-454a-a654-aaad4c3d19be,30f8aa7c-0a66-4569-a100-5932915d4143,6649.84,Credit Card,expired_card,7025.37,1,1261,switch_method
c248c386-fe88-4002-931f-872216932ec9,4b2a4359-931d-4e04-9439-1ff4dea9c97c,10266.29,Credit Card,gateway_timeout,42847.51,0,0,retry_now
454cfce4-de1e-4013-bd59-cb283f816dd4,7bdc3956-16c3-4880-b18a-901e6cff5208,13330.1,Debit Card,insufficient_funds,2988.11,2,165,retry_later
f998db8a-066a-47ba-844d-68be2d801c5c,921880c9-ec6a-42ba-9591-b1e76d55a8ca,3086.25,Credit Card,insufficient_funds,10413.88,1,502,retry_later
9f05c036-001f-4e94-93f3-1205d5acb893,49651f97-9ed2-468b-99d5-ffbbbe6386fa,13732.09,UPI,insufficient_funds,19277.63,0,0,retry_later
43225fbd-8b56-46cd-bcdc-7c4ebb0f209d,75b497da-1ea8-41e9-b233-5a79ee06f0fe,882.99,Debit Card,incorrect_pin,23263.88,4,229,give_up
31af9dbb-340c-4a93-805a-a193ee120723,5cb960e6-e38c-4d65-9c6c-8747f4a8af02,11768.24,Credit Card,insufficient_funds,19362.3,1,893,retry_later
dcbdb66a-8afa-4945-ae8a-f9bb2798ea12,b6707d0c-a770-4530-ba66-9f3e5aee2acc,7732.73,Credit Card,expired_card,44081.77,3,603,give_up
07532c34-35a1-40c1-b557-3efd950f686d,54d200eb-f900-49e0-b4d6-01868093abba,13113.79,Credit Card,incorrect_pin,47721.14,0,0,retry_later
c93e4200-4305-4898-a854-02773e15662e,fc846519-f457-4334-8d1e-693331534a38,2981.11,Debit Card,expired_card,32840.76,0,0,switch_method
e61d165b-b8e7-4f31-988d-38899979f0a6,5781f834-dac3-4a42-b15b-448148f81eab,4329.59,UPI,risk_flag,21549.39,1,1057,give_up
20a58c06-1527-40c3-bf05-c8447e6cddba,bce46c5a-a1e3-406a-9e58-c5838f65801b,9013.09,UPI,insufficient_funds,24958.49,0,0,retry_later
af08f920-503e-4729-a7e3-87833c167d2a,c3692650-cb0b-4132-bbb5-8c92f8fc353d,14728.64,UPI,gateway_timeout,34260.07,0,0,retry_now
358ba4fc-008d-4d19-bf05-35982d7a0fb3,cbda13d4-b3f0-415f-b05f-bd9dfa6acb16,10537.85,Credit Card,expired_card,24337.55,3,44,give_up
5a583cc6-5894-412c-b35d-f2a4b207b5cf,f9f7c5b4-aad8-4aa2-a67c-215455e411d4,9872.67,Credit Card,insufficient_funds,38317.56,3,266,give_up
0dded6ba-4148-4f83-9b44-088ec5b7b5b4,8f044790-82d7-4bb0-93af-053bf8e4ca0f,7761.81,Credit Card,risk_flag,46232.93,1,871,give_up
d8643d27-140b-43e6-a692-2ebddb8265e3,cabc55ec-f34d-4236-b7f7-e48bbb55292f,9342.41,Credit Card,insufficient_funds,24124.65,0,0,retry_later
f3f3de04-b233-47c9-a7ae-ea5da7b83845,186cbb79-9ce6-441c-a520-0f78a9f12ac9,5760.3,UPI,insufficient_funds,47525.18,0,0,retry_later
e6f4a03e-9b74-4481-bf47-b761c574643d,bbc5dbbe-864d-4eb5-9a18-db714f2eb6bf,6168.14,Credit Card,expired_card,14946.31,1,1152,switch_method
1bb39f2a-7c73-49f5-af89-9c81fda0cc46,4573b576-3389-44ec-942b-88cb80a39f57,2186.92,UPI,gateway_timeout,20566.51,2,233,retry_later
0ac393aa-f30f-4fd2-8cce-058b935be54d,36e5ee56-df5c-4615-98b0-d5a21cb60fc7,159.44,Debit Card,insufficient_funds,23722.66,0,0,retry_later
4a75b48a-2a7b-4503-9bd6-999218a58f0c,65c9ac3b-473a-41af-851e-87152b413474,12819.19,UPI,incorrect_pin,45756.94,1,228,retry_later
d27ad56c-1b2d-44b3-bc94-1a3a8c934fd5,0753ae16-df8d-46aa-8ec8-5c2fa389d2e3,7632.1,UPI,gateway_timeout,39954.11,2,1151,retry_later
9f2d6abf-84b3-4b46-a1ce-a8c4cac61adc,62e23907-fb9a-4240-9c7b-d56969e1654f,11060.92,Credit Card,expired_card,26854.17,0,0,switch_method
9349cf4c-9339-4cd6-aaca-f0cabeaf888f,d0ec64e1-a871-4022-a9e5-1f7549782d9a,13617.18,Credit Card,incorrect_pin,33807.87,4,1428,give_up
2d16d4de-4b74-44b3-896a-ac93b182ad92,bb85fac6-e7f7-443d-9406-c7ecfd8684ae,8323.76,UPI,incorrect_pin,42080.77,0,0,retry_later
ee0af19a-0e58-489d-9917-a04b21eedd24,ba487c60-b5f2-42dd-962f-faac6b675242,13020.82,Net Banking,risk_flag,46264.41,0,0,give_up
d0eab316-7c5c-4348-9603-d2b4cebb1fc4,c485df82-8a7f-4a03-8fd9-86730dd07f5a,14558.61,Credit Card,insufficient_funds,31170.59,1,164,retry_later
53a3fa28-6be9-419d-a96d-d9ffd9fc540c,54722a0f-54d4-4681-92ce-ee2c649c7bce,10082.92,UPI,gateway_timeout,34818.12,4,529,give_up
dd8077ed-dc59-4755-970f-934924cca43f,922bb549-71be-4839-ad30-58c52c55b265,4426.1,Debit Card,expired_card,24185.69,0,0,switch_method
ae52b170-0c7f-415a-9f1b-11903167b347,aa498628-e19d-4ab5-832c-d80ebb02ae9b,34.0,UPI,insufficient_funds,27698.5,0,0,retry_later
f9846aed-6e45-478d-8b94-e81917bdc914,a013afdd-dea2-4ae5-bdb7-6bd7387d92fa,6056.43,UPI,incorrect_pin,30393.14,0,0,retry_later
385bf412-6360-45b6-810f-d568f3e386f5,c31f9045-15fa-40d7-9504-bf15706bdc71,9843.46,Credit Card,insufficient_funds,5834.46,2,600,retry_later
043b659d-ad78-41e2-8c89-b42520ec8683,0e688454-a0e4-4c99-b85a-da9afeb25c18,9555.95,Debit Card,incorrect_pin,8471.12,0,0,retry_later
36d3109f-974e-41ea-9ddc-a7134dea6f35,26ce5192-964e-4804-8d34-2820c602404e,7550.63,Wallet,expired_card,46279.15,0,0,switch_method
9fd1aa4e-13ee-4e21-bf66-bf4a32f1874d,31e21128-d2b3-4ff8-973e-2145934d0303,6570.32,Credit Card,risk_flag,25091.02,2,112,give_up
8a19459b-00eb-4c5a-bec7-e64071428b67,0285ebec-976f-4abd-a22d-1e1d9944ea7c,6814.84,Credit Card,insufficient_funds,39525.68,0,0,retry_later
819d194b-d2fb-400b-979c-bb059eeb099f,77d384eb-4656-46a9-938c-edf00759c318,4092.01,UPI,gateway_timeout,37449.95,2,461,retry_later
88889c40-7794-425b-a290-35143d13d386,d64c75ea-273f-4a90-a596-fd2cca8750a7,8264.85,UPI,gateway_timeout,22317.73,3,447,give_up
515e9d93-915e-4eb6-bee6-12c0f1c18e02,56c00a6f-3815-4adf-94ac-57a9026ea215,8057.52,Debit Card,incorrect_pin,6453.26,0,0,retry_later
8d651ad0-0390-4e50-8e77-48d89e5f307c,a6444968-bd6d-4a87-baf8-9a867f5184bc,9085.61,Net Banking,incorrect_pin,4337.43,0,0,retry_later
99a9ddda-aaf0-4a63-ba8c-42067aebc96f,9ff58fde-185b-4fd1-861d-3f66aaef68bb,8856.66,UPI,gateway_timeout,33139.29,0,0,retry_now
9966cbdb-c02c-4baa-adf3-e42114b1c511,1a3cd8b1-f981-47e5-8cd4-23d5a38e5b5d,9781.5,Credit Card,insufficient_funds,26225.03,0,0,retry_later
aa40bec6-9d61-443c-8f13-9ae5d3b27561,d9080207-3f84-4367-993d-a664a277ca64,1075.95,Debit Card,expired_card,14292.07,4,267,give_up
a396ef24-fa85-4600-ba6a-6f365cc54ea1,90a4eb28-818f-4e31-bf86-7863f00345d9,9989.82,Credit Card,incorrect_pin,6919.88,0,0,retry_later
da4b624b-3296-40c9-b9aa-263c05a451a4,bdbf2640-d3bc-4f62-a076-a42a1b1bc97e,8814.67,Credit Card,incorrect_pin,45343.33,0,0,retry_later
e9d865a1-c23a-40a8-91ad-fabea8af3e3f,c28e345f-0585-491f-af56-ae4ca8f7810e,7424.01,UPI,gateway_timeout,39706.73,1,1346,retry_later
5a3897f3-b6e8-4b38-9065-cf392a65b64c,64050b83-2d62-4aeb-aa32-04163598ded3,2851.44,UPI,gateway_timeout,36219.32,0,0,retry_now
239c504c-36c2-478d-8bc6-786b61a0278a,233b7934-079c-476c-b14a-da2d16086c80,6137.07,Debit Card,incorrect_pin,21901.09,0,0,retry_later
52999516-3fa0-4baa-ab40-289c150ee3c8,381f8dc8-2450-4c5c-a63d-a9d7431a9eb8,993.03,Credit Card,incorrect_pin,7488.86,0,0,retry_later
72d3ddca-d7a2-41ee-a7c4-88809a204559,60eb77ad-397a-4f49-984d-d961df70e83e,5827.0,Debit Card,incorrect_pin,40417.89,0,0,retry_later
36c99c18-b4ec-4a6c-aa59-ca6afaef1ee5,6905e5c1-c703-47b2-b6ec-41c537070669,5924.32,Debit Card,gateway_timeout,46631.98,0,0,retry_now
7dfacfb3-2e39-47e6-b845-87e90c9e8d63,4d1ec570-83f7-4d75-b1d3-75439fc4b735,634.24,Debit Card,insufficient_funds,43665.54,1,955,retry_later
61c06a63-bf09-41be-9038-5f788f0bb66f,1893443c-d054-4020-b807-36c2d1a178ff,8333.88,UPI,incorrect_pin,12660.06,1,1359,retry_later
6947d937-1b46-44cf-a764-209f5e7c4bfa,1e7777aa-fd16-4eb6-a81a-520223e6ba80,7759.92,UPI,incorrect_pin,882.26,1,848,retry_later
9ebc5144-effb-4fe4-9ba0-331c46e39c2b,f94adc1e-6ac8-44a2-9c62-5d322a0c7e4c,1100.32,UPI,gateway_timeout,27174.22,0,0,retry_now
ac9c2a8f-9eb8-4932-9541-e11f00901ad5,0429e8ba-831c-48d4-a962-c0185cacd5b9,8432.54,Debit Card,insufficient_funds,40160.61,1,1439,retry_later
8c7494e8-0839-4910-abd3-a55378cf27e9,3356e136-1e4e-4ba3-ba11-a353ca590205,4574.8,Debit Card,gateway_timeout,19124.22,1,375,retry_later
6cbcee0c-8190-443a-9c17-78d9c098380d,4adf674e-fe64-433d-8f35-74c6d6188df9,12271.27,Debit Card,gateway_timeout,22967.3,0,0,retry_now
ed335d38-f5f6-4052-99b4-3bf14973d394,f63d7826-bfd3-4c86-8136-30f33acf3d1e,5095.17,Net Banking,risk_flag,11366.1,0,0,give_up
4c26909d-0ef3-4b6a-bf06-25bbb14bb068,f437fd71-9ce3-457e-96e1-32d68d63caac,198.54,Credit Card,incorrect_pin,6522.57,0,0,retry_later
ce50d986-e7f5-443d-95e3-f58861cd8645,93565e8e-ec5d-4d51-bc5e-740a514335a0,8873.6,UPI,gateway_timeout,23430.09,0,0,retry_now
b7556d58-9623-4730-8e71-ae6eaf7a14de,52f5cfdb-67f1-4d16-9a68-87957f00b69a,8630.31,Debit Card,expired_card,1757.85,1,213,switch_method
ce7dba5e-4a43-419e-b82c-62ef6b0b24fa,63d4217d-75cc-49da-aebf-f395245d9674,6899.89,UPI,insufficient_funds,40363.08,4,1105,give_up
ac08f16e-1ea0-4227-ba3a-91ed1f9559de,62b8375d-58b5-476b-b485-1f292fe0ae1b,10634.9,UPI,gateway_timeout,33222.53,0,0,retry_now
798543ab-5228-41cd-853f-106c735d04a8,97d25ab3-3e0d-4b00-9cc7-85dced38dff7,11466.13,UPI,incorrect_pin,7142.3,0,0,retry_later
5ae9099f-1dc6-4ebc-b7c5-d694d4507041,82fb15f1-2dc6-4608-9a9d-1df367d42680,13234.26,Debit Card,incorrect_pin,36868.65,2,392,switch_method
a4f23143-fe7f-449d-b00e-88a67adb4d64,d3e09ff8-2d93-4c80-aa5b-1d637450ea40,8372.61,UPI,risk_flag,14370.13,0,0,give_up
a71660b5-d7bc-4614-aa22-b55c8724403a,1ac2eaa2-560e-4e0a-bc76-f60a7f35a04c,12554.58,UPI,insufficient_funds,22479.17,0,0,retry_later
769cee37-193a-4e85-a2fe-ef2a878312d7,d97865e7-fbc2-40bf-b170-50dff5b4fe5f,2404.64,Credit Card,risk_flag,14022.75,0,0,give_up
b89d7397-3c15-4743-8e3e-a281fb1d68b4,edb83a38-6d4b-4760-a847-3436bc457422,14626.56,UPI,gateway_timeout,45287.84,1,756,retry_later
11e85b7a-6f9a-4b4e-9bea-e705741861c9,7fc3e881-43ad-4a84-87d7-9ba8f0d10aa3,9545.22,Debit Card,gateway_timeout,43501.25,0,0,retry_now
1c2a1694-1cc9-495e-88eb-5607fab904ae,c8e0f4ec-c42a-43e1-9a5e-15950ca6e126,6806.71,UPI,gateway_timeout,36839.73,0,0,retry_now
a09b822a-a60d-47d6-b932-34e46b2fbc4e,9d662578-0fff-4037-9d8b-ad10307a4bdf,8289.3,Wallet,gateway_timeout,21306.12,0,0,retry_now
562f8d50-cb14-47ed-80a9-c8f6060a4480,35c42e0f-23f3-4521-9dd4-1f4eeec27d1b,14118.81,Credit Card,insufficient_funds,38916.96,0,0,retry_later
ed3680c3-3da2-4c48-ad10-c5bc7844f5c6,2fe3ac48-c8fc-4a9f-95b5-550536324a43,1883.1,Debit Card,incorrect_pin,16647.83,0,0,retry_later
1ae2d41a-dc58-4fde-ad27-cab874b14ed3,1f9bcabd-7970-4d69-8211-8d0222c04b54,14972.94,UPI,gateway_timeout,12733.08,0,0,retry_now
5fcfad99-f46d-424f-a2c3-9578cb1a6386,6b0354be-9737-4d34-95ba-80d4356032a6,9421.68,UPI,insufficient_funds,28990.27,0,0,retry_later
2d69ba34-492c-462c-872b-27f609b211eb,8dfce116-fb7f-4882-aaaa-38dd1033dd62,14369.1,UPI,gateway_timeout,40905.21,1,519,retry_later
e8a7413c-80ae-4b7f-b1d4-5bc9e63322ee,0fdc1c63-d10a-4d65-b9b5-15393f155950,202.2,UPI,gateway_timeout,2603.62,1,1043,retry_later
88604dd2-b97a-4438-8769-dcd706d78fd1,2a18accd-0136-491a-982b-3ddbed1f9c8f,14036.88,Debit Card,incorrect_pin,26773.53,0,0,retry_later
ef421686-6b0c-44ae-aeda-9edade02ddf9,fe806ca7-4c83-4e53-bcf4-56175445bc89,11555.73,Credit Card,expired_card,46606.45,2,1301,switch_method
a3c64329-e95c-404a-9b5d-36dfdd9cc24a,34bd542a-eb65-447e-8a82-f2a9a4ea1a64,10144.63,UPI,incorrect_pin,10676.87,0,0,retry_later
9af8989a-eed2-4251-b0cf-b542235feaaa,c33acf88-579d-43b4-8859-bcf5b026c9ca,13778.64,Credit Card,risk_flag,25576.28,0,0,give_up
68a2d5ac-a247-46f4-89b7-41e64affb6d1,22b66caa-36a5-4d6c-a147-f61a90205d19,10060.0,Net Banking,gateway_timeout,5304.59,0,0,retry_now
44bc8069-d948-427b-b398-4ba66c48a0b9,8711ebc5-1e4f-4299-a3cc-7e59dab45a64,11181.17,UPI,gateway_timeout,35959.98,0,0,retry_now
d205f37b-eb3e-4dd9-8a11-4aaefd87ceb5,8480d715-264b-4b22-a7a5-6a6a14a14ff3,7617.56,Credit Card,gateway_timeout,15493.28,2,1349,retry_later
1f35a4f0-b3eb-4ea5-a24a-7a0dcd0b2cd8,34ea4b14-242a-43a6-b200-f0e8b24a03d6,11721.55,UPI,gateway_timeout,45420.51,3,752,give_up
4d86401a-d2ef-4c5e-b9dc-ac5f69ab02d4,3e3847a1-908e-4f05-84f1-1b3778099940,9440.91,UPI,gateway_timeout,49603.74,1,665,retry_later
4487a4e1-a273-4b99-be4a-54d0da580eae,a269e4d2-a579-421d-ad4b-b42e1e73a089,3017.48,UPI,incorrect_pin,11696.14,2,1070,switch_method
95d09cd5-1d23-4dae-be21-db023b5ebc46,0fdc93be-cc5a-4238-b2f2-9bce8a694fe7,7551.06,UPI,insufficient_funds,47898.97,0,0,retry_later
0fb66b32-7b3f-4f14-8d2c-168a6c8a5534,928dbb83-9ac3-4199-8b27-762b369f97fe,6525.83,UPI,gateway_timeout,42796.26,0,0,retry_now
a49438cd-afb8-46fe-960f-6a8bca0a4121,079daab6-68af-40f3-9adb-4fbc94545347,11510.83,UPI,insufficient_funds,13279.38,1,329,retry_later
2f74a1e7-d1c8-4942-8d2d-1a838d791e7f,0f093bbc-0c2d-4c3f-8af7-b5d40e7b30bd,3111.01,UPI,gateway_timeout,46586.57,3,912,give_up
107cad47-1c72-4a15-97b8-87ac71e8d3b5,585af23d-f921-476c-9d48-d99c8465dc17,13950.78,UPI,gateway_timeout,45038.01,0,0,retry_now
d8e86a92-908f-4229-ae29-b5d0fcc92cdc,984092a1-722e-42cf-b549-9035f9b766e3,64.81,UPI,gateway_timeout,40335.39,2,1151,retry_later
84762a0a-adff-4b40-b2f6-83d424ebf7aa,a600e4fd-cb09-4104-97bc-c5820164ce2e,9436.81,Credit Card,incorrect_pin,42942.08,1,2,retry_later
d4e02914-7fab-436e-8d7d-f33204b2b8b5,9dd0c185-d728-4d83-ab9c-08977aeb65bd,12773.82,UPI,insufficient_funds,40095.7,0,0,retry_later
5fa7e4e4-ef9b-48b8-a915-b32b515041ba,fc9c12fd-20c0-4271-a2e9-1ccdb3239358,3238.24,Credit Card,incorrect_pin,10028.23,4,1133,give_up
36f51711-005e-4203-82bf-cf2043aadee6,9664cc83-1478-4204-8602-0020851df7e1,6185.08,UPI,gateway_timeout,30767.39,3,939,give_up
87787d0f-3d94-481d-aa1a-fc5997b6ac2d,20be5013-a7bd-44ca-bf7b-bb75cff0da28,8245.93,Debit Card,insufficient_funds,43892.37,2,380,retry_later
290f437c-060e-4a59-b418-de2e924bad09,aa31b0a7-e8ec-4551-95be-c65a62aee820,4815.24,Credit Card,incorrect_pin,31907.0,1,550,retry_later
28685bbe-a7dc-4e47-8a4e-73837d7deb4f,e3ae5ec5-14e0-4573-b267-14965888bfb7,4765.72,Credit Card,insufficient_funds,23758.54,3,244,give_up
2033db66-fd5a-4b79-85c0-530437120dca,544e597c-6a35-42fb-b7e6-e89abbbf280f,8069.88,UPI,gateway_timeout,29649.14,0,0,retry_now
26dc3b66-71cb-459b-bd96-84bebad3470b,c0556b42-0927-405a-8ab9-edcb39001f68,2213.75,UPI,insufficient_funds,44111.75,0,0,retry_later
92017b79-19c2-4e2e-8925-4f3466346997,72c3cecb-eef8-435a-90fb-108f5bc8ffdc,13626.4,Debit Card,risk_flag,12147.27,1,1026,give_up
5ab063c6-0571-400e-8ba0-b292b0b07ec5,fa6202a3-8215-404f-ae68-5fefeecc9dc8,4399.26,Credit Card,expired_card,20682.23,1,957,switch_method
27c16960-d8ab-45ba-ac11-beb34148eb86,2cb5fe24-7e48-41e1-9c2e-3897f1a63508,13996.83,Wallet,incorrect_pin,48448.39,0,0,retry_later
a0b901d0-a561-43ab-884b-15167adf4455,8a8a19a7-4533-4593-9cd5-517df476be10,12757.94,Debit Card,incorrect_pin,45141.47,1,1222,retry_later
fcb73654-4094-4335-bdb7-3a86914b5647,44f22512-0de0-4cf3-917c-de999950cf96,12749.14,UPI,insufficient_funds,32131.4,0,0,retry_later
5a5eaa3f-a7bb-4d34-946b-83e17b840c0d,e4a7e6a9-ef5d-4251-8ad8-1c73b2a23cfe,1995.71,UPI,insufficient_funds,17678.76,0,0,retry_later
ce029948-71fb-4e38-a3c6-56effd6546df,2a27ee1c-6442-44fd-a0d0-ba151aaf77dd,4892.28,Credit Card,incorrect_pin,17634.56,1,824,retry_later
4df8af14-f91a-49e6-837a-93422b32a97b,ca286732-ca06-4a5d-8467-4310f9310d7a,475.71,UPI,gateway_timeout,7868.58,0,0,retry_now
019d6f6f-3b23-4815-b699-484d6de74a6e,cc5b3cc3-879a-44b3-ad7e-97313b61b3b5,13928.33,Net Banking,insufficient_funds,4168.95,0,0,retry_later
f66c588d-1cf2-4338-80d8-e87d29eacee5,009dfb9a-8b95-4663-8c1a-92481ed5e13c,9326.39,Credit Card,incorrect_pin,17281.01,3,730,give_up
52e10b44-8930-443e-9c27-f403b383dbda,b808dd77-0eef-44ca-ad14-88d5aae4a782,5813.88,Credit Card,gateway_timeout,34501.29,0,0,retry_now
ac651298-bd1a-4083-96b6-a6b87d7b57e0,353fc5e4-8970-4333-9b98-92c94c6c69b8,3738.39,UPI,incorrect_pin,33794.63,0,0,retry_later
6a0de8c8-7589-4bb9-b72a-1b0a9061dfe4,e5a1c554-ed10-4de4-a7f4-4b8cf93d4b8e,325.66,UPI,insufficient_funds,35456.36,1,1423,retry_later
cf8a921c-4f74-4fe6-b078-4065c95751a5,b75830d3-2cef-4adb-bd55-de39f2458303,8264.85,UPI,insufficient_funds,37382.59,0,0,retry_later
7a9c1c39-7d4c-4a6e-8aaf-1d18fa8896eb,66c162d7-3e89-4f50-9f3f-71ca3665b132,7405.19,Debit Card,risk_flag,30190.15,1,1323,give_up
a6ec1393-9649-4851-9ddf-1dd647ab7743,f868ce5f-277e-48e5-b0fe-f3c2f6472eae,12133.81,Wallet,insufficient_funds,470.99,0,0,give_up
ed0bad13-09ce-400a-bb35-fa1a8f66b443,3d232dad-14a5-4a2e-a131-cf36b4bdde8f,13755.25,UPI,gateway_timeout,43171.5,0,0,retry_now
5148c2d6-7bd0-49f1-94e5-67d55eff54ef,226d97d0-79a6-4369-bdd1-ecca71808bc2,8866.33,Wallet,risk_flag,13301.07,2,1034,give_up
bb69372d-276f-45cc-b8ab-709b557c084c,b18a2ad3-d03d-485f-86d8-8cc3a6aad6dd,10945.53,Credit Card,insufficient_funds,19152.94,3,688,give_up
15e7eb2d-f773-45c8-8c7c-df202185b4f3,a0d8d73f-b805-41f9-a377-68d5ca505b6e,4547.16,Debit Card,insufficient_funds,41471.44,0,0,retry_later
425d67da-21ad-42dd-8c46-8431b4e5ec90,3e7e0c91-4c82-4a21-a6e0-59572c6a7d6c,6832.31,Credit Card,insufficient_funds,44391.9,0,0,retry_later
c6b18bcd-6d8e-4d38-b125-72bd21f783e5,25df49b4-b966-4b92-a2b7-48728fdd84d2,4263.35,Credit Card,incorrect_pin,758.71,0,0,retry_later
dc3f9cdf-00da-467d-827c-6fa0b6759823,67a539ad-6f38-4b06-b793-c26a86452723,5827.6,Credit Card,incorrect_pin,16890.85,0,0,retry_later
0b3d62b3-9f62-4a50-859b-caa2602ac11f,1e8ca298-6d20-4785-a460-e4573c2ced0e,301.5,UPI,risk_flag,670.47,0,0,give_up
6cc3a489-0525-4e4b-8e8f-e998e3a0a1ac,df546743-597d-4163-afc8-5e3e0c4fe6ce,8613.89,Wallet,risk_flag,9131.26,0,0,give_up
11bf1a78-169b-41a4-8fff-3849f411f269,5b8b641c-838a-4958-86a1-3c30ee53f673,11478.95,Credit Card,incorrect_pin,16780.46,1,718,retry_later
a0ef5b7c-aefb-45c5-b780-847c23ab5d8f,0b5a3b36-e197-491a-8b05-85631bc5c605,7867.08,Credit Card,insufficient_funds,29506.37,0,0,retry_later
758d2475-cb36-44ea-b944-92c8811383a8,977bda91-734b-4e60-9e12-028484d38aca,11342.5,UPI,insufficient_funds,24099.31,4,576,give_up
c4dcc571-6dbf-48f4-92cd-835aa1b1f16e,e9e31b95-c7d9-4464-abed-fa7f111f18a8,664.48,UPI,gateway_timeout,41778.59,0,0,retry_now
60c99da8-4280-467f-bb8c-a94a3c2cfbcd,cf0b1770-e6fb-4f2b-bd89-bf0b430026a5,14385.77,UPI,incorrect_pin,10069.96,0,0,retry_later
d067a687-a707-4d22-836f-03920b1cfb85,c45bf7de-bbdc-4631-90ef-cb7f4e56131a,3678.73,Credit Card,insufficient_funds,1409.57,0,0,retry_later
71c64989-2a31-49ff-9205-8ed4b399516a,f7174644-834e-4bfc-9156-4f996d12cd73,6126.53,Debit Card,incorrect_pin,45914.25,1,100,retry_later
a9103822-9e61-46e7-980a-ed6aaefba411,a8f219cf-4cc9-4b2d-9f51-daba82510c9f,10518.16,Net Banking,expired_card,539.92,0,0,switch_method
5c398bf6-db79-46b7-ba4d-e6e0e1cbf3c6,a6943313-d170-4a95-9327-4bbe1c417923,8763.06,UPI,gateway_timeout,39213.99,0,0,retry_now
4783921a-b4be-446e-9f86-3880dccffab6,4d91bd8c-31fe-4a41-baf2-f94153814494,2593.51,UPI,gateway_timeout,23935.09,0,0,retry_now
93826f5e-c8a6-425b-9074-93d59ef4e141,2aceef7b-8775-4c29-81cc-724edc886bab,11461.81,Debit Card,risk_flag,26357.36,0,0,give_up
19dcafcc-499d-4de2-a754-2b38d63f5f99,4fe1ad25-2723-4374-a5a3-601664068959,11046.45,UPI,risk_flag,49205.94,0,0,give_up
75a12d62-1c28-4e28-a143-40ae138edda2,03b14361-127c-451d-b579-d7e8555eaaee,705.58,Debit Card,incorrect_pin,28581.38,0,0,retry_later
cd7e093c-8727-469e-86e8-e336d9b315b0,ad12b3a3-ab4c-4e26-b71f-295958ac932b,1166.39,Credit Card,incorrect_pin,25282.82,2,799,switch_method
a0b0ac90-56ca-4215-99bb-fe1842b81d2f,0911f067-f3a6-4c2f-9c09-fab37d9c6551,4062.53,Debit Card,insufficient_funds,44511.03,4,589,give_up
691d2831-32e8-42fc-9b71-8aea32c59836,6325d572-30ec-4668-8001-b12379444cdd,11058.58,Credit Card,gateway_timeout,14385.92,1,933,retry_later
e0f68d47-17e7-4fff-8b81-ae9ec03da9ef,bc544be3-f506-4c54-a283-752247444688,788.97,Credit Card,incorrect_pin,35556.09,1,859,retry_later
a393705b-457b-464e-b731-7789c6d5ed8e,77d332b8-3e8a-429b-9123-d60ea0376516,12118.01,UPI,risk_flag,17313.3,2,121,give_up
6c8810c6-8123-4bf6-9eac-47fcccb9b511,e18f0742-a624-4b79-948a-5493690fe296,3165.82,UPI,gateway_timeout,38521.89,4,924,give_up
62ca1fea-00b0-412e-b91a-d70f1688d5bf,59f73c81-bb68-41fd-ac86-8e71b330e296,3429.22,UPI,gateway_timeout,38561.24,1,990,retry_later
cc9fd4dd-32b9-4ca6-8c06-4b620a7f54fc,ddff77ca-4935-4f87-8a41-e4cfb5f2d1ea,13718.75,Credit Card,insufficient_funds,12738.38,0,0,retry_later
d5cc0780-c5be-448d-a123-4370b9730fd9,7e63f699-1ae6-4ccf-a873-36d0f0d948e2,13300.37,UPI,gateway_timeout,40488.52,1,808,retry_later
eebc353f-08af-4c18-89d4-ed7c072d13c7,1bdc752a-58eb-4481-aa49-2f6f1f21d59f,9542.73,UPI,gateway_timeout,36715.5,0,0,retry_now
c89c1b9d-6d9c-4f27-9823-46b3d95ac262,6e61d02f-90de-4964-b917-a36f2ff66eb1,7365.51,Debit Card,insufficient_funds,14667.43,3,1222,give_up
25f069c8-99b8-45e7-aeb0-c47c679f3842,48af95ed-bc5b-4f11-bb95-df7509d2407f,13083.7,Debit Card,incorrect_pin,45126.69,3,1132,give_up
c003a135-80ee-4783-9e39-1b6f6847e3bb,82c1b8f1-7976-4b9c-9501-f8469c92d1b8,10723.39,Credit Card,insufficient_funds,28287.37,1,243,retry_later
a202d497-00c5-40e6-a52b-eae1c0e93ac8,c70733b5-ec1b-43b0-8ab2-e109b3fa95dd,8115.95,UPI,gateway_timeout,21934.24,4,1365,give_up
1aca112e-df33-4950-b257-29460b7f8a72,64e514ad-1b05-475b-98ee-93a9eb4a4e18,5154.18,UPI,incorrect_pin,28473.83,0,0,retry_later
56277fdd-da97-4b1d-b510-c4358ecace59,13aeb059-d68f-4dcf-beee-390f97b8f7d6,13315.25,Credit Card,insufficient_funds,14234.39,1,59,retry_later
5c18c804-ca11-4c98-9257-80996d3f7e54,86be683f-5a7b-4f64-9f28-718b097cc1b3,14522.0,UPI,gateway_timeout,37684.03,0,0,retry_now
b2eee344-fada-4af8-85fe-9812e9df7462,eee458ef-c95d-4e23-bf40-43ef6a5f7539,12383.62,Debit Card,insufficient_funds,34770.53,0,0,retry_later
8db983d5-8c5f-446b-abd9-9fe3f4b5ce9f,91fc1cc0-fcb7-4df8-a369-a3e17e46aed7,4843.52,UPI,gateway_timeout,8456.24,0,0,retry_now
99e074c4-b82e-463c-b88e-78d28da4d314,652f18dd-6956-4af4-a4ee-0dfdf56fd19b,5930.23,Credit Card,expired_card,31421.14,3,1360,give_up
eec3ad62-7b2d-424c-9700-a30c9c507486,a6a69a7d-3742-4b09-bc51-ccc94c38d743,3851.82,UPI,insufficient_funds,22224.0,1,69,retry_later
ad2d670e-4847-47b0-afab-cfd342e6fdd7,b421ae51-0f33-402c-9b5e-7087db11894c,1204.01,Debit Card,incorrect_pin,37243.27,0,0,retry_later
0e199786-adcb-427e-8eb3-39c67e03bd6a,de44e969-4bd7-4717-9922-abe1e81447de,1901.03,UPI,gateway_timeout,44782.21,0,0,retry_now
987c2a06-ca97-491d-bc78-9d31f3352b5f,18228750-daac-4d50-833e-0125ddb64d88,9901.45,UPI,insufficient_funds,3586.59,0,0,retry_later
5ccb9d62-a0a2-4651-a3ca-a40b3476a57f,8ed013ba-98e2-4545-a991-e601b4621235,766.33,Credit Card,expired_card,32951.73,4,460,give_up
e36f25e1-ae36-400d-9e4c-7631adc01ad4,2c900bb4-fff8-4ccb-8282-8f0bcc38dc99,8177.78,UPI,gateway_timeout,25203.5,0,0,retry_now
3fe856d9-57c3-4d8f-b84e-40e0480addb9,51af5c17-9fe8-440c-8c3f-51c336dc5c56,1179.13,UPI,risk_flag,36118.68,2,792,give_up
0667ed91-b09a-4e49-82e8-93509445427e,e91a6100-a832-4b74-b428-b6273778eb61,5242.3,Credit Card,incorrect_pin,32659.36,2,433,switch_method
ccfd3f41-fea6-4a2a-89b8-0d5c261a0316,43befaeb-635e-4008-b4be-820ba3811ea8,13317.4,Credit Card,insufficient_funds,13735.25,0,0,retry_later
6a0981c9-b0ce-4598-9a44-ca81f05d2375,4f407c75-0986-4876-9810-2f2161b34534,11841.47,UPI,risk_flag,14878.54,2,1201,give_up
28e222bd-b1a2-47bb-b863-f511ef79a318,476a4a12-6bce-49d3-997f-0ac62944eb4c,90.92,UPI,gateway_timeout,13200.64,1,791,retry_later
822da7e8-2c62-436a-9cbe-1f708704005e,d93e6fc7-7ef2-4f77-9590-17558bd4f4e2,3697.54,Wallet,gateway_timeout,47445.81,0,0,retry_now
5f4db878-0b02-4176-b621-dfb4a3770d3f,842191cb-efba-4ab8-96bc-aa77a05c3854,2914.9,Credit Card,incorrect_pin,3400.51,1,73,retry_later
583e0fcf-de89-4920-a207-b48be3b05ac0,c84a0efb-b79f-4065-82d9-c0045d5ae1b9,8309.63,Credit Card,insufficient_funds,28807.97,0,0,retry_later
0124cd21-cb57-4468-99f8-9362dd1300de,2219c8a6-9e4d-40b8-a779-b143c4462253,11755.92,UPI,insufficient_funds,49638.55,0,0,retry_later
8970ce25-8863-4fe4-a8a5-79d1d326cc99,80744107-fd5c-4349-b5ed-737b7b058286,14161.18,Net Banking,expired_card,26680.85,1,1315,switch_method
03bfd02a-3a01-4825-818e-1c83228d891f,08f3d19a-9081-4346-9a01-5d565e16100c,1852.6,Debit Card,gateway_timeout,6409.26,0,0,retry_now
d25f0bb0-985d-42ab-b984-11d8740b7c3e,812a7e48-9c7f-47e8-94de-83f28e7ccec5,9689.93,Credit Card,incorrect_pin,27834.1,1,643,retry_later
e58eda21-32b9-4d4d-9fc9-3b72068dae84,431eff0c-b2fe-4de9-b35b-457baaecf554,2649.48,UPI,risk_flag,33939.41,0,0,give_up
d6cfd18f-e1da-4e0a-a4c4-d5fd65bebc6d,35bab753-def9-4595-aad5-6dc9dbc29ab8,9825.01,Debit Card,expired_card,13481.72,0,0,switch_method
f1af6d72-3025-452c-8f74-cdcac17f66a7,76ee1d00-1fd0-4009-9842-ffd603f988cb,12836.1,UPI,insufficient_funds,7707.38,1,458,retry_later
b7c07f12-3d31-479a-ade7-ee3fb66d1a81,15a7c706-0094-4edb-ba67-2179b8710056,1501.45,UPI,risk_flag,31663.45,1,1193,give_up
cafed950-a8a0-4d48-841d-d9829b52daec,2ec5f853-467f-4193-acb4-3ddfe1cc4a1d,3772.3,UPI,gateway_timeout,18138.36,0,0,retry_now
79435dbe-742a-41f7-8d76-ea5a77842806,79dfcdd8-ef51-4cb7-9e0d-181b064552af,12621.68,Credit Card,incorrect_pin,38897.23,0,0,retry_later
5a221621-5b4f-499c-841f-0e2fb2398e4b,9eb69600-a316-4ed6-bfd3-13f3c5e8ed1c,372.85,Credit Card,incorrect_pin,44743.46,0,0,retry_later
f16d8025-7c30-439e-af75-bdef5bfed77e,4392a16d-1d77-487f-96f1-e9357dc1aaa8,8843.39,UPI,gateway_timeout,9158.48,0,0,retry_now
9e1bd1fc-b16f-45f6-99c8-e11f7df56f6d,8aa9cab9-8b40-4d87-998e-248be1feacb6,285.53,Credit Card,expired_card,6428.98,2,840,switch_method
3775a6f6-acbc-400f-8af1-ed0b0cf8de79,0d4f6226-c48c-42dd-be69-61a14b398b0e,5460.54,UPI,gateway_timeout,20225.98,0,0,retry_now
bd1ffb50-d36f-4a7a-8b5d-14d8c57ac21e,e95fe021-308d-4e52-b757-46bea4b97c5f,8960.78,UPI,gateway_timeout,8785.76,4,1113,give_up
6c674dc1-e460-416f-8957-95bb9f0b1cce,f162999a-fc38-4cb0-892a-856bd7f882cd,10321.77,Credit Card,gateway_timeout,15241.91,0,0,retry_now
c79455b4-7677-4cdf-93ea-31ac71c2a63a,cfa6b34f-df4a-4f31-ad95-63f12e643bd5,9247.65,Debit Card,insufficient_funds,5809.03,0,0,retry_later
fe23752a-b5b4-4593-80c2-01f3e097f3b4,6f15493c-e2c8-46b0-aca1-7c95a1ad2cf9,8318.97,Credit Card,insufficient_funds,7424.16,1,590,retry_later
5c35857c-b469-40fc-ac34-152b6a01d698,50b8706d-ff49-4e22-abea-17f9799dc2b3,4300.5,UPI,gateway_timeout,33289.22,1,290,retry_later
028fe83f-f8f7-4e4e-9c8a-20496dae097d,47c6dfc9-49ab-48f5-92a3-e13f9537b67b,7811.64,UPI,gateway_timeout,42147.5,2,466,retry_later
92e5fe01-82c2-4d3f-9601-6279c6c3bd23,a5f775c6-baca-4090-af89-a2f89080c472,1136.39,UPI,gateway_timeout,31963.14,0,0,retry_now
5eb05680-7eb5-4397-833b-41c26aaca5da,5384571f-1e1c-4ecc-9358-b5066f3c2bff,8365.8,UPI,gateway_timeout,35397.39,0,0,retry_now
65a35557-fb02-4d2d-b50d-00ea0d0cb6ed,a7b1d6f3-321b-4394-8bf4-7f903f742763,6562.85,UPI,gateway_timeout,26820.52,0,0,retry_now
8230438a-dd79-43e4-b3a7-2271baf03805,75bcb921-f2fa-4770-b3e3-ae815464c4e5,9120.36,UPI,gateway_timeout,49945.23,2,1084,retry_later
b24e63cf-fc3f-4e5c-b10c-da3e2b5de371,caa82c2f-6b76-418a-b751-a6d8406962f7,611.47,UPI,risk_flag,30547.97,2,43,give_up
e7fc0da3-26bb-481b-b017-8038b8968d1b,c39fbb54-02be-467e-8f5e-4b5d2f3d906b,9216.39,UPI,gateway_timeout,32539.42,2,796,retry_later
d396cb01-cf41-4d5d-a004-d2879a3817e7,c08895f0-759f-425a-beb8-d2bf4759eb22,10485.52,UPI,gateway_timeout,29128.45,0,0,retry_now
3c806026-1e8c-450a-9148-28f2e93d9f01,54e09cde-06ad-4eb2-81a2-af1230ba147a,1435.45,Debit Card,insufficient_funds,400.41,0,0,give_up
c72c4795-6b8f-4017-a72d-a047bc95dd1b,b57cc880-4071-4f30-9296-c2b58fcf3602,3751.87,UPI,gateway_timeout,35822.65,0,0,retry_now
702e892e-97a0-42a0-983a-5b46e5884d37,9e023704-b5a0-4404-b080-2be10310d4e0,14000.61,Debit Card,expired_card,44188.1,4,702,give_up
7216f484-7fc3-489a-b993-a565bfa398f5,6470aed1-48db-4956-8153-6221839fc4d1,1184.29,UPI,gateway_timeout,43055.68,0,0,retry_now
2cc5781a-0286-4c58-ad05-ce28852dd998,7ad9a10c-f7d0-4f9a-ac2f-0c495470aabb,8147.74,UPI,incorrect_pin,33437.66,0,0,retry_later
b1b59398-20e7-439f-b0ef-ec123279a181,82c26181-b8cd-438e-9bd0-0ec7b1f541d8,14196.22,Debit Card,insufficient_funds,27840.92,0,0,retry_later
8884eaf0-4f6e-4302-b4b1-f19815f93c4d,5c2f63ff-306f-49a5-aa1b-2c4916af8196,12555.55,Credit Card,gateway_timeout,46522.43,1,916,retry_later
de68f254-2077-46e3-badd-d10d3c06058c,b1ba3c0a-2cab-471e-8fbf-0be35d9f7178,5072.41,Credit Card,risk_flag,24415.48,1,1065,give_up
1964f5aa-dbf4-4e5b-a4fa-fb859deb680d,3c2c6e01-5529-4b08-a93a-fa88dcfbd0b2,7592.08,UPI,gateway_timeout,18469.13,0,0,retry_now
459925a2-abf0-4baf-b8cd-8bd42b7a936b,8a2f190f-269f-416a-b415-576b3ef22be8,8784.78,Credit Card,expired_card,30634.22,0,0,switch_method
5a310475-0645-4fb7-ab7f-ab4ef116d4ef,f70619d8-d70d-4749-a7c2-43b1c5a7f7ee,1797.88,Credit Card,incorrect_pin,4232.44,0,0,retry_later
7a699570-dde9-4ae8-97bf-d1bf5393bf7a,7ef5e13e-5516-4865-861a-64504e8347b6,11837.72,UPI,gateway_timeout,35064.67,2,467,retry_later
e48b620a-de30-45af-9916-977bfade2f84,beaed4e4-1391-440e-9162-2bca253aaaf9,11579.03,Debit Card,expired_card,43744.86,0,0,switch_method
130f544b-9ce0-4501-965b-eff75a49fc7b,bd848c83-a979-4de6-bbdb-0359ae5fed8d,3584.02,Credit Card,expired_card,22948.49,4,707,give_up
fd3a7642-240f-4638-b0bd-411dfcb1dd00,10ec6a2e-69f1-45ab-9d43-affdf38e9e95,9932.93,Debit Card,expired_card,20446.36,3,263,give_up
defe637a-5055-4880-adfd-9e867301cabb,27786788-9708-4e84-8280-d656253acabc,3503.34,Credit Card,insufficient_funds,27128.77,1,985,retry_later
196bdfb3-9185-46fe-9f10-e0ef5a899154,7eeca188-2abf-43b3-ade4-d1c29af9c55b,4397.14,Debit Card,insufficient_funds,17479.26,1,380,retry_later
951354a6-2593-47b3-bb80-bab83b8553ca,d20b2977-8056-4ddf-ad44-38d4ecaa627c,575.08,Debit Card,risk_flag,41032.08,0,0,give_up
85df4d70-3239-47b2-9425-48c85197860f,fd834abe-e1ac-4cb5-9a60-428282714b64,135.24,UPI,gateway_timeout,37315.69,0,0,retry_now
87c88b68-abdd-45ae-b845-69815703da8f,18ff83f2-5b9e-4f39-b1fa-7f39d3efdf78,10585.39,UPI,gateway_timeout,45832.16,1,495,retry_later
e30c35d7-ca0d-4677-b81b-61c3ad1a38de,afc1f9a8-5d3b-453c-ae94-c30fb9689ae4,7343.56,UPI,gateway_timeout,35282.97,1,1031,retry_later
a608ad39-857c-4aa2-9679-c746f96abcc2,a1ad7089-5181-4eb9-adbf-bf75977631ad,14160.5,UPI,incorrect_pin,22217.61,1,516,retry_later
bfaf18b2-93fa-42a8-a015-388deec4b4aa,65506709-508a-449a-9f54-0d670ead3dec,3149.01,Debit Card,expired_card,49511.13,0,0,switch_method
0ee92274-f22c-4d86-a2af-8a06d7d6d8d3,31793355-a095-41b0-ba26-96bcbad1e3ac,2658.47,UPI,risk_flag,33400.97,0,0,give_up
79c9f6b1-be86-4e87-82ff-bfa3ccad4926,bd574486-7985-496b-b63e-a888a2b09540,2826.67,Credit Card,risk_flag,33512.7,0,0,give_up
282f04ea-d62d-41a8-9ed6-eff084a6bbd5,b437dd27-9683-4175-bd09-999a6daeaa45,2690.83,Credit Card,gateway_timeout,15659.1,0,0,retry_now
bf7b9615-0d19-4380-bfd7-c49e5be0c74c,f0e99cec-4e54-49ad-9deb-88333b262015,768.45,Net Banking,incorrect_pin,31927.19,0,0,retry_later
00f10d12-6a6e-4c18-acf7-0a9293da7f18,a7f731d9-f143-4b84-b450-1c092a3a3f5a,8492.29,Net Banking,incorrect_pin,43051.67,0,0,retry_later
e461ca50-db40-444a-b9ee-d2934b3add0b,1ed1808b-10e4-417b-82d6-c278e24cf60e,13346.41,UPI,gateway_timeout,32530.33,0,0,retry_now
f09ee43b-22f3-4120-ace6-e5a293e85628,7d20178d-e55a-4094-8465-05ccf0a5808b,9052.3,Credit Card,risk_flag,24430.25,1,225,give_up
5491f233-06b3-4200-aed0-847519ffadd7,2b15b6cc-0bae-4e70-a279-57718bed6bb5,1576.87,Debit Card,expired_card,46102.44,2,956,switch_method
14592c61-3ddf-4833-8c5a-01de725d58bf,017884a5-2434-45fd-bc37-781bc46a95bb,6580.1,UPI,insufficient_funds,16634.51,0,0,retry_later
0727f01b-0c13-43a6-ab6c-e6f1c1cbb090,54470141-22a0-4a25-a422-4728a1ad0a26,3010.31,UPI,insufficient_funds,25728.56,1,1224,retry_later
e027f2d4-e0d6-4e58-aa44-a5d5774245e3,c61e0045-a286-4ba8-90e9-050446f9149b,8543.53,Credit Card,expired_card,44523.48,0,0,switch_method
a498eeb7-a05f-4bc7-9b96-be1acbaaa9c5,cc3f7fba-e5fe-4b3c-b588-12150e41caec,10822.1,Debit Card,expired_card,5508.61,0,0,switch_method
ea22f11b-7326-42f9-8e6b-32a84b98c0a7,cc518bf4-73c3-4439-b415-0dc6a31c8127,4492.2,UPI,incorrect_pin,42091.27,1,541,retry_later
7be534e0-f791-494e-8a1c-d3df9a79edd1,df24c3bb-f8ee-4396-b50d-0637e091a965,13065.8,UPI,gateway_timeout,34640.06,1,1230,retry_later
9a3932d9-cd9e-4624-877a-d0127a8b109f,c896d881-517a-45f8-9639-51ec92caba97,14795.06,Debit Card,insufficient_funds,48715.25,0,0,retry_later
4a211156-76f5-4b8a-acd0-8699934479d1,c422da9c-36ca-4d7f-a76c-429cdd2fb1c7,4010.82,Credit Card,risk_flag,14579.41,0,0,give_up
efc630f6-5b67-4694-a83e-4cbeb9c7e8a4,a432a840-e35f-44e2-a542-95161aa4dab0,7241.53,Net Banking,incorrect_pin,30745.15,0,0,retry_later
adef7930-6291-4224-ba8a-c4164c8f6ad1,f85107f6-19ea-4471-b8f0-5e57ba93c484,4600.53,UPI,gateway_timeout,15585.17,1,1436,retry_later
9ac1b5f2-7bca-498f-9c10-d7826d5f5b6f,4e2d07e0-fd6f-4e9d-abd1-5f13202fadad,14040.55,UPI,incorrect_pin,29649.24,0,0,retry_later
cd36e6bb-550a-4e60-b7ab-eec5b65fb12d,d99c2868-ef84-4858-8707-5d2093f74768,4166.1,Credit Card,incorrect_pin,17198.98,1,672,retry_later
1ff0a410-5d51-46d7-9437-3865912cc377,68ab74c8-3e0b-49b6-8ab5-3e6432c6a2ee,11938.84,UPI,insufficient_funds,34741.38,0,0,retry_later
bdad0478-8b16-442f-828a-2632324f3de9,1191d9ce-173a-4f64-8d6b-119abe23e9c3,1388.85,UPI,insufficient_funds,792.68,0,0,give_up
875835f8-0925-470f-88e1-72fe0ab8a8cb,ab969d9d-897c-4231-bfd9-d44494f180a1,839.69,UPI,gateway_timeout,29093.26,0,0,retry_now
93f827cb-c670-4e0b-bbfe-65c0027ade12,91062714-f113-4063-aaa5-da81e91d4334,829.72,UPI,gateway_timeout,31988.76,0,0,retry_now
b6397e4b-9ddb-4875-a407-a717d5b81c10,bc547a19-3407-4669-af8f-0af41e1875bd,13925.75,Credit Card,insufficient_funds,28351.64,0,0,retry_later
a82023fe-d5b2-49e9-8a48-1828d3f3c524,85e00a9d-4ce6-47c4-975a-34d4175adc45,12099.37,UPI,gateway_timeout,23134.39,1,1109,retry_later
09a71221-f98a-46cf-9f55-caef10e3f01e,5b968f57-a2fb-43bb-b69a-9bd3fb2aba33,9511.41,UPI,insufficient_funds,4378.73,2,601,retry_later
a1c6e018-c91e-40f0-8093-df2655dc0492,78167a04-19c0-4ce9-974a-ba71922b978e,2467.34,UPI,gateway_timeout,30187.76,0,0,retry_now
0ab1a03e-4af4-4be3-8fe9-b3e6c6a84993,8b207c62-a282-44bb-807e-3b44ea63b34f,2577.39,Debit Card,gateway_timeout,29971.53,0,0,retry_now
c65d89c3-9696-4dda-9e9d-cf7beaf93a51,8f53362a-5af6-4ea8-8322-116b42b25f49,10324.88,Debit Card,gateway_timeout,7914.15,1,1278,retry_later
d8bc65a3-179b-44e7-b68f-4383cec27fb6,5d3aeb2f-62bf-44c2-935c-6bb865d4b559,13226.94,Credit Card,insufficient_funds,13101.75,1,1093,retry_later
ca9f89f8-6d65-4fcd-8c81-b9c21fb40299,d0b6c9c5-9f67-45ab-ac73-e7b902a76c00,14044.24,Credit Card,insufficient_funds,28858.58,0,0,retry_later
b7acba08-7e66-49c2-9e8e-886e94b74740,14fce6e5-2876-450c-97d2-f8b75ce70fd5,12607.6,Debit Card,risk_flag,39396.55,0,0,give_up
9fdffc4a-c5f3-47f4-a582-42c9e06f438e,b8952cc2-54c0-48e1-8d81-ffa4119d8a6c,4485.23,Credit Card,gateway_timeout,42895.85,0,0,retry_now
66fae866-1446-4f2d-9c65-ab9b7d7debbe,2932aaf1-1fc0-4fb5-8ad5-fe85d5ad1667,12051.54,Net Banking,incorrect_pin,17052.39,0,0,retry_later
f316fd13-eb15-430b-be17-358b5f7f708d,1450b94c-70b9-489a-a43c-d4ed68467c11,13189.27,Debit Card,incorrect_pin,1541.23,0,0,retry_later
385f56a0-d8b1-4e5e-9b41-419c61a31b93,0c4d7fc3-160b-4883-93f6-b6a70a708c3b,13864.03,UPI,risk_flag,17096.72,0,0,give_up
31d8681e-50d4-46a7-b737-e5208da4c90d,04f7b7f2-54ef-437f-8d20-6ab9e7b3ba1a,6439.02,UPI,gateway_timeout,10966.02,0,0,retry_now
5df1757a-df18-44cd-9ec0-d0988f597168,76235c4a-9881-4a31-8cfa-e4486ebc4c95,2476.24,Credit Card,expired_card,46842.67,0,0,switch_method
dafee25d-867e-467d-b749-68c98d66e770,edc36ad5-4e4d-47d6-a5d6-15f6160d8660,14795.39,UPI,gateway_timeout,6152.61,0,0,retry_now
23c172e6-69d7-45c1-a2f7-dd1ebf852214,0e511815-6553-417f-922a-e38cc25ee05d,12819.98,UPI,insufficient_funds,35973.0,0,0,retry_later
9f52f0aa-8a4f-47fe-a6f0-2115e7b13e20,76709d30-5201-4bc0-bf53-4123dcd91633,1559.89,UPI,insufficient_funds,2825.78,0,0,retry_later
651dca6e-5301-499f-8967-bc39c962ddd2,b7c740db-891e-4c9f-adfe-bcd10b764590,14108.65,Credit Card,insufficient_funds,12674.69,0,0,retry_later
af8ba0a8-00d1-45d9-9178-00aba3524fbb,f96e3796-8e47-4fee-8ba4-bf7c1eb7bd6e,8119.38,Net Banking,incorrect_pin,47661.86,1,873,retry_later
9c58f41b-c01f-4576-b0a5-f8d30b5a9680,e3c98792-f477-46df-b9e4-96e67bb83761,6558.53,Credit Card,expired_card,9210.99,3,24,give_up
80afa2ce-dd1e-4cab-8b56-885e01a8ed82,da53a480-0d02-4fdb-aa94-477a83ca0905,7928.12,Credit Card,insufficient_funds,1788.31,2,1198,retry_later
38d3220a-3998-449c-8462-e2b3e0da5287,24376dc8-ebae-4dcd-aa44-fa2983d26615,13037.8,Credit Card,incorrect_pin,19153.47,1,1341,retry_later
47000238-3ce3-4b16-8ed0-880cca9227b8,f8e7e49f-efb5-4503-a706-927d6cc4fc66,12638.43,UPI,gateway_timeout,34011.89,0,0,retry_now
87bde714-645f-419f-be8b-26e354a145e3,c05a45c3-38bf-4cd1-9d20-072cb5faedc9,1784.25,UPI,incorrect_pin,45639.37,0,0,retry_later
bb5bac97-74bc-4d46-9e93-8fd53cf877a3,df03360c-c5f8-4f5e-bb8c-ac6668bd7efc,2037.27,Credit Card,insufficient_funds,25615.02,2,233,retry_later
f590f44f-a22b-47b7-bf27-4e47d9287c06,84ddf501-8831-42a8-9f88-30c10b827580,839.43,Credit Card,insufficient_funds,9834.43,0,0,retry_later
c2ffcaa8-61e4-4e57-be0e-1ad59ed3a346,15154480-0c79-4ad7-9a26-40917630a0d8,14597.44,UPI,insufficient_funds,15818.77,1,201,retry_later
b179c981-0734-4876-82a5-9800a93c3198,76dba45e-1cd3-4880-8024-48185209cfaa,11649.54,Credit Card,risk_flag,29985.22,0,0,give_up
3091f39b-ff18-41c1-90a4-05a5d7672964,63926b78-a648-4f6f-931b-3c5c9b77c7c2,241.56,Debit Card,gateway_timeout,43563.23,1,367,retry_later
053f4843-a4e4-4f7a-9331-88f31c429d58,eb2b7433-cca2-40d3-9fe3-a717304b0593,6863.88,UPI,gateway_timeout,2702.38,0,0,retry_now
8dcc9398-0785-4db2-97ac-37168d1f9228,7966e2e8-96a4-44f6-9aea-40e6e5bcfd89,3158.61,Credit Card,expired_card,41132.4,0,0,switch_method
f4af0b03-6726-47d3-af1a-e8a70599d8aa,30d689f3-d42b-4e32-bc56-8dd80bf60727,7558.52,UPI,gateway_timeout,7524.77,0,0,retry_now
94259e69-8ea0-4296-9cb1-bc84499576ed,6399cf14-4d01-4a2a-a3e4-7afa57aa8aa7,10593.81,Debit Card,incorrect_pin,42438.38,0,0,retry_later
09660a31-4066-40a7-8666-2b6cf054b345,b400868b-5761-4602-8fca-5c92ecc7fe3f,3325.0,Credit Card,insufficient_funds,28851.02,2,54,retry_later
58934d61-32e8-4700-9c33-eac89e6540d9,58cd5d50-6690-4c40-8e00-c0b8832169b7,4391.62,Debit Card,incorrect_pin,15477.97,0,0,retry_later
5cfbcbe3-02b3-4eca-a81a-cf216e902013,dcb8198a-8cc7-48af-b73a-58a96d261166,10989.3,Debit Card,insufficient_funds,33459.18,2,646,retry_later
904f6eec-2440-49d8-81b3-0c7e03e310d3,b554de1e-2914-405d-b8be-ab82014977ff,1715.29,UPI,gateway_timeout,6063.24,1,395,retry_later
aef37c5f-8491-49cd-8137-8a5ea54ef8be,68298a8f-ab0c-49de-8d70-a3d8bd7694cf,9505.63,Wallet,expired_card,15705.49,0,0,switch_method
adf4189b-812a-4c98-977f-0c1cc5fa96ed,b67d1eb0-67e5-4da4-93d1-31d13cceedf9,10925.47,UPI,gateway_timeout,4747.68,0,0,retry_now
9ef37a6f-e923-4643-a8b7-a9351bf0d6d8,6f20473d-9bc5-4fff-bbd3-323dbc1dacdf,1705.91,UPI,risk_flag,22255.33,0,0,give_up
24ffa005-b304-429a-bbff-d15629f91e26,f0593b2b-b8d8-424c-aa16-524203b09da9,8453.21,UPI,risk_flag,2416.22,2,1128,give_up
199b7ef2-957b-4a4c-8b97-d4e03f83bde4,b21d1a6e-1524-41f4-92e6-6ebb67d306a4,14878.47,UPI,insufficient_funds,48440.82,3,969,give_up
485502ce-853f-42f1-a802-2fe161365d99,1e73bddb-7b09-48ee-8cac-eb44f3f51deb,1193.92,Net Banking,risk_flag,8569.92,0,0,give_up
bf9c78e2-81f5-4282-b81d-2ef27b2bd917,989ee9e8-827c-4a41-b712-e6798b6f9848,13200.14,Credit Card,expired_card,45688.25,2,838,switch_method
376ff8a1-37c5-499c-b532-ad2549d147d9,660f8138-ada3-44ad-8fc3-9dfa0b3a79a8,1943.39,UPI,insufficient_funds,15746.66,2,835,retry_later
f4767a9d-d343-45a5-a39a-fa625924ecc8,30a1e5f5-2997-4985-8957-634df0725fae,9065.92,Debit Card,insufficient_funds,34416.54,0,0,retry_later
9a6f69c1-4c3a-44a2-8009-af814f4ceea8,0e15b876-bca4-4e65-b87f-29cdf8c3b497,2432.95,Net Banking,risk_flag,31852.38,4,1145,give_up
ec81d4c3-a016-4b74-8e1e-d7dab313fc53,0a49fdfd-d60d-4ab9-b62d-3cf8f3f497af,10978.26,Credit Card,insufficient_funds,37873.45,3,126,give_up
e5b2d3df-45eb-46aa-bd6d-4c9ac498a2c3,148d3119-e18b-4212-9c14-1c42f4de9bdb,7247.32,Credit Card,expired_card,15486.46,0,0,switch_method
0be18391-7d59-4f8a-895e-19d2b56818cd,35740043-d205-4c37-8e03-a5ae8d22160f,2063.36,UPI,incorrect_pin,32988.18,0,0,retry_later
e55311c3-b1a7-42bb-a256-d83e2274a189,2567232c-f2ee-4ac8-be20-0183a226bfea,14417.16,Credit Card,risk_flag,27992.77,1,1359,give_up
4ca56c5c-a238-4119-8326-86fab386b612,6e9df1b0-18bb-4f05-a3cc-e36b7c2ec53b,4559.41,UPI,gateway_timeout,36771.83,1,220,retry_later
8982eeb8-6538-44e8-a591-2d2bf1bc9b47,ce86e427-03a6-40db-80e8-fdc090ca19f9,12317.96,Wallet,insufficient_funds,3122.38,0,0,retry_later
06efbbc9-de65-41b0-a0ea-eb5ef0bb0046,8aee1b77-2abd-426d-8ef7-ba061948700b,12647.12,UPI,gateway_timeout,33642.75,0,0,retry_now
5b093779-1ade-449c-bb14-bc0728650bc3,5a2cbd88-b3e8-4c18-b09d-e01d04b6aa76,12050.92,UPI,gateway_timeout,15024.44,0,0,retry_now
91bba0d3-1fc5-49dc-9500-e10d0c384334,f1dc51e0-19a1-4559-a0a5-4b53fed16977,5053.55,UPI,gateway_timeout,12492.69,0,0,retry_now
2f337358-2c3f-4ede-8ad6-a3ca3dcd1c20,4c271955-04bd-43d6-84f8-3c00cf8484e7,169.98,Credit Card,incorrect_pin,10678.37,1,124,retry_later
be590424-fb5d-4690-8c92-83d211f3efdc,27ef2bb3-c690-4cb6-9ff7-6f6f5ab78413,3692.02,Credit Card,expired_card,32110.48,0,0,switch_method
395ec15c-1433-4768-942c-d9432983bce8,c67bcb6e-eb6d-4180-8ac3-b97eea41dd16,12828.09,UPI,gateway_timeout,13569.07,0,0,retry_now
831acbe4-0e3d-4b8d-98c9-9d17a0d91e8b,effa9cb5-e2f3-4182-9df6-18a190876c25,624.26,UPI,risk_flag,13413.8,4,507,give_up
b5fce4ca-e463-4fea-9a24-9b9d0da082f0,b33a4d49-f96b-440d-9278-c0f3583639f9,10667.71,Debit Card,expired_card,23580.43,0,0,switch_method
066c9b13-493e-4477-8487-5e9500f84176,6a37bb8a-099b-4b63-a3cf-11f37a9b96d7,9790.75,Credit Card,insufficient_funds,45581.93,1,0,retry_later
c49a6d1c-7041-41ca-bf60-ea52a20fd447,0c7927ee-effe-448c-a140-df4c9cfd3c8d,12902.5,UPI,insufficient_funds,16388.56,1,1347,retry_later
62b68584-9431-44e1-8954-73429dfd834c,c3420f64-f7eb-4079-a197-de61f73c91cb,232.69,UPI,risk_flag,48282.66,0,0,give_up
9355f636-9c46-4884-b7bf-59d3c8986870,95d6b781-44b3-4b02-9ddf-4e1ef81935ea,6539.48,Credit Card,gateway_timeout,28533.23,0,0,retry_now
3578bece-d8ac-4647-b631-9520c289466c,eaa4e2d5-4659-422e-9995-bd18c018ec56,3756.89,Credit Card,expired_card,41663.56,1,846,switch_method
2256bea2-c5ee-48b8-9d6b-d13f378b3507,0a810a32-634c-4f93-8ade-1ba2b6ef0140,11667.43,Credit Card,risk_flag,18073.27,4,291,give_up
97266f81-5c42-413b-b8aa-c6bda5a5ab91,e7a36598-db67-4021-ba9d-abfae86f155b,12757.15,Debit Card,incorrect_pin,20788.72,0,0,retry_later
e0305a30-59d6-49ab-ad0b-39875fb1d975,f637746a-7489-4c81-bbe6-c4661274f5e3,8419.49,UPI,gateway_timeout,11517.14,0,0,retry_now
8ca39f64-980e-4b42-866f-8385dc844e9e,d7e63b67-e7db-44ab-81ca-d29387852f1d,11226.02,UPI,gateway_timeout,20461.27,3,958,give_up
a1d58043-e85c-438a-adb4-00fbe9b51fc6,333bc924-4bbc-48c2-a731-84b17481a2f9,720.76,Credit Card,expired_card,19442.57,4,835,give_up
7bb3092e-3ae8-479a-b8cc-d4d1ab221eae,ea346c21-0372-4e82-afc8-3f553e653427,11137.23,Net Banking,gateway_timeout,24741.42,0,0,retry_now
1e25f996-4328-434f-8373-2f908dd57132,26ec4b44-4876-4319-981d-655e421c752b,9953.81,Debit Card,incorrect_pin,48687.13,0,0,retry_later
095614c4-b89e-44f7-935a-5aa12848be01,fec08c6a-f724-408e-a547-18e8c4a2323f,2583.93,Credit Card,insufficient_funds,12109.17,1,408,retry_later
dadd97a0-57dc-47e0-a047-ecfeb96666e7,b904ad2e-8e95-43ce-9852-13e68609d8cd,442.26,Debit Card,risk_flag,49247.52,1,991,give_up
9afbdaee-1005-4665-984c-ef67bf8e8bf4,be49d810-f366-4321-98f3-084acb9015d5,7807.54,UPI,gateway_timeout,1616.16,2,203,retry_later
b33df08d-6255-4c09-9d54-c5db0c7e7f36,851cddbf-0f1b-4139-a1be-9ff07e316c9c,962.4,Credit Card,risk_flag,34073.03,0,0,give_up
9ff52349-a273-4fc5-991f-944b6727fb70,0bcdfd9b-0d58-4eb7-947a-4777fe6f644d,1812.86,UPI,risk_flag,14393.98,0,0,give_up
e9a7eab0-66a9-47da-a4b2-af023f6427f6,1cbb42a2-718a-4011-b542-2f0e0bd969ac,342.82,Debit Card,incorrect_pin,47547.07,0,0,retry_later
ac136252-5f38-46c8-b0fe-e919fc9cf772,0b8cb9c7-2cd6-4ddc-8420-e382bcdd6907,8017.96,UPI,risk_flag,12612.64,0,0,give_up
cabfe73a-722b-48ee-b4ce-ae1cecfead07,ce8ba8ef-fd6f-4567-a1b2-ba5eb2d2ccd0,2726.94,Debit Card,insufficient_funds,39753.64,3,1057,give_up
e529f859-5d04-4d64-9261-70fc1702b7ae,88e09f85-fea7-41e7-bf38-42daa307781f,1908.57,UPI,gateway_timeout,48139.24,1,1118,retry_later
591e6893-1b88-4590-a3d7-f2f528aee5d6,f66f37f5-54a2-4549-bf86-c8adf2b09fe8,12087.51,Debit Card,risk_flag,975.13,0,0,give_up
4e30d660-6b13-483f-9fcf-42c8d96bdab4,a2c7b81f-96ef-454b-8ba8-425e7bc550f7,2991.39,UPI,risk_flag,32543.32,1,914,give_up
ece1e14b-0ae4-4017-9ec9-762ca051df34,7d5395c0-32db-40ca-a796-52d8bd50323b,10960.41,UPI,gateway_timeout,11800.4,0,0,retry_now
d5fc3c71-84b8-4224-bf9d-2e54853f4338,74a26953-e076-49f6-9e14-1c93629651ff,1044.16,UPI,insufficient_funds,7647.16,0,0,retry_later
9a9d3f1e-0bc6-48b4-9a85-2f64bb960b14,2be3c631-e069-4618-acec-04ace6edc948,14042.52,Wallet,expired_card,12049.81,0,0,switch_method
d0cdde23-16ea-4004-b000-993125f1834f,7a82d2db-3ebf-4c39-aa5c-e4e43ed4c2c0,5031.78,Credit Card,gateway_timeout,19749.51,2,752,retry_later
08dd2016-f4ea-45d0-bd57-7d8a90eb9495,c992105c-5b52-4bb8-a920-58413a1c4624,8509.51,UPI,gateway_timeout,34450.0,0,0,retry_now
eb888313-5d97-4ad0-be24-6ac4f57eb110,867df61d-6a99-450e-82f2-5d8e5e8a39df,6099.67,Credit Card,insufficient_funds,5546.01,3,1369,give_up
5e13769e-0fec-4d3f-8c67-813f40bba017,b68aaf97-807f-4fe4-9263-808c10633cd4,2373.34,UPI,insufficient_funds,15270.67,0,0,retry_later
4eef09ef-35a1-46c0-8f0e-3f1196a40134,57a143c2-4194-4d14-99b3-13fd592071cb,5698.13,UPI,gateway_timeout,27890.51,0,0,retry_now
19f585ba-dbf3-425b-82ff-1f31dbd2ba8b,4828f25a-3246-4979-a788-b45129a15a69,11003.69,Credit Card,incorrect_pin,14755.44,0,0,retry_later
f213bbda-451c-40c7-9233-3946bfcc6b89,438246da-fc38-4102-81ed-433f828069ff,5254.93,Debit Card,insufficient_funds,44889.79,0,0,retry_later
4714a6d8-a1c5-4416-b62b-b527441170c6,7409f3c1-5a1f-45d3-9259-e037e7571e62,7881.86,Credit Card,gateway_timeout,29466.58,0,0,retry_now
f3050467-fcda-4749-ae39-68531deb418c,c140548e-eda7-4b60-a165-b2e85ade94cd,1462.79,UPI,gateway_timeout,29521.31,1,799,retry_later
f9ee346a-57bf-48e9-8117-330a37944cb0,71333b6c-0311-4e28-ad20-166221280e33,89.66,UPI,risk_flag,2457.63,0,0,give_up
85ecc671-9839-4f68-bc43-72e66e749af9,56f3827a-1ef6-4153-8074-dd721ce0d8f8,10268.09,UPI,gateway_timeout,22663.08,1,898,retry_later
d42aff31-0732-4777-aecd-9f5b313551dd,c35c40a9-d7c9-4307-8261-a2a38ff99c71,13822.65,UPI,gateway_timeout,39890.12,3,889,give_up
0c994957-92e1-4467-934c-08b978b90b00,05a8e210-26a0-4f0a-8569-d387fe1f4385,14715.63,Credit Card,incorrect_pin,12590.74,2,519,switch_method
43e8644b-850a-4a81-b08c-26b2b3ce7b0d,8643ef09-e906-4fa6-a3ce-9a3864149aff,339.58,Debit Card,insufficient_funds,37920.18,0,0,retry_later
4335f992-1fb7-4270-a2ad-01cb560c0f2e,d4bcd632-06f3-4f7c-8185-2119f527948d,9176.31,Debit Card,insufficient_funds,18254.7,1,1350,retry_later
1efe6330-9cd3-47cb-9e86-b88c815b3a5a,e9c827db-890d-458f-94b4-2136046bbdfc,13286.67,UPI,incorrect_pin,6688.03,0,0,retry_later
b2699550-2383-4f59-9546-f3200cfa537d,84a86e05-7886-44d2-95d7-4399004a36b4,9135.88,Credit Card,insufficient_funds,7055.48,0,0,retry_later
fd0681bb-c7c6-45d8-96bc-0503260a5a69,23227064-885f-4f06-91da-f3f3029b44c7,12157.36,UPI,gateway_timeout,36146.53,0,0,retry_now
a909c8ed-702c-4690-8b1c-a95a79f4b957,abe882d1-d7d1-41fa-b15e-12c1cb178d9b,13463.95,Debit Card,insufficient_funds,33613.94,3,1108,give_up
b96da7ec-0181-4f55-9f2b-3b127e3d78d3,74d86d96-3031-411d-b90b-809977feb58f,7817.9,Wallet,gateway_timeout,4664.89,1,139,retry_later
bff9cc86-7a19-49eb-be0e-292b3bf507ed,2b45fae1-7371-4b77-b141-6f0d0f15a4f5,314.0,Debit Card,risk_flag,10388.53,1,136,give_up
536e30be-460b-4a85-88ae-9d5091939f06,720a8ffd-6529-4c8c-a0e5-b297959792eb,11466.19,Credit Card,insufficient_funds,29310.41,0,0,retry_later
3a96d095-d5ed-4a92-a436-5d4d26e5a123,1b8cf4b6-4f83-4d44-8930-a492fdca752d,4067.41,Wallet,incorrect_pin,23837.69,0,0,retry_later
aee9af9e-258b-47d0-a7e4-07248954f7de,0d4cb66d-d420-4344-8d1b-2558a1b651bd,13005.45,UPI,gateway_timeout,14933.61,0,0,retry_now
b7cb0d45-7233-48ad-adce-ed530c1cf9b9,2cb455b6-cdf6-4f33-b18b-03b36ee7b3cb,10446.36,Debit Card,expired_card,6546.56,0,0,switch_method
980d5f14-4d0f-4058-a2aa-390a6c795a61,d1b328b4-d281-479e-b1cb-bfe45b3818ee,1897.85,UPI,gateway_timeout,41265.42,0,0,retry_now
716614fc-1e79-4abc-a1c7-c43ba4f51734,5ae3644d-a2e3-4c46-8217-ff0ad1af8344,2665.05,Net Banking,expired_card,5549.74,3,580,give_up
6a1cf633-87ca-44b8-9f3e-a9e7341b5597,be039bd1-9f81-4ea2-8009-71dc9a704fd0,14115.08,Debit Card,incorrect_pin,23122.84,1,458,retry_later
9b9f62fc-9a37-45fc-a260-d07d4bb05170,a7750ecc-15c5-4e32-a8e1-90ec85f1361b,1882.55,UPI,gateway_timeout,8181.2,0,0,retry_now
e53639f4-313c-4588-bddf-bd604931fefc,20fd6f03-deca-4379-9bbf-c10c482f761d,10971.0,UPI,insufficient_funds,2254.44,2,583,retry_later
4e5b3fd3-a2cc-42f6-9f3c-d87710ad3997,e7d51feb-b9a9-4d3b-b13b-ebeeae800fd2,12788.06,Credit Card,incorrect_pin,2463.68,2,255,switch_method
e1d015cd-4aeb-46ea-91eb-454ccdb6f2cf,776bc0ff-5fac-408d-9a02-953d0648f106,7062.4,Debit Card,expired_card,44607.65,0,0,switch_method
274f5331-4266-468b-9eb0-82f5e4814ede,b935fe89-6c15-48e2-96ed-27255e41a219,165.08,Credit Card,risk_flag,18088.5,2,420,give_up
aef571c9-7ac0-46b6-9467-4bde184d0972,90063b3e-a948-4910-94f8-6103672b4539,9279.01,Credit Card,expired_card,39493.23,0,0,switch_method
137eb4b7-3487-4421-9caf-d7c72b6fdc5d,47fe434b-ce58-4473-9645-9d78bf3b07a0,11155.73,UPI,insufficient_funds,19844.47,0,0,retry_later
62ad7a0b-253c-4fab-b904-cce64b122d83,c064234d-9076-4dbf-9878-96f1d147389d,8636.76,Credit Card,gateway_timeout,11341.86,0,0,retry_now
8bc64075-bc2e-4209-8d43-5607b1036407,2c19ac23-c81f-44e3-b5f4-32d93c185d4e,12789.56,Credit Card,incorrect_pin,33145.31,0,0,retry_later
bffdcf41-e566-4e23-8342-d3793407212b,75952370-7a14-4a9f-a1cf-1fe0465274e4,8929.74,UPI,gateway_timeout,16662.09,4,178,give_up
1498c2fa-029e-45e8-b2ba-f720175bc087,5a554516-955c-4bbe-ac28-cc826d56d7a6,10737.78,Wallet,risk_flag,47961.77,0,0,give_up
38a69b88-ca90-4532-b846-a558069ab31f,63f64841-d5bd-44ef-b1b7-3d2b08c3d1d9,12877.02,Debit Card,expired_card,22495.64,0,0,switch_method
f6e43810-a16a-4783-9609-325c01552715,ae8d5b20-39bd-4b1e-96ce-c7330ae3e7e1,12695.85,Wallet,risk_flag,42499.38,0,0,give_up
f298dc90-8021-4461-8054-f4b6f8a0e59e,7f6e7f97-c42c-41a7-b28a-e74d96d5cc5d,1006.43,UPI,incorrect_pin,21196.53,2,491,switch_method
f00e83e2-8952-4460-97b2-33e67885ef74,5d3880dc-cd4e-4a9f-bb43-5f5f952df992,6788.22,UPI,gateway_timeout,17513.62,4,827,give_up
63ec6574-65c4-4ce0-88d3-0c29be9bd24b,dd429657-f0e0-46db-96cb-ed777470c89e,11190.93,Wallet,expired_card,8299.36,0,0,switch_method
b6211b42-7b3f-45bc-a976-631c37e871d7,cde1c859-bd46-40b6-87a8-c1dc395a6945,6292.13,UPI,gateway_timeout,45393.63,1,1209,retry_later
476db1a6-690c-4f7e-ab20-5ba5f147d729,88ed0f37-abc6-48cc-b135-5f5b5e6d5861,1963.56,UPI,insufficient_funds,15431.63,4,10,give_up
c9aa6c03-fcfe-412f-9230-c7724f7a18e1,f8d389cd-3859-4319-bedd-f46e8d52aca6,2885.62,UPI,gateway_timeout,20996.93,0,0,retry_now
fb259a76-5b4d-4d09-89ef-45e6168d3cc1,10b4d915-a315-40eb-ad73-30bddd391594,11212.26,UPI,gateway_timeout,3590.73,1,556,retry_later
5a6d6904-115d-42c6-aca2-a67ec7bb8d62,afbacc32-1cde-4446-8ef7-ee77d0786401,8480.43,Credit Card,incorrect_pin,34455.45,0,0,retry_later
b469d6b4-cf5c-4f2b-913f-37cc4082ebb0,08f493a8-baeb-40a1-a8e9-7c3e9ab04325,1734.01,Debit Card,insufficient_funds,33675.84,1,1406,retry_later
85fd0647-9d06-4e0a-a9b1-fa90503fccb7,75e464b4-df76-42e8-9f27-9d4250b9e3bb,2975.39,Debit Card,risk_flag,36947.29,3,87,give_up
f6051f1e-5de6-4b35-98de-1a93f86f0d94,ad7ecf19-7793-4d68-9947-9aacf93896a0,4063.04,Wallet,risk_flag,45074.29,4,502,give_up
de22983b-8cb6-4ab2-a620-a12207fdc2bc,a48c3c34-002b-4b2d-8721-dc49c109755f,9174.24,Credit Card,risk_flag,15442.36,0,0,give_up
0ad9dba9-ce89-4c0f-a725-c0b1cf915c53,a1abdd20-043f-4ac2-8d4c-5ec113e24e5c,795.56,Wallet,insufficient_funds,2787.48,0,0,retry_later
34bb3346-381d-44d4-84cd-658101c950b5,f4dab5a1-0a84-4fa9-9935-05e736a2299b,9754.89,Net Banking,incorrect_pin,4260.02,1,998,retry_later
11cc4788-15dc-41a0-8d64-7b4f9c338c24,afc54ec5-94ff-41d5-b98b-59c4214ec62a,13982.69,Wallet,risk_flag,46389.57,0,0,give_up
f31903c6-9cfb-4fe0-911a-592af2b6b4fb,034044b1-6e99-4331-9d7c-5007e31538af,3481.43,Debit Card,expired_card,25693.79,0,0,switch_method
2af42f1b-2c68-4707-849d-4f27edac1582,347a13bb-2b57-4d4f-a311-1903c641bfb9,14079.29,UPI,incorrect_pin,23432.58,0,0,retry_later
bfb152f5-e95f-4c01-a941-74b738d65ea9,5b5d1028-4bf8-416e-b763-2319e5716f71,2560.44,UPI,risk_flag,27780.86,4,258,give_up
517aeb52-acb7-4214-88d6-fdc0d8196661,472a1b7c-ecac-43a6-932b-657ff0fed810,2308.94,Credit Card,gateway_timeout,48611.49,0,0,retry_now
e96400bb-2ec2-46c5-86a8-bc50087ce213,9549ed3b-3515-4dd5-a05c-504a49215944,4326.13,Debit Card,insufficient_funds,45797.15,0,0,retry_later
ed57ab29-9a59-42d3-9608-f0dcc4ad2394,618b9ed0-d693-4c92-a8e2-787bf45d6e85,4796.56,UPI,gateway_timeout,34401.53,1,380,retry_later
149434c2-9f57-441b-8b4a-a26c34702fec,115a0336-67dd-4dec-b12a-410e3c2356d5,2450.01,Wallet,gateway_timeout,17823.83,0,0,retry_now
0fab133b-f898-414f-95a7-6f5f765961d6,0f676fb0-6102-4c33-ad31-5ac99ca41aef,7318.85,Credit Card,expired_card,5389.61,1,1031,switch_method
88a4928a-d442-4691-8061-4126f7116c86,a5e10c5e-1aac-4f8b-91e1-b945fe7d5eef,13644.24,Credit Card,expired_card,31757.85,1,944,switch_method
0b2aa479-e249-4995-a251-c83e06bcd6ba,e4ec4f60-6791-4305-9140-28df011f59f6,4287.57,Credit Card,incorrect_pin,8832.15,0,0,retry_later
84f3232b-5d62-48c4-be22-d82d174ff130,ffc70a29-53c5-4a2a-a49d-1cfb5217102e,10116.14,Wallet,gateway_timeout,29292.61,2,1111,retry_later
0236c853-b0b1-41f4-8f25-450b2168fd7f,c7bb7e42-8045-481b-a92d-a1500bf9fde8,5611.02,Credit Card,gateway_timeout,40152.28,0,0,retry_now
31b8cd0a-388c-4df0-92ce-2fab4cf06170,df09f101-ba01-472b-b923-4659681fe0a5,9726.66,UPI,insufficient_funds,4551.82,3,1300,give_up
355962fd-52ba-4439-a2d2-840f65419cdf,8ad00c90-8bbf-4fc5-8a85-af4b795feadc,4330.16,UPI,risk_flag,17831.09,0,0,give_up
ed360044-b438-46d7-acb4-019dbb8022d8,d3b63d36-02a5-4798-b638-5eeae0be1bba,10260.81,UPI,gateway_timeout,48270.53,0,0,retry_now
b10e490b-6b45-493f-9815-1b80614d5947,3e9bc8eb-67cf-4b82-b694-f306f6509de9,4725.58,Debit Card,insufficient_funds,24391.14,0,0,retry_later
bb7902b4-1277-4027-9ea9-fc8c9b8add25,0ae09d84-e9d2-4558-a59c-5f71dd476f81,2987.77,UPI,risk_flag,8735.43,0,0,give_up
097f37c1-7c34-45c9-9fb2-72a42198ae1a,6e68cc1e-ffa6-4d41-a347-ec821f5da58b,9893.33,UPI,risk_flag,16440.09,0,0,give_up
a95406bc-e068-4636-97e9-3b03415c71e2,bf0ba3ee-cb42-44c1-bdf9-035e1e062dda,1597.68,UPI,gateway_timeout,15634.13,0,0,retry_now
6e8c4c97-27fc-44c9-9c00-78dfec948ca3,91f10c57-6066-4ff0-bab4-22cf8219c0be,11965.16,UPI,incorrect_pin,38798.84,0,0,retry_later
ecfbee07-337b-4943-8a03-01e20bcd16fd,389f7158-b6bc-468d-b993-911921bba281,9024.79,Credit Card,gateway_timeout,36840.26,0,0,retry_now
a796faf4-f5ac-49a4-9648-52d19b8a7689,c9f2cb7e-c4bf-4ebf-b45f-55da95ef0189,5508.42,Credit Card,insufficient_funds,3314.51,3,1088,give_up
2a338bfd-79bc-43f5-b7e0-96a6ee5d9e39,18544285-48a6-491d-9c07-c80e5c350740,2328.73,Credit Card,incorrect_pin,43061.61,1,1240,retry_later
99160263-ec45-4dca-beb4-be3c84cf04aa,db43e873-ebb8-4fe4-93d7-836dd1c123c6,13163.56,Credit Card,incorrect_pin,32012.55,0,0,retry_later
8c6a276c-1c4c-4131-bf33-8b79d0db320e,998b3566-6e3c-4fac-9308-814aff38bcd1,3503.47,Credit Card,risk_flag,5304.6,4,485,give_up
be09b0eb-7ae1-4b62-bf0a-268638eaaa0f,9ce51c51-d0c9-47bd-812f-717ef90959b0,1542.34,Wallet,incorrect_pin,32201.32,0,0,retry_later
d3e498f1-065b-4e12-ad5a-bff4be23492c,9cec966b-2575-41cc-811a-4b14507f10b3,12513.33,Debit Card,incorrect_pin,31821.44,4,95,give_up
ef1c09fc-9511-4738-8e0a-125688ccb242,370537e9-25cc-40f6-81cd-99d5bb4a2a8b,10116.55,UPI,incorrect_pin,34337.79,0,0,retry_later
14e33f8f-0c66-4c3e-b5b7-56574b7c7e9c,6eed370d-6ca2-45f1-ba91-67d8057de542,12136.58,UPI,insufficient_funds,14459.66,0,0,retry_later
2f5a1dd3-e501-42a5-a320-048f282b8dfd,00712a0f-3ae9-4470-89d3-7ce0456c6db0,12409.1,Debit Card,incorrect_pin,30212.98,1,1356,retry_later
3930fd0a-a01f-4426-a2c4-6182f0c8673a,d9b7c488-98f0-4f9d-b3e8-d966c86990a4,4596.95,Credit Card,incorrect_pin,24819.95,0,0,retry_later
5420ea00-40ee-4476-9f1d-0b1833026d8f,848c5639-17f9-4eea-bcb4-84a89cecb1e2,2962.33,Net Banking,insufficient_funds,10686.83,1,1067,retry_later
d5987017-78fe-470f-918e-e8d7a59cfe52,2f75dc5a-f9c6-4a96-9136-e47e6470ab5b,3061.0,Credit Card,gateway_timeout,26858.47,0,0,retry_now
0157c986-998c-4bdb-9bc1-59beabe4211f,6fc0815d-105d-49a6-9aa7-e5abf6c7e3d0,543.83,UPI,incorrect_pin,20604.68,0,0,retry_later
903bc401-4597-4714-ae7c-8d80d3b9a177,2752779e-caf7-4422-a89e-8a337033e732,2670.45,Credit Card,incorrect_pin,35351.56,0,0,retry_later
83c13528-4687-4ae8-ab66-6f8edad3e33b,4f307ed8-8cfd-465d-bedd-21a239d189c5,7469.77,UPI,incorrect_pin,6796.64,3,321,give_up
4137eafa-96da-4757-9d01-e01b4139a100,527353c2-61bb-43af-a265-1be99fc0bc6f,2234.54,UPI,insufficient_funds,29697.03,0,0,retry_later
b91cc52f-9228-45ee-9610-a314272ac869,d95d8403-e2be-4baa-80fe-a9347b2a9e47,13226.3,UPI,risk_flag,49360.72,4,400,give_up
2d3cc9c9-e9af-48d3-b260-dbde245a7ee4,53fe8454-f9e2-4810-adc4-f90297bd2db0,3352.02,UPI,gateway_timeout,4346.98,0,0,retry_now
f6201e43-e82b-4dea-91ae-a5244a345800,0cb50ffd-472d-4856-9001-3312943a8cf8,190.93,UPI,gateway_timeout,13190.3,1,1097,retry_later
204cbc18-8b29-432b-b8c5-916a0f792cf5,84de14e0-93d8-48f3-9275-02ce3cb0bba3,6241.03,UPI,gateway_timeout,45675.55,0,0,retry_now
20453400-6a25-46cc-a44f-8f4219ea6b66,f12d623c-8bf3-4bc7-b841-957d19aabc64,9725.72,Credit Card,gateway_timeout,39220.41,1,107,retry_later
4360080b-85dc-4bab-9a8b-25e72bb336c7,b9defaaf-81bd-4690-96f7-de9ff2cea9da,10856.47,Credit Card,expired_card,3389.82,0,0,switch_method
40955578-abfb-47b8-b5a7-d58539fa2e7f,bf783135-1144-4b2a-8fc3-df88ac380565,13337.9,Debit Card,insufficient_funds,21329.6,1,967,retry_later
10f9359d-0cec-46da-854f-554ffab9a420,51824ca6-100f-4a12-a23f-327389042223,12356.65,UPI,insufficient_funds,45033.3,0,0,retry_later
c5c5a618-d643-4671-b46a-2f0c0cc807e6,e4837746-d767-49e9-a53f-5eee36d25585,12484.55,Credit Card,expired_card,47130.14,1,818,switch_method
a2dbfa0f-0d5c-4e4c-8072-4c5dbd026a9f,f060b43f-b611-4da5-acaf-462e450ab9b2,2649.58,Credit Card,insufficient_funds,14205.21,0,0,retry_later
ea22d961-883c-48f6-9202-ab9b4677b13f,d93a6cd0-98ea-444a-bb58-a34a54447bbb,14731.34,Debit Card,insufficient_funds,19292.97,0,0,retry_later
3a95a96a-2b75-48c2-b543-7215abe65eed,a5164a26-889b-4468-b3a5-8151f907f85d,8994.46,UPI,insufficient_funds,29537.69,0,0,retry_later
48a9a84f-229f-467d-b77c-5061b5d8b036,bf029434-5d0d-42bb-98e3-89f82ae64ac1,7576.04,Credit Card,incorrect_pin,25827.33,0,0,retry_later
5951c384-c3d9-4ba9-9b94-700eac1aff79,841d3e4e-a8c5-43aa-aa4b-0ecf5d5bcbb1,9149.53,UPI,insufficient_funds,5051.41,0,0,retry_later
e1f6b002-54bc-4dff-a841-924734df3aab,9f17d384-3b6b-4b38-9ab0-6373fdebc8cb,12820.72,UPI,gateway_timeout,47891.77,0,0,retry_now
b9f94d85-b0f5-42be-9597-d7de3351e06e,0a46cd4b-5a5f-40c5-bc27-368d6bae7e40,303.96,UPI,gateway_timeout,24593.8,0,0,retry_now
ed14c00b-aaf1-4f81-83c1-7661c471e1a7,e4b17eba-a7c1-4739-ba89-907b1061027e,12063.6,Credit Card,incorrect_pin,8219.63,2,1280,switch_method
834b857e-37e1-4687-9ab6-e048f00ed727,eb9f1d34-a99c-4026-a564-7f56c4a8f9f8,12698.06,UPI,gateway_timeout,45380.82,0,0,retry_now
eb6bddec-e83f-4b78-b736-379640d779b2,2f01aace-e447-4f01-ba74-a0e6cd5d0a59,5094.08,Credit Card,insufficient_funds,35239.78,0,0,retry_later
e6b12d98-db79-4a0c-a390-28da57249018,0cf6b84b-e4ad-497f-9af7-0db38e6104f6,12181.6,UPI,gateway_timeout,17562.19,1,115,retry_later
980c4319-e709-4a14-98d3-0d12cbe9f589,6f71ddcd-8275-4fde-8846-006abfb04e0f,7442.33,UPI,gateway_timeout,23587.82,0,0,retry_now
e730c909-e33a-4c5a-a250-aae3e8871e5d,c22e0fc6-23a3-4008-8090-6d19ceb68961,876.25,Debit Card,insufficient_funds,44790.61,1,869,retry_later
a5256e6d-b1c5-48e9-b63b-b8e765fdd3e3,815bc9bb-4632-409b-97c6-8927b8e36c32,7510.0,Credit Card,gateway_timeout,1157.34,0,0,retry_now
096f1d93-afb5-41ea-b7d2-1f9c7ee5931d,e958d50f-f427-441d-88c4-8646e96de48a,5091.52,Credit Card,insufficient_funds,24633.72,1,614,retry_later
1039f5dd-e6ca-4628-a940-5daeeade80a1,4ab91fd0-aa35-4fd2-bbf5-e23c7e633cb0,617.23,Wallet,expired_card,38393.05,0,0,switch_method
82f82aa1-ad15-469e-8073-bfa268eda971,a8426f54-318f-4bf8-9509-5a9f0af71ba1,5200.53,UPI,gateway_timeout,42287.24,0,0,retry_now
d00220e3-a978-437e-b7a9-cd305d37b212,30206915-6aad-493c-a8c6-0cdab9aac6b4,8660.03,Credit Card,expired_card,17862.1,0,0,switch_method
d3b3865e-009d-4518-b11c-aecd22f54645,8aeacb31-9b50-4dd6-94dd-ce1115502ecd,1094.5,UPI,insufficient_funds,6359.12,4,1077,give_up
9b665a8a-60e1-48da-bdaa-90aa35cd797c,6790d060-9799-4afe-9b48-ded1ecc2dc90,12630.54,UPI,gateway_timeout,26712.36,0,0,retry_now
00c4534c-e10d-42f1-9680-eeecc46af09f,90a02845-a70a-4a00-b8b3-3102879fff28,11701.61,Credit Card,insufficient_funds,413.26,1,364,give_up
7b6faf0a-4bfd-4a46-9bde-9c1c8782d205,82cf083d-7e02-4c8d-95bd-643aa4abc4d7,746.89,UPI,gateway_timeout,46009.85,0,0,retry_now
8cd01e59-7a9a-44eb-97b6-5e9caed48f7a,c1820ae7-36c8-4a3c-8fe1-37234c97c26b,295.46,Credit Card,expired_card,43814.62,0,0,switch_method
d34f575b-73e4-4c2f-8274-d64fa5c9ef55,25cdc0c4-4f1f-4310-96d5-b535e2508a1a,682.77,Debit Card,risk_flag,21951.46,1,1060,give_up
b1f8e069-a187-4dec-9001-ad428a76e449,25b72e74-c747-4b29-9f7b-b223111a443d,6617.07,Credit Card,incorrect_pin,46013.62,0,0,retry_later
ed26d618-b77d-4bb4-a809-671a5af23e34,c4469fbf-4d85-46dc-ad5a-5c3aa0e04f30,9334.22,Wallet,risk_flag,28714.68,0,0,give_up
7f6fe2a8-bd20-44ec-af03-4d77f97a20bd,a9fe0a2f-ee78-4c2f-bd50-811ab2b112f9,201.22,Credit Card,expired_card,30781.22,2,525,switch_method
f7b8b98f-479a-4e3d-8e4e-b20f51113ade,b393951f-ef55-4b9a-b992-8ed2b4d9b943,9564.51,Debit Card,insufficient_funds,34592.34,0,0,retry_later
97efe775-f228-4a53-80a3-e191d6ccd85b,2caed628-5cb9-411f-b449-730ebe033c69,8406.98,Debit Card,insufficient_funds,45840.33,0,0,retry_later
65bc57bb-18cc-4821-a0d9-be4e1795e32d,2ee7fbc1-4cca-454b-a3f0-603bb0177155,12263.01,UPI,gateway_timeout,8478.18,3,361,give_up
9fd7ed22-d5e8-4671-8363-de7adcca1de6,8656d602-6236-490d-9e52-27a8166f5932,10348.63,Net Banking,insufficient_funds,40521.65,0,0,retry_later
6f9ef968-c59f-4b81-bb67-8b3ba45a1ff0,b46e5a3a-a0fb-4f16-bad5-056977b5286c,4094.28,Debit Card,incorrect_pin,4983.2,0,0,retry_later
7cf2756b-214d-4b4a-8847-9e2407e2142c,28e0f045-80b9-46c5-ac64-8fe72235d39f,2109.27,Debit Card,risk_flag,485.02,0,0,give_up
55971635-0407-4a72-9d6f-67283a65e819,7f470831-8a85-4ffa-bf27-543f81d76ac1,5482.6,UPI,gateway_timeout,47167.86,0,0,retry_now
ef4cc99d-5a40-4bc9-8e8a-d5d84e04208d,fe1f06fe-d021-41d8-a976-b21e36b69a8a,7976.97,Net Banking,incorrect_pin,18177.91,0,0,retry_later
3112cb2b-2bb5-4fe3-a635-be06ab65c5d3,04e4f496-233a-46bb-ad2f-02527ebc9952,6427.57,Debit Card,incorrect_pin,7387.32,0,0,retry_later
a3dd029c-be45-4e5a-955c-a955087ab9a7,7dd9227b-8ed4-4254-9790-ee4c51dfea6c,12462.04,UPI,insufficient_funds,976.13,2,728,give_up
5de5653f-eccd-4bdc-b572-9a0a70825c44,43794b6b-c6a4-41ee-a1b8-c1383de3f312,7910.79,Wallet,expired_card,28542.65,0,0,switch_method
1c4488ad-9ee9-42c1-ac49-9efc21d91a6f,e2c2165c-f156-43bb-a728-c77e21437778,8919.03,UPI,gateway_timeout,7875.03,2,1110,retry_later
dfb0dee3-80c0-4730-ac3c-0eb5e5b8ce9b,460d8da1-942c-48b3-86ab-622f1c4c8270,6318.95,Credit Card,expired_card,5414.47,0,0,switch_method
cd983b54-66da-4281-9a45-bf7a648680cd,d692f1fb-f507-4479-a568-4ef29836d4d6,11956.25,Debit Card,insufficient_funds,7377.59,0,0,retry_later
27d695aa-144a-436d-a163-7009593a4444,cf6b6b07-25aa-46ca-8997-0c3bac3b55b6,14466.11,UPI,gateway_timeout,37789.56,0,0,retry_now
7497fdfc-7aa9-4182-a155-5633a999a1d5,dbd4116e-3809-4555-817e-c75e303de2b6,3234.66,UPI,gateway_timeout,13307.92,2,132,retry_later
46bf0504-1123-4dea-843e-439bc03e72e1,aa5bd5b7-7a35-4838-93b2-5ff211ff1a5c,5984.5,Net Banking,expired_card,13902.44,0,0,switch_method
a3fab9cd-da4f-49e9-b2f9-54aacff0e1d7,17505391-0fa4-435d-896d-06f5691dd0a0,408.77,UPI,gateway_timeout,43756.05,1,597,retry_later
e39d79a3-72f0-4384-a800-49f27f908fdd,198372d5-d426-4a65-a343-204ad495c7fb,7797.33,Debit Card,incorrect_pin,13229.86,2,1224,switch_method
6342905f-42e9-46c3-aa70-acd10227b4c3,0df21277-b77b-4a1a-afe2-ef970f8fa4b6,7978.7,Credit Card,risk_flag,40181.76,1,149,give_up
472098ef-7bb8-42f2-9b50-e68320c39592,741881bb-4606-460f-b967-e685998511bd,1203.88,UPI,insufficient_funds,13748.96,0,0,retry_later
c3f7bbe6-b73f-470c-aad0-409984b60c14,935507a7-fa69-49b8-8f0c-cca349c36d28,9660.12,Credit Card,incorrect_pin,36021.69,0,0,retry_later
53489bda-84d8-40d5-9b6d-2188490a6319,381a4ea8-ba00-44a2-8497-80ff9f219849,8305.88,UPI,gateway_timeout,31872.27,1,1035,retry_later
e729ebed-361f-4ff1-bba3-66763925b8f3,a8c833e6-1753-4de1-82e7-3adf5acea6bd,8819.54,Credit Card,gateway_timeout,40899.24,3,690,give_up
6f8a09b8-d23e-4590-a8cd-84b1fa3532fb,95673407-5270-40fc-a37c-8c94d245457e,14276.97,Credit Card,incorrect_pin,4829.43,1,620,retry_later
a05ca40f-0eee-42b9-b131-d6c8424c383f,791bc851-111e-4887-84f7-b93c343f8658,628.0,Wallet,risk_flag,2366.23,0,0,give_up
6f3836f0-d8b6-42ba-aad6-70c13dc21c8a,85ea058d-f86b-43da-a678-f82168d7fc99,7986.67,UPI,gateway_timeout,27959.29,2,504,retry_later
b5615019-6613-4070-a306-d1b630694644,c2c8d2ce-cdd8-48c9-8e45-8a31ced1d936,5510.7,Credit Card,incorrect_pin,14333.03,0,0,retry_later
59c45514-3097-4052-b647-7ae8aa43f69a,cd2a0353-418f-4e7d-8105-16f5bea1c62a,1565.58,UPI,insufficient_funds,3712.34,0,0,retry_later
f774d9b0-8f1b-44a2-b862-51062432c682,b46bfaf1-9f2d-4cad-bc75-f07bed032577,13074.47,Debit Card,insufficient_funds,13627.89,1,1110,retry_later
f4ebefe3-1508-4143-a37c-744c306b7060,73eb6d03-01a5-4fcd-a09f-f4de417168a0,12121.41,Credit Card,insufficient_funds,25381.84,2,1085,retry_later
ee7f819d-dd56-4e57-bc59-01d4fd0aa9ee,d34b926e-e0b7-4146-b24b-fdc33bf654a6,3671.06,Wallet,risk_flag,14075.48,0,0,give_up
031a4504-4d99-4aeb-9163-2e5022102524,4121652a-6cf9-4bd2-8f4e-b4f413818896,8661.06,Credit Card,insufficient_funds,19588.59,0,0,retry_later
25793bc9-2716-4008-a772-3ceebdc373b2,b03d0844-68e3-4d26-929d-d33cb8e3cf2a,6451.76,Debit Card,incorrect_pin,6913.27,4,1297,give_up
4ce8ec2e-e314-46a4-9da6-39ef5249250b,292e7ab5-549f-4687-a6ea-05dc2f43c1c5,8574.09,UPI,gateway_timeout,19861.38,0,0,retry_now
fc719064-3b72-4015-81ae-16610e2caf8c,a8cbf885-22ee-401c-b39c-489da527dad5,1682.79,Wallet,gateway_timeout,15386.21,3,565,give_up
ebe370d5-7e25-4215-a8c1-ace0da390a1f,02ca0048-0c63-4d67-ba2c-4b216bf9890f,3433.05,UPI,gateway_timeout,42956.52,4,1069,give_up
e3549aef-0f45-483c-b4f3-59551a75db28,19083c58-1d7f-42d9-9328-a86d505d1787,5897.1,UPI,risk_flag,38744.17,2,15,give_up
088e9746-d306-45ec-a62a-41027e0ae51a,27211e6f-4375-4b04-8953-3ca6a772b3eb,5475.95,UPI,incorrect_pin,46518.33,0,0,retry_later
ab3139b4-5561-4456-87f1-80eb319eba8b,dbcc0469-2beb-47f9-896c-83405d6c1874,9905.18,Debit Card,insufficient_funds,5344.26,0,0,retry_later
41eb184b-b136-43d3-9fd8-a0acc7051e17,3ae6b812-38d6-415a-84b6-67b5b96f1834,14002.28,Debit Card,expired_card,2255.79,0,0,switch_method
99a9c010-1c9a-4ed5-b8b4-43fc0bc54008,adef6291-32bc-43d3-90f4-9475fd8b1e01,6622.33,Debit Card,expired_card,37387.17,1,1004,switch_method
e2d1a900-3218-4439-8015-9190f6d21f40,7bea3287-c0b7-445a-a511-e0093b45638b,9186.26,UPI,gateway_timeout,11294.07,4,639,give_up
ce0fdd18-1c33-43a7-803b-2d94fd236e19,c9bb6c1f-9875-4bac-b766-9f7ca48faa86,1806.17,UPI,insufficient_funds,43691.09,1,1080,retry_later
6565fda5-5299-4b41-8c21-a13c1ff6cae7,19717d47-8120-41fa-a738-e5d6a8bb1367,11882.13,UPI,risk_flag,28820.28,0,0,give_up
b3428c36-8245-49eb-be2c-ca5a9edded90,fa9215b7-4205-43fc-8f07-a545c5f039e6,2179.21,UPI,gateway_timeout,14564.69,0,0,retry_now
dbe0b1b9-7057-43b7-ae55-639174f2021d,b748741b-4507-4398-958b-f89c8bc69d86,7921.31,Debit Card,insufficient_funds,47164.92,1,614,retry_later
b08e80a0-eeb9-4705-8c66-41cc31ec34a7,deb9116f-dcf0-4236-8f7f-86947e177c2d,6037.95,UPI,insufficient_funds,28125.61,1,954,retry_later
8826acad-bd6f-47e5-9e4d-95ce27d5e498,5f21811e-b60a-4608-ab03-8a81b7846a1c,6427.42,Net Banking,expired_card,19886.45,0,0,switch_method
52d5896c-4b0b-4185-8c72-03ef2ee4db5a,33b91899-1b74-47a0-b54d-24f3dd7a177b,8779.04,Debit Card,risk_flag,35958.9,2,857,give_up
e74cc30b-4ce2-42af-8ba1-49fa812453ce,bff73792-7477-4385-a653-85c5a29f5182,7817.03,Debit Card,risk_flag,37306.55,0,0,give_up
e32b85a2-291a-49e5-b1cb-c5547d825055,ded4bcb7-741c-4e22-9ea6-a3f7e99114e4,4850.29,UPI,gateway_timeout,33048.69,0,0,retry_now
d78b1c53-9a28-4be7-b821-fc4097aee9fe,086b9173-5632-4a51-a881-0c555ecb782f,14424.99,Credit Card,incorrect_pin,9918.63,0,0,retry_later
0cd55167-b864-4621-a639-3218ef42d2ca,43c65a14-0a2d-4513-bd8f-60dee7220243,6113.39,Credit Card,expired_card,17756.59,0,0,switch_method
3acc9480-22b1-45a4-929f-b8eb9732b406,63ef6b48-60c3-4919-81af-c5bbd4375bc3,2030.44,Credit Card,incorrect_pin,24857.69,0,0,retry_later
a26e3fd1-ae1e-42ec-8250-e66da5cf45ba,99736102-700a-4807-8035-8b0ef266fe94,9078.2,Credit Card,insufficient_funds,46632.29,0,0,retry_later
ef2e5444-1eed-4316-bc88-e64119e05d82,d2a3e5c5-96c3-4852-8196-9635fb4b461f,11539.86,Credit Card,incorrect_pin,31896.52,3,1063,give_up
35a0d091-a6ba-4d95-a0dd-808c2beacab2,00b155a4-5dd7-4906-9c1d-7b0fe5fdca06,5234.15,UPI,gateway_timeout,26745.2,0,0,retry_now
26938901-b426-48de-be19-05844ce339ef,78131d78-fb1b-4de2-bc82-ba623e964792,11561.93,UPI,gateway_timeout,1514.66,0,0,retry_now
b30f9fa7-e0b3-4185-90fc-8361408f2c8a,86f41677-2aa1-4bc3-93b3-0e2afd158122,14020.43,Credit Card,incorrect_pin,29515.66,0,0,retry_later
62c380b3-a03b-4171-b535-5550e55e1647,3c44f781-8737-4aea-888b-c3bec35f50c8,2726.1,UPI,insufficient_funds,8365.07,0,0,retry_later
e79d6d94-a7ab-4138-af18-020819ca736d,5ad79af6-dcd8-45ed-af67-06b0ab364a02,4669.34,Credit Card,incorrect_pin,11344.3,4,768,give_up
c7df72c1-c58b-44d5-b408-0107d75d1e51,edd0d4d0-d16e-4cf6-8326-f86bbd18368d,12148.73,Debit Card,risk_flag,46692.94,0,0,give_up
4709871f-3211-4090-9cde-b3fbc8d7378b,2f37ccfd-c359-4784-a8af-8b179df160dc,10181.42,Debit Card,insufficient_funds,47995.83,1,585,retry_later
a6eb2ec5-fc41-4975-b9ba-648326e52947,ec886727-8f9b-4929-ad0b-812e334a5e24,13993.36,Net Banking,expired_card,23816.91,0,0,switch_method
b8d8a3e8-2f25-496d-8bda-fdc904ca1885,aaddd0cc-0d27-40ab-b80d-e9afa967d718,8749.45,UPI,gateway_timeout,39595.33,1,1348,retry_later
09f1bfa0-836b-4163-8f48-5f4b8ac8e1b8,7233ddb5-1e24-4909-ab39-272ea514878d,8951.77,Credit Card,expired_card,31568.87,0,0,switch_method
46cdc50f-9685-4b97-9a5c-564b4d170cdb,a44c15e5-c885-4bbb-827e-5788688fd632,9521.68,UPI,gateway_timeout,39494.29,0,0,retry_now
358bf741-f24f-4445-919b-d2fa6541b0c9,74e401f0-7ce6-4bde-bd9f-561481f81c14,6776.6,Credit Card,gateway_timeout,41136.82,0,0,retry_now
0bd7ac74-4ccb-481d-88ae-9f65142c6502,55f66667-e147-4101-9e7c-c5961b438ce8,1813.9,Credit Card,incorrect_pin,12804.42,0,0,retry_later
d5ab02a7-1dee-4c61-8708-2e60745925f1,34fd37a4-40f5-4962-a9fb-90156e07550f,11964.79,UPI,gateway_timeout,2783.64,0,0,retry_now
b17f4801-b953-4eb8-b7d2-8c788327b3f4,99325aae-d58e-4697-be2b-b05fcd6a81a9,6223.07,UPI,gateway_timeout,6324.01,0,0,retry_now
3a82b1e1-d0ba-4109-8e25-da0fb2a55312,6acb0e1e-7ec3-476e-a77c-83a99739d10c,3562.33,UPI,incorrect_pin,6958.0,0,0,retry_later
2c27fd20-3f5a-4d6b-89d7-7402cb6a6231,5d206f49-0721-4e67-ab72-a515df8f7b6b,12490.81,Credit Card,insufficient_funds,26719.28,0,0,retry_later
4348c1f9-f036-4155-8b19-f14104f64d81,dc4fbf24-b7a7-4476-8731-090985740b7d,12109.81,Credit Card,expired_card,10815.05,2,1113,switch_method
d94af492-4fdc-4b59-a068-f24e91fffca9,59a5e12a-89dd-4c64-9ca8-a7c05099c12e,6811.77,UPI,insufficient_funds,6485.31,1,1038,retry_later
32530be3-cbde-4664-bcdd-8748a4bdd5b3,fa271308-67eb-4e26-aa9a-5f4d59058ed0,11796.96,Credit Card,gateway_timeout,38266.62,0,0,retry_now
79448a3a-ee2b-4867-b9fa-e4e3387be7c5,8f6901f9-3963-42e9-a829-ba31255e149b,10165.23,Credit Card,risk_flag,10980.95,0,0,give_up
66c823fb-05c1-496a-956a-c2028dbbc817,85a60749-a990-47d1-83e1-210467afa875,14647.76,Debit Card,insufficient_funds,40525.82,0,0,retry_later
fe151c21-289c-45c4-9388-1128f34fa6a2,ff11feed-f3c1-415a-9401-eac0d38667ca,7705.58,Credit Card,insufficient_funds,44663.33,4,356,give_up
700e89fb-3949-4fad-ab47-2f5651000fea,7054412d-0003-4128-b3e3-5475cfe8a463,9168.09,Debit Card,insufficient_funds,36615.04,2,43,retry_later
dd5388c8-a91f-443e-9798-89b330f1eafc,50bdd357-1a7c-4043-aa4c-c0b8cb770578,7014.64,Credit Card,incorrect_pin,48451.88,1,1300,retry_later
b7770905-aac1-4e85-8567-08b8ea0e16f1,f154fd5e-1d1f-4c43-8b72-78d5402ae83d,8122.01,Credit Card,incorrect_pin,891.69,1,971,retry_later
83fb9ea9-d1f7-4124-9e9c-28e9dc0c5e7b,b304212a-4f5d-4329-9a78-1b5ba54107dc,7582.43,UPI,gateway_timeout,42326.72,0,0,retry_now
bcbbd91c-f8c4-4b37-bce7-6d5480da115b,fe955337-8988-47e2-93ea-106d4478380d,2479.36,Debit Card,insufficient_funds,36588.8,0,0,retry_later
f5d37598-c821-4036-bfc5-b7e77f85ec47,44164c15-dea5-4573-a382-255b593d7fcb,5524.03,UPI,gateway_timeout,35416.2,0,0,retry_now
aef48f32-3784-487f-98cb-a84f1bb056ab,a84bcab1-4d92-414e-8ffa-ece75c7a9c13,9731.53,Credit Card,insufficient_funds,18494.43,2,538,retry_later
6d465a86-1b6d-41dc-a849-ccc441f13933,3d23a57f-dfdf-4ed2-9751-cba4b9239ccf,6940.8,UPI,gateway_timeout,49459.28,0,0,retry_now
680a1f2d-3c31-43df-9467-d6612c98652f,dcda2fe6-37cd-4e65-9d74-6c5444b79858,13570.03,UPI,risk_flag,8912.51,2,206,give_up
e6742b13-a01e-4083-8b4a-da5978302405,29c42072-058c-449a-9b9e-8462b11300f7,5803.54,Credit Card,expired_card,35823.81,0,0,switch_method
5c3d6a56-c46b-4abe-942d-71727308d2e7,5a7c16d3-fe98-4c0d-892d-fad02e1fc5b2,6919.93,UPI,gateway_timeout,15530.05,4,643,give_up
701b6424-32b5-4ace-8feb-1bb8034a770e,9e8291e9-6504-4d94-8807-b64593ae0f26,3774.86,Credit Card,expired_card,19145.47,0,0,switch_method
15b80a3e-be15-4349-bde4-f1d59e673ba6,7a8de463-fcee-4ae3-af64-b0579c51dc74,6105.32,Credit Card,expired_card,19811.78,0,0,switch_method
e8f77e1e-6628-41a7-8aa6-530b649ae232,4d5ae587-bbfa-4163-b81d-6f4fccbd1d9e,10583.39,Credit Card,insufficient_funds,14780.11,2,840,retry_later
b0556ea6-ed50-45d9-81d8-78fad39823d8,d774fecb-a4f2-47c7-a300-2fdb01d312a0,7806.04,Debit Card,insufficient_funds,34338.39,2,24,retry_later
57d0fa29-5bac-4fce-908d-e0b062c9b0b5,1433dfc8-2888-47d9-837e-d1fae3dfc4ce,7974.65,Credit Card,insufficient_funds,25258.2,0,0,retry_later
253de677-a9fc-4539-9d5b-4487c7ee6d84,984f9adc-5145-4f9c-ab2f-985ccfe50539,2884.68,Debit Card,expired_card,39039.27,0,0,switch_method
30efd372-f107-4255-be80-06dc8f9d3f7f,1592813a-7e86-4bf1-9425-3ef397c7ba8d,10432.83,UPI,incorrect_pin,12334.42,0,0,retry_later
12f33fb1-74d2-4aa3-8fce-09e46e1c4d55,e9296bc9-73a3-4cfa-ac62-0818a20d808b,4516.83,Credit Card,expired_card,593.57,0,0,switch_method
212d931b-8e7d-404d-b6a7-bef4d2211aff,50a2c764-2b1e-48d7-a6d3-452e02b68987,13688.15,Credit Card,gateway_timeout,43829.91,0,0,retry_now
944031ac-1264-424e-bd3f-ae53ca305d74,9278e11a-ea06-4053-ba19-b75c397d17e8,14979.27,UPI,gateway_timeout,47455.62,0,0,retry_now
41530b60-5532-4a2f-a94f-4d85160216cb,9577d92b-76cf-4c65-8cb9-60be82d86a1a,148.7,UPI,gateway_timeout,405.41,0,0,retry_now
2607bf97-58fa-4735-81b5-4f4a4bd0e4ab,b5d9f653-58d4-47ff-8a5f-ec2d0189acf6,4417.11,Credit Card,incorrect_pin,34346.37,0,0,retry_later
1a2401ee-f973-4468-9e9d-077ec14a2d9e,b098aba0-e23b-4b9a-9d55-0ceb94d2adf7,3491.78,Credit Card,gateway_timeout,20358.69,0,0,retry_now
d0b654fa-b42a-48ac-8fa8-2185ffa19b5e,83e6e240-79cd-4d48-89c9-8a84a5ea056c,10067.91,Credit Card,insufficient_funds,7868.93,0,0,retry_later
46e932e8-d3b3-42ea-9ca3-b3a1fe097b88,4a0a4290-6bca-4193-9953-4621021021a0,8976.75,Debit Card,insufficient_funds,3543.59,0,0,retry_later
52badba0-8484-439c-a342-6f2ed0d4d28b,4a79ce48-f564-42a6-af63-d90412d804d3,8240.76,UPI,gateway_timeout,46217.72,0,0,retry_now
305f0933-0863-47f3-a702-b36ffee250e6,537af430-6718-452a-bda9-59c2d6426622,4288.23,Credit Card,incorrect_pin,38859.3,3,1007,give_up
4c0fd266-b135-4f5b-ab4c-9ce1b2cf7182,b529aab8-1668-4098-acd8-eaa8832f2fa8,10520.11,Credit Card,expired_card,9443.51,2,970,switch_method
e7b1aca3-6a95-4c66-a9f1-1c74b4ba3f1a,8c9a5695-0434-48e2-ad1c-7ec53962e5d5,2477.76,Wallet,risk_flag,34821.89,0,0,give_up
72e89bb9-f456-4878-b24d-1d6dc3131d86,e7411895-4032-45fb-a700-66661cc9028c,1051.94,UPI,gateway_timeout,35710.77,0,0,retry_now
451860ce-8145-4a40-b4f6-9c045411d59e,a42502be-4882-4a32-bdef-21944a3a7c52,10743.79,Wallet,risk_flag,48528.67,0,0,give_up
4ee036dc-43f7-4c07-a08e-6fefaba26297,3b9c91ae-c913-4d5f-a78d-1c631abdc0fe,2204.13,UPI,gateway_timeout,31312.24,0,0,retry_now
a40a320d-4dbd-43cc-aaad-520fda8f2a77,e35cf4c7-66a3-40bc-8811-62ec924805b0,13070.37,UPI,incorrect_pin,19009.75,0,0,retry_later
ae928221-4ca5-4f5a-978e-43574dda346d,6975277c-dabc-4309-8fea-a24abcd3d457,11037.28,Credit Card,gateway_timeout,984.16,1,1347,retry_later
e8e95053-7535-40b3-b6e0-8980969a1a9e,826d6f18-7e12-46b4-96b1-d88588dcf7f5,4243.13,Credit Card,insufficient_funds,36078.83,1,1260,retry_later
7b42bba2-3230-48b8-847f-e82ad30cd109,94a609bb-f0d0-41de-a6b3-8345edd026f0,3112.72,UPI,gateway_timeout,44199.89,1,1253,retry_later
95753b2c-6b0a-45db-8b8b-0b19aa29ea23,fa735f4f-8758-46bf-bcc5-572c550b61e9,5610.78,Credit Card,incorrect_pin,3891.96,0,0,retry_later
0b4e5427-d589-4885-90c9-23fe07c006f6,3c35ecd0-921a-4094-920c-1a7660006483,11297.19,Credit Card,incorrect_pin,389.2,0,0,retry_later
cbf7552a-d9bf-4f2e-9aef-a71bb6b4ca02,dd02bbd2-857e-4250-8c26-9ee82695a299,7553.93,UPI,insufficient_funds,21630.07,0,0,retry_later
7cf95b6f-2adc-4343-a0e3-07cbcdd2b359,eb857b41-6899-40bc-8940-69fdb89a059b,12481.53,Credit Card,insufficient_funds,8466.59,1,806,retry_later
3bc70f60-5aee-4389-8b35-aa096e9969e0,40e5939c-7f9c-482e-a53a-a724aa3cd58d,1434.75,UPI,insufficient_funds,30780.6,0,0,retry_later
57963f5f-e9c8-4f24-8323-e631ef3a2e0d,55ed9d34-ecab-48d9-ad67-8c021ad27164,2699.88,Wallet,expired_card,47503.46,0,0,switch_method
14a0003b-8ac4-41de-8b15-1a4b751f89f1,3a612e24-b675-42e6-ae43-e69bc03e943e,14378.6,UPI,insufficient_funds,3082.09,0,0,retry_later
a273ee39-130e-44d0-ba8b-9169f0bc0bbc,ae405cd2-6f79-4aa6-affa-4c5760e4483d,3652.1,UPI,gateway_timeout,10937.02,2,1052,retry_later
38111470-291b-4c1a-8ded-c53eab20531e,c3e623b5-9b91-491d-b531-4977aa914c16,9159.8,Debit Card,incorrect_pin,16116.92,0,0,retry_later
325170a2-0bf8-4a12-b24e-f1a48ebc0648,b96df345-ebcb-4727-bca4-41b942c1d295,6973.04,Net Banking,incorrect_pin,18168.66,0,0,retry_later
e67a256f-75dd-4fca-a462-eb7455d59a56,473c9af6-7072-4e19-aee5-41b0d87b0ab1,1183.33,Wallet,gateway_timeout,47453.47,4,1277,give_up
20f44f86-9f76-485d-9cdf-31ec35cc3009,300e8497-5e04-4340-a77f-4cfdc76906f8,9065.69,UPI,gateway_timeout,1046.6,0,0,retry_now
47ce6006-fb34-4849-a8ec-c364425b7b8d,54303834-c028-42b1-9b6c-a879afba76c6,3163.69,Credit Card,incorrect_pin,3461.51,0,0,retry_later
822c8064-21e4-4297-84f5-af380f8c3e15,49282111-37d3-4f26-9ead-efeea7c7e3f6,5915.87,UPI,gateway_timeout,2204.61,0,0,retry_now
97a0e0e7-e6ab-4302-bd0f-c04e747906be,dd01be8d-ec68-418a-b39b-7ff8b16243a4,10562.09,Credit Card,incorrect_pin,4900.27,2,474,switch_method
26613dbd-6ca8-435b-8020-242d6ad830c2,798a2a26-7e75-4cc5-b8f5-59446c8885fd,1612.73,Debit Card,incorrect_pin,41336.38,1,1117,retry_later
d9a572bd-f501-4ee1-9955-527b6ed44249,e4daf738-9570-46c8-b6a0-ef4f502fb425,8736.89,Credit Card,expired_card,41934.86,2,1291,switch_method
aa338131-5374-4fc6-a001-76f6dadb2e13,a9e277e5-0218-4612-b990-b3b63560d5f3,13366.02,Credit Card,gateway_timeout,31041.63,0,0,retry_now
c7e5ea4f-aa63-4d59-99ff-9ed52f67e7d0,74299476-335e-46f9-a791-987416318a8b,931.97,Credit Card,expired_card,5119.72,0,0,switch_method
838f9f5e-5308-4c20-8cf6-2a68db9d1b56,66f6c280-efce-48b2-8aa3-1f961a307ff6,11144.89,UPI,gateway_timeout,35896.85,0,0,retry_now
f6ea73ab-8298-44f7-b07b-b64a3155f117,18abeec9-f50c-4096-97e8-40e5ed9295bb,2176.28,UPI,gateway_timeout,27380.6,0,0,retry_now
54ebd391-6869-4e63-99d9-9f5b21e590b1,93dcfc3f-e48a-4514-ae59-b7213ab81262,6104.45,UPI,risk_flag,9032.75,2,789,give_up
9be87d88-9a81-4f31-86a5-d23848319a44,47dc0cb9-e7c6-441d-88dc-9db9cc85d532,10905.68,Debit Card,incorrect_pin,11233.04,0,0,retry_later
a0129098-4113-4798-be91-7dd8e00e80b1,6a0a8dab-042a-4828-aef7-771d7f6f183b,835.02,Debit Card,insufficient_funds,3220.26,3,618,give_up
f99c1337-0323-4cd8-88fd-604a3fa77feb,0fec3fdc-1e2a-445e-abee-7bf33cea4f59,668.13,UPI,insufficient_funds,8547.24,1,1084,retry_later
99f4abc4-bc77-4cde-9c33-f48735e2f7fc,e981c226-8e87-47df-91ec-d07c1760862c,2297.09,UPI,incorrect_pin,12192.14,0,0,retry_later
58e00fb4-d9c7-4783-a988-104b7ee4dba2,1694732c-f590-463a-98f8-6a2f1a82208b,14579.15,Debit Card,incorrect_pin,22474.14,0,0,retry_later
04e6fd93-685d-45fa-82ad-391bac7131db,2cf7ba77-9938-46c1-8c7a-4defd60d5fe5,13822.29,Debit Card,expired_card,8258.65,0,0,switch_method
f707a57a-2f6b-40b9-b57c-a9be2e4dc976,42f3ac0e-a2e9-48d4-aabc-9c14a6e8a4b9,5812.14,Credit Card,insufficient_funds,45892.37,0,0,retry_later
4a17e30d-4618-40a1-b39d-c8178b53cbc7,ea065f9f-314f-4f85-a988-c59277008221,14917.94,Credit Card,expired_card,11677.09,0,0,switch_method
ed7704f8-f0de-4e08-b844-6021f193f141,8f780851-ece4-48bb-9d0a-25cc6b36a37d,13702.06,Wallet,risk_flag,14743.28,1,457,give_up
be122386-8009-446c-b1b7-3cb1275469f9,6cb4708e-d61d-4cf3-9abc-e865775930c5,334.19,UPI,risk_flag,21888.86,0,0,give_up
eda261df-6637-437c-94c2-dec1b4c79fc5,ad828660-7536-431d-8e7f-27bfda61c7d3,5652.05,Credit Card,incorrect_pin,6608.09,0,0,retry_later
1b8b3622-641d-4723-ad11-b10a308f31dd,9814db7a-3b36-44b0-bfbb-a22fc98ad94c,3017.24,Credit Card,expired_card,29491.72,0,0,switch_method
27e43e8a-e2f3-4acd-98b2-bb22b359ac56,56c11030-f423-4ec9-a332-05517c30400d,7796.54,UPI,insufficient_funds,11244.34,0,0,retry_later
90f37ce6-ff42-457b-a660-8f8c6fa29c10,fa9ef9ef-c703-4a2a-a112-110552ee470b,12260.72,Credit Card,risk_flag,32083.79,0,0,give_up
dbfae663-1bf9-4077-8f40-d62629e31550,2f580758-bd37-4c6c-aee1-801e7bea7635,4588.61,Credit Card,insufficient_funds,1962.65,0,0,retry_later
f306e16e-7759-467b-8e42-a5ff75bf2bb4,2838e89e-cc0d-4e42-bfc5-566fa7e07d35,11741.95,Debit Card,insufficient_funds,35311.62,0,0,retry_later
c6ce38a4-c3f4-4685-a8d6-7576919ef82a,c6ad8de5-a782-413a-a914-9a1d071b928e,5978.26,Credit Card,incorrect_pin,7995.66,0,0,retry_later
a43d1b4d-f451-4515-a0e6-fe2d79f1b4c7,b0ea8a9e-6e74-4568-af1c-eb4992110098,4940.51,Credit Card,risk_flag,25369.7,0,0,give_up
4defdaac-5605-406d-bc1f-d7b6d0a407be,dd6bf32c-5224-4758-8f3f-5d272ead75df,8313.59,Credit Card,insufficient_funds,40993.41,0,0,retry_later
d179049f-2012-4d56-9e25-55f1dcdb40bb,25ded245-555b-45d9-ade1-df5594ac0d8e,12535.2,Credit Card,insufficient_funds,19155.07,0,0,retry_later
31f9fa1d-39ca-4d88-94af-32d79ebbfca4,4824343a-fa10-4d4f-9ac4-9fc1dbbb1239,6409.31,Wallet,incorrect_pin,42327.54,0,0,retry_later
a38e929e-5d86-4ff1-97e5-3ecb877575b8,3d2c30d0-8bb2-4bca-8bd3-ea990b0e5b24,12137.43,Credit Card,insufficient_funds,26599.42,1,416,retry_later
fec2e151-ef78-42e5-8ec3-7abaaaf34c92,096bb8fe-50d5-4af6-b4da-7cf089e19a70,7537.41,UPI,gateway_timeout,45580.91,1,45,retry_later
976fd98c-137a-4077-8de9-04a92d9eb16e,4b01ee46-b317-4e9d-b18e-fc804ad0bb83,3276.39,Net Banking,gateway_timeout,7045.2,0,0,retry_now
ea5f44b6-08bf-48a4-a3fa-6a67aeeea78e,8b895f84-d4aa-4050-adc9-ec213c8799ee,271.28,Credit Card,incorrect_pin,23949.7,0,0,retry_later
9a3adb24-df5a-467f-b698-7745b6697a77,c1b4e4eb-6b3a-4ceb-b458-509341f8c618,1998.33,Debit Card,insufficient_funds,39650.52,1,329,retry_later
632b2e71-6a1d-4bef-9c85-2fce67dc9e9a,8d95d691-8ad7-4104-922c-7c3a343b346d,12317.27,Debit Card,expired_card,48308.9,0,0,switch_method
7c3d742e-fbb0-4415-9be8-6ed3215eb64c,b3575350-9251-45e1-8698-a5d738ac90a0,11224.95,UPI,insufficient_funds,6918.93,0,0,retry_later
aedb7f70-a3df-4e4a-bccf-cd6cb7d3b23d,13512da2-5a10-4e94-8601-cb71cf5f6410,10298.64,Credit Card,expired_card,30230.64,1,328,switch_method
598714ca-4749-442a-96a0-c0893617f1bc,12da5613-7ab0-44fc-b58d-c623c2394cca,12779.8,UPI,gateway_timeout,1648.85,0,0,retry_now
30348f7b-b057-4c80-a57b-f3abf7a69292,6e2e9375-8272-4393-b4e9-537dea1aabe7,4608.85,Credit Card,insufficient_funds,39622.83,1,1222,retry_later
9a10562a-3d72-46f2-b73e-3a05109075a4,055eb640-2f80-498d-ad89-827443c2835d,8632.37,Debit Card,incorrect_pin,38978.82,0,0,retry_later
bc9f68a7-6cdb-4dcf-8da7-9fca2fbe2ef1,82a20aac-0e12-43ad-9ce9-91a7fcd3238a,2969.08,Wallet,incorrect_pin,49583.65,0,0,retry_later
d1ad9cda-43c2-42c8-b175-ad06918c6fa9,f553bf86-c988-4748-bfeb-72af74094081,14212.68,Credit Card,risk_flag,48542.71,0,0,give_up
396d3d5e-b106-4af6-92c4-2e7f9ef291b0,3639a7b8-1a2e-4717-8731-b7a85149efc6,14790.56,Debit Card,insufficient_funds,38044.57,1,354,retry_later
50af0b94-e88a-4986-9524-81924c7a9cc5,1c085c74-ec50-4937-a93b-85e402d4073c,10222.88,Credit Card,expired_card,9260.38,0,0,switch_method
cd028139-6b5e-4b86-b915-3b0924883be5,e4f1fc6c-8e56-44a8-8bea-24777e363ce1,6159.93,Credit Card,incorrect_pin,1744.02,0,0,retry_later
47c310db-0eb5-4861-b560-720b8f5ae7da,a2816669-d2a5-4065-8efd-b7ada819a4ef,793.16,UPI,risk_flag,21582.54,0,0,give_up
513d5004-82f2-4a4c-992a-3a6871756a72,abd57ee3-e0ff-46d5-8b9e-4357071aad1c,26.96,UPI,gateway_timeout,1652.61,1,1016,retry_later
94ddccb1-a4aa-4d18-a486-33fdc43f6df0,2a4d7286-833f-4922-8d40-aa19de9f6dd9,7715.32,UPI,gateway_timeout,13227.31,0,0,retry_now
68b2b87b-df7d-4061-ba41-8795e8a097f4,37c43e8b-77e1-47ac-89d8-e3ec523e7b3f,13955.96,Credit Card,risk_flag,20736.79,1,1224,give_up
ac469a30-495d-4cc2-a4a5-e04c00822db8,3b0543f1-1e55-4c30-9cad-c9c31e83c081,11847.21,UPI,insufficient_funds,27994.16,1,1014,retry_later
5e226756-0164-48b2-88dc-50fa35c99794,d3180ebd-52f6-4d56-a653-8ad693b1dfef,9924.12,UPI,gateway_timeout,12977.61,0,0,retry_now
0a0f1bbd-f30f-4819-a751-1845139aa7e2,89f12e83-505c-41aa-ba9f-2a7b12d7edfa,11475.64,UPI,insufficient_funds,43890.24,0,0,retry_later
c7a1df73-0cb6-4a8b-afef-43f226a9a34a,64721b1b-8afe-470e-99db-a7307afd64f8,10826.09,UPI,gateway_timeout,32432.28,0,0,retry_now
439ef822-6fed-4f4d-8a1d-ec4d1c67452f,cef0e167-2ef6-4616-82dc-44ba4c456a31,13233.68,Debit Card,incorrect_pin,48999.31,4,1195,give_up
d16e321b-da23-438a-9708-4095f66f7fc6,85ad31b8-4686-4935-ba7a-d0d770126d87,10784.94,UPI,gateway_timeout,12458.72,0,0,retry_now
c3d5aba5-311e-416a-bd91-fd81934482a4,a7e559b0-b674-40ce-bba8-42ae76d08b8a,11840.76,Credit Card,risk_flag,7763.83,0,0,give_up
48ba5afd-b7ed-473b-89cd-6f0c2f55906c,7e49c01c-afbc-4a4b-af4f-b55807e507ec,6137.03,UPI,insufficient_funds,39362.52,4,500,give_up
3cdc7ef7-39c2-45d0-ba65-d0c25eb57e32,b01ce9bd-a6fb-42ac-aa84-79f2e5a2e930,9348.36,Credit Card,expired_card,4236.43,2,696,switch_method
78c93771-f51f-4d7c-b6be-de1480327233,899bd20b-cbb9-4245-9e4c-3d21f4c142af,8613.68,Credit Card,incorrect_pin,2786.78,4,1070,give_up
5f58e16e-c949-4d43-aa7b-affe89b18c7a,f8bcad4e-af4c-4b56-9c05-9592ce72eefd,4987.79,Net Banking,risk_flag,28026.97,0,0,give_up
0bb86a59-db2a-4c78-a4b5-6155cb8c8883,e5330b5a-62b1-4e39-9ab3-0ef8d7122bf3,12092.19,UPI,incorrect_pin,46663.82,0,0,retry_later
8ae2dfed-2cdb-4e76-9a7a-885e17767d40,57cd02f9-a75d-4f09-aff5-4daa0a1596d9,13662.86,Credit Card,insufficient_funds,9874.31,0,0,retry_later
68b0103f-7fcc-49cb-8604-602a64696299,85d8f7ab-85d1-487d-b060-7ab2e1053831,3155.87,UPI,gateway_timeout,13168.18,0,0,retry_now
d52c052b-d1eb-414c-b188-bd61a72e0ecd,11d16f22-3e0f-4de3-89d7-f0f1a1d3e37b,10812.76,Credit Card,insufficient_funds,18612.26,0,0,retry_later
74b816df-46ec-4eca-81a0-ea6a64c1e73b,82a49e65-ea54-4a1c-9dd3-24ae8e1f1db5,14042.83,Credit Card,incorrect_pin,18272.57,0,0,retry_later
ecb5fda2-9884-4c5f-ab7b-79360a807b64,68dbe2a5-6b5b-4a28-8aba-4bf625e8ae5d,2768.78,UPI,gateway_timeout,40194.24,2,1110,retry_later
16defbd2-6c43-40f5-82ea-f1f0039d9d39,4062db78-18ee-4022-934e-a5b450da6219,11226.67,UPI,gateway_timeout,40087.37,4,783,give_up
2da5c69f-de07-4cd5-aee7-facf71d889eb,aaeaa4f8-978d-4bff-bee5-36a56444c15d,633.52,Wallet,risk_flag,41546.12,1,1187,give_up
7b8d4367-49ce-4116-b82a-2ec85a2f3b4d,8998dfdf-091d-44c2-adaf-7d288eb3adc4,5159.54,Credit Card,incorrect_pin,46497.11,0,0,retry_later
fb680a2f-5d8f-4d70-a272-0bbf6f9399f7,3d2e0527-2de4-41e9-8584-d27907481cf9,466.05,Wallet,insufficient_funds,8425.73,0,0,retry_later
e90418cd-9769-4d06-981e-667319aac7c0,ba5518bf-1c3b-48c2-be4c-c4a4d2f169dd,6777.92,UPI,risk_flag,30320.49,0,0,give_up
f4333ee7-37f5-4599-af84-4b8a8d79a276,cc08ec7f-dcd4-4924-ab80-40e33e87f7e2,6514.69,Net Banking,expired_card,1477.1,0,0,switch_method
69b4709e-b175-4ba2-8dc4-a20f0b24b67c,060a98f5-baab-4d70-8483-380d773d24a1,7983.34,UPI,incorrect_pin,30704.54,1,226,retry_later
a60ecb69-c91b-408e-acb5-25ee194a2d25,0e90a4c9-fbcc-47d7-b1d9-e156f326c449,4676.98,Credit Card,incorrect_pin,38820.17,1,1184,retry_later
1facb329-63fa-4142-afbe-4d497b827186,11381349-79b0-438d-bb83-3d258d157423,1638.02,UPI,gateway_timeout,15175.51,0,0,retry_now
2e7ac4a5-52c0-4313-8b80-58b2f1bb0023,7d065bd9-0ec7-434b-8ea8-c08c2761f698,14079.4,Credit Card,incorrect_pin,37460.86,2,1303,switch_method
56f31be3-a3f6-4350-9026-2715c0ceaaad,ad7e1270-14f5-4a03-9bc7-009131e9ee28,4054.24,Credit Card,insufficient_funds,16544.35,0,0,retry_later
a9a7f248-fdc1-4c3f-a5b1-71b77862d020,39de2247-fc15-42f2-91fb-f26ff2a8e877,5813.09,Credit Card,incorrect_pin,33635.68,0,0,retry_later
4cb75fa4-ac03-40d6-892d-cce0017b8415,9675a609-785b-4eda-b0b8-626f7d90a8cd,11353.01,UPI,insufficient_funds,37090.32,0,0,retry_later
b1f033d2-affa-44ae-b448-1fb88eb8ad06,c893018e-f788-4cbd-80e5-ddca462f1976,7269.15,Credit Card,insufficient_funds,28534.48,0,0,retry_later
4c1c1d43-0f5e-462d-b710-b600c7681ff2,ff44e368-a863-4d8c-988b-b3e2d1581ca9,1653.33,Credit Card,incorrect_pin,35775.3,0,0,retry_later
7f648b63-a5b0-4368-8045-59ea35d10e4d,7a5400a0-d4a9-4d33-b3f7-1d2e55510914,14355.31,Debit Card,insufficient_funds,48803.98,0,0,retry_later
83d13f18-4cc3-4c67-a5a6-72cbc8a895e6,3d7670f9-9470-469a-b4d5-0360a21ca97a,12454.36,UPI,gateway_timeout,24267.24,0,0,retry_now
c1542a99-34aa-4eb9-ad8d-07f1beeaa6b8,3b9bb4f6-6d0f-49fe-87ae-e232f8abe0da,4686.9,Wallet,incorrect_pin,30166.28,0,0,retry_later
68a1c62b-391a-4c34-8408-c03af554da0d,801babe0-4e2a-45f7-9038-93a7b224ccb3,7193.45,Net Banking,incorrect_pin,10999.97,1,1279,retry_later
40a44874-aba1-4395-9325-080e6f3179b7,ffbd53e1-2a93-412f-be12-9058dcd29c9b,7281.23,UPI,insufficient_funds,47393.51,0,0,retry_later
ec77ad86-772a-49e3-86f8-89679b7bbd1a,893be995-d010-449b-b827-e120c35e3e2c,14201.15,Net Banking,insufficient_funds,44875.44,2,1212,retry_later
156628f1-bdf8-42e6-92de-5f7c0fcf71a5,fc235788-41b3-405e-93cb-888adef68a1a,9112.93,UPI,gateway_timeout,8807.7,0,0,retry_now
8f910bd8-b507-4907-9a35-aa0f684c6f7a,52faaaba-6608-47f0-a873-1451b3ce9d89,11446.6,Credit Card,expired_card,32193.4,0,0,switch_method
c774260a-ce11-4f6c-bbb8-c751bbec03ee,fd7c98a7-e543-4f1e-a8c8-c94b96a7ec11,4996.52,Debit Card,expired_card,46390.5,1,1290,switch_method
d1dfae03-1de8-431f-9aa1-7fef4183ffea,8ac56339-d6ea-4674-bdf5-fdc4cea7bb9e,14491.18,Credit Card,incorrect_pin,21466.07,0,0,retry_later
e9ee8f4c-140f-4894-ae84-7cf0b0c896bc,2a4610aa-4486-4834-b5d6-93c36a7ebbdc,190.82,Credit Card,expired_card,29579.97,3,510,give_up
a5b4da25-6e13-40f9-8f15-5a61afdc17c2,77f0fc94-5c54-479f-ad72-4d4d9c41c98a,4061.03,Debit Card,insufficient_funds,10113.86,0,0,retry_later
e32f098c-11f8-4b15-ae6e-f6d97183d205,a2de03d5-62e4-4da6-86bf-bb4151668dc7,14391.1,Credit Card,risk_flag,46807.41,1,594,give_up
f4e01e61-eec5-449d-a1aa-5a6c7053f454,8650e6f3-c9ec-411b-b8ba-932cdd397084,13830.11,Debit Card,insufficient_funds,4986.55,0,0,retry_later
8e12ccb0-2aa8-47c3-957c-88bb59689141,dd4d4c1c-48fa-4995-ae81-b28d2ecdb0e4,9294.08,UPI,gateway_timeout,38204.65,0,0,retry_now
3892a008-dbd6-45e8-b5c2-8913c0c0ab67,84ce4d82-c2ab-43cf-b296-5cad2b2b87c9,12150.6,UPI,insufficient_funds,49260.37,1,467,retry_later
424fd142-1e8f-4749-9d04-072834d22dcc,f284de0b-717c-4513-97b6-1a850273fb3c,5121.85,Credit Card,incorrect_pin,6845.94,0,0,retry_later
57663634-3aa4-4923-8cfb-c679bd735d28,836d5847-9051-49f4-9b5c-a7788605dd1e,10919.18,UPI,incorrect_pin,26846.16,3,182,give_up
a29a9a65-0e55-42ff-a721-084023cf6ddd,7ec074e0-7e37-49c9-9d9a-08fdc4cab3ca,10221.33,Credit Card,insufficient_funds,32691.5,0,0,retry_later
35bd7370-9dee-4a11-ac95-cc98d7acba4e,fe418ccb-df2c-480d-ac0b-ecd250fa1771,12112.49,Debit Card,incorrect_pin,46817.14,2,309,switch_method
a1f5c079-3d61-4e84-81e7-011f27af220c,e14c37f6-a626-4a1d-9e66-0e323603114a,9499.1,UPI,gateway_timeout,26156.51,0,0,retry_now
b902ce5a-71af-4dc4-930a-047835810128,f324328a-5991-449f-b2aa-8072913ba473,5226.72,Credit Card,insufficient_funds,1058.62,3,1047,give_up
3c95fe0f-c826-4eb5-a13c-a5e4ed0b4d99,fdd62f91-9986-4b13-81fb-a3b4345d3d74,6257.07,Credit Card,insufficient_funds,35808.69,1,464,retry_later
388bd06f-d144-46b9-a726-3ff10dbbaece,35b1237b-1160-4b52-a875-fc777ff9481a,14678.89,Credit Card,gateway_timeout,24340.35,0,0,retry_now
06b85acf-4759-4481-b671-ab21f51e6070,c8f7d764-d71d-4e5d-8077-172a66bd6d19,4039.03,Wallet,gateway_timeout,15129.61,0,0,retry_now
cb4b73c3-f00c-435f-9529-133d2bcadd27,abc7276f-591d-4e1a-adec-c1c786abf196,3177.16,Credit Card,incorrect_pin,20399.72,0,0,retry_later
826a314b-2fe4-462c-96a2-653e222a6e89,ec19da35-9b3e-48f9-bafc-e039a086e382,9503.35,Credit Card,gateway_timeout,33759.47,0,0,retry_now
24f2c23c-074e-4ed9-86b9-391c677d489e,2ed89f77-7f2f-4872-80c3-63e1a8a5adc8,9379.04,Credit Card,incorrect_pin,1212.01,0,0,retry_later
8a2f7829-6136-4341-998e-76c1812f9fad,72005356-04e6-4225-ab06-3376941e8102,14372.26,UPI,gateway_timeout,45796.39,1,1050,retry_later
75db8798-25d2-4cda-bbc3-ee11e0fb0454,9747d73f-c9ff-4ab4-9925-ce2cd3c63cee,7400.6,Wallet,incorrect_pin,41056.31,0,0,retry_later
1a24b9c1-4530-4d68-b052-6a8ec0b567c9,1d39d205-43fc-4571-ada2-6b20f84b71c8,3492.71,Debit Card,incorrect_pin,49675.08,1,1398,retry_later
a9db20e7-a47c-49ae-a19a-b396de69a3e0,3cf02bc1-d4ea-4b87-abec-2785a22d2b12,9739.89,Credit Card,insufficient_funds,5961.43,0,0,retry_later
baa94ed8-f6bb-4228-bc24-eb5a6b470578,93af1080-a710-4622-b9d0-b8dbe9357af0,13870.1,Credit Card,incorrect_pin,23465.15,0,0,retry_later
5b64232f-292b-4e78-a0d9-80d30855e1ed,c691fff9-42ef-41f3-b424-53b531779b8d,7794.01,UPI,gateway_timeout,39196.26,1,1304,retry_later
7bd4a9d1-e956-47eb-a0f7-6cc324bb4c36,f88c48d6-8bba-4755-8dcd-7ce3ec7bd73b,7424.02,Debit Card,incorrect_pin,23874.4,0,0,retry_later
8a0ded91-f7a5-44d5-99d6-8899387e5d9b,839188f6-14aa-4ec5-b2bf-e33652288f7a,6518.46,Credit Card,incorrect_pin,18312.06,0,0,retry_later
93d9ece2-3382-4932-8387-6c5a4e163768,b84fc311-7a30-45a9-b68b-55ae92fe1825,6179.34,UPI,gateway_timeout,41402.98,2,378,retry_later
1da3e434-2fff-4813-8b39-7f6485553d08,497d3da3-c9da-4dea-baee-ad221f509562,13106.35,UPI,gateway_timeout,22273.88,0,0,retry_now
3d094bde-ddce-49f8-8e56-e718fc2ab31c,617e3956-3ed4-4660-aa9c-97e9eb21487a,6371.7,Credit Card,insufficient_funds,23781.03,0,0,retry_later
3b740629-5497-4808-b684-7ccb73005596,d69d8edd-1c01-42c5-a049-02016999037b,6600.44,Debit Card,incorrect_pin,23466.16,1,626,retry_later
fae51921-2c1d-4b5e-81ef-7c2fdbd8dbc4,5acaafeb-ecd8-46a6-b080-9460d48517e5,5002.95,Credit Card,incorrect_pin,44552.76,0,0,retry_later
d87fc8f3-3a5c-484c-9bca-9117d7f34488,d246ec42-9ed8-43ce-8e96-3ef72db9656a,2822.29,UPI,insufficient_funds,21142.8,0,0,retry_later
e94c9843-daed-4ccb-ba4a-974bcd6efa0d,e94eec05-0756-483c-bb43-d41ab804fb29,6919.2,UPI,gateway_timeout,4287.55,1,755,retry_later
36b09b85-25e5-4ed7-b3f8-1bae6dec018a,cc19e884-7105-4f87-8c0f-65458c42d9a7,7823.8,Debit Card,expired_card,11709.72,0,0,switch_method
c9a3715e-bea0-4b7e-9ada-2ca3ab9f1f97,2c4ead29-5a8a-4f37-9abb-7aa730eacb4f,3085.69,UPI,gateway_timeout,7981.5,0,0,retry_now
0bc90069-74e2-4165-8ebb-7fc428a55443,36b06060-a892-4dd2-9cdc-2a9a6bf4c6b7,14639.99,Debit Card,insufficient_funds,31467.75,0,0,retry_later
0f584599-7f21-4bc6-9989-64be604fbcc7,1dbbe61f-3652-441d-8d29-1cf96de19306,11763.09,UPI,insufficient_funds,45317.71,0,0,retry_later
9d95133f-5659-4187-a84a-89fd5b5513d6,bded68da-8dc5-4025-bd58-177f786084c1,10187.39,Credit Card,gateway_timeout,4562.24,0,0,retry_now
74ede46a-f0d7-409d-8ce7-89cb8497c5db,bc8971b2-6a1b-4758-811e-f38c93601b75,8188.67,Debit Card,risk_flag,922.82,0,0,give_up
f6a96309-706c-433a-a837-961a1a3ba1ab,f4ec03ec-4b00-440d-a403-26cd0ac294a6,7693.74,Debit Card,expired_card,13087.64,0,0,switch_method
1206f165-dd02-45cf-a525-e1e828ec21dc,85ca8a30-f628-4f92-8594-ac3804e9f3ba,8713.49,UPI,incorrect_pin,39978.93,0,0,retry_later
ba748a8b-e575-4565-b115-70a9330e51c2,e49d36e7-2980-4084-8fa3-f496404deb84,8196.02,Debit Card,gateway_timeout,13728.62,2,924,retry_later
81077a63-48d1-4271-b9ff-c36b91b3e7d5,38a89f9d-60bd-4954-8051-3362d5d81720,1955.14,Credit Card,gateway_timeout,25496.62,1,1225,retry_later
a15754bc-abd2-4a93-9239-ea0e32680733,bfec8df4-fb79-46ba-9041-c3863660dc52,3801.15,Debit Card,risk_flag,34951.37,0,0,give_up
41cc9080-8e24-45b5-a4ff-8f6199c2926b,6100578b-80b5-434e-8ddf-a22fb4e94779,8822.41,UPI,gateway_timeout,588.25,3,1301,give_up
46f844c3-793f-4fa7-a815-1c90add74ee7,4a35b7cf-8df5-4e6f-98e5-4fa8b459750f,7722.05,UPI,gateway_timeout,15212.32,0,0,retry_now
9c2122dd-669b-4c0d-aa4d-9976b15338e0,36dcf202-c733-4f6b-97bf-e15789fbdbbc,13820.63,Debit Card,risk_flag,47718.47,0,0,give_up
e928e0a1-81d8-4744-b4b3-4e5f92ed475a,292e4972-cd8d-4ddc-b7e4-a24496f1a4cd,11688.62,UPI,gateway_timeout,30578.83,2,441,retry_later
0aeea24d-76c4-416d-9d17-a3a7492bc10a,e68fd01d-4f63-4095-9d75-29659b5c9570,12454.44,UPI,risk_flag,31187.11,0,0,give_up
160c0386-f6cd-423b-8e74-da4a1d417960,4d804690-c0f5-4576-bb53-de4c04de316e,13883.68,UPI,gateway_timeout,18736.55,0,0,retry_now
f42a933a-0f32-4500-ac29-b456b38ca9f8,710cceb1-9fe6-4581-9273-86d3266090fe,1488.87,Debit Card,insufficient_funds,21393.48,0,0,retry_later
a33e990f-c96e-43fc-a3a3-f44b7c448867,fade5506-0816-4ce8-89f5-ffc4c35e49f3,4755.78,Credit Card,insufficient_funds,361.0,0,0,give_up
e6938059-b25e-410c-b271-f09931ae6a85,6767b54c-811e-4cdf-814b-11225115c695,5392.47,Credit Card,incorrect_pin,43705.19,4,405,give_up
74f55096-13de-4810-bf96-97924f9fd858,2ee2d3d3-3ce6-4c90-a7f3-a3965a305279,5526.1,UPI,gateway_timeout,13963.26,2,833,retry_later
113e0aba-e0a3-4150-a4ff-189c60be6dc2,037af39a-097c-49f3-a720-edf156b49cb9,9683.34,Debit Card,insufficient_funds,217.2,0,0,give_up
8ef4935d-49e2-495f-ab1d-a26a03ff00f4,50c84367-8385-4c99-9f9e-d8fcef605016,5846.63,Credit Card,insufficient_funds,9640.14,3,791,give_up
27749b32-4de5-407e-a5bd-f0681e1e5870,aa8bf5cc-4b89-4ba2-ae18-ca8efa949c3e,8297.1,Credit Card,insufficient_funds,9540.47,1,48,retry_later
3c67bb49-f537-4c1b-b361-063f60a1870d,6c46bbf8-ce55-4510-91d9-9dc1f65f49b5,903.79,UPI,gateway_timeout,48693.89,1,192,retry_later
8132f4bf-ad0b-4857-8f2d-84f10b2fae1f,30249dec-dcf7-4503-b804-d027cc9d7d98,8703.63,UPI,gateway_timeout,35603.17,2,407,retry_later
ca444be5-826b-42ce-8bc0-4f3d05791775,693bfc5d-90e3-422a-babe-a50dfeb08fe2,14974.18,UPI,insufficient_funds,45853.91,0,0,retry_later
91c136b2-7e8e-4a83-b642-ba6624210a61,bed286f1-7535-47f7-ba54-25424f47591b,14528.02,Debit Card,insufficient_funds,36975.17,0,0,retry_later
84adb39d-1e35-46a4-a2ab-47f859fea237,ea333f71-470e-458e-bd99-4cf8bd6ea596,3414.97,Credit Card,expired_card,43673.66,4,71,give_up
2f5675e9-71c1-4c90-9724-1a34ca632b1a,07fa3eff-465e-4a68-80d9-be35bfeb3360,1612.18,Credit Card,incorrect_pin,34461.49,0,0,retry_later
26973c95-a75b-4772-bc72-0a60b5f9c29d,71d31f03-61ee-4c00-baf2-d73fe178b2b0,5660.48,Debit Card,incorrect_pin,39309.13,0,0,retry_later
02a8141d-6b2a-469d-8d4e-9b0da54a9206,23a55d44-039c-497f-ad83-1285a2be58fc,14365.38,UPI,gateway_timeout,44387.68,2,487,retry_later
81b2f848-c254-45f2-b34a-b227b9687b1d,7e27c034-51e8-4876-ba24-dbaae035dbff,5080.9,UPI,gateway_timeout,17308.75,0,0,retry_now
11f93b22-a91e-48ae-bc92-df440b8876ff,bcc912d2-5db2-4968-ae56-9d36ab1d2c3f,2752.03,Debit Card,insufficient_funds,27746.58,4,810,give_up
e68e480e-9785-449e-8a07-866d8c3cafef,730d7d5d-5cd0-4fb3-965e-01128163c626,11655.14,Credit Card,insufficient_funds,40700.84,0,0,retry_later
fb0befb4-9a83-4f7b-9648-74a63144290f,a68abaad-224e-49ec-a22e-f9d511d90595,13402.72,Debit Card,expired_card,43104.2,0,0,switch_method
08f485d0-0f17-4bcb-afa2-c5b1b78537de,fd57e01a-08ed-43ec-94e8-0cda3b959ddc,13399.61,UPI,insufficient_funds,43416.2,4,4,give_up
4fc330c9-be8b-45dd-b504-77d239cbd5b5,50742343-55d5-4121-919e-de1e7563f421,12714.03,Credit Card,expired_card,47448.87,0,0,switch_method
6880f44f-c221-4b58-86f2-eca5b626584e,b47d83d3-8338-4890-9375-170b0967de66,4309.07,UPI,gateway_timeout,31308.97,0,0,retry_now
010161b1-4407-4a3b-b3e1-4ee4e9cfb78a,f294cebe-32f7-4a12-8f16-30aaf802ea77,14594.93,Wallet,insufficient_funds,9783.31,0,0,retry_later
1b09132b-f0c0-4b4e-88ff-f2344496bebe,a15af4fe-189a-4676-836f-3620ad5fb289,2318.07,UPI,gateway_timeout,30508.93,0,0,retry_now
b933f885-fcce-431c-b853-1f8a65fa7514,681faa5d-85ba-4801-a821-09ba91b152b7,14070.44,Debit Card,expired_card,14433.32,0,0,switch_method
92181ca6-99ce-4970-b3d7-dfdb9c1bcebb,1a81ca18-1afb-4ea5-9c62-d6af7bd417a5,8393.94,Debit Card,incorrect_pin,20913.2,0,0,retry_later
60fb334a-dc2e-426c-8388-431940ad3dcb,5223af83-6ff2-49d9-9350-b816d877897f,11716.36,UPI,gateway_timeout,16368.83,1,1061,retry_later
5b6666d1-32e9-4303-8631-a235b9ce342d,27541c90-74b7-492a-8f37-3a8b07289a29,4456.35,UPI,gateway_timeout,18819.42,2,122,retry_later
9f3277bd-23ef-4f92-98d7-8321bb19928d,6f436c0b-8bbf-4da7-ac91-27d78163d437,5454.21,UPI,gateway_timeout,45394.53,0,0,retry_now
4559d855-40ed-4757-b495-6c0b428f582e,63a3e471-6096-49f3-9b48-742a79d03eba,10409.18,UPI,gateway_timeout,17221.4,0,0,retry_now
9194e19c-4598-4c2e-92d0-edbc649d4041,8cf449a0-aacb-42dd-b6b9-95445e8a106b,10744.24,Debit Card,expired_card,13332.81,4,922,give_up
f84491ad-a564-4121-89b3-3d45fdcee9ae,d4647408-1d88-4e3c-9ff1-298248c3afaa,9006.73,Credit Card,risk_flag,51.11,0,0,give_up
4b7a77f5-47a1-4070-872e-ff8931161004,cdf65325-a4f2-4c59-bc65-2877b27ab546,4049.96,UPI,incorrect_pin,14486.88,0,0,retry_later
b353b0cf-dc61-4ead-9360-f2934f7317e3,6dfe5355-bfa2-4fc6-b1c7-0115e7f78d26,6919.97,UPI,gateway_timeout,21231.56,0,0,retry_now
7c75e56c-84bf-48ae-a66e-f9ef55acc998,6cebc896-0b60-4907-9285-c81b0cd89de6,14132.72,UPI,insufficient_funds,34801.74,0,0,retry_later
8c20d291-9106-46f6-a611-018492ff3ccc,f1403f10-8695-42e3-b156-92995cc16d32,9350.98,UPI,insufficient_funds,21802.08,0,0,retry_later
cc38e418-4c18-4e97-94d0-ab8898b5df5c,93326273-5ecc-43ca-a714-2b05ccd4ebb9,13656.09,Debit Card,incorrect_pin,23088.52,0,0,retry_later
2772b7cd-e50a-42c4-b512-f6c3fe6596c0,8a32dac3-f41d-4bd3-99cd-74a8581150a9,11218.63,UPI,gateway_timeout,36735.4,4,68,give_up
da6986d5-07d4-441c-911b-591fb85984c7,5e73e153-b1d4-44a4-9002-6274d55bb037,9418.02,UPI,incorrect_pin,46855.62,0,0,retry_later
e28192eb-9c14-4268-b681-57570d920c14,29cf815f-01bb-4e68-a762-3124eb1fef22,2074.55,UPI,gateway_timeout,11773.57,0,0,retry_now
9cad644d-465c-423e-96ab-b0cb05169f09,eef51f32-db7a-4fe9-b4eb-44f7f178e418,4477.65,Credit Card,insufficient_funds,29505.82,0,0,retry_later
6659a6d5-6e6b-495b-8c20-019258f5f653,ef9948c4-5961-4425-93ab-e18be090b107,4776.97,UPI,insufficient_funds,36956.23,0,0,retry_later
99dd94f0-0a30-4f04-a7d2-deea643c1225,404117d0-bfcd-4476-b34e-7d121ffb250b,10698.34,Debit Card,incorrect_pin,25644.13,0,0,retry_later
dfe8c0af-70d2-4561-ab37-8a6b81014e02,0cddffc5-2bb8-4135-8bb3-b806723ccb1d,6642.94,UPI,insufficient_funds,16348.88,0,0,retry_later
8ab66d46-ed70-4ab8-b701-8fc7d70e7e17,037c591a-4e70-49e7-94c2-da4211081bed,11099.55,Credit Card,incorrect_pin,27210.0,1,793,retry_later
86b4327e-9a9f-47a7-bee2-2410d1f2a02c,432e09c5-cc03-4a2f-a700-38d860d0aba6,6197.32,Net Banking,incorrect_pin,21613.56,2,465,switch_method
f0412ef5-5b8d-4eb8-b802-bb37a44a4cdc,5e2b4c24-6bba-4942-8398-055fef081fda,656.49,Debit Card,incorrect_pin,43377.86,1,571,retry_later
2673b919-e0c4-41cc-944f-de31033d1b81,7cf7dd94-1799-4b5b-ac76-36a3068be348,6423.33,Debit Card,risk_flag,29842.84,0,0,give_up
51d38482-2d18-420c-8c34-988b753565a7,96f8bcab-384d-4774-9d70-985bf09046e2,1577.27,UPI,insufficient_funds,23952.04,0,0,retry_later
18bf7044-e86b-4cef-8dee-5aeb055b400d,0ea108be-3f9d-40e2-8dcb-529f9e0bc55d,6147.97,Credit Card,expired_card,45268.66,1,958,switch_method
1e6ef674-af2c-4f81-b4d9-588622cb2457,d3182995-4cb7-48bd-9e53-17162f494a2a,8158.47,Credit Card,incorrect_pin,19099.17,0,0,retry_later
1d371702-db55-4105-a18b-56d899a7bbef,bcadac0e-5b8d-426c-9173-0142318d8e2e,5679.14,Credit Card,insufficient_funds,3652.59,1,941,retry_later
b52cd6c5-7afe-4742-ba58-6a58c21cef92,4f2b5f23-e3ef-45cd-8809-1f7bab78509e,14374.19,Debit Card,gateway_timeout,5893.01,4,1209,give_up
2ddadd75-6bba-4f94-b33a-8fdecfe1f4b1,0e9b8288-f471-4e0c-be21-b5542c1d0dcb,8163.61,Net Banking,risk_flag,26240.84,4,716,give_up
4be096da-23b7-4c8d-96a4-2bb017513719,5fe33179-a27a-47fe-ad74-dbb1d1546371,2887.96,Net Banking,gateway_timeout,22992.55,0,0,retry_now
11363ac2-f088-4be4-aa38-4539bd04367c,6f855b30-c967-4fe8-8fec-a5d5da78c49f,12843.63,UPI,gateway_timeout,32640.67,0,0,retry_now
e20bc70c-6f3c-4646-9a60-5f00c15011e9,feba4503-b651-4391-be21-c87cd7e945ea,157.81,UPI,insufficient_funds,44719.15,0,0,retry_later
934fafa5-5a8f-47df-a0ff-4cd98a6ab679,e40428df-54bb-495c-a717-e5437d355c0e,3382.0,Credit Card,incorrect_pin,16051.08,0,0,retry_later
f01c4e99-199e-4043-8ae0-de2852a709e6,f2086dfb-1fa7-4a9b-976e-00bfd844b65b,9597.86,Debit Card,incorrect_pin,29684.38,0,0,retry_later
8b89de57-d2e0-4bae-a9b7-2f6edb2400cd,aff1b1ef-9397-47e8-98b1-7e990aead6c2,10205.34,Credit Card,insufficient_funds,9193.66,0,0,retry_later
ea8aff0f-d2d9-4491-8f01-af91cb788986,0d1ec78a-ba88-42ed-be68-aeebdaeed1d3,5039.76,UPI,gateway_timeout,47442.29,0,0,retry_now
125ab20f-632b-46f7-a67e-5552b71b1a18,566ed0e3-96e9-428d-8c8f-3473bec3d8df,372.31,UPI,risk_flag,48143.12,0,0,give_up
3e73cea6-aecc-44ab-b386-e4aad9ca8fba,b0c24e32-7def-4b20-8b5d-5d0d5adeb9bb,13957.86,UPI,gateway_timeout,12820.28,2,36,retry_later
a2ce7a4d-5c30-4d6e-be85-0e1388722e37,fe23442c-575d-4c55-8f3b-7d65164b2ff0,2026.54,UPI,gateway_timeout,43714.83,3,344,give_up
8a969db3-2fe6-414c-b5e2-3ad7503780cb,7714d62b-9ae5-4465-aab4-b4313a2c7758,366.41,Credit Card,insufficient_funds,28651.4,0,0,retry_later
405f733c-313e-4e6d-90fa-ca0f5034da3f,d665ca91-5270-4815-961d-47ea057150bd,7336.08,UPI,gateway_timeout,2778.93,1,1335,retry_later
59ac7a67-ce84-49d8-9190-de494bc5592f,3c06efcc-bb97-4baf-ac3c-7ebcb4e77ad8,5466.77,Credit Card,expired_card,18415.52,0,0,switch_method
a61da267-085d-4bad-9078-d04f4e959aca,a4cf2ac7-7980-4f0d-bd3f-44fb1ffe05fe,11471.63,Wallet,insufficient_funds,35863.18,3,1066,give_up
73f026b9-3630-477f-80a2-a1a962624d8f,c797d1df-fc17-4b6e-87df-ced9573fe98d,3224.73,Credit Card,expired_card,47255.88,0,0,switch_method
160d8e77-3d85-4d75-9fb3-9ff50ccc3806,e56a6a69-d5a8-4d19-b250-70b89430d774,10194.11,UPI,incorrect_pin,49629.49,2,1190,switch_method
53261387-7b2f-4248-bdf7-54b2ae18e099,6dc98a1f-bc94-4e74-a68f-aa7d934195fe,14019.03,Debit Card,expired_card,19118.23,0,0,switch_method
6f002295-1883-47fd-8306-5cb9ce3893e8,07863996-aae2-43ab-bf8a-2c52ca4d8990,7062.87,Credit Card,incorrect_pin,28240.92,0,0,retry_later
0a383eca-cdfb-4377-9911-673e6a6d8eb5,4c2459bc-a1ca-436e-a656-212d74726fd1,2096.43,UPI,incorrect_pin,29447.18,0,0,retry_later
232a6053-5ae0-4cc2-96b3-ca58a204fe65,5e5de40a-76a1-473e-8715-a328f6a143c6,13634.22,UPI,gateway_timeout,4959.73,1,26,retry_later
e372680e-7c0d-48db-933b-7e743fda8aad,e1ce83a7-92eb-41eb-8e69-7c2cfde529bb,6562.49,Debit Card,insufficient_funds,37428.24,0,0,retry_later
cdd1e07b-5448-413f-b407-6f1ca9d1cbf9,813fafa2-0adc-4302-bd61-7fdfe138e827,232.89,Debit Card,incorrect_pin,29889.79,4,908,give_up
38750e39-3424-438d-a56a-e135fc4be751,4f946699-20be-4335-b9ca-220a2fc4dbc9,6844.18,UPI,gateway_timeout,14892.37,0,0,retry_now
67756a9a-14d4-4076-a1ab-2db41fab986b,bf1c9255-abdd-45da-b6e3-9737b2b59b19,1034.54,UPI,gateway_timeout,36270.61,0,0,retry_now
b8159874-429e-4d63-90b2-7fe9d9095e4b,e63a1633-3ac0-44a6-9f0d-7b54b0cc4edc,7173.58,Wallet,risk_flag,48393.0,2,1435,give_up
33d4ea18-ea02-477c-98d1-e2917e5da595,71349465-b360-4553-bc88-7f4a45978ede,3962.5,UPI,insufficient_funds,2490.39,0,0,retry_later
2c10a0b9-52e9-44af-a98f-0e193aad906b,ff2b2889-e0e6-4458-bb9d-481248cf8575,10920.23,UPI,gateway_timeout,16316.01,2,975,retry_later
b47b8156-1963-4a47-891a-45f8ef34c428,1d72544c-1d8c-4c4f-9c07-909a4d099510,11433.45,UPI,gateway_timeout,47008.8,0,0,retry_now
59018aa7-80a9-43a5-aec1-255c7009185c,359c91db-ca58-40a9-87d2-aedac1e17a5b,3642.46,Wallet,insufficient_funds,557.73,0,0,give_up
e4f92aa8-74d0-4eec-a72b-69a80843fb52,93afd28a-c986-4dce-877c-55cb485c7af7,10409.43,Credit Card,insufficient_funds,44390.91,0,0,retry_later
ae762675-1772-48d0-b308-cb7a4a6f89fb,779d42b1-b995-4c56-9846-ebf1cdb186d2,9513.67,UPI,gateway_timeout,8852.07,0,0,retry_now
de24d951-cd85-4415-b42e-294d50fd21f4,9c27831d-1a52-4e05-83b7-2a53f0456a22,5469.39,UPI,incorrect_pin,30525.66,1,780,retry_later
f20b095e-dc46-460a-b7d5-9121ee41e299,5e2ea481-23a7-4b23-a682-c3e1e58dc021,2489.36,Debit Card,incorrect_pin,9758.73,0,0,retry_later
a03580d5-edec-4fea-8510-822f98c0d6d7,303ee607-89dd-41ad-ba68-2521d6c3109a,8698.37,Debit Card,insufficient_funds,22577.32,0,0,retry_later
1c652e10-4860-442e-8d9c-1c092c8cbf61,86a2271f-6e53-471c-bcfa-488ee3d85db1,6402.39,Debit Card,expired_card,768.31,0,0,switch_method
94d77f5d-3a79-48b2-b0bd-eee4156457b8,7e393c6d-154a-42c9-ab36-9777fb1e2643,9701.56,Credit Card,incorrect_pin,7703.79,1,436,retry_later
3adc6d00-23a6-4fc1-b44e-f689cfec7c51,59de2a5d-663e-433e-a6dc-f4982a866d28,14018.71,UPI,gateway_timeout,9301.7,0,0,retry_now
c76c67b3-792d-494a-a7df-dc829a654c3a,cc0092a8-306b-4b72-b018-533fc6d29b71,9690.4,Wallet,risk_flag,13025.87,0,0,give_up
562bb7ce-216d-44e4-a3c1-c598637f66ce,f08a0b60-3ed0-4a7f-9fe5-f6e4be63e857,7441.05,UPI,risk_flag,49981.78,0,0,give_up
da01ec96-b152-415e-8c75-f1255a4813ad,f2f1dab2-411c-4f0a-adfa-edfbfe5fa848,10022.37,Debit Card,insufficient_funds,13500.1,2,1212,retry_later
bd03d8ea-709f-4f57-a441-84c0be3c8183,d024850b-738a-40b0-a5b8-413b49440b82,7541.02,Debit Card,expired_card,47952.2,0,0,switch_method
1a99421e-6acc-4f1b-8d1f-23a24652b86f,1efe3e64-2723-4000-9bb5-b56548d67470,9492.57,Net Banking,incorrect_pin,33466.56,0,0,retry_later
375ed049-c9c8-4802-9673-d9b39978af75,74da2a8b-1676-4ce7-9c50-fab25b34951e,6504.43,UPI,incorrect_pin,25454.17,2,575,switch_method
e4709bc5-0eef-4df9-93b8-e48b1da1501a,af9d3402-6ecb-4cf8-b860-30a202291521,6133.23,Debit Card,insufficient_funds,17043.83,0,0,retry_later
19b93331-9230-42d5-8ae5-e83861e15423,17d4e513-5724-4920-b2f0-7f8deeeb7f8e,12560.23,UPI,gateway_timeout,17560.85,0,0,retry_now
7001e03d-994c-4ee2-9cff-67fc9c81509d,7b637013-354a-47f4-8257-65cb5ac12086,4376.18,UPI,risk_flag,4428.41,4,1359,give_up
69696717-5de3-4140-8c9d-406dfb38408a,3080693b-3c21-42aa-b923-9f543a5d5c1d,1778.51,Debit Card,incorrect_pin,37875.49,1,932,retry_later
e163771b-4419-4e42-ba9c-872d3292a9c4,4c04c522-b4b2-4e28-873d-4690608b848a,3033.48,Debit Card,incorrect_pin,35015.32,2,787,switch_method
bde50747-9496-46b8-9349-7fc67ebef4d5,dba9b848-f27f-41da-a715-caf673e3be7b,12251.14,Credit Card,insufficient_funds,5337.82,0,0,retry_later
34ca0456-4ac3-459d-9709-9df5f0593b40,5e235166-ea6a-4e0f-ad9e-72ec3e156d96,1605.65,Credit Card,incorrect_pin,9212.47,0,0,retry_later
ecc834e7-e2d6-4bf7-9662-6a75ffdd4e0e,71e82db5-d5d8-408b-a124-829b5bcdcec7,8238.79,Wallet,risk_flag,48083.34,0,0,give_up
666a96d8-8d93-43c7-8937-618cabace50e,2bba4827-bb2a-4fbc-ac65-c8a08cf8f3e0,11581.75,Debit Card,insufficient_funds,19910.5,0,0,retry_later
f4b2f918-f73b-4d67-a234-2aab25d72420,9f462cbd-4d8d-4809-882b-6770bc3d05a2,8255.08,UPI,gateway_timeout,26134.86,1,213,retry_later
6ba08233-981d-444e-a318-8d86296760ab,770ccb6f-db32-4792-89e1-79337887fc4a,813.89,Debit Card,incorrect_pin,46891.36,2,1212,switch_method
71b023e8-3b73-44ff-bc12-cc0d07bfed63,c2bf119a-625c-47d4-8853-f4c8c0fbc8d7,8356.41,UPI,gateway_timeout,14029.51,1,1136,retry_later
6685bafe-dd6b-4652-99aa-96e09d2260d3,056e30d3-4a8a-4286-81e2-1c243cfcf6be,6910.46,Debit Card,incorrect_pin,20562.76,0,0,retry_later
7d211356-7e74-4a6f-bc1c-e26ce96f91bf,1371f9ca-8766-4c21-b7aa-eb41356c357a,2952.35,UPI,gateway_timeout,40838.38,0,0,retry_now
37d31b7f-b0f2-4457-b700-9f037b461e5e,78976ee4-35e1-4eb3-8255-07b434f945c2,10907.04,UPI,gateway_timeout,23609.89,2,1158,retry_later
4fd29596-24a1-4237-b03b-6d3ba8732521,8e2c7ad2-ac2e-4fbb-ae2a-57b2d9b0b4c7,8161.0,UPI,risk_flag,22486.27,0,0,give_up
ba565f14-dd46-4c10-b5a4-03c86624a5d0,0d832e82-4649-4a6e-824a-f0081714e6d9,5815.49,UPI,risk_flag,4038.96,0,0,give_up
548e07c3-74e3-4303-bad3-f6e44a69812b,f618adc6-b83b-4d9c-889f-6236f9b1f09f,4275.26,Credit Card,incorrect_pin,2774.2,1,65,retry_later
5409d2c3-391f-45d0-a6a0-cedd7192f3a0,b2bd55ae-6f46-4d21-9580-b2b37661dd68,12643.38,Debit Card,insufficient_funds,34533.4,0,0,retry_later
a12913ae-1db8-4e6a-982e-ff2bc430aeb6,d7e65f34-271a-4f87-970a-859c7465f9eb,1988.43,Credit Card,incorrect_pin,24730.9,0,0,retry_later
851eace1-90c2-4dff-a118-27df6d3ebf27,1f664811-d540-43c1-98a6-e28e7298f86c,11850.12,Wallet,incorrect_pin,29437.97,0,0,retry_later
3443344f-6b93-497f-9ece-18a28e11728d,d156f3f7-d929-4cec-b5ff-ee8f5684dc37,6223.67,Credit Card,incorrect_pin,23690.42,0,0,retry_later
0a22e0b8-08bd-4ba2-a2a0-5482ddc4a4ae,f1a6763f-9a98-4bdd-982d-51fe3b7437a9,3044.91,Debit Card,insufficient_funds,32565.99,0,0,retry_later
d390662b-4452-4c12-af96-ef567f43d7a7,3583cdf5-8ef5-404c-b3ec-25173d4a6d4b,7432.62,Debit Card,expired_card,5319.42,0,0,switch_method
eceadf26-c344-4b44-aa6e-06021f537948,82a6ce6a-e9a3-4190-9260-aa7d961d3fa0,4879.11,Credit Card,insufficient_funds,29745.8,1,1007,retry_later
2156fe5d-437a-4b84-a050-25252095ca31,9ed47e02-e345-4fb9-b1f4-993dc05526d4,8660.39,Debit Card,insufficient_funds,21014.51,2,370,retry_later
737fb8d0-7354-4eb0-8fc3-0066f176bdf6,2c4b9d7f-7b25-4df1-a611-1c7ecf529f81,6318.44,UPI,insufficient_funds,29231.1,0,0,retry_later
8effd5d0-18fd-4dff-b0fc-48837eb4e4b3,7d5e8424-97b8-44ce-9cf1-a02c9ac951d7,396.85,Wallet,gateway_timeout,9905.21,3,415,give_up
95a852c9-6bf0-43d2-9ada-a5501415a5be,cadce50c-e1c2-4b7b-83d9-6ccd844260cf,13677.48,UPI,gateway_timeout,48299.72,0,0,retry_now
0d147093-f99e-4f74-bb77-207f3d633884,f13d1778-bc6d-4144-a825-387f9efefb4f,3345.59,Net Banking,incorrect_pin,46455.82,0,0,retry_later
407db9be-b1e4-4d9e-96de-aa215fcbd6ae,50aa5463-18c3-4353-9010-a1f59e39bd83,2815.41,Wallet,expired_card,27345.81,0,0,switch_method
4c078a53-1fd9-458f-ac67-8b18f6d473e5,8f33a25c-9942-4625-96bb-7ffe1ccb1a66,6122.03,UPI,risk_flag,8132.69,3,929,give_up
e110f264-3eae-4330-b5d1-cfbd33c167e4,081bc15d-fdd3-49ed-8265-0de6b3e5afb6,5315.05,Debit Card,gateway_timeout,24268.62,0,0,retry_now
59a4e5d9-7428-4628-853a-fb0d0679b9a3,d12f2d9b-5ac0-44fd-8225-4355f860a37c,9865.84,Debit Card,insufficient_funds,28845.48,0,0,retry_later
cca5d48c-c5a7-4cbb-ae55-84740b52a35c,9c7812c8-0693-4908-a0c5-63a6286f3456,10028.73,UPI,gateway_timeout,12330.87,3,1145,give_up
29c693ed-2405-4e4a-bb14-d679beda6859,96ec5a3a-1604-4f80-b81b-e58faf59f86e,8544.33,Credit Card,risk_flag,22896.23,1,1349,give_up
ef858d0b-f33c-4e18-bc14-f5f6042044bb,8889eaa9-68bf-40a0-8aa6-a6bc98e4dff7,10351.43,Debit Card,incorrect_pin,20011.74,0,0,retry_later
5f1e8dfa-b96b-455f-9444-002d53d76056,01d20b07-b761-4f78-a0f9-b84473fb7a4d,12022.57,Net Banking,incorrect_pin,12686.46,0,0,retry_later
acc70c5a-fd2d-4efd-b82a-f10028daac37,a227d43a-f043-48d6-b4a2-703ea1fa65e0,12537.03,UPI,gateway_timeout,29819.27,0,0,retry_now
cd9add2c-4817-4993-ab08-e272143eac9e,af88d034-1e75-4ab5-bb13-2440fcc72206,8825.7,Debit Card,expired_card,44537.28,0,0,switch_method
afe35a2a-1b4a-44d4-87b7-909184c6c709,1252e807-4f00-47dd-9d61-5728da461e3d,794.71,Net Banking,insufficient_funds,15739.28,0,0,retry_later
9256cfff-9af7-4629-9095-2aed23354b71,1b2223ff-2710-482d-8b1b-3c93d3db8156,14904.6,Net Banking,incorrect_pin,33794.59,2,618,switch_method
11d1ebb5-4d10-4c1c-83b2-2e90e0b02a71,64074c37-ee3c-421e-8a79-a3609891eb4a,13125.91,Credit Card,incorrect_pin,12683.47,4,1270,give_up
631e9404-ba0e-4c33-9ded-f4f9af7626ef,71347dee-e5d7-4323-956a-7fc5209967f3,13431.99,Credit Card,insufficient_funds,1553.08,2,1238,retry_later
be6d8deb-c3f3-4f7c-98e5-7a845fc6b9f5,08991762-98c0-499f-aeb8-af1f92037cee,8501.33,UPI,risk_flag,23016.35,0,0,give_up
67b48d13-b1df-46eb-8231-0dc2f198f671,040485b4-63b8-46c7-9517-a007fdb5551f,4101.03,UPI,gateway_timeout,774.12,2,1318,retry_later
403a95d8-fdbf-4975-964a-a93e549cee0b,46db09e7-c461-4f04-9487-03e48eca4066,4017.27,UPI,gateway_timeout,4708.48,0,0,retry_now
36ab9503-766b-44f3-9baa-3d9e1e499387,0182bf70-f652-4dd3-8a02-067d95dfaef5,13308.66,Credit Card,incorrect_pin,48421.56,0,0,retry_later
cff59aaf-424b-4aee-a2ed-37c4d4b93fe8,15a0bd79-200f-4878-8de2-3258c972f8c3,4674.39,UPI,insufficient_funds,23057.09,3,676,give_up
a34bb630-9418-41fa-a7e8-3ec99d58facb,545d8808-bebb-4aeb-b9da-f88ffe265fcb,2009.38,UPI,gateway_timeout,1154.27,0,0,retry_now
5b9e84b9-a739-41a2-b4aa-ca93e035a512,b8ee5220-6d39-47cd-8954-a2f82a2775eb,8994.69,Credit Card,expired_card,17318.18,4,918,give_up
91cda9b7-a988-4769-91ae-ac006bfa0e68,15711ed3-0290-4a41-bff0-40a8d466e88e,4086.76,UPI,gateway_timeout,12579.95,0,0,retry_now
9d6f02f5-bebf-4cfb-8e48-40384ef0a3b7,021cb1e4-9dd3-4af9-8a02-f0ca249a1839,1237.1,Debit Card,insufficient_funds,11070.5,1,502,retry_later
c50ec456-45c2-4874-8139-ea8506a71297,e75b9d60-f48a-4f6b-b72e-102772ef5c90,5530.26,Credit Card,incorrect_pin,45579.84,0,0,retry_later
9541301e-13ae-451d-aa1c-a7a06b88d88c,5fa9f454-fbb4-4042-b7cc-b624cad9bc1b,4114.9,UPI,gateway_timeout,20411.09,0,0,retry_now
f687ecb5-e391-402c-8ed2-1d51998111d7,86f24a32-183b-4643-a217-5157926fad0a,5730.5,UPI,incorrect_pin,16477.11,4,1288,give_up
8aa19891-240d-4652-9a9c-905917ce4ccf,28614ead-fadb-412d-891b-f7258f338200,1587.58,UPI,gateway_timeout,38471.83,0,0,retry_now
09b21dc6-0955-4911-a417-8f5c84195f78,fcff719f-626e-4f30-8ac7-de74933d16e8,7064.17,Debit Card,incorrect_pin,36723.42,1,654,retry_later
d15b059f-e4c5-421b-842b-edf42ba17f31,ae126cf0-c524-4d36-9c29-6f7207849d17,10972.86,Credit Card,gateway_timeout,41313.46,1,574,retry_later
a28cdcee-02d7-418f-b1e0-83d0b156b767,e9240d43-d72e-4941-9918-9621949b817e,14540.06,Wallet,expired_card,17651.21,0,0,switch_method
3e1a3176-aa3e-466e-948a-2ad63f984c61,0eeafbc5-b412-4c63-a101-93d3997993dc,13467.48,UPI,gateway_timeout,1205.59,1,1359,retry_later
f2514ca5-71d5-45da-ab3f-52e72aea65cb,38a169c6-b5b1-42ec-a4cf-c3a9646d8b10,2594.89,Credit Card,expired_card,21171.26,4,663,give_up
7c197d81-8e81-43dd-9353-d6935330ac8d,100d7c64-71ab-47d6-afdd-3dcaa2932134,3079.97,Net Banking,risk_flag,37304.11,0,0,give_up
3026cd79-5698-4cff-bab1-19e73f1c6735,d923f67d-e085-4507-ba40-ce59d857ca9f,12534.68,UPI,gateway_timeout,36123.07,0,0,retry_now
900702ac-c311-481b-9569-9e84a604115c,77adf331-f79a-47fa-aec9-52a657e90399,4329.36,UPI,gateway_timeout,38782.73,2,258,retry_later
030a55e0-3eab-468c-970b-10c0771f9a17,0f1362a9-ba13-4685-808d-c6acbfe0fc6d,9913.11,Net Banking,expired_card,12799.25,0,0,switch_method
d86abb1c-935d-40d0-b7c5-690444192d01,c67a96ec-5111-4eda-b7da-f1df03c9c4d0,3074.79,UPI,gateway_timeout,5820.14,0,0,retry_now
257385ab-b8a7-4916-a1a2-6c317977b2b4,79b1b474-b239-4f75-a544-0d808ce8ea62,223.28,UPI,gateway_timeout,7998.15,0,0,retry_now
56b421c5-d463-43b1-9a96-e2899bf4b3e3,b412a363-68af-4a97-89de-73f58a287e7e,6508.84,Debit Card,expired_card,36976.22,0,0,switch_method
fba31292-070b-4567-a1fc-4f91101bee12,ad3df564-d725-4312-b134-f35053650560,723.75,UPI,gateway_timeout,37844.18,0,0,retry_now
cf768fe6-7000-4144-849e-fdca73292551,a191588a-f9fd-4843-8072-88a5350e9257,12523.63,Wallet,expired_card,16237.53,0,0,switch_method
1ea7100d-5e4b-4507-9dc0-82eaa3a009f6,451e0b2d-b44b-45a9-9a26-0d7a1012ec37,3139.1,Debit Card,gateway_timeout,3084.01,0,0,retry_now
53727f9f-5c03-4fe1-90cc-23a28440c417,69595c77-9b90-48cc-8a60-9ba78a1c3475,14155.07,Credit Card,insufficient_funds,35900.31,2,1033,retry_later
158beac7-264b-4787-8bd5-6bbfd460e827,3adc1559-0597-44fc-a481-eb63da8affbc,4112.77,Credit Card,incorrect_pin,14002.66,0,0,retry_later
a1bba9d0-249d-465a-9474-688ca6812589,ed28813f-36f9-4865-b8a9-b4a51024af9c,8540.31,UPI,gateway_timeout,31690.77,0,0,retry_now
73d8435c-483d-429b-8c1d-fdf8e363d77b,964e4843-75e0-4dc9-9f01-5382d55b3f98,13784.35,UPI,gateway_timeout,26772.92,0,0,retry_now
7cc1c962-7025-4b38-b37b-4baf68f75ce9,b78cd774-e29d-43f4-97f8-c0ab412d3ebe,952.51,Credit Card,expired_card,17581.75,2,903,switch_method
41fdd9f0-116b-44bd-aeb7-3e24fd6389be,d11bc11c-6bbc-4f9e-a35e-e5c1ef622ebb,7326.02,UPI,gateway_timeout,16354.58,2,686,retry_later
9f2430e7-55cf-4f86-83a1-b1eb02193d57,e90c4609-4154-41dc-af37-2aa563277b92,14819.75,Credit Card,incorrect_pin,38069.43,2,30,switch_method
3a5dba9d-d8ed-421b-a4ff-87176295d289,5b08b6ef-4ada-41ff-b477-e0fd2a35bab1,14969.45,Credit Card,insufficient_funds,45575.77,0,0,retry_later
5469442b-a031-4c8e-bdfd-9a01437f91cf,bceac604-d1e9-480c-8170-b7ce5f446ed5,4415.41,UPI,insufficient_funds,41743.1,0,0,retry_later
8b0f413c-5c31-464a-b416-7447ca589e02,8857d8cf-b59b-496c-934e-15f66d820583,4295.95,UPI,insufficient_funds,46591.29,0,0,retry_later
49827810-62c7-4788-994a-04a5b7cd83ee,5410950c-a98b-466f-9e58-b7082e824383,4074.54,Credit Card,insufficient_funds,34827.35,0,0,retry_later
f3bc8b9e-db73-4a0b-ae43-022144c32fdb,88c38722-7f0a-492d-9f95-e1d924ddd618,5914.33,UPI,incorrect_pin,31823.54,0,0,retry_later
736b39bc-8b67-4760-b2fd-9a919a18449c,7bb5e6bf-4ed5-412c-97d1-7f89e6f83131,476.11,UPI,gateway_timeout,27919.61,2,868,retry_later
94c5525d-91df-4ac6-aee3-85b43bdaad97,5af5e235-057d-47e4-bd87-bc493c7b7ecf,3472.19,Credit Card,expired_card,13972.12,0,0,switch_method
44f9fe5a-a3f8-4ba9-841a-3a3ddf273f21,74ea5c70-31d8-478a-b353-61a36c60209b,11601.83,Debit Card,insufficient_funds,9358.66,0,0,retry_later
9a3a49c0-5415-4ba7-9ef2-b0f25b0421a0,9a079713-66e9-400a-9205-97cf2078c2b7,8311.07,Credit Card,gateway_timeout,42610.71,0,0,retry_now
1a0c2138-5167-42f1-a07a-0ac1e88e1aca,23040cbf-8223-40df-bc52-93b79b280d75,14287.24,Debit Card,expired_card,16425.45,3,1024,give_up
a4e03f52-6a3f-4e1b-84f6-e6bb82dc18ed,f3b6e062-444f-468c-8c44-fa3f355300b7,12317.87,UPI,incorrect_pin,1702.23,0,0,retry_later
a339c459-1aab-4efc-87ee-bcecd14c283f,91d32264-8380-4617-a9d7-a2503ec3f38d,3128.66,Credit Card,gateway_timeout,29689.87,0,0,retry_now
4c3c02d6-93af-42a6-9e9c-15dd151fb320,ba9980d7-e8c1-407d-ab98-84fc513c38b1,11389.0,UPI,gateway_timeout,26644.52,2,143,retry_later
fba4674e-52b7-45f1-a64d-e59ed1ecec6d,46ca628e-8151-4a6f-ab33-d97109ecf49c,4231.98,Credit Card,insufficient_funds,15001.52,0,0,retry_later
c559e885-b247-4f26-897f-c17ce11346a7,bfb89854-f55e-40ef-bac2-317e8ea91b97,3687.2,Credit Card,expired_card,13124.22,1,1299,switch_method
0fd24ac5-91d1-4c83-abfc-617b0ed5a452,35036013-1cf0-4084-b557-99148734d24f,9230.75,Debit Card,incorrect_pin,2670.69,0,0,retry_later
f074c168-af4a-4831-8c90-399d4a6f9d33,4a5c6d27-f37a-4800-abb1-c5fde2ee6dbd,7131.64,UPI,gateway_timeout,45232.8,0,0,retry_now
82b2fb6c-0fd9-40cf-aaa4-c2b393654ab3,5afd7a70-2c8e-42ab-9582-14b70beb5221,12515.83,UPI,incorrect_pin,15329.95,0,0,retry_later
f5970022-8d3b-4cae-bf42-737d7b7b6620,4689f538-62a1-47f5-ada4-b092a43e4d0e,593.05,UPI,gateway_timeout,5820.02,0,0,retry_now
354858bf-9e8b-4531-ba72-1eaf34b45163,4d3ccd06-b162-4480-96b8-8f55a1bebeb0,14175.64,Debit Card,incorrect_pin,14779.96,0,0,retry_later
c8106b11-468a-4df3-9f01-cd4a4e18822f,f58f2079-70a8-4101-ba6a-ad8abc839051,4466.79,Wallet,risk_flag,36834.29,2,1129,give_up
b10e01b7-c6b8-4c00-858e-e1e7795df023,6e8732ff-d78c-4021-8d3f-806bc4d0b51a,1968.43,UPI,incorrect_pin,33216.74,1,1104,retry_later
6b79d8df-0c3f-4bb4-b9f2-da2ef26c45b9,b1fabc0f-2daa-4d70-a6e3-fb790f23f8ae,296.27,Debit Card,expired_card,34223.76,0,0,switch_method
068a24ac-a692-4289-a602-363d7d0c7b98,915c635b-48cd-430a-8b51-62b85212e57f,1034.53,Debit Card,incorrect_pin,38306.09,0,0,retry_later
9e79082b-48a3-420d-9f91-690c0b63130f,55424b71-8903-494a-bd42-37c11389bcb0,5104.01,Debit Card,insufficient_funds,46184.47,1,667,retry_later
0b72f2c8-06a3-4ccd-a3bb-afaaffa8e575,497e6763-3fec-48cf-808b-841ecaa5fc94,6058.81,Credit Card,gateway_timeout,42959.11,0,0,retry_now
4ddcc27a-a666-4939-980e-4188c87eb790,e8849a9a-dd37-43d9-8b29-6643086ba1b7,5453.3,UPI,insufficient_funds,43580.84,0,0,retry_later
59b6463c-2746-4441-9d3c-8755276789c9,034ea2a1-f4c3-4ac6-a147-8f8207c7526d,8953.65,Wallet,incorrect_pin,42123.9,0,0,retry_later
272575c2-cf1c-434d-b925-f6d83f382069,dd1abfc0-d321-4d6e-b0e1-3f8f05e81c7e,9808.0,Debit Card,insufficient_funds,20204.03,4,443,give_up
f3f455ec-7439-41c1-bb6c-cc42f0dcc0d3,610a315e-e25b-43b0-bc77-fee8ead992f1,567.34,UPI,gateway_timeout,16002.77,4,233,give_up
360b7cc8-766d-4737-9eb0-1a0d35217c3d,e981db2f-42ae-42f1-b52f-23d7a6815a21,10937.91,Credit Card,expired_card,12204.73,0,0,switch_method
52b3f0ed-ba90-4929-aec7-b434c10ebedd,22a10bd4-8e22-4c40-9760-862048d2ca4a,13995.11,Credit Card,risk_flag,46086.37,0,0,give_up
b49ac97c-b69a-4492-81f0-14b2aea7470b,50a35066-a36f-43b1-b03e-b18261d4f85a,6757.36,UPI,gateway_timeout,45876.24,0,0,retry_now
c68812d7-d3da-4b3b-935b-bb5551391b82,2da4ae1b-1b8f-48cb-953b-41f31c114b76,6387.21,Debit Card,incorrect_pin,9967.51,0,0,retry_later
891d54f3-950b-4828-aced-1070d3a960e1,7057a93e-9e6b-4b97-9c21-7d2193373a53,7226.72,Debit Card,incorrect_pin,14116.32,1,1251,retry_later
c2db0237-193b-4c15-924e-bfcbc9e9aaf8,1e7e5a77-9590-4047-8153-6a51e9833dc3,9212.3,Credit Card,incorrect_pin,17812.65,4,94,give_up
af98b1fc-0897-4dbb-96c7-a9174e285e5a,c90cad6e-2dc3-458a-9e2e-508aa6b550eb,4045.46,Wallet,expired_card,36651.21,0,0,switch_method
8c2d3541-2700-4c4e-b09a-8e23583eeae5,f6d390cc-dfc8-4fcb-ab56-8752ba6cc9ba,12523.69,Credit Card,expired_card,21228.61,4,1166,give_up
847e59d8-c34d-473a-858b-a49c98e10e68,1e928437-3d6e-4d51-ab63-cc2adf7aa740,5985.63,Credit Card,insufficient_funds,25299.17,0,0,retry_later
dc8d4969-e4f5-4bf7-8b61-9bb2b9581c50,52b38af1-e404-4ee1-9420-c7d9d559e0da,6244.59,UPI,gateway_timeout,4938.45,0,0,retry_now
eb8cbb8a-8583-45a1-92a5-9c754b3cf1f6,c64e2415-5d26-45e3-ba1c-e0ce0a4f6f72,7958.41,UPI,risk_flag,37892.91,0,0,give_up
9e006d81-2ff2-4084-b489-aca7dded28b7,f732afdf-431d-499f-8979-b25939d81eff,12471.55,Debit Card,insufficient_funds,26504.42,3,630,give_up
7bf55e45-e2fc-40cd-ba5c-1aad647f1d33,3af0818b-49e8-421e-bd9f-72bb8f31783a,6740.21,Credit Card,incorrect_pin,18496.4,1,1320,retry_later
96e9da75-9277-4b85-9a07-8a25b0cc2710,2b57f352-8a01-4f43-a99f-a593c5280cb3,13304.73,Wallet,gateway_timeout,31741.81,4,318,give_up
09f86786-d6f4-4af7-b17b-17e3f28d2544,ab4b1ee4-4d3e-4dda-9a7f-a3ba6709236d,1765.44,Net Banking,expired_card,4943.65,3,1412,give_up
d6a86303-855c-47ab-9fc6-ec2045cfd36c,b189f746-8f87-4dc9-9954-70f41a2e653b,13441.47,UPI,gateway_timeout,41582.0,0,0,retry_now
90268d53-af4b-42ba-b948-d406304a6d0a,49a95ada-6aa7-4615-a894-9c196884986f,9332.01,Credit Card,insufficient_funds,8713.93,2,392,retry_later
ba7a290e-efc0-4cef-b459-b89802d8e8f5,f3b35fe8-7273-4b6e-bb03-0c2a6def6b11,4614.18,UPI,risk_flag,21184.66,0,0,give_up
e58ce968-70cf-41c4-a239-a2074d57c10d,0234c9ed-b8e1-4d23-9466-857d747ce6b5,9410.8,Net Banking,insufficient_funds,4059.39,0,0,retry_later
55b39d6c-2c1b-46ea-9771-bdbd25e1de0b,874d388d-325d-40a0-89fc-39aa61e95de8,10298.72,UPI,gateway_timeout,6669.96,0,0,retry_now
f591c2e4-9a70-4ef6-963d-c8a85b1e263e,c2574dab-988a-41a1-a4fa-d3ca86c320b6,14978.42,UPI,incorrect_pin,10774.1,0,0,retry_later
f05ece2c-075f-4942-923a-1089549d4e74,8a0fba12-3d7c-46fb-be14-baae36fd8dfa,10894.33,Credit Card,expired_card,30493.44,0,0,switch_method
723dff2d-3b08-4432-9aac-38ba73792bf0,bffddac7-67db-4367-92ac-42d1e0e95eb6,8369.06,UPI,incorrect_pin,19456.15,1,330,retry_later
be127484-e7bb-40f3-956e-2b22c7f5d062,158ba562-bece-4afb-8323-e441e595db52,8608.03,Credit Card,expired_card,12484.02,1,1363,switch_method
186da2fc-6e8e-43db-97a1-c2e545c5d351,83ca6878-3148-45db-9fd5-d7ccd6080bb5,11806.48,Credit Card,risk_flag,20785.18,0,0,give_up
004f554a-2d73-4f4a-8181-801b3a6d7cc8,51150b2e-69f4-4c13-a3dc-906ffe0e8a7b,4068.3,Credit Card,incorrect_pin,19929.98,0,0,retry_later
460be9ff-3ceb-4e09-8a84-edf2683b01d3,890e9959-ea73-4d23-95fd-e834b2cd5c0e,7716.16,Wallet,insufficient_funds,16195.27,4,302,give_up
7128879f-3bad-43f5-a852-1dce4f10a954,bde3697f-66df-453f-a5f6-b9dfb02fda96,5100.2,Credit Card,expired_card,8019.69,2,278,switch_method
51655d8e-c420-4060-902c-3a8a1a065088,0e5866d3-afa9-4599-883f-258979ad8d0c,11103.14,UPI,gateway_timeout,19078.72,2,379,retry_later
e29d0b7c-3175-4342-aebf-6891ff7dd9f5,9176eba1-5686-4a3d-a22a-4a6c5553655a,6054.41,UPI,incorrect_pin,46789.84,1,527,retry_later
648ed1f8-9981-409a-8a88-4142f9eb1d21,62a17b86-5d3a-4e3d-a2a7-bfa8eade73e7,1667.58,UPI,insufficient_funds,37823.88,0,0,retry_later
f676b3b6-61a8-4da0-aa46-132f9ca2332b,8963a2c7-581a-4121-b916-f6d0b8876607,1264.38,Debit Card,incorrect_pin,48570.09,1,1057,retry_later
9cdae584-4228-4c38-9b1f-5cf7ef21d61c,ade9044d-35f9-4a9c-a15b-492dc8ffef79,8206.34,UPI,gateway_timeout,32266.54,0,0,retry_now
3ee2a246-8ed9-448c-802b-74cc7200d238,f19a9cd9-f2eb-4629-ad45-74479bc23f8b,1105.15,Debit Card,gateway_timeout,5098.42,0,0,retry_now
b90b15b0-af82-442a-bd36-8f8e95a2e5ac,81a571e5-674a-4da7-9cb1-64c5242fc4aa,1835.28,Credit Card,gateway_timeout,2150.11,1,1305,retry_later
d621ed96-b7fd-4030-9040-0b0998d72df5,151d4bb4-5ced-4114-8758-24c471d9df11,9107.76,Wallet,insufficient_funds,33956.44,2,526,retry_later
bdfe414f-4421-42bf-9a17-258326481f61,71a31dfe-be1c-495c-816d-b0063905ab32,5039.56,UPI,gateway_timeout,15844.28,0,0,retry_now
d030529d-4c73-48b0-97ed-ebf28616c39c,488e2f4f-df6b-48ad-a740-05a95988ed3e,1673.23,UPI,insufficient_funds,2324.8,0,0,retry_later
8e4e260a-5b2e-475b-a890-bd7de5d06473,4ccb2c31-3143-4490-8efd-a255c204f6c9,12127.65,UPI,gateway_timeout,44400.44,0,0,retry_now
11c5f7f9-2322-483c-9b18-4ffabfea7f72,b391980f-ef80-450c-a34e-1b080a579b73,13565.95,Credit Card,expired_card,1838.89,0,0,switch_method
4956d40e-974c-402e-ba87-eb6b697b71b7,1538f89e-de22-4ccb-93bf-75087499ebe5,7437.91,UPI,risk_flag,15278.15,0,0,give_up
3e38baa7-4eeb-42db-9c55-64503defd8c3,2c490426-75b1-4fc4-8ab3-8246821013f5,7655.94,Credit Card,insufficient_funds,36993.29,0,0,retry_later
70d26591-337e-46cb-9f47-b8e3030d235e,fc82c037-2e30-4695-b322-746c91f177c1,7930.0,UPI,gateway_timeout,26277.48,2,820,retry_later
777747c8-9317-4340-87b0-b13278eca788,e9d29134-4620-4fd4-9fa3-d0f86f3f4df8,11956.84,Debit Card,gateway_timeout,43639.82,0,0,retry_now
3bd15b94-83cd-4175-8deb-f2c5e80089b1,bb9415b9-2093-4f0f-a437-1072d1b97169,5781.77,Credit Card,insufficient_funds,32811.4,0,0,retry_later
aa7f366c-fc07-47f5-9537-4eb3b8dc97d9,d0cb144b-a15f-4ac2-b608-ae789ab22558,11832.41,Debit Card,risk_flag,18877.27,2,1220,give_up
ea354836-081c-4bee-bd9e-884c4b1e4707,6b0ceaed-80fc-456d-aedc-973671e2c918,12834.11,Net Banking,incorrect_pin,41920.64,0,0,retry_later
d20bf846-2fdc-4d62-a5b5-36e9a67fb5de,c202b12f-679c-47d4-82e0-0fe2d22694a8,13932.77,Debit Card,expired_card,10873.1,0,0,switch_method
4ff35afe-d2c0-4563-9fc2-da7068faa7a2,7f312893-dfbf-4921-a2e7-cdd44eab5a63,12288.76,UPI,gateway_timeout,14667.8,1,536,retry_later
77efa911-026d-408a-9d87-65bc87b50e63,bb3b68af-4d26-4982-9f7b-34b334b2ca3e,11410.77,UPI,insufficient_funds,3568.35,0,0,retry_later
82d9e287-1929-4ce0-a9a7-7e2def359ba3,42cedf4a-bece-4a10-8499-3403afc6af72,13662.17,Credit Card,gateway_timeout,46447.34,0,0,retry_now
1df1f732-76a6-4e2f-8999-99c6e44dc99a,479320b1-108e-493e-aaad-5a91611a2bc7,9209.55,Debit Card,expired_card,19055.47,0,0,switch_method
1083b0bf-91f3-426b-98cd-81af3e3a6041,97a6b8aa-b157-4f1f-9c3e-a5b58387d00b,12318.64,Credit Card,incorrect_pin,49309.02,0,0,retry_later
d673cf8b-c77d-4007-800b-00e9e103ede4,e2482f6b-35c2-4bca-831e-43aef50408ed,5292.94,Credit Card,expired_card,5008.47,0,0,switch_method
f8fb75f5-4e64-4f7b-8d2a-fbb758e8e021,8fa931fc-8102-4d53-b496-cf2cdf6fc0fb,8710.47,Credit Card,insufficient_funds,17959.67,2,78,retry_later
37fb4304-1ed8-4790-8569-57b4cdbb364a,f9c3dbe0-4a6e-4af8-a490-4c748912e5af,14254.76,Wallet,risk_flag,30434.38,2,1289,give_up
99b597a8-e308-474c-8ba1-31ce437d0640,0e3017a4-e1b2-4be5-86f5-9b4b1214ccfc,13378.16,Credit Card,expired_card,26924.83,0,0,switch_method
92d7f088-04bf-4a01-aaf4-a8ccd3afcc26,f0009721-d1ab-4eac-b317-be6240ee9ba1,10440.08,Net Banking,risk_flag,15270.53,0,0,give_up
6b02dc11-2594-4eb8-a463-425c28defd54,3ae3118a-01b0-4390-8467-982425dea227,2175.69,Wallet,incorrect_pin,16835.28,0,0,retry_later
43b53e74-3fcd-42fe-8bd9-6f22a4e09ca7,badc0aaa-7f12-4258-97c2-fe1183a75109,4650.44,UPI,risk_flag,10990.04,0,0,give_up
83da8c34-56c7-46e7-b759-299ffdfd3fa9,f490b310-36b0-44ce-a7c5-7ea16de27305,3559.6,Credit Card,incorrect_pin,8212.05,0,0,retry_later
3e1105a9-7118-41bb-910f-7109d7572a62,e7fb5c7e-493c-43e4-aa0b-be3ed5a93842,891.35,Credit Card,insufficient_funds,23193.26,3,1048,give_up
a4e1f9df-d274-4531-804a-4ccb09462b83,206ce0b8-62d7-47e2-834f-df302bfe345f,4292.12,UPI,gateway_timeout,8660.92,1,793,retry_later
d72eebd8-1ed0-4af5-82fa-3dfa2e445620,80d5309b-4059-4dd3-91fb-57bae8ba6844,2703.6,Debit Card,insufficient_funds,5873.6,0,0,retry_later
0746dd72-c7a2-490b-bb2a-95ac5c695e5c,2e32b49c-e0c8-4494-acfa-2f72257b7fa3,1608.22,Wallet,risk_flag,24775.46,0,0,give_up
01553717-1b78-48f5-aef2-b7a7da5b65c3,379d450d-73e0-4f73-b85c-d87d8a70f79e,14951.04,UPI,insufficient_funds,47474.77,1,1430,retry_later
bc8a22f0-6f3f-48b3-992b-c2072e4b3464,ffb6159e-c8f5-4175-bc93-7e369cab6019,8420.18,UPI,insufficient_funds,26845.06,0,0,retry_later
9ca179b2-86d9-4371-bb95-ebe54c16dab8,647270ca-73e9-4d4c-be7b-e0ab110403ab,7784.04,UPI,gateway_timeout,6732.96,1,1212,retry_later
e879edc5-f74b-45f6-a3ca-6467ffc78889,7b67da6e-7f4a-4c8f-8c2f-a9f600754185,2908.81,Debit Card,insufficient_funds,48696.77,0,0,retry_later
30e22aac-c5a6-4489-bfb9-5fb338908e2b,add76dbe-8da2-48be-b66c-3c0d96edfbf7,7455.19,Debit Card,incorrect_pin,6498.52,0,0,retry_later
d02b500c-4814-4ad1-94ce-556f5a71403f,00ad184c-94d4-4f64-bb35-1e11ff13cddc,4124.04,Credit Card,incorrect_pin,40262.4,3,1139,give_up
7fbde387-6c78-486f-89a8-084e33e70b61,5874853b-2370-43d0-bc26-3a52fc73d5f7,6575.59,Credit Card,expired_card,16116.67,0,0,switch_method
e6244094-ab60-433e-ad74-8010353c6e35,d6ac780e-9bdf-4523-8b4f-a64eea1f9129,93.86,UPI,risk_flag,8232.73,2,49,give_up
e309de8d-cfab-4405-9e23-7dae23c3e4cb,025ed364-f07e-422e-a3cb-fde70f25fab5,6445.51,UPI,incorrect_pin,1834.2,1,756,retry_later
363b4690-e753-4bcd-a9e5-2444280de699,44ec3dd9-df49-4226-8fe7-c0888f7cc801,12588.43,UPI,gateway_timeout,40510.29,0,0,retry_now
392bcbe4-b284-42b5-87ad-06762b388e87,30597439-a69d-42e7-af43-ac3f441eda46,12250.47,Net Banking,insufficient_funds,3719.88,0,0,retry_later
1e1e0cde-05a6-4491-b9af-0424c2424ae5,ad329c1b-6958-4fba-bc55-4d5025c4f531,10603.19,Debit Card,incorrect_pin,33108.65,0,0,retry_later
4a79b934-cb35-446f-bfd4-dcaca953b069,92bad4bc-fb25-4034-8435-b5c48b450e78,14468.0,Debit Card,risk_flag,39924.73,0,0,give_up
fc9bbd5e-ddaa-40db-8b67-f0dc96d7eaf3,d8a09f10-cd5a-47e1-b24d-1fb78d720759,646.76,UPI,insufficient_funds,9763.67,2,409,retry_later
1c1fdb08-ab08-4cbc-918e-b43fca1013d0,7ccf2991-9140-401a-976b-7b2cea22c979,10569.04,UPI,gateway_timeout,48764.7,0,0,retry_now
768865fa-1a90-42d1-81bc-f550730f76ad,c3d25ac6-19da-4a9c-a41b-1612348f89ff,9899.58,Debit Card,insufficient_funds,36967.22,1,1309,retry_later
a24d10b6-ee1f-47c1-b0f7-5abb2c1ca4ca,e5553e73-5c7a-4686-847a-eb4bc73d09a5,2751.58,Credit Card,expired_card,49599.85,0,0,switch_method
c5c4a7fd-98a7-4422-986a-d50ae929595f,32616691-3fb4-4966-b1c1-e5db6e6ae709,1997.41,Credit Card,expired_card,23839.76,0,0,switch_method
fe12a363-c1fe-4e57-8670-af6f1454dc93,010fd5a8-78d5-4783-8c5f-148ef92c4f1e,14897.63,UPI,insufficient_funds,18673.21,0,0,retry_later
6fd304f2-ebf3-47bd-a791-65bb8544143a,fb3a6f65-423b-40e1-99c0-9044d2bef9fe,462.58,Wallet,risk_flag,2587.27,1,371,give_up
18abb100-3a0c-4aa9-8463-4e2ddaf756c6,3b273dee-a1c1-40fb-ad4d-a397bd473b4c,7738.05,Wallet,expired_card,12026.75,0,0,switch_method
4b471435-daca-46b7-b77b-3919ab525be8,dfbfb4e5-4e07-4b26-a9e7-d57519098451,13832.75,Credit Card,insufficient_funds,15477.66,1,677,retry_later
faad5b33-b0a6-4992-b401-0f401524052d,25c99cb0-a4a2-4d89-9826-08414bfccd26,1968.06,Credit Card,risk_flag,40297.65,0,0,give_up
86748f0d-cd06-407c-8c3d-a07aa25b46c4,273d95ed-215d-4afa-bf12-777003fe5dba,11806.54,UPI,gateway_timeout,9950.88,2,1021,retry_later
b113a41a-3fdb-4e5a-bf31-570af33aedf8,7971cec3-3d82-495c-afbd-054b6c64ce9e,8834.45,Debit Card,risk_flag,5003.23,0,0,give_up
f5d3e321-3456-4374-b543-c1a4dde49719,ec88dd70-1181-4b62-b86d-94798f8427d8,8908.85,Debit Card,insufficient_funds,614.53,0,0,give_up
b301823b-b888-4846-a6b3-3c2b41f81ae9,bb2f8d4f-5a89-43e0-a8fe-1ebe80afaa2b,13545.99,Debit Card,incorrect_pin,3151.68,4,1157,give_up
91305831-eda5-4fc3-a626-fdc9d2d27969,83ceb771-2baf-4319-8d8b-4126f44f3abe,13212.42,UPI,risk_flag,44465.24,0,0,give_up
72c677c2-a763-4f55-b68c-a0d591803f00,24f5646f-8f8f-49fe-b38c-9d4c3bd3425e,5358.38,Debit Card,incorrect_pin,26598.59,0,0,retry_later
a5207c32-49bd-4b2f-be2d-10c57e900ad1,52613a10-7a98-4e01-8b99-767518d81dc4,12138.46,Debit Card,expired_card,741.51,3,1164,give_up
d8274e8e-be42-41df-b5b3-929efe41c914,a9361db2-dd93-48c3-9aff-dc8b5f691b13,10901.81,Credit Card,risk_flag,39280.89,1,916,give_up
ebafcdfd-5be8-44c3-923b-180f46b0d301,c4b65e6c-19f5-4ddf-a9df-1f68dc7529e1,9370.13,Credit Card,risk_flag,16595.31,0,0,give_up
6fec3780-7bae-4eb2-a449-b175eef7318f,8c0e206f-43bf-401a-94bc-49a63832a918,9527.36,Debit Card,risk_flag,21333.7,2,947,give_up
2c03e8f8-927f-4c31-a25c-96395e7369be,6554b601-0f67-474d-b4ea-065fe228d6f6,10776.39,Credit Card,insufficient_funds,7.89,0,0,give_up
52d1cf81-c5f9-4cf4-80a7-4ed0957cead8,9d350c6b-f574-4c9c-80df-f2415a0fde2a,5975.38,UPI,gateway_timeout,28018.99,0,0,retry_now
1f9cd33b-a643-43ad-acda-dbaaadc40871,707d92e2-0b58-4994-8cac-0c4e9ce33b83,5061.1,Credit Card,insufficient_funds,24960.58,0,0,retry_later
2331e36c-abb0-413a-8e31-189c0e8ac499,6e407a33-148c-4029-8de0-787b7e8617c8,1833.06,UPI,insufficient_funds,34590.93,2,535,retry_later
f54f4327-713a-4b4c-be91-0fb0bcdb985f,c3f65be3-8a26-451a-b7c0-fb9bf9ca1081,14360.18,Credit Card,incorrect_pin,20100.42,0,0,retry_later
4e5cfe69-5135-47b6-babc-5d32838154ba,16d4d3f4-4045-4819-9124-916a00d4fdae,175.31,Wallet,expired_card,21494.14,0,0,switch_method
c40c0de6-b40e-469d-9108-f91536a230dd,993f8dc7-1b4c-4ec3-b216-d6f1cc80e346,9240.49,Net Banking,risk_flag,44194.61,1,785,give_up
29fce330-f0e5-4f4a-a145-e79ab955069b,fd4c240b-69ca-4d89-b193-807d06c145d5,3650.86,Wallet,incorrect_pin,28354.0,0,0,retry_later
c29e68a8-7368-483b-bd50-23bee0311fd1,fda16880-0503-46c1-84d5-b427ea47032a,1544.98,Debit Card,incorrect_pin,8840.08,0,0,retry_later
08ddeb62-96af-44cc-ae11-67ba46966564,de2e2836-665c-45a8-975f-e8046e7202a1,8908.26,Debit Card,incorrect_pin,42832.65,0,0,retry_later
44ccccc1-0585-4649-9dd5-8ca58985aa9d,eba21742-5f0a-4dd5-a103-ff7471e6ebb6,6605.69,Credit Card,expired_card,34303.66,2,474,switch_method
802b5cf0-7346-4683-8378-706065fba2f6,0685ca2b-847d-42b7-8d65-10b420dd13cf,7270.3,UPI,gateway_timeout,4671.59,0,0,retry_now
6165c4d5-f7a5-459f-bacb-77a208d39942,37141cc0-0856-46e7-a76e-ea0514880918,13869.94,UPI,insufficient_funds,42976.39,0,0,retry_later
07d607a7-a991-4770-a397-5c98dba1022c,9e4d73fb-cb21-4def-bb56-905ca8302334,10830.58,Debit Card,gateway_timeout,27457.78,0,0,retry_now
4952afad-c413-4e80-ad0e-0490dabb57c3,9099a9d7-9687-4fc7-a875-9c5fc70b864b,12667.04,Wallet,risk_flag,5877.66,0,0,give_up
719705b3-e095-4ed7-9f68-2b91d767d101,9e608620-4250-49d9-8062-ee0e66219c21,5408.37,Debit Card,gateway_timeout,35248.52,0,0,retry_now
b3364c0f-f4cf-4003-9b4a-766798bed9bf,44a9480e-2774-4593-bf20-cf0461f2dd01,13472.78,UPI,insufficient_funds,29455.82,0,0,retry_later
51ac624e-0adb-4626-8924-cf3e18dc741d,82e4d1bb-38ca-4d3f-93f8-dfac5e1f572c,6662.75,Debit Card,incorrect_pin,30933.84,0,0,retry_later
94a6cc3f-cf46-4ccb-972d-afd4f8d9ac27,49bab4de-1b1d-4c37-b823-cd5500d5feed,12624.66,UPI,gateway_timeout,18643.52,2,1168,retry_later
2649f1dd-95cd-4738-85c6-706287e4f3ae,8ac2d6f2-07fb-4eb7-85f3-274760ce1e42,4132.85,Debit Card,incorrect_pin,23393.5,3,1276,give_up
1f3bf0fb-a5bf-42ca-b43a-5d632b04d132,053557b8-d672-4e31-a423-28c70f29b8ec,6442.18,UPI,insufficient_funds,20075.81,0,0,retry_later
a89d8198-f2f7-4fc5-9a3a-49732d300af8,e1ba8064-3702-434e-a4e0-d0c21815c522,14202.4,Wallet,incorrect_pin,38736.08,0,0,retry_later
846512c5-f26d-4356-afe9-60628efb3713,be4c525c-519d-445f-ac55-cff2d8e43db4,14664.71,UPI,insufficient_funds,1889.21,4,359,give_up
0f0d40d1-d0bd-4a2a-85ea-3656503e626c,6659be49-b388-4f0a-9a7b-5626c1f7df53,9818.05,Wallet,gateway_timeout,15847.26,3,934,give_up
9df5f8f7-a97f-4274-b869-04a31e3fbbbc,3309e92b-edcd-49d3-860a-8cfa330c708d,1918.96,Credit Card,expired_card,5325.58,0,0,switch_method
a1fef5bd-4066-4a5d-b261-ecdec6d1d6bf,8aabc19d-a61d-4a8a-9440-41088e342c28,14397.92,Net Banking,expired_card,48962.41,0,0,switch_method
45a378c2-2e03-4640-9f8f-2efead2bee6d,a161f9db-4b9b-4c6d-ad0e-3a1a18aad85b,9368.11,UPI,incorrect_pin,10534.02,2,1430,switch_method
244332e6-3f4c-4b2e-b334-b30136d45e1f,e0c321a2-dde8-432d-a5e5-538c01248524,8658.06,Debit Card,insufficient_funds,20010.95,0,0,retry_later
1d5ee1f1-b290-48d9-b838-a28c9b74fe71,61eb00ba-45e6-4111-9d9e-26b5214084a2,11239.24,Debit Card,risk_flag,3022.35,0,0,give_up
c2829722-b8cc-4d07-b767-479324c7129a,d21bd3e2-be9d-477d-bf12-c608ee03e3ba,5086.81,Credit Card,incorrect_pin,25119.93,0,0,retry_later
2ac363bb-0e09-4b13-96ff-72bb24ab1579,7f270922-de08-49f7-9b42-23b0d9affd35,3581.55,Debit Card,incorrect_pin,27177.2,2,66,switch_method
769500e9-4f86-4858-a9d5-0361a597cf25,bb8c8612-f233-499e-b8b0-a8d64a349cbd,6876.66,Debit Card,insufficient_funds,32129.0,0,0,retry_later
bc9d85cd-4f18-4cc5-a3d0-b09ed82f0930,3e60b75c-0d7a-4212-88b4-fe54a1dca64e,14900.86,Debit Card,insufficient_funds,36533.6,1,770,retry_later
d8ff28e2-2731-41cd-b8e4-c5b68fdcc48a,1749f771-8152-45c1-a3f8-9b8c7d04e071,9758.98,Debit Card,insufficient_funds,16490.79,0,0,retry_later
f3c1a90c-741c-4517-b985-bba523753e0c,16b858eb-373f-4c1d-a24e-7192ad50141c,6561.8,Debit Card,expired_card,40541.03,0,0,switch_method
b0145c54-ca67-4e25-98c8-ce7a239dc069,f9344eb2-9519-4f42-8d2c-39b029bd7a0f,8684.72,UPI,gateway_timeout,39649.68,4,1138,give_up
646a04d4-b387-4b40-83d4-ab180abc8dc5,e92f71b0-f144-4332-8269-52305e0189a5,8427.25,Net Banking,gateway_timeout,20069.86,1,992,retry_later
afb84be0-9cbf-400f-847f-a09a85f80e9b,a6d82eea-1288-40ff-a894-b2d4e1572e6d,14367.71,Wallet,risk_flag,7454.78,0,0,give_up
b1f771d9-445c-4f47-94ba-4ff51d918174,3561ecae-a479-4ce9-b499-2be9a4a80142,369.18,Credit Card,expired_card,27393.54,0,0,switch_method
772cec79-a8a7-49dc-bbd1-751c79f89ca0,0e924daa-604c-4a71-b688-fac49bd13772,3173.46,Debit Card,incorrect_pin,2586.04,1,257,retry_later
798dff93-0faa-4944-aca5-f6d1fdedcc07,70b88f8a-1c71-45e2-9d62-992e3c9004aa,3795.79,Debit Card,insufficient_funds,22026.09,0,0,retry_later
846113ef-eaf2-4046-bf41-efa15903918b,24d60e72-d6dd-4d79-8e83-7a996252948c,11110.38,Debit Card,incorrect_pin,16233.95,1,196,retry_later
70742619-8af4-4c64-a01d-b16b48e03e4f,fa3526de-7ba9-4890-8d25-eff7303a5e12,6108.89,UPI,incorrect_pin,32969.95,1,1211,retry_later
72a79775-17a3-47bb-9096-b73e7ff8e2df,a05d4305-ecb0-4761-b56d-288efccab5c8,4346.34,UPI,insufficient_funds,34347.8,0,0,retry_later
c3e3daf2-463f-4418-bb2a-669ad38b4f15,472f0982-2a65-410b-b24d-31b4a2d95981,11601.41,Debit Card,incorrect_pin,47707.78,4,99,give_up
50fce12b-7038-4787-a8fa-dcd46152628e,a0556029-b812-4e90-a63a-3f1e1359b79c,7100.8,UPI,incorrect_pin,3830.99,4,218,give_up
8f947af9-ed90-4ff4-83d7-f6d1447342d9,0c432ac0-2c68-4b9e-bab7-9747e21ca76f,12353.53,Credit Card,expired_card,14986.47,2,1248,switch_method
3f8ad8f7-5dcb-4fd8-bf1b-a4e2d549f7e4,4ed0e222-583e-44af-a7e4-f44cadef5766,14836.23,Wallet,gateway_timeout,13467.85,3,55,give_up
afc38658-323b-4304-8ad6-17ea146a5d53,48b9325d-8caf-43b3-a96d-ccc4829a5fa9,13182.46,Debit Card,incorrect_pin,11609.24,0,0,retry_later
5afac669-01de-4dd4-9583-f12bc30f279c,85437a29-b6c8-41ec-9b04-c451b89b65e8,9236.47,Debit Card,insufficient_funds,40226.63,0,0,retry_later
38d992b8-ee40-41ad-aed4-9d0defcc7c78,43737646-7bef-4259-abb7-25b7861efbef,3144.18,UPI,gateway_timeout,38727.52,0,0,retry_now
48c9c73d-5c0f-48bf-8f61-6943fd402f4b,e9577be2-c323-4404-a286-3b4203dc9340,11053.47,Credit Card,insufficient_funds,38936.91,4,581,give_up
973b1436-c521-47fb-96bb-4f6df28f56a3,1eb9db03-b9f1-41c2-9bde-a43f3d6fe1c9,8946.11,Credit Card,incorrect_pin,33669.58,0,0,retry_later
0df19962-f3b6-4ce5-b540-0eb43a073e99,79335baf-fdc3-4ca4-8c6b-9081caf8063e,2318.08,UPI,insufficient_funds,19584.74,0,0,retry_later
b608c4fa-2ae2-4c92-a824-489c13a837e2,430685b0-9a40-4ff9-947f-2e92784c6227,5163.9,UPI,gateway_timeout,11558.79,0,0,retry_now
1e12d38d-bcc7-42d6-9452-39af35234d2e,e0285942-84fd-4d2c-bff4-68e8b277cc77,5440.77,Credit Card,expired_card,27670.0,1,37,switch_method
2e26712f-04c1-4bb2-a0e8-c77a91b217ad,ec6377a1-b41c-45f4-96ba-2c0f7aa36183,2761.61,UPI,gateway_timeout,41875.97,1,498,retry_later
86356d74-8171-4677-8f12-758940dc9e83,6830cc9c-a004-42a4-a807-f935a26fe2ff,12701.36,UPI,gateway_timeout,27682.26,2,626,retry_later
81d71de6-85f4-415a-9782-e385b4b64f16,c7b14ff2-f4ec-40ee-bad9-ce63978d457a,9590.78,Credit Card,incorrect_pin,46191.36,2,1142,switch_method
0e773bd0-ca6a-460c-a7ed-a7bda8e0a954,f52cb8cf-4904-41bf-9cc2-312cb381d7db,14119.47,Credit Card,incorrect_pin,11669.77,0,0,retry_later
7a085476-7bbf-4a2b-ae05-ed8069ccf968,228d13b0-4b7e-4bb9-8d25-5b0de12a6b9a,2432.62,Credit Card,gateway_timeout,40284.24,0,0,retry_now
24060efc-4785-44d9-9538-e35db2f069e2,dfc6c967-771e-4ed8-82fe-f649f76be194,1965.5,UPI,gateway_timeout,39625.08,0,0,retry_now
40f5fd78-d50d-4a3d-967b-b40e3ccc6a11,f5bdb089-d82b-4ebc-9845-8ba75404582a,8724.27,Debit Card,insufficient_funds,44911.18,0,0,retry_later
84edee5d-73c7-43d9-a8dc-cc9f133c08b6,30b85c74-55a8-4417-a3e3-41c9caacc87a,14874.05,UPI,gateway_timeout,25450.11,1,754,retry_later
b93519d0-b141-4a38-8e8d-278412d28860,77fca5aa-2d1d-49ce-9699-9ddc6e18ef4f,10171.32,Debit Card,incorrect_pin,248.62,0,0,retry_later
9f9db620-75b3-4fd5-8ce1-f11dab25992a,50189e72-5956-4fc3-8dae-8be1cfa5e399,1513.29,Credit Card,gateway_timeout,23335.77,0,0,retry_now
c992462c-f338-4a47-aac5-ba06eecf3e36,29c0c37d-b2b2-4df1-87ce-ff933b8996ed,3862.51,UPI,gateway_timeout,23331.04,0,0,retry_now
ca7f471f-72f2-42d1-aca9-7aae8a5ea24d,60529e51-13e4-436a-808e-f673499627fc,4845.45,Debit Card,gateway_timeout,8790.49,0,0,retry_now
f4d7d9e8-3abf-488f-81ea-c1fa448f01c5,d82dc9c6-0605-4f97-9647-f6ac13579a5c,7948.53,UPI,insufficient_funds,30957.36,1,967,retry_later
5c50a354-7292-4e7f-bb4a-b44ed0948330,7eb9e55b-e16e-4e3e-ba38-f4fcc288e522,2009.61,UPI,risk_flag,33701.15,0,0,give_up
5a9b3a94-d509-4096-b30e-6e173d25d2dd,85e3186c-f864-42fc-a2f3-dd2fcd321cd1,146.56,Debit Card,incorrect_pin,30836.21,0,0,retry_later
4b92f021-b340-40e2-a0ed-8d01d8218e1d,08bdebe9-6a2e-4774-89ae-8d57d8a9aeba,127.02,Debit Card,incorrect_pin,18737.55,0,0,retry_later
92c6f023-e2b2-4a90-9690-49493523b5ea,e51c7e71-8e0b-4346-86d3-310b0c4f1062,4499.01,Credit Card,gateway_timeout,47836.38,0,0,retry_now
2e0a9edd-5816-4f43-afa9-fa047a24b589,e1e07a72-99a2-4f10-838d-5b6d3524d399,1505.45,Wallet,insufficient_funds,38169.53,0,0,retry_later
d2a7d4c8-dca6-4f35-a5f6-36585d623f36,6aef51d6-c3d5-4608-adf2-2811bd72e305,9163.53,Debit Card,gateway_timeout,18162.31,0,0,retry_now
2832da9f-efc9-4525-92e3-af0ee64401b9,70db6c90-b526-4b72-985b-3567909f4caf,10609.99,UPI,risk_flag,46500.34,0,0,give_up
40d355b9-8c86-4e90-ba69-cd2bf2b6f48b,bf2e0eea-a2f8-4115-884c-1a9cd344f900,10077.93,UPI,gateway_timeout,30073.56,1,726,retry_later
6018caff-ae11-4d33-b2e4-d1e1849892de,f78422f7-3997-46b6-a116-46e24ef4f108,14786.31,Credit Card,insufficient_funds,32285.52,1,259,retry_later
97c053c9-70f3-4f1f-ad1c-20e2dd018c54,9bf4922f-a74b-449f-a8fb-3ffd5723b1c6,13319.65,Credit Card,expired_card,18983.98,0,0,switch_method
f4aa0ce2-ce6b-441d-a0fb-57e5276146a5,42c283af-f910-4401-bb25-1aa54702bf26,14728.34,Credit Card,incorrect_pin,10491.33,2,526,switch_method
b9a38b57-6bb7-43fe-8858-8ac0ab070412,225614f2-cd13-42a8-9883-d9c0d5a1d380,14163.91,Credit Card,incorrect_pin,19145.82,0,0,retry_later
9230dd25-d3a8-4fff-bfdc-7a8de06cec09,5c26954f-08a0-4f86-8604-9cc71c48c682,4117.12,Credit Card,gateway_timeout,45520.55,1,1107,retry_later
7fdc60d1-8266-4b7c-9707-a47ff0a6bb9e,1444fcb5-ea4d-4082-a2fd-f3a6a5cf10b1,12304.1,UPI,gateway_timeout,857.58,1,518,retry_later
b7d9aa62-1a48-4b45-bfbe-d244794a2695,03bea298-5a9d-4a64-b1e1-d7c737a2806d,6300.62,UPI,gateway_timeout,10777.16,1,73,retry_later
201b1f19-8303-46b9-92a5-368eb28737db,ffdcf007-92db-47d9-b009-ea4ced5a38f5,2113.45,UPI,risk_flag,48467.48,0,0,give_up
c4b29e16-7bcd-4edd-a1ef-f1e7a70d8ecd,3e1c55e9-0cc7-4309-9a3f-15941fa6e4bb,1697.98,Credit Card,insufficient_funds,39185.15,1,1366,retry_later
e77093bb-882d-4cb8-8fe7-3dde08511bfe,24927f35-48e6-4a61-8938-b87348817207,10330.43,UPI,insufficient_funds,8911.72,0,0,retry_later
677d96b0-e728-45a4-b2dd-5840a9d054f3,9e2ba149-fe4b-43be-8fda-1b95099738a0,14599.47,Debit Card,incorrect_pin,10000.81,1,23,retry_later
847d1104-e2ee-4fe3-882c-83a79657dca0,641e08ff-4d6a-417c-943f-5a5bfa8ef514,12182.38,UPI,gateway_timeout,23349.97,1,954,retry_later
aea4a03d-1242-42af-83e7-34cd2219025e,211a94fe-611f-4f7b-9662-9cc09e0ebd16,12825.34,Debit Card,insufficient_funds,32807.49,0,0,retry_later
1d2488d6-b353-4f2b-9e90-54c2998646d4,5af5aaa1-cf2e-4d38-9802-3f0c3da3f6ea,12169.23,UPI,gateway_timeout,10578.64,0,0,retry_now
14b499dd-2551-4e9e-9bbe-55272db0e8e9,f4356624-9bdb-4313-8866-2cd771ca5095,5066.57,Debit Card,insufficient_funds,38741.39,0,0,retry_later
b91d7d93-098a-461f-bf6e-d2cab7332f06,27cf6295-2823-4b40-8885-b7a27b7c8b7a,12460.44,Credit Card,insufficient_funds,7632.65,1,1128,retry_later
ce02d2aa-726b-4b22-aefc-7b95ecaaad31,367ce4a0-5911-41a4-af46-a551a4814080,14272.44,Credit Card,expired_card,42473.9,4,451,give_up
a0a14abf-a060-450d-b147-1402ef1daeed,59bf4e1d-cd9f-4d62-91a9-d5205091f507,10723.16,UPI,risk_flag,3196.16,1,864,give_up
85c586b9-03f7-41c4-9d42-7d47163645b4,c42f308b-33a8-425d-b08e-b8f924789997,3903.67,Credit Card,insufficient_funds,4576.76,1,727,retry_later
3e9587cb-7bea-4ac3-b500-09a9feb336ff,391f0b79-f53b-4b13-ba52-4c546935c278,10231.28,Credit Card,insufficient_funds,43940.05,2,1088,retry_later
fba2e794-742d-415c-85e7-967ef901e40d,f6dd6b1b-4f0f-46dd-bcac-bf6e92893bac,12413.94,Credit Card,risk_flag,43563.65,1,1212,give_up
a3ce67f2-29c7-4808-adb9-b9d6178fd3b4,46d7042f-0e9c-4e4c-9b7d-b782844f8a08,8077.62,Credit Card,expired_card,13029.89,0,0,switch_method
7e11627c-e872-4e82-aaac-968ca526171f,b76ab7fe-bee5-457a-bca9-739063156a01,2854.9,Credit Card,incorrect_pin,27026.46,0,0,retry_later
c4cbe7c5-3abb-4084-845f-bfdb60df192f,63985773-a3a2-4d2b-bd1e-83bf28cdb867,1850.62,UPI,gateway_timeout,6020.0,1,1362,retry_later
02190c80-120b-4697-832c-ca18481e9d0a,f77d0c47-72b5-48ba-9158-d973015da5aa,1525.87,Debit Card,insufficient_funds,7139.24,4,1322,give_up
e7138e1b-6af4-457b-ac01-9fed081c345f,cc794fba-e0eb-4cb0-b87a-ed874b0eac2c,10517.54,Debit Card,expired_card,27325.26,1,984,switch_method
cdda5d20-4833-4f58-be85-8b2965aa192f,46bfe5b2-e9bd-4c16-9dc8-2d2b4599dddb,8350.72,Credit Card,insufficient_funds,22116.22,0,0,retry_later
cd26a233-9522-446e-a1c5-ed05cbd64d46,ab73627e-c7e0-4f51-83b6-8ffa11dbbf95,954.62,Credit Card,expired_card,9437.92,1,756,switch_method
7870a356-9bf2-47e1-aa1e-811869f3e4ac,429f9455-88ea-49c0-a778-8a7981fa4e04,4982.04,Credit Card,insufficient_funds,24167.72,4,241,give_up
6a9b4a7b-5a4d-48c3-a04b-ecb664dd15c2,bd8e84d0-935f-40e1-aa80-753889748d5b,2313.58,UPI,gateway_timeout,25550.44,0,0,retry_now
39765450-1e5e-4b41-bc62-48acf0746144,ad49e5dc-00f1-42ea-addb-e60909d3f179,647.44,Credit Card,insufficient_funds,41313.46,0,0,retry_later
1a9e2772-c23c-46b7-97af-75fd5e93a8b6,15935eeb-6bc9-4ffa-a301-16e4381f3235,8517.36,Credit Card,incorrect_pin,23395.78,1,1201,retry_later
3d7c3bbc-6d8d-4ce4-8879-77a066e6e6c3,27ba52cf-165a-437e-970d-7ce456c127ff,6378.77,UPI,insufficient_funds,23428.99,0,0,retry_later
d2731ba0-62e8-4790-bea9-48afcb409f12,62bdda68-d374-43c3-93bc-479620023d52,11669.1,UPI,insufficient_funds,49505.49,1,454,retry_later
02a235cf-17b8-472c-9afe-650946d51eaf,a451abf0-47de-4807-9fec-00d22a216bbd,9084.95,UPI,gateway_timeout,27566.53,0,0,retry_now
e8469174-4a20-4aab-9690-956aba636f3d,d05bbb07-15dd-4c6a-a3b1-7dd644f71f06,10225.9,Debit Card,incorrect_pin,16515.55,0,0,retry_later
f48a305c-1769-434b-8de5-c405f4c2573b,90521ff3-d3ba-4566-b534-81c6d6329e36,1333.81,UPI,gateway_timeout,13604.21,0,0,retry_now
f85a9119-14ed-4cb9-9336-709cdc30ffdc,e95f3ca2-1b2e-4352-8c0a-2c36c5fad726,11085.02,Debit Card,expired_card,3238.61,0,0,switch_method
ce372440-7512-4d19-bf16-e416b08eef5e,d9be2b69-9ddb-4549-83d1-41d78aa19c33,11895.61,UPI,gateway_timeout,11313.48,0,0,retry_now
1d97f3c9-e37b-4960-bf9a-92436de74a73,b6764319-77c3-4d1a-ab4b-dcd250e2f5b3,1121.85,Debit Card,insufficient_funds,6711.92,0,0,retry_later
f6839bc3-ee33-4558-b93a-811eee955403,39595263-181c-45d9-9402-e0167b50033c,7681.98,Wallet,expired_card,41066.47,1,426,switch_method
34b14ee6-553c-4589-a47f-b21435cc4359,93e48310-066a-41c0-9158-9f638ba5c440,5642.63,Debit Card,insufficient_funds,32745.27,0,0,retry_later
9c481a85-cbe6-42f1-b6a1-1b36a1e1b6aa,d8c23c80-f659-49c2-b25d-56f6d5b26652,12960.72,Wallet,incorrect_pin,10072.32,4,1303,give_up
ddacfda7-9c53-4d87-a66c-fd9cadddf620,7b870f4c-6604-47df-8127-64c0e6024560,14832.68,UPI,gateway_timeout,18020.59,0,0,retry_now
5246f1b8-bf5c-4f04-b4b1-78c51e0bd230,9f9528a1-b408-45af-99a3-50bfe8712e76,13360.0,Debit Card,insufficient_funds,31665.17,2,316,retry_later
347c1129-4802-4c15-a262-2cfc64bcafe9,629de2bc-dc4c-4809-b4a1-3d1323e1bb44,8879.12,Debit Card,incorrect_pin,808.48,0,0,retry_later
546759b1-9876-4022-a19b-140335551b83,715847ff-4473-479a-9f09-e3a64a996ea9,2886.39,UPI,insufficient_funds,9450.85,1,684,retry_later
bf16a41d-dc78-4e64-bf6c-9a68f70ccb0a,4ca903f9-715e-4840-9610-4cd0a5569945,9929.86,UPI,gateway_timeout,29008.82,0,0,retry_now
7b8bb770-972d-4402-93b9-eb6a986a3955,917cd735-e027-44d4-a667-4f76e183377c,6398.01,Debit Card,insufficient_funds,3934.18,0,0,retry_later
1d3defcb-61a8-4bb9-8386-4f885668e1cb,402134f1-a0a8-4f44-a6ec-003bccc6e804,10201.29,Net Banking,gateway_timeout,30278.51,0,0,retry_now
1300841b-3725-49e1-853f-3ee4ae58172d,9fbdc23c-2b40-41ae-beba-52c5ad618896,4348.18,Credit Card,expired_card,6722.85,0,0,switch_method
6f0a192c-6c08-4072-b80f-ca484b4071ff,2aabac72-7b9a-4e54-bc07-edecfb098000,9564.49,Credit Card,incorrect_pin,34148.22,0,0,retry_later
8425912e-8c4f-411e-8691-c89468c673e2,18dcf213-eb18-417b-8b09-160fca465fe9,10175.96,Debit Card,incorrect_pin,12435.36,1,386,retry_later
540d194e-f4d8-4cc2-afcc-667737f8fb8e,ebddbab9-1b45-45f5-bbc2-d13f67f5dc9b,13510.24,Debit Card,incorrect_pin,14257.95,2,653,switch_method
15b20c20-cbfb-4d1b-aabe-b5171f64b84f,3001f02b-764d-4bf7-a2c2-e8d0bcf2a2da,7560.95,Wallet,insufficient_funds,15545.6,0,0,retry_later
9fff50f1-e88d-4b2c-a2a1-b784720b0dbc,63c99d6f-3000-47f6-9a5d-429673db128d,1445.56,UPI,gateway_timeout,28592.33,0,0,retry_now
09bebb6e-b7e3-439e-b907-851d357bf582,64b8f00c-797a-40c7-b2f7-fbf839db6196,13604.38,UPI,insufficient_funds,42097.92,0,0,retry_later
622fdaaa-8d64-4a17-8382-1abea5efab3d,84a4fbf2-0dd2-43c3-b1bf-a734964de573,10008.1,UPI,gateway_timeout,26688.5,1,690,retry_later
7a5853c4-e243-43ec-b9cc-0e1e083d878f,abc3762d-4aa9-419e-9884-8d5452d4cb08,481.54,Credit Card,gateway_timeout,3766.07,0,0,retry_now
a3a30e11-eb5f-432b-9cbb-c6c095aabc9b,2a5ebfc6-a840-46e4-b5ee-aeca250e3367,4167.86,Credit Card,incorrect_pin,27883.06,0,0,retry_later
9285d7f3-ac57-483e-ae39-81d4f1a184d4,a67710fc-98a2-41f7-925b-749c8d9e3b1d,6772.95,Credit Card,incorrect_pin,41033.77,0,0,retry_later
ed373cdf-94df-4f81-826c-0124c8501c01,d9324dca-db44-4bfc-9c35-3f228d7cad2f,4057.37,Credit Card,expired_card,44521.11,2,1239,switch_method
7f976072-7cc9-4797-a8f3-4af941910bbb,93679335-a6e5-4362-a59d-4fd3676a1945,7835.13,UPI,gateway_timeout,49318.15,1,1011,retry_later
94dbf6f4-5b30-44cd-94e9-1754a2477915,fb6334e6-5df3-4496-8bc3-95ea0a75cc2b,8481.19,Credit Card,expired_card,32144.2,1,183,switch_method
20c12b28-39dd-4e97-addb-c4f95a97813c,2122629f-2e8e-450f-a08d-729c2f2bf990,13720.83,UPI,gateway_timeout,17938.08,0,0,retry_now
fc4eb044-e3fe-41a5-8801-01d31609e31c,b55a4edf-c274-4b7f-ba9f-0d8b4273c4b3,972.29,Credit Card,expired_card,1442.9,0,0,switch_method
682ab6a2-c545-4a6a-86c4-fb75d2fa76b8,d8547026-47c6-4b5b-8832-fc11df750cd3,12161.88,Credit Card,expired_card,36095.48,0,0,switch_method
d27d81f4-15ca-45cc-bede-72862d6dd0d5,69199807-0179-4f6f-a908-819ca29dfa1e,11462.32,Credit Card,expired_card,33917.53,0,0,switch_method
66d65145-668a-4319-8f2a-764125b2d62f,363c3218-41ba-4e23-a6f6-1a970d01b0d3,1288.02,Wallet,insufficient_funds,34203.54,0,0,retry_later
32ccb2d3-ddf7-47fc-88bc-384cfb564138,82ba71be-e7f2-447b-82c7-abaa3f351d79,724.77,UPI,incorrect_pin,3476.08,0,0,retry_later
6bed682b-2b75-402d-a90e-19f576bf1ef9,c589c6d5-5e9f-40b9-84ac-08bda217d9b5,13864.01,UPI,risk_flag,42247.0,2,734,give_up
c8892aca-e690-4c8d-99ef-5258c23440f7,87c89599-5a47-4a1c-b354-dff9ca5e177f,10036.81,Credit Card,expired_card,30164.58,0,0,switch_method
92c75090-df12-4602-ac64-3e40a12205c4,37133e5a-4ae3-48f5-a40e-07b298e4c592,11379.1,Credit Card,incorrect_pin,41796.2,0,0,retry_later
e18d9e0f-71b9-4751-b7f5-37df4191ecdb,5f73d46b-45bd-498a-9031-cd2bdaee913f,8747.21,UPI,insufficient_funds,4713.8,0,0,retry_later
fbaa4835-0065-40e8-b062-4bb6aedf92df,14d817dc-c8da-4baf-9e7f-42f3e73d9b66,11451.99,UPI,gateway_timeout,14717.41,1,1428,retry_later
c07a8213-7763-4b7f-8d72-fea63aa31a83,c7efe640-b36e-4668-96d9-52b4dbf3a296,13316.76,UPI,gateway_timeout,22017.96,0,0,retry_now
489068d8-70ec-45db-b242-62910a6daa3e,4210ac2e-07d2-4c37-90c0-4163b08b24c8,11276.73,UPI,gateway_timeout,30890.76,2,1294,retry_later
c769bce3-99f9-4361-b817-01fc5c08af64,968f7590-a91a-465e-9baa-b88c718e8812,12211.62,Credit Card,incorrect_pin,25747.37,1,33,retry_later
823a2115-7149-4239-b812-cc446d22fd1a,566f1135-d635-4f56-8d9a-254a553a5625,4269.2,UPI,gateway_timeout,19508.54,0,0,retry_now
da816cc9-ccc2-4272-8a48-ed1007044010,ed45a338-af2c-484d-88c9-213212d7dd80,3038.25,Debit Card,insufficient_funds,2285.24,1,1021,retry_later
aa819127-4baa-461a-8154-4dc7d17911bc,5e538753-3fc2-4817-968e-a4b71fca7d13,6106.79,Debit Card,incorrect_pin,30494.69,0,0,retry_later
e246d84b-3cec-47ea-9f82-320d473a1034,52a5bb2b-a7c4-45b1-85ad-ad504d32cf51,13740.1,UPI,gateway_timeout,4621.06,0,0,retry_now
2ee4685a-5431-449c-9568-62cb0b7837f5,d01b9744-e3a1-4266-ba43-357e61b8d0a9,12560.97,Debit Card,insufficient_funds,4168.88,0,0,retry_later
81ed9796-a33c-4bf6-81e7-4abd5b546f5a,02ecbfa9-1cf5-4267-9eb4-8308fdac51cb,7615.41,Credit Card,insufficient_funds,1579.05,0,0,retry_later
483feeca-cd5f-47e2-b1fc-90b5dfd8da37,6c9bb99a-87e8-4be2-b21f-f244a35f03c6,3278.97,Debit Card,insufficient_funds,16363.0,0,0,retry_later
beb3372f-f059-4fd4-a035-90d60deeb93a,40622b8c-49a4-46f1-bb8d-49e344bf328d,13963.35,UPI,gateway_timeout,48188.76,1,961,retry_later
35324986-eb68-4fb6-96e5-d8860385404b,1fb6d364-8dd5-4717-a0bc-11452821e4ef,456.7,Debit Card,risk_flag,281.74,0,0,give_up
9a7ab0c3-f2cf-4bc9-9e98-148c049e6267,686208a8-cfbc-47b4-b33a-6f0aa45efa12,7750.33,Credit Card,expired_card,27261.96,0,0,switch_method
e3b6d9c5-401f-40cd-b9d2-9834c9319efe,0c73058f-6c2e-4ad1-9d99-dc8673e0acd6,12179.75,UPI,gateway_timeout,5535.28,0,0,retry_now
ca7ab153-76e1-42fa-a9fb-636de5e28204,0a393979-e666-4aa0-8839-a54affdf4d8e,10068.03,Debit Card,expired_card,39665.64,1,653,switch_method
7df8ebc0-2c08-4822-b85f-bb425c5de25d,2e0907be-b4b6-4431-b2e0-de7e25e35355,9312.18,Debit Card,insufficient_funds,7536.85,0,0,retry_later
e5fbeb70-945d-4788-ae8a-7d716529b024,31dfb569-2a9d-4dbe-9b9e-c286defc6a96,9418.18,Credit Card,incorrect_pin,27285.15,1,128,retry_later
fa3dff14-81e6-4688-b89a-112f0c3ce13a,6730370a-bcc7-4820-b230-8f7bfcb6b625,9199.46,UPI,insufficient_funds,29329.47,2,21,retry_later
488d359c-7846-49c1-a07c-34461521d88f,46d4f851-44dd-4f02-89f8-5561fad340a0,13867.21,UPI,gateway_timeout,8913.74,0,0,retry_now
5f6bd15a-87c0-4f25-9a88-3a1268c43c49,db777eb8-acd8-4fa3-874c-6aadd7e54217,2051.25,Debit Card,incorrect_pin,44864.13,1,707,retry_later
8f3dc16e-101b-4921-8362-e55353a720a4,443ff0dd-8196-469f-8f2d-95e13e1e7554,6457.47,UPI,gateway_timeout,34751.97,1,817,retry_later
4ef85214-235a-4911-af03-8229a95e7d64,e01498d7-422a-4965-a577-4217d1a423fc,14331.66,UPI,gateway_timeout,39578.7,0,0,retry_now
2ea74cf1-5cd8-42de-8ee1-994d9007c1c0,a68c12c1-c78b-4dd8-9393-9fbec23f09e6,10113.65,Credit Card,risk_flag,24052.56,2,1120,give_up
207bd14d-0169-4916-878c-47ab2735bfc0,772c2227-1fc9-4f94-82ea-30a74db8169e,12375.95,UPI,gateway_timeout,40854.25,0,0,retry_now
aac90f43-01dd-4b81-b681-c411716cd3bf,4133277d-3723-4fe6-bd77-ff61c8b19036,4317.43,UPI,gateway_timeout,29833.15,0,0,retry_now
3437160a-b2a4-43e1-9913-03ccf6b4734c,6115ab69-2cbf-4730-81e6-5207cdd7ef27,1526.25,Credit Card,insufficient_funds,126.38,0,0,give_up
19cfd69a-7dc4-440f-8b11-bda835f38c2b,83ec095f-0ea1-4d9b-a05f-c07f658edb75,2211.25,Debit Card,risk_flag,25634.2,0,0,give_up
aeaad889-6ef1-4eb0-9ac3-348c5ffc84e9,a2e51e63-a4c0-41d2-9cf2-7158d456fe31,2943.52,Credit Card,insufficient_funds,46662.93,1,697,retry_later
f2bbfec6-8fa9-401d-bae3-a0633adf57f9,dcb28917-d82f-416d-bfcf-b8bf7b677d03,14202.1,UPI,gateway_timeout,5020.06,1,629,retry_later
b66212b2-067d-4b90-9765-d2a0310fecfd,7b4411ec-da71-4d4c-8979-28135495c1d9,10324.77,Credit Card,incorrect_pin,10660.71,0,0,retry_later
336d2b05-ccb4-436a-a356-e6af41991a8a,7e2ac6ce-31da-4d09-8919-1518603faeb0,8578.88,Wallet,risk_flag,42700.04,0,0,give_up
e3195a34-70fb-4b00-a21c-19fa1c53542b,176b29c6-e10a-4c14-bdde-f11baad51ef1,14148.02,Credit Card,insufficient_funds,13924.6,0,0,retry_later
15182edf-2126-4932-b96e-a206ba21d8d6,5ae20832-ee9f-488f-8824-996356753b78,6167.55,Debit Card,insufficient_funds,11252.92,0,0,retry_later
0f8c6cc5-cb0f-4390-ab5c-bd430042f689,88a53990-6508-4ea5-993e-407571b9cffd,12006.87,Debit Card,incorrect_pin,10394.42,0,0,retry_later
ba345660-8efc-4afd-8b5d-c20c3b295ab9,babbbeff-a9e8-4971-b532-2ba12b2d4476,14398.05,Credit Card,incorrect_pin,16712.32,0,0,retry_later
d5139e4a-96f0-40a5-a0f8-873e2b91681f,51051abd-6423-48a4-89d7-e7c4d039d895,5108.23,Credit Card,incorrect_pin,38949.43,0,0,retry_later
d3acc01b-eaab-45a3-ade6-b0d584d274f8,83c70259-ad2b-45c2-acc7-ab2a5231a04a,13230.99,UPI,gateway_timeout,35635.9,1,1120,retry_later
e8b4e629-b84f-4e39-99fa-157853b4bddc,5a02be12-7015-45f7-931b-6c756e185e7f,13609.91,UPI,risk_flag,27677.94,0,0,give_up
4b9d9301-bc26-4a8d-9c00-ceeec8a29ab3,301ef78c-2221-434e-84b0-efdcaa114e17,13000.46,Credit Card,gateway_timeout,25078.93,0,0,retry_now
7b6625b1-5ba1-4dc8-8749-1d0f99e41a15,3202c35a-5954-4a3e-9b07-ce996090140e,1212.31,Debit Card,risk_flag,13416.3,0,0,give_up
d96cf970-0dc0-49f8-9614-aa622eb4b64c,92139ad9-b630-4149-9a6d-3e40543a9a83,6178.16,Debit Card,insufficient_funds,28083.61,0,0,retry_later
fd96dbe7-452a-4bff-aa9b-60953a3e8941,2776b8c4-f5d6-492b-af50-cb0737e9747f,13079.43,Debit Card,incorrect_pin,21275.02,0,0,retry_later
ce97a236-f365-49c2-90b5-51b62fcebb4d,9891eda5-5077-49b8-9865-e836c92bb176,12911.73,UPI,gateway_timeout,9830.04,0,0,retry_now
9502a05e-09d0-46c9-8998-9f1f49975411,6ffb9a5a-1742-4467-a02e-5aba46da4113,11864.4,UPI,risk_flag,44971.34,0,0,give_up
8aba946b-4eaa-447a-a326-34acbe9f9aae,a5a08fc7-425b-4f59-b1ef-43d6551b3da4,4393.12,Credit Card,incorrect_pin,28711.43,0,0,retry_later
94c7bd83-68ad-44fb-aadb-da9415ef1c65,635cd42d-b6d7-44eb-bdfb-d6e2452b6cfc,5644.48,Credit Card,expired_card,41942.3,0,0,switch_method
c37bc830-c4c3-4551-adfd-2077dd95f4e0,18f3d3a0-b858-47df-8547-50f6920f7d79,10677.0,Credit Card,risk_flag,32280.21,1,52,give_up
3273345d-4f95-4dfe-8356-ba44c6abda8b,5e3c5454-6d0e-421a-8c00-e164a3fb8e71,7796.6,Net Banking,expired_card,22026.83,0,0,switch_method
6bf7c172-8af2-47fd-b0e4-74e6b3d05ddd,47e2f947-e229-4ee7-a2a4-3c09cf64bfeb,8010.47,Credit Card,expired_card,40874.05,0,0,switch_method
0433fe2f-9438-41a4-b557-64a39f3b4a3b,49ed694a-e896-4766-9d47-b55cba5e0ee1,858.66,UPI,gateway_timeout,27902.45,1,425,retry_later
54909f60-1bd7-43c4-848d-97485042b570,b7749aab-ba06-4289-b1bc-bfac278049c0,10228.32,Credit Card,risk_flag,39853.84,1,1038,give_up
b085defa-63d0-4b62-9d03-872a61a67267,00f3b7c1-09a1-44fc-9457-4cd4bb195f64,2847.35,UPI,incorrect_pin,28753.08,1,204,retry_later
e6a1ea06-eddc-4a97-b831-66d730a1dc4b,796b84a4-8e78-4879-9efb-922c97e9cd9a,6317.2,Credit Card,expired_card,14616.48,1,1113,switch_method
8ccaebc6-6aa0-4f1f-a1db-88b85bced6e8,033c36a0-546e-45ab-9c2a-b35f7dc372ff,6791.99,UPI,gateway_timeout,26687.1,0,0,retry_now
2a28a3be-e1ed-4d8b-ad15-6dfc1ad9d92f,d2f64d8e-f7df-433b-b85c-683f2ca86a72,3564.85,Wallet,risk_flag,3038.46,0,0,give_up
f6b45eb3-dcd2-424b-8a0c-4e6ee995d812,8c4311de-a3cd-46ed-a1f4-c00e41086a48,7554.02,Credit Card,expired_card,11881.06,1,476,switch_method
f1522a81-71c0-4120-be90-eed15cbad120,2e0d020d-e0d4-4794-acff-d1dbf44ea006,946.12,Debit Card,gateway_timeout,35431.02,4,760,give_up
9d0dd760-9d5a-4432-aa26-4378964586bb,0a7cbd0a-d1ff-439e-94a1-2ede48e5c824,988.4,UPI,gateway_timeout,8586.56,3,1274,give_up
7a39b99a-06a0-4bd6-a1f4-23fff50106d6,b78ae299-fcef-4020-b4b6-348fc35bbcc6,13497.62,Net Banking,insufficient_funds,17776.77,0,0,retry_later
e50e675a-3693-4feb-bee5-cb3aec1cc7dd,15bca86d-cff2-4884-b541-448df8fa4d6a,12486.67,UPI,gateway_timeout,27160.55,1,1037,retry_later
7a96b2e6-6602-44fe-b3f1-c5acb0deb10e,8070342f-d894-4fab-8f00-308147defa43,13015.61,UPI,gateway_timeout,34645.46,3,588,give_up
74670081-575b-4379-818c-9a9304316140,da3829d6-40a3-4315-a215-ee8c11f4c3b3,12181.7,Credit Card,incorrect_pin,39483.42,1,1399,retry_later
a1b8058e-8554-487a-afc3-c52a27483e15,14acb5a6-9e18-416c-87dd-0d7c1fa4887c,2422.45,UPI,gateway_timeout,48281.29,4,391,give_up
2ce8a09c-758d-4f8d-b042-36135b2dac91,dfd06409-ca2e-42ae-914b-b41187fb322c,551.93,Debit Card,insufficient_funds,20736.63,2,552,retry_later
7c64bc31-7986-4f23-acdd-72203c20fd6f,c14ec5e2-ec58-4e86-98f3-7f568fdb3236,14657.97,Credit Card,expired_card,20713.84,0,0,switch_method
39043a53-db5d-4de1-99c8-0b1a95b73306,1b2b1844-a819-445a-b72f-4f9a5ac56cb8,8238.59,Credit Card,expired_card,33767.73,4,555,give_up
e653f9d1-4bf1-41ff-add8-f4e40231fbb2,7ba95fd6-8e6f-41f9-b20f-e47191c98fb6,3911.65,UPI,incorrect_pin,33987.03,0,0,retry_later
f90c7e3c-ff8c-412f-a986-7a6be5eb030f,4dd5dbb5-02ba-48bf-a0f2-adecf8688aa1,11294.37,Credit Card,insufficient_funds,13019.65,0,0,retry_later
6a62fe71-c45c-42de-91c1-9b0b5344ec41,ee1d4e6e-c1e0-47b4-8c84-034aa438acc2,8153.88,UPI,gateway_timeout,27362.3,0,0,retry_now
a0424cfa-25ae-4cfb-9b29-d6a686800fc5,9b110726-d591-4299-bdb9-1b6b218c94de,12518.0,Wallet,risk_flag,8741.96,3,933,give_up
d91aed7c-49c1-4b9a-b362-8022655de65b,978710d5-6534-4071-a879-89918c469fa7,14982.68,Wallet,risk_flag,20366.75,3,949,give_up
81352669-0dbb-444e-b77e-c89a8a340f22,53929d87-3645-4bde-ab6b-8b5070b4d25c,3698.95,UPI,gateway_timeout,19247.54,1,788,retry_later
fbc0777f-b342-44ba-a39c-bce47ca44b33,d6e0a796-bdb0-4ec5-a29f-e1156e8f9266,14609.29,UPI,gateway_timeout,9716.32,0,0,retry_now
380ba101-8cc5-438a-83e3-5a1adf486dff,074a0a28-8974-4f16-9e80-9c7496579d88,13721.29,UPI,gateway_timeout,28023.67,1,924,retry_later
196fc8de-ad35-462f-9458-39926ea60733,edfe1ed1-8c6c-4479-9b6e-e856a47ea423,1517.35,UPI,gateway_timeout,47221.9,2,508,retry_later
fe3ac85e-ca05-41be-8aa6-39c8a9ed438d,1169db77-e5bc-4b04-8a00-2148380b618a,14167.87,Credit Card,expired_card,41968.54,1,715,switch_method
25949159-545c-4583-834c-746af7fa6d46,6a442558-ed24-4a11-b2c0-f7a23d52bb31,12355.61,UPI,incorrect_pin,14845.63,2,397,switch_method
cd4de54a-7684-42d6-8e84-c75c1605ea0f,15b74755-2a76-40e4-b471-2ed8bf1ca893,2896.72,UPI,risk_flag,20066.27,1,333,give_up
ff71e0aa-eeea-41ae-8c24-3f0622caa6fa,6ec40c81-2f4c-4967-9a47-fd526ae97dc7,14964.78,Wallet,incorrect_pin,45337.12,0,0,retry_later
ef072e10-870c-43c4-963f-963af00de5fd,702f993e-501d-4767-9b00-5a973bcf2da1,3080.27,UPI,insufficient_funds,23082.96,0,0,retry_later
40cbd29a-684f-4f9c-aad7-af6381087302,ad6107a3-282f-4f6d-8a23-f90b83cf6f96,9527.92,UPI,gateway_timeout,35628.9,1,613,retry_later
146d3525-bb5c-45fd-99b3-1c2735e62314,58ebf868-cf55-4f30-9e20-cfe1f7277c93,7889.21,Net Banking,risk_flag,11150.63,0,0,give_up
92f2329e-2372-4eee-9f84-7563cfb29f22,2e541bc6-e785-49eb-a41f-cb809c6d4ed1,4970.32,UPI,gateway_timeout,26103.68,0,0,retry_now
4550d807-b468-4f3b-afca-6fbb09fdf764,2b231996-9d6c-4337-9e4e-7e24f5f78792,660.52,Credit Card,risk_flag,32741.57,0,0,give_up
c477e942-4f26-49fa-b38a-bf73ab960d82,09c4c513-9dac-44bf-8ee5-c5d5694b931f,2580.98,UPI,gateway_timeout,1117.34,0,0,retry_now
14d19186-9c53-4d30-8984-826c44799b98,dfeb6459-b33b-4487-ad0e-f14bfe855c16,2745.32,Credit Card,expired_card,33412.97,0,0,switch_method
eaf7b472-534c-4c9a-a3dc-8df48b98401f,ef17c4c3-35b1-4325-a7c1-54a0934ffafc,14067.88,Credit Card,incorrect_pin,49752.64,1,1004,retry_later
fab66ab4-479f-4591-86b3-e34d07832d13,298c62bd-0d1c-4cab-a03f-412b901c12a9,5118.84,Debit Card,insufficient_funds,23626.53,0,0,retry_later
55808c0e-089a-454f-a154-de2919ac019a,afda33f4-ad88-482d-adc0-abb61a5b6f88,14165.54,Wallet,incorrect_pin,36337.03,0,0,retry_later
f8a730da-0ffb-450d-9e4d-caaab9d28c50,7259ddb8-c0e2-4aca-9dd1-7c4946941f26,687.99,Credit Card,expired_card,13140.71,1,868,switch_method
f3c603d5-e31f-4fc4-b5f0-be14e55a2f64,ea03e1e4-8509-40d5-8b7a-5f49a82b1bf7,7957.99,Credit Card,insufficient_funds,23511.52,0,0,retry_later
7aec2a1e-8fae-488e-a470-f483de4f637a,0961c5e4-22cf-4030-ad7c-992260d298ed,11378.79,UPI,gateway_timeout,14955.81,1,825,retry_later
b7bc907b-966b-4ed4-8666-ee72d12104ab,1fa5f9a5-831a-4444-9911-7298d804657c,886.93,Credit Card,expired_card,45398.14,0,0,switch_method
9a6554c5-55c5-4765-a7c2-9f330ecd97de,161c336a-387e-4be2-8ed6-20442f54ba9b,10890.54,Credit Card,incorrect_pin,41670.34,1,56,retry_later
a4824614-0fdb-4e01-863f-3fbdecf4b410,75b67e13-5b40-4fd5-a7d0-f33c11dd556f,4466.54,UPI,gateway_timeout,20960.0,1,43,retry_later
432c04e3-e930-44b7-925d-6a97d27c7674,9f9d19cc-8064-4b8f-879a-37c4fa91361e,13940.93,UPI,gateway_timeout,43398.19,0,0,retry_now
bfacc094-7f02-409f-b6b4-2a0eb72a7773,2354607a-0bf1-4ead-bf82-9f3ca17b7673,14797.44,UPI,insufficient_funds,19717.21,0,0,retry_later
5f9536c6-f2a1-4547-81d1-39cc86002d63,e87e0cc2-303f-4dfd-90c9-b97acd4cafb9,12324.89,Credit Card,gateway_timeout,19846.31,0,0,retry_now
1fc881d5-cd83-4a33-8500-b479392148f5,d3f0d068-935d-4b6d-8c15-14e4ad66fc3d,11141.59,UPI,gateway_timeout,7655.13,4,720,give_up
aeaa9eee-987a-4a72-94d4-a49e9bfe5deb,3dddd010-d182-42b7-b721-024734f62bca,7573.61,UPI,gateway_timeout,41246.92,0,0,retry_now
1e4bb533-43f5-463d-8000-132f40e7544d,cef66bb2-5603-412d-9532-fe320fb73e09,13566.27,Net Banking,expired_card,32505.03,0,0,switch_method
2bf19f82-8a25-4792-a3d4-7208dee0a1ed,ba688d0a-7236-45cf-b06e-7f9c4ea66604,1189.85,UPI,gateway_timeout,31577.67,2,241,retry_later
98cb4db7-911c-4b3e-a690-c831fdbe9d4f,f7b4856e-b0fa-46e8-a2c6-9f0959b58114,5412.07,Credit Card,gateway_timeout,41981.47,1,1179,retry_later
eb621465-b33a-4223-a08d-da8f2b15a2d9,212942ea-625f-4123-bd52-056d97b9313e,5827.57,UPI,insufficient_funds,293.98,2,1248,give_up
d53867f4-3523-4adc-bc17-a76167403c43,10db0c42-f892-41bb-8d8c-a21d833121ea,709.07,Credit Card,expired_card,13523.46,0,0,switch_method
984f7d9e-1b29-4b4e-a75f-709560f6f0e5,019dc7b9-c83e-4155-8f51-ceef598de23b,13988.11,Credit Card,expired_card,33766.18,0,0,switch_method
9a6e209b-d4a4-41a9-81f0-67d594ab83f9,101a6ff6-f9b3-4902-b579-9ad91f31d66b,3531.59,UPI,gateway_timeout,48113.9,4,978,give_up
2d86a939-0c16-4af0-849a-5a68dec6b8a3,55d6a843-3e2f-47c8-9153-bb0c302a3e32,6549.67,UPI,gateway_timeout,16958.68,0,0,retry_now
a87fa3b7-63dd-43ea-a505-17ad8d90cfaf,7ac8e294-b5e6-485f-b50f-1d3d6136abec,4740.44,Credit Card,insufficient_funds,25382.4,0,0,retry_later
933851dc-ee80-424f-a6cc-5ec5dd57fc60,ba94545b-5e95-41ea-97b0-4711be3c19aa,3993.54,Wallet,incorrect_pin,10573.52,0,0,retry_later
b98ce124-bfe0-4984-a99c-ff555f83c97a,542e1110-1f4a-43ee-83c9-54041f70d000,11204.09,UPI,gateway_timeout,9320.69,0,0,retry_now
3d1ca15e-87a0-4e09-852c-733b7d397f57,6a522829-d323-4665-bc90-dc71b56d8b3f,14380.88,UPI,gateway_timeout,29059.27,1,1362,retry_later
b11c46fa-cd67-4641-927e-0c8cc1af0b73,99cd96da-71fe-432f-abc6-0bb151b0c69d,9631.68,UPI,gateway_timeout,21619.12,4,87,give_up
49d141fc-11a0-48d4-a241-1c248464b13b,27d3e089-ab9d-48c7-b9ed-069c6d959aaf,2159.87,Credit Card,expired_card,30061.8,3,796,give_up
9e65d8bf-ba58-43f3-8cd7-f5dcbb6b1d94,d0e5c040-b6d1-45fd-8ac9-23ab05146bee,11854.59,UPI,gateway_timeout,22364.58,0,0,retry_now
de58e521-8aa3-4586-b740-b51a3fc3c500,21bb7fe3-09e9-41f4-b997-dbb914065ea4,11214.92,Debit Card,expired_card,28242.26,0,0,switch_method
22c12ce0-f3db-4152-9d0b-75755d67218a,686c901c-e62d-452b-9130-7aad159a7a1e,945.75,Credit Card,risk_flag,31907.75,2,488,give_up
9827dbcd-7d62-494b-8b57-759cb1cad426,45f0ccf1-164e-48ba-922c-9b17385642f4,1401.75,UPI,risk_flag,17482.67,1,824,give_up
d3895de7-78b9-48f3-94f8-6c04a7607c9c,73a1498e-241b-44aa-988f-c081e5d481dc,3942.92,Credit Card,incorrect_pin,11731.11,2,733,switch_method
c5ae6e39-bbf7-43a4-9bcd-52f771d7b233,30ea035c-afc8-4c0d-9ac3-8e2ed5988d17,10185.91,Net Banking,incorrect_pin,7048.97,0,0,retry_later
36c3c6f6-36ad-466d-bdf8-0d54b51ebff4,33c7b670-2f07-4c48-93de-377846196526,6506.86,Debit Card,insufficient_funds,4945.22,0,0,retry_later
72e276ef-4364-4b16-8d18-fc23d682df22,7886108b-8af7-4aa8-a38a-d4f0802a02f4,4214.1,UPI,gateway_timeout,34169.43,1,970,retry_later
2b0da639-6b3f-43e6-9b82-6c20f8ab4e10,adfc1953-9746-4b81-a7cd-2760cdae6a8d,7404.57,Credit Card,incorrect_pin,2528.78,1,1064,retry_later
7efcfd3e-b463-45d9-9faf-87e92f165f85,564bd314-5b46-4b72-be0d-dc60c8e73898,9781.76,Credit Card,expired_card,33975.37,0,0,switch_method
66c56811-e95c-42c7-8b52-2357560f9aa6,44adf142-ab04-4080-ab93-4cdace2e1b97,11708.79,UPI,insufficient_funds,46944.61,2,808,retry_later
fb2e39a1-9a77-4ecf-9e11-7ef9e127ac20,055545f1-6bc5-4246-83e0-fa304da6a4d0,4633.23,UPI,gateway_timeout,2217.34,2,7,retry_later
1ea796e0-0d97-476e-88c0-e6b304c304cc,9a82730e-4602-47ca-88ef-b31898f0e6a5,2973.49,Wallet,incorrect_pin,14764.1,0,0,retry_later
5cd9f49b-8836-48e0-8f56-dc9b89c301c1,db230c84-a53c-4312-9404-f06cc174efd1,12814.76,UPI,gateway_timeout,46702.99,0,0,retry_now
6a175dbc-1217-4fc6-a46b-560dbd5a4cd9,3d3cbb1b-912b-4e65-b378-a99a45a66f5f,11867.54,UPI,insufficient_funds,11538.42,1,95,retry_later
487df479-c0f9-4414-9498-53ff3914cae3,a52d1e3c-925a-4d4a-80e7-cac27d9f658d,492.12,UPI,gateway_timeout,43657.97,0,0,retry_now
bf797452-435d-4112-b940-9bd5a52e2b2c,c75d964c-b33d-4e57-a956-2030a72c2888,9427.31,Debit Card,incorrect_pin,130.37,1,732,retry_later
723aeba4-189a-43f3-aa7d-ad2e3bd62ce2,1c6b839b-a951-4841-a776-62cebd3f110d,3497.15,Credit Card,expired_card,42854.86,0,0,switch_method
07a0dcbb-c8f8-4c89-948f-01311509e763,03b48b89-6b15-4518-82dd-54806daf80f2,5042.06,Debit Card,insufficient_funds,47023.18,2,289,retry_later
4d4880c3-47bf-431c-91d8-35703ad11434,eb2f055b-cc3f-4af6-b31c-046b8f142106,4636.03,UPI,gateway_timeout,22298.26,0,0,retry_now
ae8f395c-02eb-4072-9b03-8b9fda4ba6d1,fb0125f8-be5f-4df0-92a2-c357cf940b8b,966.75,Credit Card,insufficient_funds,8689.94,1,598,retry_later
0a0b1a2d-1f49-4d2b-841d-adc4c4e26f28,a42d9caf-fb02-4b45-aeaa-f31859f94ea2,8269.33,Credit Card,incorrect_pin,36199.99,3,400,give_up
35aeb1c9-d5ca-42dc-97ac-f0fdcfe4226e,167e79cf-bfc1-4800-af2d-9228526ccddd,9885.93,Credit Card,insufficient_funds,49403.4,0,0,retry_later
119a064d-2abe-427a-8372-56db491d7f09,dfee0595-46c6-4f80-8645-2494f09cd122,9739.18,UPI,gateway_timeout,17243.69,0,0,retry_now
f26f07ec-8800-402b-b644-47c997c5af8f,8eab1f19-dbef-4282-b6e9-9f6dba3a8c99,3232.73,Debit Card,insufficient_funds,6077.83,2,452,retry_later
f69d5982-cccd-477b-a100-c0e7aefe5345,0fc94090-f997-44d8-93c9-5236a1495d20,7670.68,Credit Card,insufficient_funds,36314.32,0,0,retry_later
63db4436-b315-4b09-9802-db7ff12ba974,25810a11-78ce-463e-8d1d-c1a1bdc3695c,10960.68,Debit Card,incorrect_pin,14250.9,0,0,retry_later
9baf2ef4-02e9-4b05-a925-6639dc39a4b6,01594b29-369b-4d7f-b879-66e9764c205a,2150.72,UPI,gateway_timeout,38544.92,0,0,retry_now
5f8d1852-96bf-429a-8918-223c46324ad7,2b6726fc-5b13-4e38-8155-f5f7a08f83e4,13543.38,UPI,gateway_timeout,10193.92,0,0,retry_now
f0f924b9-ceb3-4c48-b3af-55e7482e09c5,62395c0c-743f-48f5-94a0-3e925fcf9746,7379.78,UPI,gateway_timeout,19401.38,0,0,retry_now
b7dcc08a-779a-4e6c-a469-1d6fcb8e9980,63e0ddb2-4cb0-424e-9e9b-e4b4ee69fdc0,3114.01,UPI,gateway_timeout,36475.5,0,0,retry_now
c16a411b-6763-414b-abd8-fe758df9cc85,fd81a099-5e75-4fed-aa74-a9590450d4e7,12269.17,UPI,insufficient_funds,31294.33,1,142,retry_later
4d0cf2d1-4bc5-4808-abff-5f9104d2bb96,baf970f7-7e52-41a1-bfa6-35f8a7a2aec1,13401.19,Debit Card,insufficient_funds,29808.14,1,159,retry_later
a683c4d8-56f4-48c6-9aa2-e1f0fe2a98ed,c648c90c-eec0-430b-b9ca-efe34a25769c,7891.43,Credit Card,insufficient_funds,27176.8,1,423,retry_later
a6cf7574-9771-4965-b2dc-a89a34dd4650,665b6b61-742f-40cc-bfb0-837c8e159d00,4835.15,Credit Card,insufficient_funds,36693.5,0,0,retry_later
36feef25-610a-44aa-9d0f-ee7e3b0f942d,99043e3a-a153-427e-aa27-0c189927137e,4512.44,UPI,gateway_timeout,2599.67,0,0,retry_now
f839109a-104c-4e45-8f70-25ea3cbde4cd,410d4bdf-9514-42c4-874f-53ce231b9c5d,5811.12,Credit Card,incorrect_pin,19438.23,4,1088,give_up
d902b51c-ea81-4407-a407-18200ea765fa,bb131317-844c-4909-939e-6e0a30066039,12973.21,UPI,insufficient_funds,21448.5,1,978,retry_later
606d31cf-be70-474c-8906-6a230b37545c,ec811f01-6cb2-4031-9d13-2e5b5cb2e246,7972.67,Credit Card,insufficient_funds,49575.38,1,813,retry_later
b2da0d00-3ff8-44b1-9fc5-fc061129e322,3281a9d8-f4a2-41c5-9669-1a88c3893ef2,9926.85,UPI,gateway_timeout,22208.63,3,1320,give_up
1bb27646-e57e-4321-9ee1-c6e1078aad5b,a47e4ade-1440-41bb-9efa-a8a24da9eab5,1425.91,Credit Card,expired_card,46386.61,0,0,switch_method
9c484302-3ba4-4c06-b521-4a957221357d,f911debc-fbfa-49e0-9b08-0231ca699a4b,2471.61,UPI,gateway_timeout,32820.66,0,0,retry_now
5edcb272-7039-48ca-ab57-c5a15951b794,4623c9eb-fca8-41bd-b564-e7075a91eb26,11947.22,UPI,insufficient_funds,27587.54,3,117,give_up
a28edf62-e1aa-41ca-bc56-aba18862da60,cb2d131a-abc6-4e19-ad62-17c758fe7fd5,2432.53,UPI,insufficient_funds,9716.61,2,1240,retry_later
81dea118-0c2b-40c8-a2b0-104122feaaec,c2a7f3cc-5eac-47d2-9b14-4bc5f852db48,4054.8,Credit Card,incorrect_pin,12867.1,3,1246,give_up
6046b487-6314-41e3-9fd8-533755fdfeac,07874c03-dc2d-4ed0-b68b-9d737246538c,8378.57,Net Banking,gateway_timeout,42870.74,0,0,retry_now
90ba9a95-9f85-449b-92e6-99554920b520,ce418eba-4c5b-4a0f-a314-117de07d5cbb,1257.43,Debit Card,expired_card,27386.87,0,0,switch_method
f1c8a752-efcf-4351-b481-396d61b2764a,aa6a266d-96d4-49cc-913d-f184cf7d3679,14762.25,Net Banking,expired_card,48464.73,0,0,switch_method
8e334b07-802c-4955-9a03-d7204a8f3095,a80ece10-f309-4caf-aaab-1280341e06a4,3947.84,UPI,incorrect_pin,19068.42,0,0,retry_later
5c836829-b663-46e8-848e-3b8b793f4a95,9eb56632-a016-47fe-9c31-9bcbaf9add62,9929.19,UPI,gateway_timeout,46218.6,0,0,retry_now
1c3061ec-d32f-4d07-bec2-6030da83c8cf,9124724c-2732-4fe5-979e-0e203be9b826,13499.4,Debit Card,expired_card,47029.08,0,0,switch_method
f67050e0-e62a-4971-bce0-a1b5fce1199d,dcef8716-8616-478e-bf33-0c0b283109d8,13453.47,UPI,insufficient_funds,36418.07,1,282,retry_later
128d58fc-1e6e-42f9-a88c-a370108e8512,964bdf5e-1abf-4676-985d-f01e64f451eb,7726.36,UPI,insufficient_funds,4544.95,1,467,retry_later
1b024486-a85e-4fb7-9b13-32dc4ad25c7a,daacff10-e9a4-4f81-8421-ffed1c2caccd,12212.68,Credit Card,expired_card,24195.17,0,0,switch_method
c94d0cf5-574a-4459-b903-96a3a5855ba7,1bf6c1ab-bc83-4b02-b4f4-cb575c9f3cbd,10778.04,Wallet,expired_card,19795.56,3,502,give_up
9e1d26eb-87d0-42b5-bfb4-2994cdb44f16,37b488a6-e4ec-4d32-8579-1a3fd8c3eb95,8890.72,Net Banking,incorrect_pin,32778.3,1,834,retry_later
dd7fe2f9-2310-4733-8c46-d4cc608e47f3,ad4996a0-1e49-42ae-a5c4-9769a2b59a67,3071.93,Wallet,expired_card,6661.34,0,0,switch_method
e7116c81-e7d2-4ce4-a707-b75f96e32ff1,8458643c-37cd-466e-a9e5-bad8a65346c9,2554.0,Debit Card,insufficient_funds,47208.72,0,0,retry_later
f7ab772b-3c33-4dfb-9fd3-18ebd348a17a,ac532b7e-697a-429b-a5c4-dac073ac32d4,13806.64,UPI,gateway_timeout,21100.26,0,0,retry_now
26830090-c9a3-42c2-b55a-9ce29a5fa7e8,43248ecd-e7cb-440f-be78-0b4a5edd7b7d,3659.38,Debit Card,incorrect_pin,27750.45,0,0,retry_later
86d64cff-2ea3-414e-9b11-853dc5d2d550,91621bca-1eda-4f3b-a889-5676286ef2a3,7092.18,UPI,risk_flag,9920.04,0,0,give_up
787296a7-0f2a-4e45-b9b1-2e3dfbf4102b,3be93a08-b5a6-428e-ab58-2f159ca33fee,10259.12,Credit Card,insufficient_funds,18907.74,0,0,retry_later
59963319-b2e1-4ae7-864b-6a68a2660690,ea206b53-49f9-4884-b123-bef78646c4e8,4897.8,UPI,gateway_timeout,44429.62,0,0,retry_now
c38e4a20-40f1-4653-91e4-e0db0bf03536,a1434854-8779-4792-b14e-3a3eb0f1c15d,6376.01,UPI,gateway_timeout,5492.99,1,315,retry_later
f9ffb088-5321-477a-a7b6-e2c33226d881,90c5b355-eaed-4edf-bb0f-41b007584418,8834.96,UPI,insufficient_funds,42677.82,0,0,retry_later
a7412fed-7d7b-4a5b-90c3-c7281ea2b153,4e65b566-c859-4882-8821-36cb2fee70b2,734.6,Debit Card,expired_card,30465.61,1,1355,switch_method
5ce09988-27e4-461b-b3e0-61bae2712d08,ceb43daa-068d-4ec0-8911-22e94fa07966,9918.8,Wallet,insufficient_funds,7178.87,0,0,retry_later
5269ed82-eecd-444a-b327-cc07affdf665,643793dd-4764-4d19-a9a3-8bd2c409a0f9,9196.7,Credit Card,expired_card,22484.48,1,1156,switch_method
e4875ba8-4fb1-4fb8-aa76-f32e34138400,85300f27-db2c-4606-bddd-30d68d3edfdd,5726.24,Credit Card,insufficient_funds,24638.02,0,0,retry_later
1957afc4-c51e-46cb-a9b6-ac75c5c82616,d6c20441-68ac-44a8-bf9a-1b5427c4de6f,10123.47,UPI,gateway_timeout,24963.28,0,0,retry_now
4a062d7f-bc1e-4d97-a005-323c99bb0d84,3855df86-4d34-4bde-a3ea-7faaccb1bb65,8863.92,Wallet,risk_flag,27998.21,0,0,give_up
2e092f03-747e-42b3-9833-335319b1b348,103cea16-7859-4135-b664-f93da13c2a19,4793.31,Wallet,risk_flag,19084.42,1,1002,give_up
f725f24d-f413-4be5-95e0-471856430d8d,b42ffb61-a6b4-4ae8-b484-1630f06ed195,7782.79,UPI,insufficient_funds,10528.89,0,0,retry_later
87e5fe5a-bba7-4e5a-ab29-94286962d591,c11db2fc-2558-4446-9b9b-6ca0757a902b,11372.05,Credit Card,insufficient_funds,37232.04,0,0,retry_later
164efddc-ce50-4548-a740-fce219e4b61e,ce711ee6-350e-451d-95b3-14426d5aeb75,14584.17,Wallet,insufficient_funds,14327.37,0,0,retry_later
fde7c3f6-a489-4b66-92d9-accb8864cda6,e2ad3b85-f691-4ab3-b8f1-597e134eb12b,4735.43,Credit Card,gateway_timeout,22656.82,2,842,retry_later
162c6ba6-97ed-4142-acfc-689cf654e853,142fd1c6-05ce-48df-8bd5-288138840ba5,4281.67,Credit Card,insufficient_funds,15063.17,0,0,retry_later
2c340b8f-4e75-4857-a6c9-1136fa2c1cd6,440bfd0d-fe54-475a-b572-1aed1639d505,12948.33,UPI,insufficient_funds,24328.33,0,0,retry_later
44f6ae99-d3fa-430c-9880-cc0ca0950c2f,738f74e7-17d9-4e96-8609-1e43c9fa9723,7094.47,Credit Card,gateway_timeout,28560.67,4,381,give_up
4b4eb42d-526d-45dc-8f71-771efc657547,45507743-16f0-4995-80b7-10b1e0a17a75,10681.44,UPI,gateway_timeout,47300.11,0,0,retry_now
397ffd1e-87fd-42c8-97be-f25ae7f5f481,ee0b9893-ae4c-4d3a-9df5-eb8daaa3e147,8402.02,Debit Card,incorrect_pin,5501.06,0,0,retry_later
4b601a98-cd6f-4edd-a712-e8b736c6c8b5,976d5e67-546b-4add-9dc7-0d7bfc446199,2278.61,UPI,risk_flag,20649.6,1,669,give_up
00715a16-25dd-4813-89cf-b34ede36e594,8c833e65-ecab-404e-8064-bf42d5b63ca9,11807.98,UPI,insufficient_funds,27844.53,0,0,retry_later
923c30f1-dd81-4f5a-90d4-2112d870eb3c,5907b1bb-e3a2-48ed-b581-e5ec262a5ae9,3332.74,UPI,insufficient_funds,37405.51,0,0,retry_later
fc67e0f5-abd4-4155-a081-d332c99968a8,647b7d16-662e-4f21-90e1-e629006a0b51,12116.82,UPI,risk_flag,49523.29,4,1325,give_up
089885bc-37b2-4658-9ead-e15cdbe48755,cf89bd17-2414-43af-b57f-dfde77b7c531,11838.22,UPI,gateway_timeout,47826.39,0,0,retry_now
5171585e-f97a-42e2-9d8c-0ffd69d88376,1d9d85ff-ca5e-4fad-9e16-af43092d7cb2,2462.99,Debit Card,insufficient_funds,41393.52,3,1217,give_up
da3653bf-e94b-40d0-9bed-99f0a0c6c7e0,c72591a6-6861-4953-a950-33c3650a7980,14076.3,Credit Card,expired_card,34002.84,0,0,switch_method
1bcd1560-e8e2-42e4-9bc1-67355a744bc1,76f27b21-20d3-478a-82ad-100adf674eca,1969.5,Credit Card,gateway_timeout,43026.26,0,0,retry_now
54764d15-daab-4d86-a08e-bc65fb52e6d9,c6b126e2-de52-47bc-90b4-14dea8aa7eb8,4779.92,UPI,gateway_timeout,38174.95,1,94,retry_later
2be81d2c-f8b2-4fc3-aae3-85b70c8ea8f9,98fc753d-df75-4c0f-a15a-0868c73675b5,6974.76,Wallet,expired_card,9197.37,2,1148,switch_method
baf65c47-1d62-473d-82d9-ce78c673460c,60f7a16d-e94c-4324-9127-3da0ee248c25,4239.31,Debit Card,risk_flag,18786.36,0,0,give_up
d646078c-85c6-4c1a-9b98-693d918bf7b9,b69a103b-b621-421c-8fdc-63b3d18d53da,5836.58,Debit Card,incorrect_pin,35398.22,0,0,retry_later
fef1d47b-4c15-460b-bf42-3f10e2af3757,25c8b916-4f7b-413c-9126-69d844f59004,3955.26,Credit Card,expired_card,12013.23,0,0,switch_method
342cde89-9df8-4264-a168-b13f89bb2b8a,0e88245b-de50-4ff7-a876-389f4e61f079,13892.92,UPI,insufficient_funds,10369.94,1,233,retry_later
c7c2fd83-c337-43c0-83cb-d4c646c633e2,31bfe40c-6f4f-4e84-bdbf-61a9fa5a58ef,12291.83,UPI,gateway_timeout,21380.32,1,1112,retry_later
b4212159-4332-435d-9514-24072072758e,c24bf982-10c3-4f7c-8e77-5767b3a0b287,3799.98,UPI,gateway_timeout,12540.21,1,467,retry_later
5a7dd948-7ea6-43fa-9eff-b0fb0a744322,3519b595-1e9a-43b1-b284-26cc63794121,11186.31,Wallet,expired_card,13125.48,0,0,switch_method
2224985b-01ca-48d9-8139-30d9e9865a82,4bd6aa86-a848-47d2-b3eb-15494bc95047,14488.89,Wallet,gateway_timeout,581.33,2,1291,retry_later
c3ae83c8-cf6c-40a0-8f50-852110318f33,c1cf377c-27d1-49f8-9d1c-84a11cb79988,4381.96,Debit Card,insufficient_funds,13573.03,0,0,retry_later
c96e80a4-cfdb-4505-9eb4-9beec6689382,b3466ab2-dc3f-4fbe-94ad-c31907ad940d,2624.41,UPI,incorrect_pin,15625.27,0,0,retry_later
e6d18c95-3aa1-4705-b316-f1a167a201a8,8424b059-4754-48df-88b3-22e96275325a,9793.81,Credit Card,insufficient_funds,24416.91,0,0,retry_later
b654cbd8-086b-458c-9f2e-77fe362ab399,f53cdee7-3fd0-4bce-b7d0-ba8322b61515,5963.32,UPI,insufficient_funds,48687.41,0,0,retry_later
f473cdb8-11ed-42b0-8704-2098f74ebdac,4a8a39ff-d1c0-48c7-9de8-296f3621efe0,530.78,Credit Card,insufficient_funds,3705.96,0,0,retry_later
32fff4bb-2d73-4f04-9d2c-23f4538d8260,bbfd68e6-f867-485b-8e08-a554fda4e51e,14893.62,Credit Card,gateway_timeout,34380.07,0,0,retry_now
5ccc7ca2-fdd4-4dee-8755-041c0039da66,502cf15a-128c-4711-bc09-98ddc4450ce8,6958.65,UPI,gateway_timeout,41576.75,4,1144,give_up
47390a12-bfa1-4c4b-82eb-fd42e566d5fc,d0295488-40fc-40ff-bc72-519d6be9d818,392.6,UPI,risk_flag,18907.07,4,1094,give_up
618a1891-bcc8-4c4c-b6ac-2a5ad181426c,3a566c4b-d542-4ca3-9f86-564ab60c4f1e,2204.18,UPI,gateway_timeout,26557.23,0,0,retry_now
791081bc-8191-470d-99af-26f63d9d7896,1b320e6c-6f10-4651-a717-a56012c738a3,4293.11,UPI,gateway_timeout,4812.53,4,915,give_up
ba824158-138f-45b6-a245-816f983670dc,8064e0e5-afa3-48cb-b1b5-7304dfd6928c,4652.11,UPI,incorrect_pin,20413.34,0,0,retry_later
5588bf4d-f763-4e51-8854-72ea906892b3,fee5a7c2-22b9-480f-8ecf-5e7b10aebefb,10049.15,UPI,gateway_timeout,36189.76,2,772,retry_later
2169c7a5-7442-4a4f-8948-e62e4ae0d2a6,c63a5971-ffc0-425a-ab2e-e4057a48d151,8541.93,UPI,risk_flag,16122.06,0,0,give_up
18877761-e50a-4ada-84df-224e35421c29,e6d9e7c3-d5af-4bc6-99af-8d0b37e3390f,3024.16,Credit Card,incorrect_pin,11450.07,0,0,retry_later
0d6e7c90-5cbe-49a9-8b19-60df9d91b8e7,11748ca6-c999-43f2-b139-3e46b965000c,7289.27,Net Banking,incorrect_pin,47551.65,1,517,retry_later
2681e329-b038-4c9a-b32b-20fcdbc6eaeb,40b2abab-1726-4373-9118-8b9497a2fa0e,10052.44,Credit Card,insufficient_funds,45948.97,0,0,retry_later
a58bd5b4-d482-4a28-b391-6b6c20769ca7,55f7cefb-c376-4bdc-bd93-c685ee0fb9ac,12599.49,UPI,gateway_timeout,38219.96,1,346,retry_later
18f77176-4480-4a90-a0ce-006b9cebdef3,25f70205-1987-4b6f-83a6-9a8177d65576,5580.63,Debit Card,expired_card,2412.21,1,953,switch_method
614b7495-efd2-43f5-86f7-db390ad4df51,14ba593a-6d9f-401f-b311-171890e864ff,9282.77,Wallet,insufficient_funds,40681.39,0,0,retry_later
1c7591ef-daa5-4667-8c80-5c20af77a07e,55c6ac28-615a-4b1e-ab69-4e193458349e,553.42,Debit Card,incorrect_pin,46092.27,0,0,retry_later
85d2f627-dde7-46f5-809c-4e412ff6648a,53326a18-dfbf-48cc-b9da-91711dc4e75e,8707.48,Debit Card,insufficient_funds,6959.83,2,627,retry_later
557f7625-a3e5-4747-87ae-f52da84ccb33,259db0fb-d26f-46c5-b984-7351069e00fc,5693.07,UPI,gateway_timeout,16732.86,1,52,retry_later
2a3112ce-a0d0-4097-9cdc-367d71dfbcf4,48bd09cf-a266-4ea4-af4d-1d701e406443,2156.53,Credit Card,insufficient_funds,12322.99,0,0,retry_later
61ff301b-b8b0-4c18-b4f1-e47342074f8c,91f972ac-3717-48fc-abed-40661ef21dbe,12475.23,Credit Card,insufficient_funds,1799.49,0,0,retry_later
e3cf7f90-0c08-42c7-9455-8bbcde424267,deffac91-9e2a-4604-8e66-1bcacb8bbf53,14705.03,Credit Card,gateway_timeout,3509.83,2,1126,retry_later
92fedf1d-5868-4bbc-9011-364bf476c385,f99bd8ec-0059-4da0-b402-263484497e1a,13759.15,Debit Card,gateway_timeout,14296.38,1,588,retry_later
bfaa8450-3715-4751-ad46-bc9316319ec3,f07f304e-dd27-4568-8bad-e6554af3d098,3588.54,UPI,gateway_timeout,10543.89,0,0,retry_now
45abc7d2-8885-4839-ab77-6fcc101dfdff,2cdb70c2-a6a2-42eb-849b-88e1ad681994,14965.47,Net Banking,gateway_timeout,44934.65,0,0,retry_now
4b4f3183-f24c-4799-bece-b45655a750b6,957c62c1-8f3b-4cd4-93cf-6972cbf34005,10611.99,Debit Card,risk_flag,48160.13,1,40,give_up
c74ecbc1-93fe-4105-b1af-c3fee23e468e,e8620530-067f-49a2-a413-fe650b0bd5b2,5420.93,Debit Card,gateway_timeout,25324.8,0,0,retry_now
f1ae9feb-3ae9-4bc4-8b33-9811c318506a,d166eb56-0d75-4b78-b60a-91ddc2fbc757,3349.38,Debit Card,risk_flag,22301.87,0,0,give_up
533f9d03-9c9f-4035-b420-50b63a79c16e,62d12891-2bee-4c84-89f4-7a19d7fd8f2b,13487.84,Credit Card,incorrect_pin,1349.25,1,929,retry_later
b1453409-f1e2-44da-b8e6-2629ee79cdb5,519e5434-3668-4e39-863f-326bd43ebdae,9129.68,Debit Card,expired_card,19743.33,1,1386,switch_method
93deb23e-ad4d-4298-8ebc-444f9424e101,6a55f765-434d-4674-80e3-a57acc06ea3e,12557.75,Debit Card,insufficient_funds,5180.94,0,0,retry_later
0930a8a9-b577-418e-a85c-70c45b1c0507,39362e98-2cd0-4277-85fc-0320292de4af,1997.22,Credit Card,incorrect_pin,42080.31,1,384,retry_later
2ee417cc-abbf-4a7f-9ce2-a51c5a38e783,0e119e75-0c62-4486-9fb0-3869b0ca213f,5425.03,UPI,insufficient_funds,9467.39,0,0,retry_later
7746b923-3219-4c22-972d-1aeddc1dd0ff,f338d5f2-b19b-42dc-8f6f-27c6e743b3b9,5988.56,Debit Card,incorrect_pin,24896.9,3,1291,give_up
a93635a5-9dc7-4dd1-a49e-6b178346783c,5e832b37-c71b-4bd1-87fb-22e0202e64ad,7309.24,Net Banking,gateway_timeout,32598.69,0,0,retry_now
e92913c1-6441-4cae-94e8-166c7c599904,73b67645-a71d-4377-9d2c-638a211d56f7,7515.44,Debit Card,risk_flag,29820.5,0,0,give_up
ad6b6c0a-4d8e-4ef5-b957-715cb83ae51f,623c1557-f86e-4c2a-9d73-aa532b8c0176,10412.87,Wallet,risk_flag,36845.66,3,1320,give_up
9284631d-49da-4f55-90de-62319198c920,39054328-10c2-44b3-a0df-9d1d48d72139,14481.18,UPI,gateway_timeout,965.22,3,1185,give_up
560b0f09-e70d-4ced-9a53-99652229dc22,75304102-fe86-4ab1-bfd5-5df2d647f330,8786.86,Debit Card,insufficient_funds,10837.89,0,0,retry_later
ec9a6166-5257-4324-adcf-86d5d8ddd6e7,76d9b5ba-65e2-4eaa-8a61-98105d0043a6,1503.92,UPI,gateway_timeout,3218.74,0,0,retry_now
8f034ff9-5454-4370-a4b5-f6d2316478ac,22cad853-5ec2-4743-b619-6771a2a10feb,8619.8,Credit Card,expired_card,12240.54,2,357,switch_method
079f7b8f-3254-42cd-ab46-77ed86ed66b1,67b91a93-668d-4a52-af1b-8fe07c72a38b,6744.06,Credit Card,expired_card,754.4,0,0,switch_method
7c2a9d51-ed03-40c3-9652-e7c6366b9849,ca30920e-ed79-4915-8dc1-9cd4dfe7f131,1509.65,Credit Card,incorrect_pin,40118.03,2,515,switch_method
f0b340f5-f037-4904-8777-ab32d162aba7,0da2e0c4-c326-4dee-a4bc-ae093589ef6f,9804.94,UPI,insufficient_funds,964.96,3,1324,give_up
a10c7adf-f26c-46de-80c8-a3e123d266e1,688e2a3a-974e-42ed-ac98-af6e573881ef,6984.53,Credit Card,insufficient_funds,28107.22,0,0,retry_later
0e6f011c-60be-4ea1-8875-738460fe6b9f,9e253a6c-8fb6-4034-b7b3-c0ba99d78166,13371.24,Credit Card,insufficient_funds,7311.07,2,466,retry_later
2f779e06-93c4-4bf1-b3e9-b11a484b6272,67ff2d6f-5230-42f7-a015-e6537b1347dc,4875.03,Credit Card,expired_card,48207.29,2,448,switch_method
79b261a3-9428-49cc-8aa6-c65ee9b27a64,2f8398ce-9f2f-4740-94b7-0be7b7d3cd99,13971.06,UPI,gateway_timeout,17369.87,0,0,retry_now
2551b158-6207-4c0f-96b5-5ac49f9c3b28,eb6b3621-6a3e-4e04-acca-d0bce1c7f3e1,4896.43,UPI,gateway_timeout,6036.92,0,0,retry_now
858c99bb-2798-4ff2-a113-d3b5986a91bc,4d324894-b497-4909-a918-6577ed50bf56,3229.24,Credit Card,insufficient_funds,48607.83,2,683,retry_later
8fd95fc4-6f13-4373-9363-dac6c015cc6f,b7370bef-5ec1-4da4-b367-e999ff426d88,8122.9,Credit Card,expired_card,994.0,0,0,switch_method
8a8159f5-6f9a-4806-b525-5c846723aa33,89f2f8ea-2e50-4ec0-834e-43baad3144f2,10422.17,Wallet,insufficient_funds,48445.09,0,0,retry_later
1d4a6415-66d5-4e45-9b51-a2a8cefe3d5f,0a147e85-a57a-4e35-b4eb-94dd1102ffba,13426.54,Debit Card,incorrect_pin,34443.32,4,908,give_up
769a48c7-24a1-4bd1-a559-9967da7c3069,8fcf5dd6-e8bc-42d4-97b9-534ee6f3f2c5,4457.63,Debit Card,insufficient_funds,39149.23,0,0,retry_later
a7af84da-d76b-4e52-bc75-581b3dbabbdb,83c31083-e14a-46ce-8c4c-beaf023c47b7,12443.41,Credit Card,insufficient_funds,5525.07,2,27,retry_later
0bc4e80c-9e1e-455c-ad3e-dadee8321d36,19b76c61-6c7a-40d1-8f5c-42f44f8c4aee,11248.64,Credit Card,insufficient_funds,2214.64,3,841,give_up
21f3e5b1-3347-4824-9991-71e71a42cb21,58587c4b-4a47-42be-be50-2f844c947ec3,5574.7,UPI,risk_flag,33124.84,0,0,give_up
91a3298f-0d2b-4340-8d30-371ee562a274,6ab8ded4-8ec7-48c7-b5af-c3ef4eb666f2,10361.38,Credit Card,gateway_timeout,36461.78,1,1232,retry_later
ae1f2e9a-21d6-46c4-b0fe-92b1a1d86f8a,054c4256-8a26-4ae6-81b5-bca47145fdc1,4291.88,UPI,gateway_timeout,26055.1,1,912,retry_later
9dff3b07-f261-4893-a6b0-976da658dcae,fe0426f4-b488-442a-9498-77fe2a715865,917.68,Credit Card,expired_card,15764.03,0,0,switch_method
83bb6100-8c7c-45cb-ae69-2e143f8e868b,5518a7e1-1b9a-46b5-9aa4-f0ab91f742f1,8064.99,Credit Card,incorrect_pin,35259.45,0,0,retry_later
52f55f39-a54b-44bf-a8a4-e20913addfdc,cc5993b5-d7f2-4132-8682-0e2fe6beb3bb,4341.48,Credit Card,incorrect_pin,33000.13,1,473,retry_later
7a34ad20-76c6-4601-b475-a5064dc89793,5a587ac3-d3e0-4186-82a0-3df27c4c5806,1568.89,Credit Card,risk_flag,12377.92,0,0,give_up
cbe7e415-b64e-4a06-a8b9-336ddef40cfc,b6864996-2d50-45b0-a87f-9933b8229866,10020.24,Debit Card,gateway_timeout,41619.27,2,1342,retry_later
3b405398-db38-421d-8f55-8151e2ecd945,6481ad2d-eb6f-4e03-8972-c08c54afd8d7,1053.03,UPI,insufficient_funds,35630.23,0,0,retry_later
a2d7a520-0370-4c3d-9952-055774ecac5e,3a5beef8-2a9b-4462-be3c-a16ae323cbc7,2564.79,Credit Card,incorrect_pin,43520.26,0,0,retry_later
54944e6f-3016-479a-a11b-a71c9d2d056a,cd81ed0e-b12a-4753-9235-084a885eb9a3,12247.8,UPI,gateway_timeout,33647.52,0,0,retry_now
703ba4b5-3ba0-4d14-ae41-f6b7488959a0,34dc3c2d-f02a-477a-afe5-e21ff6c410ba,607.19,Net Banking,risk_flag,41451.88,0,0,give_up
10998550-2bd2-4cdb-8831-3d448e42fbf9,889b37c4-c946-49bc-8082-7a5c37cc9c35,5214.03,Wallet,expired_card,43759.36,0,0,switch_method
1c84234e-82e9-4ded-8cf0-3efb8f0d1681,18154f6c-4e3c-4d77-b650-142cdb3c6248,4449.36,Credit Card,incorrect_pin,48478.6,0,0,retry_later
a1036d8b-4b92-4b44-adc8-88a0e709946b,286f28e6-6e7b-4696-88a4-832c6414e3fc,12202.02,Credit Card,incorrect_pin,24466.54,0,0,retry_later
151277d1-218f-49b2-b206-cd58aed0d6d6,5fe89936-938f-4191-87d8-3350a4458ff5,10862.69,UPI,insufficient_funds,38220.01,0,0,retry_later
a80e06f1-d094-47ba-ad5d-09eb31c9b21c,bfc6d565-bfe5-48b4-aaf6-b3861240ddf0,12181.01,Credit Card,incorrect_pin,38334.89,2,1369,switch_method
df3657b9-3cb7-4a97-8b7b-f147b1b74409,744d7e0b-4ded-4d8d-9223-8cb807721285,10530.81,UPI,gateway_timeout,20209.61,0,0,retry_now
9e7d8386-d7c5-4b6e-8545-323e4f916b7f,ddda30c9-7cba-4138-836d-eafd39659d41,13416.73,UPI,risk_flag,44062.66,0,0,give_up
c445f9aa-46b8-44d3-adf5-b24981a79a1e,9d67ebf3-d6ba-4394-9fb8-824f8e895db1,12867.81,Credit Card,insufficient_funds,31431.61,0,0,retry_later
f477cfb1-b9d0-42fa-8fe9-82422ccab5c8,feb09e9e-eade-41af-800f-8e20327fbdfa,9680.1,Credit Card,incorrect_pin,49047.59,2,1062,switch_method
5ec58bbb-b120-4ea9-8265-00cb0d1391c8,6fd1ae81-36da-493c-99cb-e506294ff97e,1474.02,Credit Card,incorrect_pin,86.24,0,0,retry_later
c2c66185-214d-4c5c-ad3a-550db579e88f,af597f4c-2ee9-4966-9d9b-143b9afe9887,13929.81,UPI,gateway_timeout,44735.71,0,0,retry_now
923f2b9f-0a26-43a5-8180-0b71e4ea3f79,ea1fad7e-1219-4181-8c80-d8020d8b6196,2640.07,Wallet,expired_card,25488.84,0,0,switch_method
b57b0a2c-0eb2-4b12-bfc0-c8a9bbe87387,c96bea27-bb83-4d73-8203-92cec5584b43,11382.52,Debit Card,expired_card,21668.35,2,710,switch_method
6649fdde-36af-4b8e-b434-87d9bb3d6a97,f4bc7002-e4cf-4a5e-ad6f-41b2f1e2fa31,6386.98,Credit Card,incorrect_pin,25660.63,0,0,retry_later
599e938a-43cf-41a1-8fdb-3d45c08e9f5f,e5192423-5381-4c5b-9b2d-1607bdda4406,4502.38,Debit Card,incorrect_pin,47764.31,0,0,retry_later
54f06500-854a-4b2b-9a86-5e08ca864b67,0538f6e9-65d9-446e-97b9-68b64841507b,1442.08,UPI,gateway_timeout,41593.29,0,0,retry_now
2d4ecced-f9d2-40bd-9f2d-9c3e7b8b7787,d1039814-9d5b-47e3-b5bc-89f40826dac8,3387.08,UPI,risk_flag,35940.71,0,0,give_up
533a3a27-79c4-43ee-95a8-a52859257803,cb363941-b196-4ee0-a9ed-4b3148a2d8fd,429.3,UPI,incorrect_pin,22751.63,0,0,retry_later
58f9526b-f063-4ee5-9197-7bbd969571c8,c8d10ed9-66c5-41fb-af80-dc1f14727cf1,10385.77,UPI,gateway_timeout,34937.74,2,1421,retry_later
298ebf3e-7244-4c1b-bb74-74c9fb2f4d74,a9f7c3b6-62f0-461d-b223-3ec016a45c67,13399.17,UPI,gateway_timeout,28448.5,1,1138,retry_later
56b8ff03-cec0-42ff-986f-0b2e8c782a1a,b05ab14b-a544-4c56-9ea3-ebfad30d3030,8072.99,UPI,insufficient_funds,36891.74,0,0,retry_later
a54af0c8-fd41-4441-a3a7-8a41e6ae0bd5,1529bae3-2422-4c37-8bed-d36671098259,613.3,UPI,risk_flag,41569.54,1,686,give_up
4855d360-4456-45ff-af00-b55014765edf,15b4b674-3022-4a57-af60-32866bd9b3a5,12206.4,UPI,insufficient_funds,37793.71,1,1090,retry_later
55d0b3f5-6782-47fd-875e-63b5bc7f3d0f,0f153fc3-311f-4b87-aa43-8c0d321bfc0b,1270.81,Credit Card,expired_card,32489.54,0,0,switch_method
de0cd17b-5181-4ff5-ac0a-32ebc2231574,6649a80c-118e-4b58-9a7b-caf9de259f2e,2786.5,UPI,gateway_timeout,7293.46,1,201,retry_later
50db66e8-d94b-4550-92e5-0a34deea7600,029d95e3-197b-4138-a254-386855516e7d,7883.02,Debit Card,incorrect_pin,28188.92,2,487,switch_method
813d7f8d-941e-4c80-b6f5-0a388ed186e5,bec38e46-8089-441b-9390-2abf73c0d8fb,561.54,UPI,gateway_timeout,35697.1,3,1292,give_up
b82330b8-ffbc-458c-9f16-213cbbf25a17,2319340b-ae2f-4d74-9302-48aea2577266,14803.69,UPI,insufficient_funds,29118.53,1,125,retry_later
0a18322f-61b0-4188-8e9b-923cc0f0832d,cd4ca3ec-4696-4a08-983d-13c1d4366e3d,8089.04,UPI,incorrect_pin,29661.89,0,0,retry_later
4c9be1f0-9c95-431b-b75f-13ad45c3f2b8,12f8df86-6f17-4499-b768-fa4c65b7ae3c,12144.38,Credit Card,expired_card,44415.54,0,0,switch_method
4ff6e264-7129-44ab-bcb0-1cb84770ad0c,ceb77492-4680-45d8-a76e-0fc1adabe434,13477.7,Debit Card,incorrect_pin,24612.82,0,0,retry_later
1efff558-8021-438a-8418-6e7c558c9c31,0bd5103d-a88f-4e96-ba9f-81b03d172278,10160.63,UPI,risk_flag,35491.49,2,1033,give_up
3f909456-1a58-4a4f-b4d9-a4e18b3ea341,6c183ab5-702d-432b-816c-95f62efddec5,1945.15,UPI,gateway_timeout,18194.02,0,0,retry_now
8849c2e4-afed-4b85-895e-4df25efd8355,41761adc-1a80-4aeb-8928-13a01984e5c8,6427.64,Credit Card,insufficient_funds,4715.63,0,0,retry_later
7dafeff2-f7ea-4dd7-83f8-b710ad02ecc5,dfc87fd4-dcdb-4bed-a29d-e37346e24fe8,613.82,Wallet,expired_card,1101.96,0,0,switch_method
d1e3da23-fad6-49ef-8b72-83806fbeae86,05137902-b30d-458a-ba58-8c0327dd4b7d,2604.99,Debit Card,incorrect_pin,47217.6,0,0,retry_later
db43ed83-7116-4d44-a544-089d0f852783,494ea239-170a-468f-b8c2-b4658aa48599,14265.17,UPI,gateway_timeout,20244.86,1,932,retry_later
9d6d77a1-3e51-4443-81cb-8437330db870,d9f2017f-2dc8-4610-9b43-807f39e1ba49,12377.33,Debit Card,expired_card,46211.89,0,0,switch_method
f26e2a1f-9de9-424b-ba3c-405055a39239,d1844d0f-cc9c-49c1-89a7-90da5d4d9269,14035.47,Debit Card,incorrect_pin,1781.49,0,0,retry_later
0b91a7ef-8681-469f-add3-cea7badb575e,65feba79-40ad-462b-8c18-3683c2fc650c,12549.44,Credit Card,insufficient_funds,41476.16,0,0,retry_later
f0d6eda7-bdd6-41a0-832f-e57f26d9e494,94aca4a7-7868-4c4c-97e4-b886c25250f7,138.24,Debit Card,incorrect_pin,15203.51,0,0,retry_later
d39ff59d-d55d-4649-a8a9-7e4bd1e9b485,570b1e96-dd5c-499f-8855-e87cc7f25eaf,7905.07,Debit Card,insufficient_funds,25203.75,1,1431,retry_later
f24fbead-160b-41ff-8d52-a7c064c2cd0f,bed8ab4d-283f-4434-a417-871a8e72dda7,4561.77,Credit Card,risk_flag,32290.54,0,0,give_up
a563d9c2-2835-4c9d-a18a-63f6dcfe7e27,d1054ec7-99ff-4b8e-9456-175c21807327,6492.89,Debit Card,incorrect_pin,13106.55,0,0,retry_later
40eb10cd-b08c-4afb-838c-7938e13c8a55,207b9680-14c2-4d80-a96e-f0448c6751a8,10896.12,UPI,insufficient_funds,20358.25,1,499,retry_later
31689f93-37df-41c5-a6bd-4750c8c3c0f1,ccd8d5b3-3070-4b4b-b755-9d4cef49bdb2,1251.24,Credit Card,incorrect_pin,27240.1,0,0,retry_later
3d6f64fe-233e-486b-bca8-8a4931c4c0bd,bc311fe5-abb6-4c82-a01a-1dda3f487f85,4318.98,Debit Card,incorrect_pin,6673.45,0,0,retry_later
9654740b-8990-438c-ac80-f792c29f8740,8837d450-7d33-4a1d-b4a6-9f6a5d8ab05b,5177.96,Credit Card,incorrect_pin,443.31,0,0,retry_later
8e094223-0862-4dee-8364-0be586a10966,cfb9ac1d-b1fa-4d40-bc6c-d0efb3594b78,6831.79,Credit Card,insufficient_funds,16924.29,0,0,retry_later
936c4524-5882-47b5-9068-1b7acc215aeb,cfe26472-3786-4c61-be59-e681912bce03,6496.94,UPI,gateway_timeout,8545.26,0,0,retry_now
75670e96-8bf7-4140-a91f-36fac6c28909,07bde370-ec43-4faa-9e71-3bc1774ed698,3737.55,UPI,gateway_timeout,44316.58,2,383,retry_later
913753dc-bcc3-4899-b495-eb1020297ca2,57c7dc9e-4a6c-4e2f-b280-04dd19ff5960,7454.39,Debit Card,gateway_timeout,44702.73,0,0,retry_now
a140797a-8995-434e-af96-c45ddc1dc78d,e271f2e6-d5d1-404f-883d-017573feecd0,7103.49,Credit Card,risk_flag,8473.34,2,267,give_up
789f872a-bce0-4ae5-8b72-da8c08aa163b,59a875ae-45b0-4a93-869d-a9eb38958d4a,11552.76,UPI,insufficient_funds,37015.24,0,0,retry_later
a7352c02-5770-4e5f-ba47-349f61a08f9e,5abfef9d-9653-4b72-a832-cc1f47952eaa,14895.35,Wallet,gateway_timeout,42616.16,0,0,retry_now
c3362064-6a7c-447e-8969-733b0c49a93e,4a368669-811a-4aa8-8fcb-f34a0fff22f3,545.72,Debit Card,expired_card,46116.28,1,973,switch_method
93157b12-6354-4bb7-b9d8-28e2e0308ecc,07d87929-0f0a-4ab1-a892-934de8c26312,5863.83,Debit Card,risk_flag,43112.58,0,0,give_up
87f30a81-7318-40b7-8fc0-5b979d046961,29527a3e-0bf0-4622-9ccb-2e11edb56b9c,3200.63,Credit Card,risk_flag,13108.2,4,959,give_up
c5a50b51-d0bf-4d14-98a2-5c8cb143c0ee,732571d4-b15c-4441-8534-6b780ab00f4b,14798.34,Credit Card,gateway_timeout,33613.68,0,0,retry_now
41584841-62f7-4dc8-a593-ad8a9a47d956,03c810dc-3ac9-4416-9278-36c47599e2e1,4931.35,Net Banking,insufficient_funds,10486.95,2,187,retry_later
e82eed32-ae10-43dd-b148-7b7ec20d3fe6,be0a9f79-ade2-46c7-bbf7-d00a524fbfe8,5866.63,Debit Card,insufficient_funds,35783.69,0,0,retry_later
759c8cc0-e917-4e33-a996-d478032584d2,8c95266e-b5d0-4019-ba32-9b0a78a3e692,11230.9,Debit Card,incorrect_pin,22560.27,0,0,retry_later
81858dd6-c953-417b-8e07-cae283e706b5,17c2b738-03bb-4803-a06d-b0e90aef5f06,7031.46,Net Banking,insufficient_funds,1641.77,0,0,retry_later
ecae70ca-eae5-43cb-8540-c99903b5a703,e4eb46f1-654e-440e-b27d-21bc102ba1ad,14012.99,Debit Card,gateway_timeout,31530.42,3,1034,give_up
f3396dcf-949a-41af-82cc-de8af9d5ebbc,f8a9663a-ea41-461d-b92a-cbf880b704b1,3320.17,UPI,insufficient_funds,42946.27,0,0,retry_later
2c6621af-b7f5-4cee-8202-4e81f125dea2,b264a62d-4d48-43c8-8b9c-307cc31b41a6,10914.26,UPI,risk_flag,627.41,3,1275,give_up
4c323bee-c19a-464b-93e3-bf903bcaad99,ca16b630-d955-4744-af9a-7a755490a694,6003.88,Debit Card,insufficient_funds,17386.99,0,0,retry_later
8a969a30-8257-4f57-afb5-bf28614b7cba,a1508153-9d27-4a49-b310-781f009a3d14,14736.89,UPI,incorrect_pin,26184.72,0,0,retry_later
4ccef64f-b44e-49ae-85dd-d4ea98fd6fe9,23e735d2-0c72-4830-b1a9-7c6fe8f2e3b4,9176.86,UPI,gateway_timeout,7558.1,1,76,retry_later
bc9dd5bb-2090-41ed-933b-95ccc717496b,3e73c171-abed-4910-ac52-15ba21b68681,4179.91,Credit Card,gateway_timeout,32686.0,3,1277,give_up
aeef22d4-8d45-47d3-91c9-6e98e64188fc,a58f8287-dec0-450d-9e41-64c42009127f,8998.61,UPI,gateway_timeout,26243.86,0,0,retry_now
0cfa6541-d8fc-4664-b5e4-8ad94f3a62ec,769c3aa1-752b-4032-89da-4795b24e2901,11414.51,Credit Card,incorrect_pin,6321.31,0,0,retry_later
bde990fb-3d93-4009-80db-5349caf12319,2ac357e2-f733-48d2-8e79-eac1b32c025d,8004.57,Debit Card,insufficient_funds,24928.46,0,0,retry_later
f9498c57-ff32-46db-8b0e-0bd8aba82fb5,41e6a7bf-3aca-4a28-a99b-73ac3fcde990,7029.65,Credit Card,insufficient_funds,3098.55,1,360,retry_later
f4f51c0d-c924-46b0-bc4d-6e7d44f69c6c,b4d3f083-dc90-42b8-93c2-a876871789e1,3952.94,UPI,insufficient_funds,33990.2,0,0,retry_later
0cc61012-66b4-4f71-8226-b118fd85b8a2,cf0ae5ef-6bf6-4bf6-81d4-dabafbe792e7,10493.57,Credit Card,gateway_timeout,44189.35,1,475,retry_later
7a8944d8-a762-4f98-ba40-3c4d9599ccef,ffcdb4e4-c4b0-44d7-b24d-f21c35e840c7,1967.49,Credit Card,insufficient_funds,8214.63,0,0,retry_later
a154f0b3-62eb-491e-9b1c-f26c6730dae0,806695e3-1756-42f5-a802-7ba9548a82b8,14856.12,UPI,gateway_timeout,32013.04,0,0,retry_now
453350ec-8d4c-46c4-96f6-b4c3970812cd,20c7e1ff-3d35-4eac-ad79-048fab15d71f,2028.78,Debit Card,insufficient_funds,42965.53,0,0,retry_later
65bdeeab-f20a-427a-ab98-6d46af9bc34f,bfa8c397-30d4-4687-ad59-34fec0211931,10158.74,Debit Card,incorrect_pin,43801.96,3,206,give_up
245defcf-4d98-4af7-ada4-510e90d06f1d,25754653-2124-4ee9-9378-85f7cbb2fe20,14863.85,Debit Card,risk_flag,19826.96,4,98,give_up
7e588bab-96d1-4e9a-9591-956be4e18faa,799e117d-0355-46e7-a12b-68627c27dcc7,6366.54,UPI,incorrect_pin,14631.88,0,0,retry_later
e5aedc9a-c30a-48be-ac5f-c3572d77cee3,8ed795e9-c177-4891-9444-3985c495a82b,7836.44,Credit Card,insufficient_funds,28943.65,4,617,give_up
9689481f-cc89-45d4-b87d-d4877a84ae80,bfdd2674-8f2d-4130-9ca2-34cdfa6c93b4,13279.58,Debit Card,incorrect_pin,26796.8,1,410,retry_later
b7d06796-47e5-4811-89f5-fcb6074abb39,7eb568db-c55e-48e3-a9e7-5bfd9b6118b5,13339.32,Wallet,risk_flag,24637.44,1,59,give_up
d40a122e-68a3-4b5d-b90d-e808f5c29f28,35534b41-af6d-4db6-8435-1f5fec5ba6f2,858.47,Credit Card,insufficient_funds,16273.31,0,0,retry_later
b128cf97-4ce8-44f4-bf7c-1eb705224aa4,f87e5c60-0101-4586-ae6a-df4c99ad7076,2890.02,Debit Card,insufficient_funds,15703.87,1,214,retry_later
5cfc8da8-2631-4326-8e5d-3f15e5d885f1,63e8ec26-97c0-4f43-bb3e-78e3e56a38fa,12956.81,Credit Card,gateway_timeout,12311.86,0,0,retry_now
2e668c80-b4df-4157-ae83-c97e80c77e0c,c500e3b6-0146-4d9e-87da-5933f544f778,4027.5,UPI,gateway_timeout,879.62,1,1135,retry_later
bf096212-eba7-4099-82df-b74e28dac31a,27ee8565-2ebc-4cf9-afd7-fd53d09105aa,9612.92,Debit Card,risk_flag,24626.59,1,285,give_up
2aa45d2b-1e32-4f17-9c41-ee5f60995df9,e764529e-2ada-4304-b9cf-a66a01c05f76,10465.51,Credit Card,insufficient_funds,18555.58,0,0,retry_later
ba2bfe53-e96a-4ff0-b661-e874c7438569,c5676bf0-7860-45ad-8b14-b241c7deea82,3265.16,Credit Card,expired_card,34227.22,1,759,switch_method
051c7757-4e1f-4957-a3f6-d9b3449b0e15,9e014ac7-55c4-479b-9f94-065530a0e20d,7355.7,Credit Card,gateway_timeout,13599.37,4,745,give_up
0219ca2e-0dd1-415f-be41-40133932828c,1d1ba25f-5165-45b1-9bd7-882c3d9668be,5859.04,Credit Card,insufficient_funds,32436.09,0,0,retry_later
fca9d696-3b3a-4ed2-8b1d-1c4d0f575bc1,a13d6f6c-502d-4408-a830-bd6e047902fc,2569.61,Credit Card,expired_card,39586.64,0,0,switch_method
a5239b58-3018-4b0a-a23e-29a1b7e173ab,ce4e1074-edc4-438a-88c5-4beb3cc4475a,13089.08,UPI,insufficient_funds,20256.3,1,985,retry_later
868afbd9-d139-4010-9fee-b10548236435,a759c431-4259-4a67-b0b8-6f3216c45ea5,13991.66,UPI,gateway_timeout,27969.76,0,0,retry_now
bea887dc-93da-4dc5-9ba8-09815cd478a4,903cbb9e-bbe8-49c9-bea0-2feaf3be87bb,14368.45,UPI,insufficient_funds,39342.06,1,877,retry_later
6130202d-ef2e-4a21-aa20-634fb5f41c30,116b2cdc-5f4c-4bee-a6ce-3b2249630574,4544.53,UPI,incorrect_pin,9637.18,1,1212,retry_later
31b8d9b5-f207-4806-a3b9-37e24a389ba5,6bc4a808-3f86-47cf-9c6c-0654c5dff971,8597.57,UPI,insufficient_funds,8646.58,3,141,give_up
17503ddf-df4e-4e9a-ba60-34fcd62c92c7,bbc34be2-f8b6-45ea-8423-f9fc5af2b80f,3834.18,UPI,gateway_timeout,19414.89,1,409,retry_later
31da3e3d-8593-4206-9894-1d5de938a9a5,ddedc6ce-8b8e-46d9-961e-636b89475b0e,7997.04,Debit Card,risk_flag,39105.06,1,201,give_up
b47422d9-956b-4e6f-88b2-48f4e81ec2a9,a706aa5a-d809-4ef3-ad6b-9de03bd0e23f,2858.05,Credit Card,insufficient_funds,44726.06,3,772,give_up
04e44bac-7d40-48bb-9fbd-81f88a58b6af,9feaec76-7211-4e5f-9767-c4decf4063d5,13733.6,Credit Card,insufficient_funds,12555.61,0,0,retry_later
da2499e0-0fc0-4fcf-8a1d-995a93a8146a,a487bdf8-0c35-43f6-9a85-f7b70bd53926,13987.09,Debit Card,incorrect_pin,46536.29,0,0,retry_later
fae85a26-2512-4892-887c-0305b38adee7,07e5c66a-6ef9-4913-bc2f-1d47256bfbf4,8126.1,Wallet,risk_flag,33836.83,0,0,give_up
abc298a0-0e89-4e0c-8ca4-faefe49a6841,106618b8-008f-4faf-a8f1-7abb46c54a93,5365.49,UPI,insufficient_funds,43443.54,2,1200,retry_later
0c2a930e-d7d5-4b0a-a866-b9abedd3bdae,f51647cd-6d34-471b-b143-45ee164bb6a2,12829.96,UPI,gateway_timeout,12386.51,3,1390,give_up
0319bae8-5695-472d-9d35-8c4a906d7598,00a196c6-b8f7-4c87-a3a9-aaead06f6850,3669.61,Credit Card,incorrect_pin,49570.09,0,0,retry_later
bfd405e0-ad70-462c-bbb8-74586fda27c5,89d14f6a-377e-4185-9a9e-ef0a01da1a88,11580.66,UPI,gateway_timeout,21991.04,0,0,retry_now
7ceb59d7-da0c-4bf6-9008-f7b9bf521759,9adf768a-c220-41d1-bfe4-364c426f7c8c,8563.96,Credit Card,incorrect_pin,1251.26,1,440,retry_later
3eb6c2a7-b64a-44c9-afb6-95dba3a6a255,12d4150d-d695-4344-8b7a-cdafff915384,7618.33,UPI,gateway_timeout,48892.98,0,0,retry_now
147bfb1b-cf72-4000-afd4-6ac82a26db09,5a9d71eb-e6d2-4dc9-b08c-925597f5ac78,8063.79,Credit Card,expired_card,11228.43,0,0,switch_method
d810e48f-ac5a-4dd2-b863-789863c7c101,96f79460-05e7-449e-857e-7e647da02de3,3984.58,Net Banking,expired_card,36927.97,2,1040,switch_method
3cd15ca5-3c56-4f1e-bfab-c594fd509632,d68c8ac7-0048-4660-adce-7f51614e6c97,13194.65,Credit Card,expired_card,47811.31,2,1047,switch_method
38ff1673-b912-47cc-b138-3eab504047e0,3a7ade7c-e1d2-46c3-94ca-72988ad43118,7859.66,UPI,gateway_timeout,44489.85,3,708,give_up
dd55adfc-198b-4d59-93dc-bd8570fd3e05,a331050a-ece2-49dd-94a5-a6fb0858c915,2827.88,UPI,gateway_timeout,20121.54,1,298,retry_later
5a994a46-e9fa-4292-9108-2e19c608d86f,8e802480-e07e-4ad7-be25-fe3e3672d225,12141.13,Wallet,gateway_timeout,48272.91,1,960,retry_later
dc1b3d4b-6d44-485e-ae3f-cfb699ced4a2,6d2edbe2-c05e-4dba-80bb-ee062c0efa52,9278.15,Debit Card,incorrect_pin,1894.72,0,0,retry_later
c15273b7-a821-4745-b58b-cf250179ff8a,dba0adea-ecd3-447a-ab82-0a6cb51bd634,1917.5,UPI,gateway_timeout,4901.17,1,854,retry_later
5f52b05f-63b1-441a-83c3-1cd9cad9dc23,5b610313-83d1-4b64-a2af-7b24269136c8,5447.42,UPI,gateway_timeout,22336.08,0,0,retry_now
daa7dfc9-96c1-4fc5-8622-005d83fd4f91,12c9430c-a76f-4e61-a623-02139bf29eb3,4626.08,UPI,gateway_timeout,65.99,0,0,retry_now
25ef1660-278e-4787-8e17-98b1f7a99114,884cfbf2-b1c4-4a47-a5c0-ad38bdb404fe,10389.68,UPI,gateway_timeout,25384.19,0,0,retry_now
a307e48b-42d3-4723-a479-a486c9db5488,88dab3ce-1e51-4c8a-8869-590276512fe8,12157.93,Credit Card,expired_card,25954.59,0,0,switch_method
b076793e-c5d5-4594-913a-c4dca13fdcc2,3176c2d3-5ccb-49ba-9a80-f50d254c6317,11405.48,Credit Card,expired_card,20886.81,0,0,switch_method
d87683e9-d440-4974-a678-432e16253326,d2d53917-35e2-4d12-9fdf-cf5146dba25f,3463.32,UPI,gateway_timeout,17955.5,0,0,retry_now
ab68fbce-bc15-4717-9060-f44160977b5b,96feb2b6-628f-4315-8c33-3e0087d29293,14831.52,Credit Card,expired_card,18225.05,1,302,switch_method
f8005e0e-6846-4fb9-91ab-a494f344da34,e917346b-568a-4190-bc92-c1e2f08f9ec1,13391.24,UPI,gateway_timeout,17748.3,1,370,retry_later
dd4622cc-f660-4345-ba5c-c0710d1409bd,ed997dcf-5632-4440-8813-8192f0478a26,12636.93,Debit Card,incorrect_pin,29396.69,1,674,retry_later
b692d315-773b-457a-a9bc-28be0405fcae,1fddb6cb-8918-4fd6-a255-83769be5b60c,3499.26,UPI,gateway_timeout,14485.9,0,0,retry_now
0d339b1e-6d5c-4051-a62d-96fd4537684b,969a5110-dfda-47b9-ac1b-0a07608d56bd,6304.41,Net Banking,insufficient_funds,6204.84,0,0,retry_later
87d35836-e3ef-436c-912c-fc363036ce08,63b6c131-05e4-441b-ab06-36cec1e23f95,11615.49,UPI,gateway_timeout,36919.58,0,0,retry_now
c7f22bda-fd79-420e-989a-cb734b7e0acc,7bff3a09-411d-4d5e-b385-bb0cae2c8ce8,522.59,Credit Card,insufficient_funds,34311.66,3,119,give_up
94e6372b-a547-4f82-955b-c351e7056088,993477d3-e6c1-4e28-ad14-74ab9c9ef233,7414.83,UPI,gateway_timeout,47071.28,0,0,retry_now
ffc8c473-ab52-4434-b388-c7a8c84e6ef8,3eaecf80-25af-4add-a52b-58cada041bbd,4221.25,UPI,incorrect_pin,10180.14,0,0,retry_later
fcb6bc39-aebd-413d-ab85-3e4c2de31f4e,eae6509c-1cbe-4f76-9d99-75ff8f1bfc14,2830.69,Credit Card,insufficient_funds,44787.17,0,0,retry_later
3fadd7e6-136a-427e-b05e-54a263a8a085,af8ca4d1-871e-4081-87a2-35abbe4241d1,5924.14,UPI,gateway_timeout,45962.71,0,0,retry_now
3e15e1ba-c565-4ade-be43-2e050b4fe23d,5f49e235-b08b-41d2-bcb7-14a097a15d30,448.64,UPI,gateway_timeout,32588.72,0,0,retry_now
7ee28504-ef27-4c1e-bed3-69b0dd856370,df17c267-8134-4b8e-9a2c-456af9a91106,1729.54,UPI,gateway_timeout,27549.76,0,0,retry_now
03a4fc9d-1cf8-4bcc-bf18-421e149132ef,a5f49a56-1528-4664-86f7-3292856fe9eb,1783.68,Net Banking,gateway_timeout,19606.39,1,308,retry_later
9c1363e3-89a7-49db-89b2-cee69479959d,5f664381-4569-4cc3-8b89-d17492e26020,8837.35,Credit Card,gateway_timeout,33690.71,0,0,retry_now
2cc957f2-7c3c-4163-aa6a-c967863a7854,ea2edf12-7f6d-43e0-a271-8cecfa27c7d6,284.57,Credit Card,insufficient_funds,28591.96,0,0,retry_later
b14e5dc3-9f95-4e74-a766-a92bcdede683,d69ac3bd-d2b8-4388-9f0f-2e6926acbba6,8733.59,UPI,gateway_timeout,26780.47,0,0,retry_now
07d15b8e-a2bf-401e-8598-8d43285041e5,c52de44d-9bea-42b2-800a-1896bae81127,13690.78,Net Banking,gateway_timeout,32597.72,3,1379,give_up
295cdd33-0bea-41d2-9860-16a77e47cb26,ad72a26e-d4e5-4a36-937c-8bce5d30f894,3024.24,Debit Card,gateway_timeout,24268.64,1,111,retry_later
7d383002-aed4-4c89-982c-48b1ae41669d,3fff7cc4-a7c0-4726-bfef-176ca7b12a05,6622.74,UPI,insufficient_funds,2459.45,4,163,give_up
ec5782af-91d5-4a60-b067-545a186676ce,f993eb70-9747-4c9e-bf37-c8328abafc52,13087.42,UPI,gateway_timeout,21099.11,1,110,retry_later
3fa809e9-70b3-4081-95a4-d99f03a34588,8e94847e-15d3-4b2f-bec7-c2c6f17bcc1f,7553.04,Debit Card,expired_card,19419.66,1,887,switch_method
4577d5da-c2de-491f-ace9-bc143b92d56c,efc0393d-1c7c-493e-9252-2b51384cec97,6480.46,Debit Card,insufficient_funds,38805.83,0,0,retry_later
4ccfbbd9-1c11-48d6-b8a7-59fa918ab746,096d2775-9e75-4355-8d50-23599bb561e7,7399.96,UPI,gateway_timeout,49990.26,1,1244,retry_later
11acd1b6-881e-4651-9498-0ea41b466176,1d20a4a5-0961-49db-a3a3-9eb6ea4d8c24,12779.07,Debit Card,gateway_timeout,31898.97,2,12,retry_later
4d46c0ac-43d8-4b35-9c0b-e1fa5160fdbe,990f752e-3f7e-4647-a459-ccccab8851ad,14857.17,Credit Card,expired_card,17204.99,0,0,switch_method
9cf99c22-ab8d-45b5-bc00-b8e81d485c91,a8d6fe16-342f-4fb0-b944-d48ebf3cf308,11537.66,UPI,gateway_timeout,39667.24,0,0,retry_now
796e7c6d-4d55-4f9f-8244-d49b69813a99,f91afe62-2511-4c8d-be69-8f82db159c00,3569.66,Credit Card,expired_card,28999.17,3,1069,give_up
643fceac-ac27-45c6-a9ec-22f175dde84f,5c0cb144-ec35-4307-9c48-2c0aca7bd87f,11948.57,Credit Card,risk_flag,2220.12,0,0,give_up
38d030b6-6d0e-4cc8-88d7-7894cd5cdf93,d787d856-c7ab-45e4-a5cd-1c30d349518d,13812.3,UPI,insufficient_funds,9898.66,2,829,retry_later
1300f49e-ee0d-4ad9-bcbc-241283fc88c7,1404844e-012f-45d6-85de-1575bc020fd7,7564.45,UPI,gateway_timeout,28270.17,0,0,retry_now
53d7d455-8980-4341-85d6-ac0aaea578ab,f7ab4f43-cb40-4552-ace8-20f26938ce62,7033.52,UPI,insufficient_funds,49219.07,0,0,retry_later
438b1d8a-6b18-45dd-a41c-da467091095b,cd3973d0-8e01-4b0a-bc10-76953ec664fd,2899.35,Debit Card,expired_card,35334.39,0,0,switch_method
fe939c57-f8ef-4277-9321-b870728e2f04,9a6b7a26-4a03-43a2-8d19-a9868b9627ac,11599.35,Credit Card,insufficient_funds,4186.21,2,435,retry_later
9a0ea13b-46d3-451c-90d0-f3a1d207984e,fffb395e-58a0-4d26-ab15-c16fa5b743d3,5500.88,Debit Card,gateway_timeout,24375.11,1,1288,retry_later
37f97c7a-b2c9-4822-a7f4-5ece91b799e5,1dce89f6-14b5-4eb1-9db5-87d4400c0d3d,13551.97,Credit Card,incorrect_pin,34147.08,1,1125,retry_later
f1db8b4f-8142-4ca3-8bd3-ce1c696978f0,d3d661ca-ac23-4cb6-b07c-8ee84e52ee4b,8024.55,UPI,gateway_timeout,20742.4,2,226,retry_later
d6c8e5ca-72d2-4634-a2f0-57929d0c31b2,83826fce-b8bc-4a4b-8e6a-2927bf3c582f,2158.22,UPI,gateway_timeout,29130.05,1,1427,retry_later
77c4ce15-747c-4387-a4ef-15d00fcd41a0,02f5e8a0-e8e2-4a92-b81f-b41db9e62543,794.06,Debit Card,incorrect_pin,26978.78,1,674,retry_later
1b7e4063-8993-4988-bc51-d752ba9e332d,d405a0ce-c554-42e7-aebe-bbb9e810538a,3552.53,Credit Card,expired_card,33535.98,0,0,switch_method
1cbd2b8b-d5ab-4983-b975-f8733f71520d,4d898c19-32fa-47e4-b523-03d8d39ff205,3603.77,Credit Card,insufficient_funds,4604.02,0,0,retry_later
2fe67dfb-e9fc-4cc1-bc18-fea799b31db1,d2ffc19b-734d-4ff2-a68d-c2d6b9167c3e,2119.21,UPI,gateway_timeout,30887.03,0,0,retry_now
73bd14aa-dc48-472a-8901-3f4718add3e8,5d38f94a-d8e5-4177-9429-c476df727191,10237.76,Net Banking,expired_card,3865.73,0,0,switch_method
3db32aeb-505a-492b-9d49-72fe62aeea73,0b29c7bf-3b3a-4c44-a9b8-9972fcc45b4f,13524.51,UPI,gateway_timeout,9014.71,0,0,retry_now
680e1b0c-fed0-4302-b16c-896c298e5563,f68ccfd9-7f02-4b1a-99d8-9b9aa9fd4c0a,7116.22,UPI,incorrect_pin,43372.55,0,0,retry_later
10a9e4f4-4a26-49f2-9831-eae1726e85d0,1d5a9a54-e968-4999-a3e1-7fc7d9a7165b,6713.83,Net Banking,gateway_timeout,6291.93,0,0,retry_now
6dcbfa8a-31fe-472e-b1e6-77b99fdeed58,9a8e9265-6395-4d8f-b487-99e8bf6c6c50,9833.34,Credit Card,incorrect_pin,3816.78,0,0,retry_later
225ab326-eb46-4972-b240-9ff075eb498e,ed9621c5-9478-4b5a-9e1b-52de8029870c,12850.53,Credit Card,insufficient_funds,47783.43,3,198,give_up
00bd30f1-02dd-4e45-8768-bad3e1ee0139,c3ef33f1-277c-4cb8-8691-e6a2477de5da,8412.03,UPI,gateway_timeout,9320.27,0,0,retry_now
55a18a9e-72ad-4f9a-8ff0-9b18eeb18907,f4b07b08-e912-41c5-b154-bd9fcb72f4da,8749.27,Debit Card,expired_card,20955.25,0,0,switch_method
8e47fbfd-ff67-4449-8027-144a359c0463,cc979774-9c7d-4135-965e-3ff428cb7bcc,137.21,UPI,gateway_timeout,45167.05,1,1308,retry_later
9701bea6-fb75-4407-8d8b-bbaad5a64171,abcbbc5d-614b-4f5a-90ff-56fa30a096c8,8958.49,Debit Card,incorrect_pin,2858.98,2,332,switch_method
6d0d9140-de9f-4039-846e-cb7bf6ec5cdf,0588fd52-909a-445d-8d58-fe75d8add2b0,3357.49,Credit Card,insufficient_funds,17693.54,0,0,retry_later
3f30237d-1c0d-42c6-9092-484c27b2d27a,ef9cd3f2-46e6-4e40-b1eb-7dbd03d3b615,11138.29,Credit Card,risk_flag,35589.54,0,0,give_up
db932085-d3ab-4c67-9a34-d916a63309b6,7dbf123a-7720-4f41-9ff9-d0f3d76d83a4,9768.99,Credit Card,expired_card,18112.32,4,1077,give_up
17a6fa49-2ce9-43fe-a85b-aabbdf784d84,61084eb3-8556-4269-993d-2b851a7630d6,10662.9,UPI,gateway_timeout,40965.94,0,0,retry_now
aa93367e-bcb7-4724-a5c6-49c472121fb9,7b8c689a-a6c9-4745-8548-22f4cffa12ed,10329.44,Wallet,insufficient_funds,4070.49,3,1040,give_up
d009f553-4ebe-4ce0-b056-1a1ebb1c5b73,2d967e24-7199-4d4e-aca9-b48da24f8f5c,10574.72,Debit Card,expired_card,5682.56,3,846,give_up
bd5d4c3d-4920-40ff-9288-b42999722716,5f0c63e9-d709-4c66-9580-739908bc1846,6459.13,Credit Card,gateway_timeout,24502.13,1,1076,retry_later
2a39fe82-4981-44dc-b7b1-0c94c5b61de1,e2aa6540-1f79-43cb-84e8-9c6782345146,7403.0,UPI,gateway_timeout,22468.29,0,0,retry_now
370bbb11-0c64-4624-a608-688f1f09b4f8,cc20fdc4-f45b-4234-8bae-1061cee676d6,8733.34,UPI,insufficient_funds,9798.94,0,0,retry_later
39b32c54-31dd-4082-b6b4-25112d13a3ce,e4d1fea8-7357-4518-8c0d-0db3928bba7b,4584.32,Debit Card,insufficient_funds,37464.52,0,0,retry_later
cfb00e23-c875-4427-9f38-01615ed1801b,267d4868-2ffc-44fd-bb21-6028b9c9cc09,7860.24,Wallet,gateway_timeout,14477.14,0,0,retry_now
a5dbb13d-9e03-42b8-9602-3111f2f41a62,2147dfbe-e655-4b18-a288-973717f32397,7712.72,UPI,insufficient_funds,38736.18,0,0,retry_later
e1b9728b-598a-4b7e-a815-7ce5db76ec03,2fbf6dc2-90d8-44d4-acd8-2bf6116b7c18,3219.6,UPI,gateway_timeout,25542.62,0,0,retry_now
760ca8dc-91a4-41ff-894b-9672371e7131,38b504ed-c8ea-4b16-9a7a-d65d083844fd,3652.53,Credit Card,risk_flag,14195.87,0,0,give_up
697a2188-63bb-462e-b2d4-236897e6c7de,93c27ef7-1dff-41b1-858c-71fe417f8c34,3041.2,UPI,gateway_timeout,45642.93,2,1141,retry_later
d773375f-3076-4c38-9203-babd72d99b8c,03feb219-32de-43a7-bf5d-3ef63c0bb690,3428.88,UPI,insufficient_funds,20377.15,0,0,retry_later
e6eec289-f7bd-4b84-bd00-6bf032bc04dc,fe762975-6c71-440c-8185-e55c3e0d53de,8200.86,UPI,gateway_timeout,8887.66,4,1023,give_up
a8d17536-f4ee-495d-83f5-d6cd40ea4413,9edc4e20-6a4e-48c5-a406-603570b3f44e,3148.63,UPI,incorrect_pin,40302.62,0,0,retry_later
e5dd96bb-db62-49a4-be06-11a837d3eb5b,eefc35a7-734b-42cc-be41-ae6207e38696,9589.1,UPI,insufficient_funds,41743.29,0,0,retry_later
0c8b04e0-86fd-42b2-bbaf-21a63028f141,d4b85507-3efd-4815-b7d7-7e1003ce72fc,2956.84,Credit Card,risk_flag,48488.0,0,0,give_up
61db4fe5-0a20-4245-beb8-6c26b7f22a56,accde5eb-1054-4bec-8ed4-0887feed56ed,7881.07,Net Banking,risk_flag,21152.62,0,0,give_up
efe300f2-9f3c-42cf-8fdc-dbd6d6bc4816,ec2125db-0aba-4884-97ef-11d53503a112,14426.56,Credit Card,gateway_timeout,48825.36,4,332,give_up
4670f7b4-67a6-41a3-9c26-0bfd178ccec4,2f028eda-5940-49da-b1a6-a946ccc25f23,8157.67,Credit Card,incorrect_pin,49699.89,0,0,retry_later
9018c9f3-73e7-4245-9a36-fdb7839a4423,998fe5fe-277f-423d-9137-61576d2f0d0b,12122.14,Credit Card,risk_flag,9461.88,0,0,give_up
dea25795-ea92-4dc3-ad23-5f4980cadac5,285ca0dd-895f-427e-ab83-6dd2bc8e692f,7760.05,UPI,gateway_timeout,1659.38,0,0,retry_now
05cebb3a-7100-4874-990e-5bb9fa240d73,b01a65a7-5ba1-48b9-bbcb-cf3117e4fff1,11747.0,UPI,gateway_timeout,46180.13,1,1338,retry_later
335ef361-94ad-49de-af13-f6c2b90ba3ae,554202e4-a06e-4405-8df7-be4a52073def,12485.62,Net Banking,gateway_timeout,33447.58,1,595,retry_later
8105efa2-8ca8-4ad4-afda-265565f2707b,746d17d1-f54b-4881-b23c-eac1981cdd3e,1116.69,Debit Card,risk_flag,7775.62,0,0,give_up
752dd694-e052-4926-a433-fb968aadf997,66813494-1cf0-4a0a-bc92-8bc7d1cf6cb1,14314.01,Debit Card,expired_card,19796.27,0,0,switch_method
a361b792-4e41-4909-9e34-ee45cf8c34d5,67f844a7-68d9-4e84-9c77-6bb67a5193e8,6112.2,Net Banking,gateway_timeout,24300.17,0,0,retry_now
20231dd2-5c58-44dc-a28a-812a7898146f,f1489543-0186-48cb-80fb-7101be222ddf,12721.94,Credit Card,gateway_timeout,46807.35,4,1130,give_up
371f9fdb-1779-4a35-ab9a-a19f3a1bcbf4,381660d1-ff28-40d8-a83a-d949a76168d7,6031.63,UPI,gateway_timeout,36939.86,0,0,retry_now
17f961b1-4c66-4aba-918e-2328640e0fc4,914ceab1-9bee-4a99-902d-598eedabdddf,5893.64,Credit Card,risk_flag,32410.95,0,0,give_up
37ce7782-56b3-4e31-90e1-38f2598a49f7,c556a964-c3e1-4d45-b18b-cf2a4c39018f,986.93,Debit Card,expired_card,34587.29,0,0,switch_method
ba9634aa-5c5e-49e0-8a7f-57b003cc6a6c,464018ac-2290-40c5-842e-f8ec1049efe5,3432.52,Wallet,incorrect_pin,23941.64,4,960,give_up
e11539ca-5776-4c20-a160-bcaeeb5912e1,debdac3e-3f3c-44cd-a726-0c113f9eb22d,6520.74,Debit Card,insufficient_funds,17426.59,0,0,retry_later
eedd0084-5dcc-4a68-a4bc-1444943b777c,c94d011f-dc6b-4390-a755-86bb4506b2ec,8065.56,UPI,gateway_timeout,9598.2,0,0,retry_now
93c113ed-c738-4fef-8fb5-4fef256f958e,e5b950c4-7936-4d53-8f3c-07aa6c365c94,5720.38,UPI,gateway_timeout,1479.68,1,1098,retry_later
92208655-3211-4eb9-aef9-f1e539aafaef,cffbd348-c808-489c-9bfe-df7c082b355f,13388.75,Credit Card,expired_card,2530.07,1,529,switch_method
3e6315a2-a156-4cc4-b56c-55f4c1b05cf8,86becd6d-582e-4022-ace1-2e756732d584,14643.71,Wallet,expired_card,8431.41,1,510,switch_method
3ba0ac16-e722-4b8a-86aa-1ca850757f91,6c8d2b36-e62c-4fe0-bb6c-89b56ed6dea4,6997.06,UPI,gateway_timeout,45643.04,0,0,retry_now
5c1f89f2-db30-46ce-a792-878e4925e7d3,13088bf1-5d13-4df3-ab7b-4489a223e3f2,5336.0,UPI,gateway_timeout,21592.64,0,0,retry_now
e92846d4-13b9-48f6-9622-ecbacefe29f5,b50d9f42-dc3a-48a9-a28c-7898782256ed,2136.86,UPI,gateway_timeout,7605.82,0,0,retry_now
26e92e05-c828-4ae3-b8b5-139684c1c99d,a1bbacaa-6c36-46d6-9ccf-776a85fc178d,191.94,Wallet,gateway_timeout,31109.88,0,0,retry_now
7960f9fc-5c1b-4102-a1a6-18c203b69428,24e56759-ae7b-4f2f-9b9b-740203e5084a,11480.2,Credit Card,incorrect_pin,19066.79,3,1120,give_up
b3585ce8-84f8-443a-8deb-f145ba7affb8,996ca637-37ab-4007-85c0-b90e7854f1f0,7176.82,UPI,gateway_timeout,26657.01,0,0,retry_now
78263974-b095-4172-82a0-9b6f69a2e2d2,37d5850e-89a3-4a10-b1c1-533c6ff5633a,3977.83,Credit Card,incorrect_pin,41293.17,4,325,give_up
318e7ed2-a9e0-4a21-a15f-48398b72c797,5f24e2f7-d7e7-4e5b-9c9f-d3a36ee0efc4,11861.19,UPI,gateway_timeout,23677.69,0,0,retry_now
07b8cd9f-671e-4045-916d-76b7ae4436d9,56149c2a-2275-4b4c-a799-5bbde8036781,6357.02,UPI,incorrect_pin,19876.12,1,232,retry_later
019a98c5-bc3f-4deb-bb38-082f17353625,0fec31d1-9fee-436c-8040-2eb7ba0ae920,13538.81,Debit Card,risk_flag,29223.37,1,380,give_up
13098888-4273-4745-ad98-6550dd445781,7e3f31e6-43f7-4d55-b701-39e46141efb1,12391.35,UPI,gateway_timeout,7479.88,2,564,retry_later
efa2fd7c-ed14-4c2a-96d2-83bf9de16b21,1e8007c4-a37a-48c0-9ca6-51dc0e224c64,5990.38,UPI,gateway_timeout,11650.02,0,0,retry_now
b73f8e8f-1745-48cd-bd2d-7f271d5bd63c,64cbfd96-2b99-44fe-8406-cd489577310a,7489.82,Debit Card,incorrect_pin,5845.16,0,0,retry_later
7930bcf7-66e9-49dc-a2da-30d095e17f2b,ddbfefe7-1245-463c-bab7-2f4ae0a75fdc,12829.9,Debit Card,incorrect_pin,21835.33,0,0,retry_later
9a886bad-05cc-4d4e-b77c-fca2b81cae3b,34b9fdfa-c644-4ce8-b379-5837f6969ad1,758.06,UPI,gateway_timeout,6208.99,0,0,retry_now
1f0c5624-c2bd-4b2e-967c-9e8e735ee683,a85cc2eb-394a-41ad-a367-8a6aa9c4f7a9,662.37,Credit Card,insufficient_funds,17378.21,0,0,retry_later
3be5c655-5cd2-497e-b7fa-790a2626b432,4458284a-de6c-4f1a-8f6a-730946f46699,9399.2,Credit Card,insufficient_funds,39557.98,0,0,retry_later
8f7b2ad9-230c-49e4-b705-0eb6e2722b73,bc86e9f9-08f8-4378-94c6-812d851e6ec7,1158.03,Credit Card,insufficient_funds,8185.48,1,1155,retry_later
a1151986-13a6-4b72-bb8d-5a78d5cce83c,77bd8e28-907e-43d0-930b-506bec27ab80,8936.58,Debit Card,insufficient_funds,48955.61,1,276,retry_later
4fe8e19d-a9b6-43ca-869e-9f8b21ca9e44,ea8b4f37-a70c-4f00-9473-4123ac946674,10512.86,Credit Card,insufficient_funds,1749.94,1,56,retry_later
e9140b51-1e0b-47d0-81c6-20397887849e,00889795-9805-4ce7-9070-497a41da4486,12441.62,Credit Card,incorrect_pin,34673.08,0,0,retry_later
09afd74a-5f07-4e27-904c-fb6c2117e780,7bb756a9-fb7f-4178-99c3-fb8948b0f5fc,178.2,UPI,gateway_timeout,47466.82,4,1178,give_up
1dc30d86-bf32-46ba-a6e5-c49142d8bdf4,257543e1-f18a-4e1b-be96-727cf3c31ada,2920.49,Credit Card,insufficient_funds,25043.5,4,1006,give_up
b02a4a76-0675-4ac0-9447-794b112ff4e8,31ec8c0a-d92c-41d0-bb78-a2a071a9afbd,10545.67,UPI,insufficient_funds,45981.09,0,0,retry_later
e7488e5b-2180-44ce-9c8b-1a2c8f0a1080,1ee7709c-f38b-4bd6-8894-576814d6af79,11261.45,Debit Card,gateway_timeout,39470.4,3,729,give_up
a3f28715-98ba-48f3-b5e5-a8b4d2c2ff86,dd1ff220-e146-405a-9c09-d60cfdc8ebe8,830.55,Debit Card,incorrect_pin,41822.29,1,1289,retry_later
7580eecb-dd6f-4a2e-903d-b062f9b26381,bc2f771a-dff2-4d37-a717-33e2784ad774,13234.97,UPI,gateway_timeout,9209.02,0,0,retry_now
d813b13c-70a6-4eba-aa58-5c0d558500b4,c3e0d3f2-1817-4fc5-b80c-f2041ca0c1de,1348.32,UPI,gateway_timeout,24439.94,1,1272,retry_later
e34726ad-6720-4db4-afdb-22adff98d1b4,da30fe7d-867d-4911-8240-11f2acd03292,4963.41,UPI,insufficient_funds,9065.65,0,0,retry_later
d937ab25-3270-42a2-84ec-a8263fb48e3b,dab149c2-17a8-46b5-8f52-4a04c32f47c8,5371.58,Credit Card,risk_flag,35280.18,0,0,give_up
e9e38eb1-a0f4-4b58-964b-9e16d2328980,6e06eba6-3053-4eff-930d-449d98fea4aa,4560.08,Debit Card,incorrect_pin,9688.44,0,0,retry_later
7be889e9-0f52-4120-88a6-0491556660b5,97e189a4-f780-4cdc-bd0e-1bcab12c4100,1105.36,Credit Card,incorrect_pin,11742.01,2,1090,switch_method
be542180-af37-40b1-81b3-8f9d971bb311,f6f519b3-0767-4537-851a-2d321889df9f,3478.88,Net Banking,gateway_timeout,32385.57,0,0,retry_now
a4ee8f5b-f946-4446-997a-733ac085a796,776c85a6-37f0-4ceb-94d4-200defb0e4a4,5352.05,Credit Card,expired_card,5255.96,2,1262,switch_method
a664fef7-11ef-4730-a34f-c8f8751d5079,afd013c6-d114-418f-8c61-2f03077e6393,5621.14,Debit Card,incorrect_pin,2847.4,0,0,retry_later
61958e16-6941-4271-9b7e-c53ced1a2cc9,d39a4f73-e788-405e-b3b1-6f6991379ef0,5465.44,Credit Card,incorrect_pin,49486.14,0,0,retry_later
d4b49719-d71a-4288-8784-ad0d413ed830,2c99cbbf-df0f-4c55-8f6b-b64ee3f8c7bb,10650.31,Debit Card,incorrect_pin,39878.28,0,0,retry_later
ddb8bf05-2881-44ec-bf26-3fa866e29253,0662ee28-e9d9-4cde-af7b-6cd89b70612e,13669.56,Credit Card,incorrect_pin,32792.45,0,0,retry_later
2245c8ec-5ecb-4735-a58d-157ff2f5675b,95e57d48-d175-44d0-bd98-5b8c789adbe0,9812.62,UPI,gateway_timeout,14217.2,3,631,give_up
0dc2af3f-2030-4a77-8c20-d49dc616ec79,ffcc8491-10f2-41d0-8d99-57826675f3e9,11166.77,Credit Card,incorrect_pin,2426.67,0,0,retry_later
ab4e03c5-b69c-422e-9abf-6a8ce72335c7,929f461b-03af-4d97-a73d-a1b5209c5e72,344.95,Debit Card,incorrect_pin,12185.86,1,231,retry_later
5b364810-9319-472d-b4bc-83f97179fa93,6811bc64-c935-4f5c-8de7-d2c03a890334,6415.67,UPI,gateway_timeout,46939.8,1,955,retry_later
cd7d9203-7953-42f2-9ab1-4270cb7513ba,7ca0a651-2bc3-4a7b-99c8-f819914a861d,13616.8,Debit Card,risk_flag,46000.04,2,900,give_up
ba46f40f-e248-4c40-87f8-0193be85d341,f2eeab0c-4b76-429b-8e53-d3dce77c6a6f,8874.1,UPI,gateway_timeout,46441.71,0,0,retry_now
910865e0-18d5-4e7e-b86c-60f10181c300,395e1b16-8462-4f63-894b-47f9bddf6147,11018.73,UPI,insufficient_funds,36908.43,4,1174,give_up
1bea8fc4-51ef-46b5-bc49-35399d8c5f07,fa368fff-7f90-4275-8353-d06cbd66cd56,8637.9,Credit Card,expired_card,8348.69,0,0,switch_method
a862543a-0fe7-4b6b-930d-6cadab403f54,2f0cb4d2-fb20-4fcc-95f0-ad065eabc897,14134.49,Credit Card,incorrect_pin,37565.36,1,453,retry_later
69af6a3c-6e70-4ab3-8899-d950035c6873,4dda0fc8-62fc-4be1-8849-8c05511cb875,7562.25,UPI,gateway_timeout,49184.59,2,353,retry_later
42fec786-a46a-473f-963e-f4124f61abb4,447eb354-d7e4-4613-bdae-ca70aa7b56b0,9157.63,UPI,insufficient_funds,32839.7,0,0,retry_later
40540303-ab0c-468a-bb0c-2618b228ca8d,2056b15b-8fc5-4b24-b02c-999ab79b044c,1951.6,Debit Card,incorrect_pin,14553.94,0,0,retry_later
cc62c3ce-72d5-4108-8d94-6e723c8b970f,224de430-a180-46c2-a3f4-d80e6a200188,14499.56,Debit Card,expired_card,17065.46,0,0,switch_method
69815977-a87a-4166-8b6d-7355a9307d04,eda68bc6-e0fe-4191-a471-277f5bbb4fc5,11760.91,Credit Card,expired_card,10502.65,0,0,switch_method
bcbaa017-9d53-4400-904a-f288e8860663,83b70db6-2b81-46fd-8f96-4760f885e590,11038.11,Credit Card,incorrect_pin,28178.92,0,0,retry_later
25163267-b498-48bd-85fa-2f57ebe3f272,b6271774-ac4d-4188-b07a-faf4fb2edaa9,8199.18,UPI,gateway_timeout,15443.26,2,454,retry_later
33913246-86d4-40fa-885b-7d9abe7c1365,823c5430-07f2-4e7d-afb6-d14b309b8898,13902.56,Wallet,incorrect_pin,13679.21,0,0,retry_later
4673e01e-17a9-46b3-901f-b79024547899,a6ac3425-2547-453d-8f72-ffcd138055d6,5059.86,Credit Card,expired_card,35914.51,0,0,switch_method
14254345-0662-4ba4-b6d4-a0d90a6fd690,1df7fabc-bd63-41be-a556-0e17f456a42f,1699.55,Credit Card,incorrect_pin,44077.81,0,0,retry_later
3cecc5f1-b4f5-417e-bd0d-4b7d88587b02,6fe6d14a-80dd-4a50-b228-5ad6c9f336cc,9505.12,Credit Card,insufficient_funds,12673.47,2,809,retry_later
46fac6e9-f6aa-4aef-8706-9b6de99ab1ae,4faf9f90-6a17-4a24-834c-683df232c383,3075.61,Credit Card,expired_card,33159.79,0,0,switch_method
0252812a-1f84-4a4f-b035-9503c0e68f7d,03e22ee9-961f-4178-85be-9607fc8f29df,9605.57,Credit Card,incorrect_pin,30125.57,0,0,retry_later
fe009d9a-d68f-4f4e-ae0f-a390726d1905,091ef4a9-b52c-479e-8740-3a6abc577a56,12558.12,UPI,gateway_timeout,38437.85,0,0,retry_now
804cfc9e-312b-4aae-b88b-446532b380c7,09bd1688-3e67-445a-805d-12bbcd0da50f,12109.73,UPI,gateway_timeout,48519.19,0,0,retry_now
9802e385-282b-4dc3-b979-043ee4b40d6b,14a619ab-b01e-4b72-925f-474363607405,10762.45,UPI,gateway_timeout,29862.2,0,0,retry_now
63db711a-61ba-4603-9098-58b78f7cec2f,63b6431f-4147-49f9-846c-7fdb7a643344,9338.15,Credit Card,expired_card,7212.66,0,0,switch_method
2d5d6491-29dd-4975-85bd-598c25b89c43,89af4cc0-6fca-46cd-bf54-0be704713b7e,9765.09,Credit Card,risk_flag,20143.29,0,0,give_up
79f8dd62-2eb5-4e78-94cd-93096bf7fe2e,5f1d6db5-0a33-4ca0-8fb6-58149e0b01d2,4170.16,Credit Card,gateway_timeout,15109.28,4,265,give_up
7f411596-f037-47b4-ae93-1d7e71230470,6d00a25a-9efc-4d0b-bfba-428149370f98,11398.08,UPI,incorrect_pin,182.34,0,0,retry_later
74a5694e-11c4-4fde-bd21-a480e6edb1f2,a4f6e8d0-4136-4f8a-abbb-c7b8d599d459,3487.45,Debit Card,expired_card,5895.32,3,1058,give_up
7fb67eb9-1307-47ee-bfe7-ca6c44b2b184,f7e9a6e4-338f-4b41-86eb-f463c0141e55,4371.72,Credit Card,expired_card,32677.11,0,0,switch_method
2bd2c2bd-1d05-424b-b8bc-7059847d8538,62ada7d5-5bcd-4c93-8336-4413763f835c,188.96,Credit Card,incorrect_pin,27431.66,0,0,retry_later
99622515-ef01-4b22-8392-7386d024e68a,3bf83d20-b897-48e9-998e-fbee4c934528,6886.75,Credit Card,incorrect_pin,46935.54,0,0,retry_later
ee740f81-47a1-4427-b0ec-0974d8c8cb8f,c1630a63-a366-4ce2-8a5e-4a5e17b64f2f,6927.82,Net Banking,insufficient_funds,5459.85,3,1220,give_up
ae434739-422a-45b2-85e6-7e9b1a407cf7,374d3c9a-3260-4f8c-99a8-202d4dc2b8ee,7713.68,UPI,insufficient_funds,29794.18,1,627,retry_later
b56b6678-1955-43ac-9bf5-8c1080cb9abb,b8205f82-e420-474f-8244-0d95c106d861,6032.16,UPI,gateway_timeout,36910.84,0,0,retry_now
7ee63e5f-67de-4df6-82b3-4658ca028ab4,4b632305-0088-408c-9eff-a53306c23303,774.1,UPI,gateway_timeout,46106.02,0,0,retry_now
e7535c0e-f119-404b-abfb-68d70d77a672,3d697eb6-69b3-4e23-ac2f-0abf589a8840,11388.77,Credit Card,expired_card,10861.67,0,0,switch_method
3440bab9-db29-4e58-b12b-af041cdfc8ea,26d8697c-b94e-4edf-968a-ff4853c80e63,5453.3,Debit Card,risk_flag,25312.59,0,0,give_up
19a596ad-042f-4ff1-a062-96dee36487aa,a86573d9-c051-4cda-aee9-c166df3a2397,6061.07,UPI,gateway_timeout,21407.47,0,0,retry_now
fb021dd6-aef7-4d11-b22d-fce495c916e0,9db85411-9403-44b2-8d19-e5857db56bdf,11690.28,Debit Card,risk_flag,23579.13,1,596,give_up
1ea0900a-27f1-4ae2-b566-c1d88da0463a,fd83d247-9c81-4342-a9e3-6c4075679c78,6256.62,Debit Card,incorrect_pin,4313.31,0,0,retry_later
dacba6dd-117b-473d-b1b7-d197b192245d,0b5c96d7-885f-4f4b-9c6e-d487b34b7495,14786.75,Credit Card,incorrect_pin,7657.4,4,163,give_up
20451b76-a9c5-4218-b384-e211473bc649,50900c1b-6c67-4a51-8a37-e9f8316dea42,13262.44,Credit Card,expired_card,17435.86,1,339,switch_method
c8d517c0-babc-4cdc-b2ce-aacc0f355e8f,a2798a21-4d83-4bf6-86ad-9019d91d9041,8265.98,UPI,insufficient_funds,30789.49,1,1171,retry_later
3cd9a932-7440-40dd-ac3e-5d25412df4e3,b5c13324-d554-465e-9a80-43dbc2c16db2,13664.02,UPI,gateway_timeout,35895.72,0,0,retry_now
8c911aa6-ca36-43e3-bbbb-19e2c17bb984,3f70816e-ee36-421d-844d-669ab9a9a0a1,14140.47,UPI,insufficient_funds,28114.08,0,0,retry_later
f470e40a-c608-4864-bfe4-10718c4eebf6,9b18abaf-ccf2-4bf2-827b-7b96c78efd08,5905.32,Credit Card,insufficient_funds,36642.25,1,1375,retry_later
47ee808b-8858-4506-8b66-38f97df8caa5,bffcddb7-f1b3-457d-8943-cd99fd2fa2e2,14390.27,Credit Card,insufficient_funds,17077.41,0,0,retry_later
23db3f8a-055d-4044-b849-85b977debd34,b3225300-d433-46e5-ab6d-ee6d27fe17a3,2366.17,Debit Card,incorrect_pin,40550.81,0,0,retry_later
5917568a-0337-4341-9474-724616f33eb0,eafae2fd-e7e4-4e0f-ae29-e5262ffce9fe,1842.29,UPI,gateway_timeout,6589.33,2,1308,retry_later
562517df-03eb-427f-93e8-3dae3896c77c,cb7381e1-2196-4c10-87c2-ef0086160871,420.29,Credit Card,expired_card,34981.73,0,0,switch_method
ab2d0c5c-dd39-4a73-a59c-d6f068901fa0,27710652-8496-47bc-9af9-d7b63bdaa0d6,8747.24,Credit Card,risk_flag,15564.99,0,0,give_up
5e350d6f-b017-4aa9-ac60-5de24597c340,6e7a2753-7333-4e7c-8239-33072bcfea74,10901.12,Debit Card,gateway_timeout,44963.94,1,17,retry_later
6c25d4db-cf4d-456d-b0e2-34ef53e13b4f,49e067da-7d34-4c25-ac07-2a270cad317c,5469.72,UPI,risk_flag,10264.02,0,0,give_up
112d7bab-c61a-4376-ba7a-dedf3ac30471,d79ecedb-fd7f-4369-b9f3-ca164e11df8b,12194.22,Credit Card,expired_card,40690.11,0,0,switch_method
9ef60bdd-8d28-4ecd-a186-77d77730b58e,a7cc4660-dfb4-4e52-9f71-aa3b8e749d3f,12943.37,Credit Card,expired_card,8479.3,0,0,switch_method
41b14a10-e6f0-4467-8a25-1fdb72ff076c,f5be11e5-5049-4782-86e6-86a9d5c145c2,9488.52,Credit Card,insufficient_funds,44593.76,1,720,retry_later
879443ca-d824-49d9-bce6-6ee14c732562,1c7f0c9e-b847-43d2-a34a-5c482d1e3364,14009.06,Credit Card,risk_flag,28822.99,2,446,give_up
d095fab0-fa60-44d6-81ff-d2dea13c4e71,2fa2ccf6-b405-48e9-970b-31405ab5bf37,498.7,Credit Card,gateway_timeout,2069.21,0,0,retry_now
cc31275d-bc04-4e1c-bc5d-41ba72416301,eca88bbc-4d5b-40c4-96af-d791ecba7306,6154.11,UPI,gateway_timeout,24701.37,0,0,retry_now
e9be1048-6207-4811-a8b6-6dca523281b9,413c84c5-4044-42a2-bc9d-77169adf7fe0,4506.15,UPI,gateway_timeout,5762.96,0,0,retry_now
c908f99e-c0d7-4dae-a2a8-c23ff031523b,7633153e-296b-4e0a-bcec-99492aebb7a5,6590.76,Wallet,incorrect_pin,19613.11,3,39,give_up
90c03d2a-ba66-4165-8e1e-9897fee38341,a4847458-26ea-4d94-aee9-b816a2d62f31,13880.67,UPI,gateway_timeout,39994.57,0,0,retry_now
b74e5c88-aff9-437f-9eb0-ef46287a8d41,1bc5c905-d7e0-4c31-90c3-7c1e327a9ad6,9774.49,Debit Card,gateway_timeout,1754.38,0,0,retry_now
be29bc71-643a-4d2a-8cb8-69800361afcf,fc510b5c-a8a7-4174-a334-5620f3487cf1,154.9,Credit Card,incorrect_pin,8393.95,3,812,give_up
7e1bac05-0900-4250-ad6c-e53c797a8af5,008e5148-2184-4ede-aa9a-78a40e4cb6a8,2715.44,UPI,insufficient_funds,15704.52,0,0,retry_later
1ab4da72-69b9-48cc-a32c-e40a7fc590ee,a01690fa-94e8-499d-955a-9b83ce75e85a,7682.3,Debit Card,insufficient_funds,17463.25,1,284,retry_later
17dd47c3-0513-4df8-8710-218990a7738a,38c77839-9ea0-4aba-8cbc-92ed691dca7b,11084.25,UPI,gateway_timeout,24310.35,0,0,retry_now
0a5de79a-b995-48c2-8902-5b2c87fe0f57,bbbd4d00-9b21-4d4b-80bf-05ff0574a36a,5728.22,Debit Card,incorrect_pin,26508.74,0,0,retry_later
b111da8c-d31c-4441-9643-feb83af3eb05,e6a09b95-aaee-46b2-85d6-b32ffaa7f1cc,7357.03,UPI,risk_flag,31289.89,0,0,give_up
1c9ce1ad-792b-4e25-ab50-c638664ade99,fd5892cf-cee1-4bd2-9c05-73d02784d188,3662.37,UPI,insufficient_funds,12351.09,1,1073,retry_later
6c0b1456-909d-4410-bf59-fb8b000156b3,5ac70404-8135-452e-9775-d57a2baa0a91,8771.53,Net Banking,expired_card,16992.14,0,0,switch_method
4f50ff33-5ce0-4613-ad0e-dfb478f1b405,b873ba37-8014-4b5b-8095-66b77f5cf0e9,9291.21,UPI,insufficient_funds,5295.32,0,0,retry_later
360d2ad5-9b3b-4b4d-9b83-50487d4aa313,0f667f2f-4ccc-4d6f-98cb-6ec5c02c974a,8258.46,Credit Card,insufficient_funds,20684.31,0,0,retry_later
a33781dd-5bcc-4b5c-8d3f-4486b5d047be,67c9350e-74d5-46fe-a9b0-e09160b2319e,14835.79,UPI,gateway_timeout,2093.14,4,172,give_up
d68586ab-e5c9-4b52-a0e2-71c7026a89e7,6fef2ff4-8bd1-4b05-b8e4-499d4309677e,6100.85,UPI,gateway_timeout,1277.37,2,1105,retry_later
7f3c0403-0cd2-4808-a013-9f8090d24a23,fd1fd532-aa96-4c43-88af-39923675ed3f,6546.38,UPI,insufficient_funds,43879.92,0,0,retry_later
3485013d-6cb5-477f-941f-cc99f822d19f,8a532fd3-6598-4c4e-92a2-c32170e0d046,8198.26,UPI,gateway_timeout,12969.58,0,0,retry_now
a24e4850-3bfa-4000-bc02-b872425637be,682ec15f-5ede-44e2-9208-b9094c064bd4,14224.19,UPI,gateway_timeout,38599.45,0,0,retry_now
99f5de8a-78e6-493b-ba38-59c5eeea62d6,d121a8bc-451a-47ee-87d1-73dfca230c99,12156.44,UPI,gateway_timeout,7559.15,0,0,retry_now
8ed9a2e0-d7c0-47d3-87df-e03964b703ed,c9535934-fca8-4296-8ceb-d3b14258dbdd,8337.06,Debit Card,incorrect_pin,2977.21,0,0,retry_later
016f1cd5-9efb-4cf6-a9a2-ad794528eb4a,3e7cdfa9-184c-486d-b088-f2b87b9e5113,5428.71,Debit Card,incorrect_pin,33377.41,0,0,retry_later
58a73b79-9fc2-4f6c-bf42-4cb37c6380c8,b41aebee-cd90-4968-8041-4aa410ba6d79,13259.3,Credit Card,incorrect_pin,35943.9,0,0,retry_later
08dcad10-0014-43a0-89cd-46663d7e5bc7,9b715710-9f29-4909-b163-9bca479b2a0c,12835.81,UPI,risk_flag,35036.59,0,0,give_up
41ac8389-4c8b-4614-b72d-6e430490f5bf,15ee3f8a-7573-42dc-beb4-20526f448da4,9865.5,Credit Card,expired_card,7958.38,0,0,switch_method
6fdb1ff5-b936-49a5-8937-9e18d07a568e,1ac44d41-5d4b-4d18-a67a-f477ed19623c,4977.58,Debit Card,expired_card,26274.46,1,6,switch_method
1784dd4d-9937-43b0-9b1b-2c0261384432,4501076c-9140-40a2-bb4a-3fae01d5ad5b,5908.27,UPI,gateway_timeout,30425.62,0,0,retry_now
acd94912-da6d-4b9b-8152-2a9a77619634,cf1094c1-e469-4f39-8e03-2f5ae80a0f40,8594.33,Wallet,expired_card,379.57,3,1272,give_up
f648559d-6faa-4290-980b-4e1513dd3d51,57cdc61e-f18a-46ad-829d-42790d469b49,7089.23,Debit Card,risk_flag,16.51,0,0,give_up
833d1e5a-adb8-401d-9602-f27b2d808eeb,435fc288-8ef7-4e0c-83ee-78f994480025,926.45,UPI,risk_flag,23633.24,0,0,give_up
71864d5e-8a1d-4ef8-bb44-f80c7a83924c,6c88c5ac-9b29-4e69-910c-f81ee20a6c9c,5877.63,Credit Card,gateway_timeout,16756.21,0,0,retry_now
4af6217f-0b36-4c92-b3f7-7e3fddab2757,05a5be0b-b9d7-418c-b427-1ebf9365da93,11882.37,Wallet,insufficient_funds,49365.78,0,0,retry_later
0c4abf94-3306-4bff-9783-a79628458abf,90d5fd46-2171-4531-bd1a-7e219680b7ee,6622.82,Wallet,gateway_timeout,5522.16,1,1090,retry_later
f1789cc6-4b8c-4e73-a159-5b23eeb1b0b2,01e12abd-84ab-4f48-9a6f-dbca53c2a250,13136.73,Credit Card,expired_card,12673.46,1,1077,switch_method
240c3a56-1d1b-4ed2-84e3-4ecf11bcae2e,5124a3f7-46a8-413e-8b7b-c48b791e287b,5734.26,Wallet,expired_card,27401.65,1,581,switch_method
406343d3-8a65-4106-97e6-f2785a1673f9,16ff086e-6435-4302-a85a-93bc12f3bff2,2373.33,UPI,insufficient_funds,28100.73,0,0,retry_later
11af1a12-1259-4088-89b4-e67a1608ddc4,732ca9a3-922c-4883-bd78-557df946c6b7,3839.99,Debit Card,insufficient_funds,34772.66,0,0,retry_later
7e4c1466-63d4-4016-933a-1ac11ab6b7f0,cda9be3f-0e2f-4f9e-ad9c-ac3da15d1f85,13509.87,Debit Card,risk_flag,17091.77,1,1383,give_up
96b7da91-a602-467d-a66b-9b562c38a5d5,df41b03f-b2f8-494d-9d3e-6486d09f8c35,6523.2,Debit Card,expired_card,49836.32,0,0,switch_method
f12ca776-65ac-4163-bb89-acfc43c9c134,78bbe228-cee7-4c73-aa70-82cc0ec83329,4230.21,UPI,gateway_timeout,6072.13,0,0,retry_now
ac10be57-ef9c-4956-afe4-ff4ea15e3f68,fc4f7896-4e48-4230-ab4d-80993076c1a2,1402.57,UPI,gateway_timeout,10164.48,0,0,retry_now
8bc4d911-b2e1-4c68-a1ee-4d216e4cac77,96aa4ed9-d460-46c8-a7d7-214360181894,13134.59,UPI,gateway_timeout,48234.28,0,0,retry_now
e879c015-60ec-4a67-9e2a-3cef0b68c617,f2b147f6-1d44-4987-913f-44a868195cf1,11679.24,Debit Card,insufficient_funds,3819.67,0,0,retry_later
0c38b601-3a11-47a5-a896-380e7f18eb7b,35046dd4-3d71-44a6-84c1-0ac744f509da,14860.97,UPI,gateway_timeout,12172.28,0,0,retry_now
60dff330-ea24-445a-bd18-7ddde4859512,486d5b9b-b703-479f-b943-84699be5d9eb,9685.9,Debit Card,expired_card,43550.71,0,0,switch_method
4fc3ef5b-baab-4a5c-a268-7aa54aac270b,2f276c51-6bdd-4427-be50-68f519112b05,8129.59,Net Banking,gateway_timeout,43448.61,2,731,retry_later
45f56c1c-ae34-4e27-8f76-e96489811ded,35c114ac-760f-4186-899d-8041214d68f0,7922.83,Debit Card,incorrect_pin,7613.53,0,0,retry_later
aef0a839-541f-4e03-bb32-d985839893cc,d53fa18c-fca5-4c3e-8229-2cdc1afdc1f6,2534.53,Credit Card,incorrect_pin,28499.37,0,0,retry_later
4e0a5d3c-3e1d-4990-9c10-2af20b45ce96,c9b9ad0c-a1d0-4ee4-a3c7-0ae08ce1b1b1,10868.49,Credit Card,incorrect_pin,38913.29,2,434,switch_method
f6260ed9-ca65-44a9-88bd-0804d328aa2c,ce5724bd-b8de-498f-8f9d-b952eb8edab5,12382.96,UPI,gateway_timeout,49908.74,0,0,retry_now
ab06ba88-8920-4075-b680-a18b1fe6c1ae,e3906c43-b8ab-4cdb-b766-d1cc9908a3a6,3518.6,Debit Card,risk_flag,14853.85,0,0,give_up
4404f5a9-95d5-4122-aa2e-b431e7788adf,c88051c7-4fc5-4ca6-aa2f-b4f7a5ea62a3,7605.61,Debit Card,incorrect_pin,18849.69,0,0,retry_later
6d9c5b9b-7b26-48ce-bdb8-8720d3fda493,dcff42bd-a00e-4547-ab21-ec4d3c0adb31,6626.1,Credit Card,expired_card,45426.2,0,0,switch_method
04a0bc03-2a09-4869-a03f-4a3d14dcde16,db3d1daa-c760-4fd5-85f5-5ab4ff5e78f6,3093.51,Debit Card,risk_flag,2847.64,3,350,give_up
a4d40233-9a1a-4ba4-9b57-b21ba304bd30,127eee8a-a335-49bb-9353-42efebae738b,14463.69,Credit Card,gateway_timeout,21141.17,0,0,retry_now
d0be7790-b433-484f-a25f-1b7abf37804e,b837c224-a6d8-4de0-8423-331f13d8fc53,2005.19,Credit Card,gateway_timeout,605.79,0,0,retry_now
4790f2d7-0940-4b40-b842-ee4d32d4669b,b7cbbd69-075f-4c35-a98d-71310c7c428f,14495.34,Debit Card,risk_flag,26775.89,0,0,give_up
85eae806-d1d6-4bb6-a810-ca377fa54f69,3f629a95-397f-4b60-ba4c-1e8a070ddeab,2287.98,UPI,insufficient_funds,35284.38,3,1074,give_up
b6bf7ea4-04b7-4677-8d86-5132d4391eaf,3be5892e-a94f-427c-94ea-11441251811d,9715.16,UPI,gateway_timeout,27698.6,1,1014,retry_later
b4e2050b-221d-479e-bb65-2e11826c7b8c,749bd570-d765-4b77-a19c-86b4706e1913,7148.73,Credit Card,gateway_timeout,41711.92,0,0,retry_now
f01f0f3f-e5a0-46c6-af21-29eff6559c7d,c5697837-6d1e-4d12-b60b-c18a6bb4ac7a,4509.4,Wallet,gateway_timeout,26935.01,2,1095,retry_later
6ee13da5-17e1-477f-810f-b7e96973a71b,162269e5-7d82-4675-b469-1cc339753e50,8634.8,Debit Card,risk_flag,14108.93,4,227,give_up
eda3d295-e046-4161-8470-f6c8fb3e2da9,7bcc52e7-e20c-4cd7-bebf-16d7ab2ce74a,13644.44,Wallet,insufficient_funds,42807.48,0,0,retry_later
7062c5c0-f34b-4ac1-8970-c24e6117a36a,28a8eb33-fce7-44d7-b364-699cbd5351e6,4690.36,Credit Card,insufficient_funds,34188.24,0,0,retry_later
4ab1573b-e8ff-47e9-8ff6-5d8d1813fd35,94be20de-66b6-4ba7-be73-c9fee1674038,696.19,Net Banking,insufficient_funds,27970.11,1,858,retry_later
f3f88092-a36b-4817-95d5-0d338c628f8f,7f0301e6-8988-44bd-8453-618da5c566f3,852.58,Credit Card,risk_flag,35505.54,0,0,give_up
9615c364-b124-4313-bab1-7238363ccd25,24383752-079b-4e69-9e73-451aacba9c1f,3401.98,Credit Card,expired_card,38505.58,1,627,switch_method
563393a6-0009-4e40-8773-7e2020d68852,fc1d53e9-4d65-45a4-a819-df2ab9661fd8,3472.14,Wallet,gateway_timeout,13176.07,1,552,retry_later
a7e41024-eb2b-4563-9e48-68fbacac7671,158e593a-9d29-4f6e-9de3-fead4b96dfd6,1657.13,Wallet,insufficient_funds,44555.83,0,0,retry_later
ad0582a3-6ad1-4b4c-88e5-b08b182e449c,1a351779-23bf-4f95-9a35-f5ff126e4b6b,14277.08,UPI,gateway_timeout,25244.54,0,0,retry_now
2a794f60-af70-4e49-a9a7-04ba8f734f4f,2089bc2f-efc2-444a-9d08-bb028f24b9c2,6495.39,Credit Card,incorrect_pin,8976.96,0,0,retry_later
d1c58a0f-6207-48c5-8377-75d7670ac230,866094e7-78a0-48f8-aaad-dbeb1538940a,14071.81,UPI,risk_flag,23575.82,0,0,give_up
b0022f18-83db-4a29-b267-17c8c15fd334,04c23d88-b874-4bb5-9d3b-48e7cc482f76,12401.48,Debit Card,risk_flag,16689.34,1,200,give_up
eb4b479a-252c-4534-abec-9e1f04ab81fa,e8336a93-6ca1-4a01-ad9c-aca632c89420,11019.36,Credit Card,insufficient_funds,22615.71,3,585,give_up
a58676c0-e878-485b-a5a8-81136c5f526a,0feab422-de93-4cde-9c78-745cc70a484a,14729.11,Debit Card,insufficient_funds,39236.62,1,1429,retry_later
44f142cc-57aa-4390-ba20-c78ca15a0d95,76df9739-a84a-4ce3-9fe1-a5bbc642352d,5087.78,UPI,gateway_timeout,2296.0,1,660,retry_later
72137573-21d7-41a6-8191-fa826d5f8852,ab5db4b1-391a-4967-80ce-70c9effd71e7,11050.99,UPI,gateway_timeout,49812.1,0,0,retry_now
3154e059-dece-4831-a2ca-f225e547a19e,0a8f9ae0-2117-463a-9c1c-a681eaf0cae2,11804.08,UPI,insufficient_funds,21959.61,1,1267,retry_later
78d3328a-3392-44e3-81dd-987241b68001,f6a550a2-98cb-408c-8352-5328bc5cf7ef,8473.12,Credit Card,incorrect_pin,18665.25,0,0,retry_later
f2ee2b8b-8c58-44e0-8a87-cfdca6b8487e,d57a37cb-997a-4b19-ae1b-7eebe9a17671,8506.62,UPI,incorrect_pin,17319.24,2,370,switch_method
5317f327-b54f-496a-8335-116bab75b08e,49e3cdd8-a402-406d-bd90-6bc173260e4a,7985.2,Credit Card,expired_card,10597.95,0,0,switch_method
8eaa0492-b4b8-4f7f-be7d-37813f86f939,2340cfe9-e82f-4a4e-b489-4f5879688e35,12123.57,UPI,gateway_timeout,39576.63,0,0,retry_now
c6e89389-7ca3-4ec6-9525-35a837f1bd7d,ab6b0bf9-904a-4f54-b9b3-00f9bf113a54,9342.64,Credit Card,insufficient_funds,49639.35,1,586,retry_later
0d8f0630-70c7-4036-beaf-2e727e98e448,aa054e0f-f758-4b01-ad54-cc73b8fa3d10,12673.64,UPI,gateway_timeout,40652.56,0,0,retry_now
abfac695-dfd2-44c0-8acb-70da9873c0fa,bb9871f9-175f-4ead-bec1-6784e0e330ff,7544.71,UPI,gateway_timeout,45419.13,0,0,retry_now
d0d29d90-6eb2-420d-b198-ab2851355996,fa65438a-0a68-4544-b553-6354766891fc,5101.78,Credit Card,incorrect_pin,19292.77,1,299,retry_later
353b9d96-d36c-451a-94de-1e3e11b6752e,73187010-13b6-43dc-8d0b-1e219d5f2ab3,6616.19,Debit Card,insufficient_funds,34110.03,0,0,retry_later
9b2fad45-6163-4e99-9dad-f27eac3316fe,39b34c7c-3a06-4a3f-807f-54863253e5b5,7588.13,Debit Card,expired_card,15650.46,2,93,switch_method
cc1e1959-cba7-403c-ae45-cb2a94ca0667,b0fa0003-11be-4712-b30a-f6b778b5f5e1,8921.53,Credit Card,incorrect_pin,12120.8,1,35,retry_later
b5f12e95-cfc6-4e70-8ee4-ea42fda4372f,4a751012-28ae-4aae-8855-9a32fc8f5fca,5609.49,Debit Card,insufficient_funds,49141.93,0,0,retry_later
803aef52-6b7e-4be0-b547-2c715079d4de,58838aa9-1cd9-4f8e-b284-e1aec81238e3,353.42,Debit Card,incorrect_pin,35187.68,2,698,switch_method
6a184285-1e16-4cd2-9448-c1c60c5696fa,7291bb11-9bd6-43ed-aa31-fda2f4f7ff7a,14554.7,Credit Card,expired_card,32343.01,3,1089,give_up
7b76bee2-107d-4e1e-9a85-e9d641a02c3a,351fe337-908a-4bcd-9c26-b1eeeb445090,10979.26,UPI,gateway_timeout,71.29,0,0,retry_now
7d040d83-8163-4037-a24c-8f3ad3da6973,846b40d6-47d3-49a7-a4e4-77bd9a1d47a3,5406.0,Debit Card,expired_card,26114.47,0,0,switch_method
f8863b6e-7b5e-4bd6-a6d4-58fdedb1846f,d1c59b59-4519-4a18-9663-a57c2ab42584,11334.93,UPI,gateway_timeout,4002.07,0,0,retry_now
3f88bd72-4d1c-4395-8249-dd1cdcf83369,e7ea106c-c33a-42e8-94de-d246825fec50,879.38,UPI,risk_flag,49150.82,0,0,give_up
6d90a47e-95c9-4e1e-8ee3-e817627d7e5f,35b3d7db-454f-4cea-b1d8-1dcf9adaa3d7,3914.71,Credit Card,gateway_timeout,18061.14,2,523,retry_later
5f98e884-53a9-4fc0-ae9c-baa0dd156567,5d6e198f-c078-42ce-9cde-e07c52300360,13082.08,UPI,gateway_timeout,18890.91,3,1103,give_up
c1664b93-0bac-40e2-b3b1-361874f3e3a1,b42605fa-e2a8-4912-bef3-e707775e0d1c,6205.56,Credit Card,insufficient_funds,37814.75,0,0,retry_later
7c385b3e-052d-474f-b311-4c050a01f8df,e018f82d-17a6-4944-a05b-5936ecedec14,7230.5,Credit Card,insufficient_funds,7733.77,0,0,retry_later
f96b8def-ecc5-4519-a0d2-190824bca45e,20d3ccab-5694-4a0e-a4fc-c3b8294ab372,7902.21,Credit Card,risk_flag,29993.4,0,0,give_up
113cad2e-b912-44f9-abdf-92e948369b67,5f139637-d183-4d8a-8912-4ba34f573df4,10087.35,Credit Card,expired_card,2038.66,0,0,switch_method
a2663717-2c92-44ad-8616-3bc98146e9d4,844c13a9-03f4-436b-881a-9f562dc278fc,9256.41,UPI,insufficient_funds,15466.34,0,0,retry_later
b3409b52-02ca-4550-bf4e-e8ce2a56bf69,5d3fcd84-4623-4b52-bc48-2e3f7c8b77f7,14609.37,UPI,gateway_timeout,22961.87,0,0,retry_now
38eac778-c835-424b-bca0-a4a2b5f91444,b3f52dc8-766d-4ac5-b055-020bb6c3fc40,6461.59,UPI,risk_flag,39786.39,0,0,give_up
fb283dce-f20d-4c58-8fd8-461b6e8f90c5,b13c3e67-ce8c-423b-88e7-91029d1a5d41,2996.64,Credit Card,expired_card,11934.44,2,1207,switch_method
9c6162e1-b2d1-4553-911a-2fad0eb6ad22,4052ae7e-4207-47a8-9ad0-71b433c4a6de,9122.56,Credit Card,insufficient_funds,14680.61,0,0,retry_later
4e688db3-f1c9-49ef-96d3-e80c53fd007d,d2e10bad-b4fc-4dc5-a0a0-bafc2a3eda6c,11474.91,UPI,gateway_timeout,47813.58,1,159,retry_later
b75c0287-19a3-4857-ae4c-62801c6e8512,eac70c07-58cd-4891-ba5f-532d47626722,10723.69,UPI,gateway_timeout,12254.85,0,0,retry_now
7f014a55-4805-4cad-8b3d-2922263d70a3,c8336c16-18a4-4fbe-bbef-49098330f3ec,6664.57,Credit Card,incorrect_pin,29936.17,0,0,retry_later
9c633035-66d4-474f-8b10-d56e5754ee71,d2214b45-75f4-4fe0-a54c-761f0fb8b6a2,3906.15,Credit Card,insufficient_funds,40296.47,1,23,retry_later
13e26b08-df20-47ee-a549-84f7db1b9853,5f4f678b-bf7c-49ad-98aa-4e482dec98c1,3307.95,Credit Card,risk_flag,46267.14,1,371,give_up
91b2a9dc-cd6f-4ca8-9721-2f8b5db120ab,734b3064-1c1c-4777-800c-459532d80030,1932.95,UPI,gateway_timeout,16342.33,2,398,retry_later
cd8223fd-ac1e-40fa-a641-b1fdd03c7723,b2923c89-308e-4b21-972b-9babe159547f,12702.04,Debit Card,expired_card,20430.25,3,1153,give_up
c79373f3-64a8-411e-ac22-e0610a67b407,c5258b1a-1b22-47cb-b476-4a4b67481bbc,13807.41,Credit Card,incorrect_pin,7808.25,1,1175,retry_later
1b8dcb52-c751-4e96-a538-7e6fb3f0e573,eefbe45e-c957-4693-9034-e9bc9d0bf8fe,8825.77,UPI,insufficient_funds,39133.15,0,0,retry_later
555bb6c5-602b-42aa-b803-d6f2da969302,ecd54baa-ac69-45a0-a5ef-b0705c1fd434,8723.12,UPI,gateway_timeout,43738.13,2,1294,retry_later
75acfce0-99cc-4dad-91fa-751efa7002d7,9c706a66-21a6-4c65-89ed-16e711291024,4281.67,Debit Card,insufficient_funds,28371.96,0,0,retry_later
93b8a3aa-cc0d-4ba2-ab8d-b05c9e7e2612,74ddcc0a-50d3-47fc-9f73-e9ec3ea1dd8c,4932.08,UPI,incorrect_pin,4110.08,0,0,retry_later
bca8f694-15b2-4d41-bd1b-720d28c905e2,1b640678-2730-4046-989c-bb404ebd0fbe,599.4,Credit Card,incorrect_pin,39495.59,0,0,retry_later
11eb901f-2bab-4d92-ae4f-0001e8a44142,b249169d-1e83-4923-8374-48ccffa70241,7660.53,Credit Card,gateway_timeout,48313.81,1,883,retry_later
a709ef80-9f98-417e-84d3-7e64492abce7,7ba09954-1371-494a-95f6-cb911ffb349a,4751.85,UPI,insufficient_funds,19756.24,0,0,retry_later
c4497558-99bb-49d4-9a83-4deb327eed56,da7178ce-7838-4b20-afa0-8e81cff7f4b6,4448.8,UPI,gateway_timeout,6130.96,0,0,retry_now
6e95e34b-c065-4916-9de4-f189e583ce13,17cf3a02-3597-44c1-8db5-72154829c683,6413.45,Debit Card,gateway_timeout,30602.35,1,172,retry_later
cd15cdd0-5dea-4a6f-bec2-5367b035dbc9,24a97cfe-66b7-4974-a177-39fe52b2c690,1053.85,Net Banking,expired_card,28617.73,3,299,give_up
c9bf2af7-ef49-4bd1-8e7b-7fb9073a9abb,d7ceaddf-88f9-4ad9-b11a-155f94c6ff37,13089.77,Debit Card,incorrect_pin,24520.52,1,1061,retry_later
f9da64e2-4daa-4c93-9070-758712938318,a6d145a6-0aad-4ce8-acd5-8212e67d96b3,1849.36,UPI,gateway_timeout,22322.26,0,0,retry_now
95f53a8d-1402-4915-b3e2-3a1a7298c543,4f52abd1-1b71-449a-9edd-c99dff6de18c,14430.12,UPI,gateway_timeout,20346.8,0,0,retry_now
19afcdcc-76a2-4043-9148-0f3c902a9e25,4fb6077c-a650-4009-962e-958f08fadf2a,13262.84,Credit Card,incorrect_pin,46057.36,3,484,give_up
f9dae02c-3a09-4412-8df2-f848586b723b,aee3bdb4-80d5-4a36-9c2f-5db61d97371b,272.26,Credit Card,expired_card,28895.36,2,1350,switch_method
225fa219-96ea-4d1f-a482-4c73a6e7add3,d393f3ff-6cfc-41d7-9dc7-ba09a028bdbd,3640.29,Credit Card,gateway_timeout,21207.54,0,0,retry_now
664e806a-c1a1-41a1-8a9f-0f63dd157647,1ee64a17-f8c4-493e-a075-b79a84458f4c,12725.93,UPI,risk_flag,26336.25,0,0,give_up
dcea13c8-ed66-41e5-9cc9-bf99f26837f0,184de00a-9bcf-4126-9e62-a32de7231df5,1958.8,Credit Card,gateway_timeout,5704.32,0,0,retry_now
4ad01ce2-0d58-419b-a221-1f593ea8c4d5,dcd6baeb-67fa-49cc-8f50-6b8043a591dc,6049.41,Credit Card,risk_flag,3730.66,1,522,give_up
22b63675-a7ac-4409-a29c-92802f4e1f89,8c8eb73a-3a5b-47f8-90b8-a1d02b87cec6,11205.25,Debit Card,incorrect_pin,38158.72,0,0,retry_later
448048ae-5adc-4290-a22b-777af81703bd,66f8554f-b3bd-4bcc-bece-8f5f47c1b62a,9123.74,Credit Card,risk_flag,26195.58,3,514,give_up
61ad2404-a35a-4cd2-950f-475d227763c5,73541d71-d97b-4859-bafd-47e24550db56,2469.61,UPI,risk_flag,47659.38,1,1064,give_up
ed565b15-6cfa-4139-a9ab-7228c3fd4cfd,173fec6f-9be5-4e2a-b489-a68a6121543c,731.78,UPI,risk_flag,42526.11,1,239,give_up
c9cc9ec6-fae8-4ab7-892b-7abe61479fec,dbfd43d0-26d6-4521-9888-deba1f2f26f2,5621.31,Credit Card,incorrect_pin,40893.7,1,442,retry_later
752daacd-3425-4f19-b06a-09549d747b76,48be377f-eb1a-42bc-8603-3ea08ab1c72e,9599.13,Credit Card,incorrect_pin,31269.86,2,443,switch_method
64b8bf5a-e962-4289-88e7-6a8e3491ccc4,49f52f45-7f0d-4f66-a0f4-dbe7812b3659,801.22,Debit Card,incorrect_pin,32605.7,0,0,retry_later
052b50e8-c8dd-4a88-8f66-bf3dd1632d4c,47d816a0-7fe7-4ad8-bc9f-019e8999bb98,6050.97,UPI,gateway_timeout,38706.73,1,1349,retry_later
3ea42062-8977-4a7a-a23a-631b1dcf742b,78108df6-a866-47ca-9bc2-212a5f0ae776,9030.45,Credit Card,risk_flag,27583.98,0,0,give_up
173e3b7b-9821-4d2a-81a5-2ef3333ef428,4faf501b-4f64-41fd-aa1c-67c63ec8886e,7029.9,Wallet,incorrect_pin,44433.43,0,0,retry_later
ef696105-295b-45cc-80d8-af743e454aef,fdc72e40-5a3f-4f3f-9f90-33bbb0a73198,3215.39,Credit Card,incorrect_pin,17671.83,0,0,retry_later
fde56afb-5d52-4aa6-98b0-0ee57261f4c3,b6ff9ebb-ce76-453f-a65b-21ea2d2ed52c,11696.93,Credit Card,incorrect_pin,12740.89,1,370,retry_later
e6e85062-d94d-4e40-bd9c-300b7ec8daa1,920366fa-ada9-4d93-92a5-7a7c79244fd4,9724.83,UPI,gateway_timeout,7100.09,0,0,retry_now
31a3b2b9-8774-4f48-9615-9a5edc04c483,1a0c7954-2667-421d-b5cb-286290bea783,5425.31,Debit Card,insufficient_funds,11415.52,0,0,retry_later
7b1ccf77-34b5-425b-b94d-27d7190a8945,93837fb6-49f5-4d51-b89b-9d9a1f99cf6a,2148.23,UPI,risk_flag,39443.51,0,0,give_up
e9b95988-08a4-4b8b-9447-8cc9aec968ec,3d26c664-86fa-4c14-9cfd-98aed91953f6,2516.28,Debit Card,expired_card,45160.42,1,1257,switch_method
461b1774-5d3c-4038-b9db-6585a09d9fa5,207d7da5-53f3-4a7a-b7a3-77727889a3bc,2642.9,Credit Card,incorrect_pin,10784.57,2,892,switch_method
4ef51f18-1985-4ab0-9d9e-b555be60e9ad,9a508678-15e8-40e9-b00e-733e039f18a9,14115.89,UPI,insufficient_funds,19776.11,0,0,retry_later
120d18f8-52d5-4a0e-9480-74f6a5830495,ff5aa776-967c-4717-88b4-98422195c99e,3240.36,Debit Card,incorrect_pin,296.67,0,0,retry_later
bb403349-cde7-4533-b72d-e7075619659e,5fc44c52-a9b2-41e8-b9a9-1d3dc73ca537,9653.43,UPI,gateway_timeout,43452.36,0,0,retry_now
55548702-8583-4703-93bd-481a8ee2a891,fe20392f-cf01-477e-aa8a-702e59ea1bd4,10778.22,UPI,insufficient_funds,45041.85,1,629,retry_later
4f6d10f8-c748-406b-90cd-a4c851e0e647,4c909ce0-57e3-4d1a-8723-d4cc42b01ed7,7695.58,Credit Card,incorrect_pin,39260.79,1,22,retry_later
c2719cd4-fb0e-445c-9c10-fc26f41d6d85,52eeb3e6-0c59-4e83-8cc5-f50450dd4d08,13957.91,Credit Card,gateway_timeout,19754.43,0,0,retry_now
988a4e00-33a6-46c1-a746-de9ac3e618d6,bbb0a009-56f0-482c-9653-909cc756fab4,3664.1,Credit Card,insufficient_funds,13443.74,2,106,retry_later
342fe39f-4cc4-4f6a-b2ae-37b4dcdb37bc,38113d55-508c-4559-9bcc-4ce95427a81f,4754.9,Credit Card,incorrect_pin,35876.84,0,0,retry_later
a4f0317d-ba26-4302-ac90-5295ca9fda5f,f95411ff-05ed-467c-8074-66e696b3ec30,10251.29,Debit Card,insufficient_funds,33190.51,1,1345,retry_later
89b695cf-58bf-42ac-9111-8d0ccc3019d4,579213d2-2275-4418-8057-ad6d325f42f6,7136.21,Debit Card,insufficient_funds,10311.41,0,0,retry_later
b4dbc750-dd68-4a58-8f1f-667a04567cd9,aa77051a-8041-4d5e-8954-b5ff0bfee36f,5613.86,Credit Card,insufficient_funds,36150.0,1,393,retry_later
0a7d70aa-0043-4d68-8915-8dfdf8a6285e,20e02a24-b554-4acd-8576-47489e9f1434,7404.03,Credit Card,incorrect_pin,16417.87,1,413,retry_later
1015fa2d-773b-4e23-90e5-6a73aada6783,4ba8a569-00ff-47db-ae53-ff9e9c52a481,6129.44,Wallet,gateway_timeout,13293.92,0,0,retry_now
472e0959-e67b-4464-afbe-c306f41cc99a,b44a2848-360b-45d9-b6b9-74b48fd1c986,9401.13,Credit Card,expired_card,11631.22,0,0,switch_method
7d81d328-3bb6-4419-81c7-ec79272c6ae2,10337219-c689-46e5-9ab6-7669867a4e22,725.53,Net Banking,risk_flag,1609.22,2,97,give_up
c56abaa4-a993-4fb2-8b60-ed1b54ab0da7,4dc48c25-da28-4f2a-b1fe-b67d4c4e23ca,4810.57,Credit Card,gateway_timeout,45031.36,1,54,retry_later
a7eaf099-ca0b-4780-89ca-e5b325a08a9d,3827dd13-04e2-4a85-8d6b-8ecddf523626,11901.84,UPI,insufficient_funds,10033.21,1,817,retry_later
b7d04e35-72bf-4141-ab71-1277b35e2b81,2226c105-48aa-48eb-88d2-f9578a61d393,3281.52,Credit Card,risk_flag,45453.63,1,202,give_up
008e996b-741c-4530-8c4b-716ba1764832,26e61ccd-029a-4be0-a1e3-870aefb8bd5b,12098.19,Credit Card,insufficient_funds,43846.05,2,1221,retry_later
d4e50a1f-8ecb-4b9d-bde3-01367d2dc348,a87381ec-b6a0-419a-b2c4-b89ce48e164e,9511.45,Credit Card,insufficient_funds,34095.26,0,0,retry_later
8d78ae13-930c-4578-9049-7bfad950e1bb,39ee5e45-127d-4431-9f5f-7205bd5e9b08,943.14,Credit Card,expired_card,25293.36,0,0,switch_method
3363e4fb-f38e-4a06-b7a5-bff5d71a65f3,664d9a96-25c9-4190-b136-039349574f44,3239.64,Net Banking,risk_flag,40178.38,0,0,give_up
ecfc97b0-fc3e-497a-a3f9-a629f8271578,ba158bd8-29e8-4a8d-bab3-2fd5b7da9245,12841.08,Credit Card,insufficient_funds,28217.06,1,195,retry_later
e71c8efc-467c-480c-a27f-ec2fff7c7041,a5ab630c-2827-41a2-8453-4ca3a7e2b8c2,1962.04,Debit Card,insufficient_funds,48937.4,4,338,give_up
81c5a56d-5af3-449a-bc3b-8c72da2ed751,1fc9f6c2-93b1-4664-a3e7-ff3743caf69b,5463.39,Net Banking,expired_card,20015.54,4,1350,give_up
9be1d87e-7db6-4152-b1b9-2f2cfea6c004,dfd0c914-6411-488e-b4c3-8d7997f81802,2449.67,UPI,gateway_timeout,30076.73,0,0,retry_now
c6a9c35b-a659-40d1-8d22-4dc54aa4773d,a25e68f1-a19d-41be-9b63-8a37fe8bb197,1137.97,Credit Card,expired_card,34174.83,0,0,switch_method
5d54d7e7-c6a7-4140-a477-b1c86cae8ecb,56f74610-656b-4801-99c2-dead244ac619,4316.11,Credit Card,insufficient_funds,14052.72,0,0,retry_later
a23b4a4d-d42c-4023-a277-2b970eb34f38,9f32994c-edc2-437a-9d3a-326653f5591c,1009.32,UPI,gateway_timeout,29233.01,0,0,retry_now
0e222dc6-4980-4713-88d9-18aa912ab9d2,bcde50cf-e113-4e28-aaa9-b2a3662bd695,5139.97,Credit Card,incorrect_pin,41639.83,0,0,retry_later
e331f7bf-d6e8-42a0-95db-67b60f12a67b,628d6de8-1e56-410a-9313-da6d2db50c8b,12480.36,UPI,gateway_timeout,25893.48,3,604,give_up
1c22205e-dce0-4a10-aae1-02ea629c4c39,daf058ae-8c91-418a-9e07-de34cfb299e4,943.03,UPI,gateway_timeout,16603.76,0,0,retry_now
3f3949a8-ee9e-483d-b1d2-31d339823614,9a61daa4-895e-491d-bc97-212d43a069a6,3068.09,Credit Card,expired_card,26372.05,0,0,switch_method
9660ea70-e541-48f2-aefe-d653fb6c03be,f5f365b3-bd4c-41d9-a81a-9b5666339d39,479.75,UPI,gateway_timeout,29367.73,0,0,retry_now
1c264e7b-576e-461a-8f88-f159b753f6d4,9a1b8549-a0ea-414e-8880-01a106660b53,8604.92,UPI,gateway_timeout,1449.35,0,0,retry_now
fcf88aee-fa94-474c-a3eb-0ea4b4a689bf,0dbe04ca-c243-4340-bb28-03d5aec2e234,10087.06,Debit Card,expired_card,29623.73,0,0,switch_method
e44a489d-b131-4b7a-bbae-6d05abb8a738,5abc29aa-b62e-4868-85c6-9369b84f58f2,12371.23,UPI,incorrect_pin,42522.61,3,539,give_up
3679ee6d-256b-4b98-b476-81989e07f6ad,deb8e9a5-3655-4125-9324-ad7dfa4acd78,13272.51,UPI,insufficient_funds,7065.75,1,208,retry_later
bae92161-cb3a-4fbf-9a2f-ca8071a2c263,55ca1e17-97f2-4c74-bae6-df6723d1636b,14322.12,UPI,incorrect_pin,34941.03,0,0,retry_later
15280991-ea5f-4cbf-a5e7-1ce2e38f8f15,3ee9e65f-6a8c-4f20-a797-f88afe012dc9,12406.88,Debit Card,risk_flag,1718.15,1,393,give_up
2a9416a4-e8a0-4946-bf2c-b22348f23652,915fbcde-010f-48ef-bab9-51df3a35812e,5898.07,UPI,gateway_timeout,49026.69,2,560,retry_later
adf00467-4e1b-4a9a-a082-a813f6701197,f05fc545-d316-48e6-b4be-53898671f211,1061.73,Credit Card,expired_card,27865.6,0,0,switch_method
741a4b93-f8bc-40b3-a521-8359dbb97f8c,c5e9ea14-2515-4f37-a2b6-706872314455,14043.51,UPI,gateway_timeout,28044.68,2,923,retry_later
fe1b5a90-bb18-4625-b7f3-0bc702e4b413,6983b7f5-6591-40e0-a954-1ed18161cb6b,7566.39,UPI,gateway_timeout,12711.25,0,0,retry_now
3863834f-ab99-45b5-9931-d790e4d0dcd2,1474fa03-941d-477a-915d-5e6cd866f90e,6415.32,Debit Card,expired_card,26970.91,0,0,switch_method
12873465-0a80-4573-8d54-fa850da13cce,68c0bb81-323a-43f4-b9c2-0ca882ade052,9174.18,Wallet,gateway_timeout,11504.54,0,0,retry_now
5f5506f3-1b11-4ba6-b4ff-e803568df92e,1d0ebd39-8ffa-48fd-bcf1-a9bda6f3194e,9930.82,Credit Card,insufficient_funds,35206.12,2,1006,retry_later
8910416d-d0fc-4465-aba7-b463023d8d38,26c9a488-1871-40bf-90b0-49761ff7693a,5515.74,Credit Card,incorrect_pin,8504.08,2,1418,switch_method
85991e9e-6dbd-48a3-96f3-c577a452177a,879a113e-7d64-48d3-8eeb-52f4ef570626,5451.39,Credit Card,gateway_timeout,48321.74,1,1150,retry_later
f0275ec9-43b3-4524-a91e-47377fbde5a1,82ec7587-c57c-4732-9872-f40f09a4eee3,13544.66,UPI,incorrect_pin,1590.1,0,0,retry_later
cc0b2b55-a005-46be-a949-388b5775b9dc,95ffb4dc-26f5-4e0d-ba3c-1c260aba53fb,13309.19,UPI,gateway_timeout,3560.0,0,0,retry_now
905d1811-07ad-4ed6-b3b2-e2b6459bfff2,09682f61-ae29-4b39-a18c-d864316a5aa2,13344.96,Debit Card,insufficient_funds,39733.98,1,1263,retry_later
fc72c987-664c-4119-a037-263d58110686,f4731209-06fe-45d8-b947-adfd2bad9654,3546.92,Debit Card,incorrect_pin,48951.47,1,1154,retry_later
a9e1208e-3ae8-4c70-a06e-56eafd043c97,98bd0b4e-aa63-4103-8f14-64f1a6c9d85f,7168.09,UPI,insufficient_funds,37149.27,0,0,retry_later
72cf15b8-69db-4111-9625-da2f979a0c8a,c7c9c3f1-abbc-4df9-8a6c-e2ce82a63602,9373.29,UPI,gateway_timeout,22370.57,0,0,retry_now
dc161872-69dd-4754-90ee-b4d6bc2c519b,fb983997-a215-43af-b1e8-17e10062cc3a,2028.54,UPI,risk_flag,47398.05,0,0,give_up
12d6490e-805e-4fa5-af37-c9718057c737,30431c02-f7f9-408c-889b-1ab7bd555fc1,14442.92,Debit Card,incorrect_pin,30033.9,2,694,switch_method
e3ba0021-865c-494e-aa66-59b0246c942f,82b170d7-5bdc-4301-8a97-75fb2bf029df,14673.57,Wallet,expired_card,48611.07,1,1259,switch_method
7b3e0384-ba45-4d6a-ae80-3e2accfbe1c5,b4a4ae37-9250-4bcf-b18a-f490e6d6aa32,10475.38,Credit Card,incorrect_pin,24867.57,0,0,retry_later
ddb275d9-94a0-41bd-821c-0623567ed4ab,755b0b97-36a2-4181-bb10-229aef204bac,10512.36,Credit Card,incorrect_pin,15483.51,0,0,retry_later
eefa477d-4628-48ec-808f-1201bbbaccca,10cfbd0b-0844-4cbd-b05b-45ff0dca643e,921.12,UPI,gateway_timeout,48520.87,0,0,retry_now
c64c2c65-d423-4864-8ea4-1ffe17f7966d,f0ee054d-8205-47e7-8208-13420ade0017,12389.57,UPI,gateway_timeout,1996.38,0,0,retry_now
8ed017d3-ad4c-46f4-9fb2-3c98e664c026,7e324558-2b23-4fe2-a8a3-e1c152d1e8d0,2959.03,Credit Card,gateway_timeout,43070.36,0,0,retry_now
be5c97ad-a863-49fc-a66c-80855d2cf3b8,36700e08-36d5-4d26-8822-a7d26a2ea74d,4971.37,UPI,gateway_timeout,40546.54,1,357,retry_later
56b88fb6-cff7-467d-9488-dfe9d2a2a14c,e5a731eb-97dc-443a-80f5-7c88af0aa741,7074.71,UPI,incorrect_pin,3522.0,4,1137,give_up
bca5c2f8-ac1c-4e8e-a9ff-7dc861645137,fd9e1af9-458c-4e6f-aaf8-a7008e2a08e7,14366.59,UPI,insufficient_funds,32561.48,2,435,retry_later
09b3350d-ec70-498f-b103-a409a6162abb,4c3f33a9-2f17-4004-80db-0aa16f1fa829,5219.53,UPI,gateway_timeout,29551.2,0,0,retry_now
11e40451-31ef-4095-8265-4c2f45e6070d,c037890b-ea30-45e1-9039-c086881ac8c0,12316.96,UPI,insufficient_funds,26162.9,1,265,retry_later
292efc26-20b3-470b-9473-b427cc548571,645a60c6-db9e-4133-9171-a32549381b5b,1746.63,Debit Card,risk_flag,30464.87,1,559,give_up
2ecfaf55-98ef-40a5-91a5-41734b30bf79,8cb8117e-4b5c-478a-a7ab-b7920c1e3034,13055.29,Credit Card,incorrect_pin,37376.42,0,0,retry_later
0059f14b-9f1b-4c3d-bd55-6b2681828927,e4edcb10-4118-4252-b539-0cf8ecc670ad,4995.62,UPI,gateway_timeout,9506.29,1,864,retry_later
4fb3bbd1-653a-4534-8c7c-c09059ce70db,4999afc1-92af-42ac-92eb-9017986d7038,4879.87,UPI,incorrect_pin,33070.1,2,633,switch_method
c08cc056-d130-4851-95d8-6181470f0874,58c75da7-d248-4853-a278-97eac3930947,335.89,Debit Card,gateway_timeout,39231.16,2,309,retry_later
87299b99-2788-48e5-9dda-2ddf3da64025,74336c72-3d03-409d-9b39-33298f34a08c,7651.45,UPI,insufficient_funds,29388.42,4,661,give_up
bcf096b1-657c-4136-adeb-a021c3ae085f,0fed9abd-9b06-47be-b3df-8d1132030dbe,8565.82,UPI,gateway_timeout,28666.19,0,0,retry_now
c9db7a3f-9744-4592-a10d-1cda6dd0a4ed,a5314366-dcff-44a5-9093-9822d8d969bc,2421.64,Net Banking,insufficient_funds,32360.46,0,0,retry_later
945f109b-2bd6-42dc-86b4-686ee046d0e6,bcc328ca-3f5e-424b-aaae-2c37dcb2e09d,1277.14,Net Banking,expired_card,25664.68,0,0,switch_method
ec95b99b-71b1-4217-a6f8-331550cf0cf3,897956ac-1b4b-4e7c-a736-13b66b88593f,3370.91,Credit Card,risk_flag,3870.58,1,1008,give_up
885becd8-b6c2-46f2-a7fe-5b9eed1085a8,f4663be2-77b3-4642-8311-52742fe72f16,8672.3,Credit Card,insufficient_funds,528.34,3,792,give_up
3759e2a7-0046-4e34-90dc-c041c65149e4,17bc9af8-af63-47e5-a5dc-31d701430abb,682.88,Wallet,expired_card,3317.56,0,0,switch_method
647a1fd0-4d95-4d72-a5f9-044272966c57,b1ba4239-4899-44d3-b1a9-646064ad8f17,12320.6,Debit Card,expired_card,17637.25,1,418,switch_method
0ca860ee-dc9e-4428-a417-4a6cdff9272a,8eb1bb78-36c9-4abe-9c1f-344a34d174fd,1554.53,Debit Card,risk_flag,32141.18,0,0,give_up
3cb7f599-2118-4996-9317-cc6a6c51d614,e02e39ab-1133-4f3f-be30-1ce091cc886f,3854.64,Net Banking,expired_card,39722.06,1,539,switch_method
63e22a03-f6e8-4a46-8082-af46e75af634,44fb3304-5b93-4c49-88e0-747717d6ee1e,4355.53,Debit Card,insufficient_funds,21207.98,4,465,give_up
47051ecb-c94e-4dfc-b487-0262d1a0bd0a,7a6240db-f75f-4dae-85ad-2e3379729a6d,5016.67,Debit Card,risk_flag,11566.42,1,1089,give_up
df152052-ec62-4baa-99bb-2f321a270017,91fb5e4c-81fa-4a9d-80e5-ab963e68c39c,3807.81,UPI,insufficient_funds,14291.91,0,0,retry_later
9c6eec38-06d7-4163-977a-8ae8afd5fc4e,e21d13b4-0c5c-4f2f-88ae-270f40449714,1367.91,Credit Card,incorrect_pin,1743.3,0,0,retry_later
3365ee55-46d2-4d2e-b2d7-9fab88b81b09,d181ceaf-0611-4b86-8e51-849fdea90549,8336.07,UPI,insufficient_funds,18033.48,0,0,retry_later
f08c2368-95ea-48de-9366-92b982246569,e4d8092a-60c2-43d5-b789-c0a79d6d72b9,36.43,Debit Card,insufficient_funds,13902.68,0,0,retry_later
1a7e2928-da7c-4048-a3fa-e42634da3a9b,a9023b21-233a-4c8b-abb0-0a5e607ef8e8,2525.79,UPI,gateway_timeout,49714.98,0,0,retry_now
e0a82a19-4c04-43bf-9799-ff86b9f09ad0,dcdb3ebf-4aea-4f6b-b6f0-75e10005efa7,8457.64,Debit Card,expired_card,16536.96,0,0,switch_method
553a0d34-8dab-49a2-8104-83a863309ff5,e0c97b6f-ebb4-4818-9a7d-96121c852c40,3117.62,Debit Card,gateway_timeout,18720.96,0,0,retry_now
06e60d85-23bb-4a54-b5dc-c28451c9626a,827949a2-86c8-4430-995d-40b491ab29a5,12023.44,Net Banking,expired_card,34945.13,0,0,switch_method
16f5e3d6-d1b7-4780-8bb6-68209bcf1fd6,c6641bdf-79b6-4096-ba62-f394d1af3cb0,9548.18,Debit Card,incorrect_pin,29822.81,4,1359,give_up
4725a766-cfd4-463f-ac7a-e3eca0028a21,26a7dfb8-4908-48f3-b3ed-b46ab3dcd1d2,553.74,UPI,gateway_timeout,1502.92,0,0,retry_now
3f0f98f3-cf63-47a5-abe3-4eb7495e4287,9cae3d38-9331-445d-ba14-65cf876b829d,9172.02,Wallet,incorrect_pin,49858.14,0,0,retry_later
b096b158-f211-4d0d-8b9b-7a2fcf211094,aedf7818-e2aa-4590-9d4c-fed66795ef19,10457.92,Debit Card,gateway_timeout,30754.25,2,198,retry_later
eede9a36-1f9b-46d1-9699-091e352bf111,917c63b0-1561-4220-ad62-85d5cfcd3668,9413.12,UPI,gateway_timeout,48249.9,0,0,retry_now
21ebadd3-15fa-4862-873c-50196ba8447c,644c3c5c-e97c-4587-a551-5dceb3853498,11616.26,UPI,insufficient_funds,17828.29,0,0,retry_later
61b1a4f4-33ce-4f0f-b34f-30af328a1b47,3e682a6f-ecd9-4a8b-a3b4-0039a121ed7b,6015.16,Credit Card,incorrect_pin,19536.45,4,1356,give_up
b3dc01c7-1c60-4a9b-84b8-8b705ba633e1,4229d7eb-99f3-456d-ab2a-1f9d03316b9e,7197.66,Debit Card,incorrect_pin,18646.58,1,1074,retry_later
9871a79c-426f-4cd3-b581-c69e241af631,fe173218-e290-49f4-a3f6-3747f1567e09,3201.76,Credit Card,incorrect_pin,11115.91,0,0,retry_later
115522b0-7bef-4436-9763-10d016e63b19,deaa82b3-6bea-4d9f-81f0-e7df2ac56781,2834.01,Credit Card,risk_flag,9860.29,0,0,give_up
eee4a101-a7d2-4596-8647-565fb164107c,6c9e45aa-b259-49dc-83c9-0af7b65421c3,6080.91,Debit Card,gateway_timeout,7431.21,0,0,retry_now
d63f12f0-f941-4755-a7a8-27f8dc7614f5,f839a507-fecd-45d8-bdd2-e1c4f64ae8f1,8503.36,UPI,gateway_timeout,39525.42,0,0,retry_now
cb653c9e-353f-4be1-b268-d6516a3b46aa,b77f275c-64b1-4aec-872b-9275f97c75e8,7862.6,Debit Card,incorrect_pin,4910.44,0,0,retry_later
99e9fa9a-514c-4d43-8753-65ff699a2f5f,d171f6af-f64f-4f60-992a-a3fcb8020bd9,11264.34,Credit Card,incorrect_pin,41625.22,1,686,retry_later
58c4becc-d3f2-4acb-839f-a60ebf5eb5d1,169c59f6-08de-43d2-8d2a-7ab9cbcb5c83,40.09,UPI,insufficient_funds,11921.19,1,542,retry_later
13266ec1-bbee-4c82-a27e-53b52a187657,8620585f-cd5a-499f-90ea-1b811b3e018b,8064.28,Debit Card,incorrect_pin,1536.36,0,0,retry_later
50b7ed7a-d4a9-4c05-baed-c017f98d5aad,8d1c9f9e-53dc-4cf8-9731-a28dfed68240,1169.03,Net Banking,gateway_timeout,28092.73,0,0,retry_now
880cb131-351e-4726-87c9-de0022c50cd5,569d4732-c4ff-4cad-851f-f3263bed84e3,9179.95,Net Banking,gateway_timeout,29144.3,0,0,retry_now
960ace4e-7742-46c7-9c11-f6031caed6f5,b1ee6da9-11f4-42fd-aa91-66ba27a66102,3245.01,Debit Card,expired_card,33172.22,1,1066,switch_method
4e7c6bf5-7f2d-43f5-8a70-f422213f3ccf,435686d7-15c8-46b6-9f72-1098453ac604,3106.15,Credit Card,incorrect_pin,7730.38,0,0,retry_later
ca5e559d-4b05-4871-9aea-f7c21f4a9787,d2e0b2dc-be32-4f39-85cc-732786d1905e,7377.76,Credit Card,expired_card,34930.65,0,0,switch_method
7b7e97e9-fc4b-4a3e-ac98-f2d4c9b06027,ecb87347-6448-4e73-a050-c223138b4b7e,5033.95,Debit Card,insufficient_funds,4833.24,0,0,retry_later
0dcb0e2a-6746-4b93-8a4a-05bb79d6b6ec,d2c37911-134e-427c-ae4a-98418390c35c,9477.35,Credit Card,expired_card,10904.61,0,0,switch_method
47b0653e-2c81-4c0b-9843-5c876bc82bf8,fb2cfd25-c043-4979-8cea-18fb628081c5,9790.97,UPI,gateway_timeout,24954.17,2,177,retry_later
b26d7b37-42cd-4dea-9a6a-645c02628dc8,60961813-45a4-4ed0-8479-5c586ca10cf6,4794.97,Debit Card,insufficient_funds,27566.88,0,0,retry_later
53da88ef-eeb1-40c3-86e8-371fd992af44,d01e9d83-3bf4-43e8-ad48-ecd1a1ebab85,5443.27,Credit Card,incorrect_pin,26159.61,2,806,switch_method
c4602f43-fd9f-4d99-ace9-1a12e607aba7,3fe3461b-bbd8-4a78-84c7-fe8f6a00c618,10728.33,UPI,gateway_timeout,48043.14,0,0,retry_now
4410551a-580d-4ffa-84ce-561ea11495bf,23342f3f-c240-4564-a20f-cdd798326ba9,3903.07,Debit Card,incorrect_pin,13335.82,0,0,retry_later
f18b9c48-b685-4add-b24e-7d7916e80965,3ce3903c-f952-49dc-ad61-4b1bbe793e8e,14805.48,Credit Card,incorrect_pin,24798.87,0,0,retry_later
8f3b21c7-2587-41a2-ab51-4030b8fcb3e2,93dbe0dd-7100-4494-9a86-58a61d4233d4,3008.74,UPI,gateway_timeout,23330.31,0,0,retry_now
381f4135-357b-4075-b4f3-b1b6ecb0ef27,5c2f320f-3a76-4d93-81da-2defc810b86c,1932.54,Credit Card,insufficient_funds,40763.55,0,0,retry_later
fb2069b7-6c3c-46ab-8cf8-f38d3f5f2135,5495f06a-a667-44e2-97bb-d468620abb25,8955.68,UPI,gateway_timeout,36283.29,0,0,retry_now
99fc6aac-12b0-44e2-9be1-c20841612ebf,deda19f5-b994-484b-9d46-0e58499d9ddb,13346.97,UPI,insufficient_funds,17626.36,1,197,retry_later
48d816ee-5ba2-47bf-bbed-160ff948c2b7,344fb3a6-cc04-4c7a-ba69-69a3c1230edf,7645.93,Credit Card,incorrect_pin,25296.31,1,1085,retry_later
cc15fd8b-e660-480c-971d-d1812f31a737,b90ad893-de1f-41e5-a97d-2e8e88c8fe60,2184.2,Credit Card,incorrect_pin,34925.49,0,0,retry_later
87501c9f-bc6c-4380-baeb-dcd094e415aa,f1064d71-c425-4d95-9ef2-19857b1975fa,12990.83,UPI,gateway_timeout,38520.58,0,0,retry_now
577a02fa-ad64-4080-b218-83d79d1d5fbf,fc07a7e1-2e54-419b-99fe-854f48640151,4053.06,Net Banking,insufficient_funds,39308.42,0,0,retry_later
5466e785-9617-4fd7-80df-3f6a86203756,08ea1bcd-4888-452d-a81e-dfbd1eeeeb84,3017.65,Debit Card,incorrect_pin,45256.69,0,0,retry_later
bdd80f03-fb5f-462b-9077-ed588b402585,30d48b10-d944-4547-891e-8c3e0c9baed4,219.76,Wallet,risk_flag,9993.01,0,0,give_up
d0422391-967a-41f2-aca9-341bd871dfa3,7d26c313-a0bf-4571-9670-33f4feb5dbce,6670.58,Debit Card,incorrect_pin,12834.93,1,509,retry_later
63b18541-3601-4cf0-9822-e6fcd2a3552e,039a4b96-4bce-4fe1-8902-e3704c1f0468,9631.0,UPI,gateway_timeout,24664.61,0,0,retry_now
2d07894d-fca2-4eff-a067-c451a999dfe8,fd3c5a67-68a3-4a41-91e2-ca760239b5e6,7046.04,UPI,gateway_timeout,23051.02,0,0,retry_now
2601e7ef-4694-40fb-a66e-39da035e34d5,62e02e3a-f90a-48be-b0d9-402d177e5d39,651.61,Debit Card,expired_card,35824.35,1,372,switch_method
e1f7336b-8c4d-413a-92f3-84861fcfafff,4f3f9221-d027-48c3-b109-efbd178a3fd5,682.84,Credit Card,gateway_timeout,3760.44,0,0,retry_now
aa2ea25b-f3b2-4da9-ad82-789f95bd2f1b,ef753b88-2b68-4830-8ca8-546ea0fd5094,5537.42,UPI,insufficient_funds,12430.71,1,387,retry_later
296b3f71-53a3-44da-b26a-d5393c868cd4,480de357-cecd-4b7d-b1e7-779eae0d9e59,7204.55,Credit Card,insufficient_funds,17958.63,2,917,retry_later
3f9e5735-6e97-4e8f-a45b-fe0633c46704,8ead735c-cae3-45b2-8f47-615ae8bb9406,8929.18,UPI,insufficient_funds,2647.79,0,0,retry_later
6059b568-2489-498e-96ab-6a6b132f77f0,45695dc4-1949-419d-9138-007fcf886a94,2856.33,UPI,gateway_timeout,39898.83,0,0,retry_now
492e5e5a-3fc8-449c-ac81-f83211ca0293,4cf7570a-33a8-45c9-9538-ddc639c9323e,7433.71,Debit Card,gateway_timeout,1933.09,0,0,retry_now
b463d2a8-8f5b-4b52-9015-c74c5a449c6a,450c567b-f63c-4705-be4c-d89a9acecf04,1668.21,UPI,gateway_timeout,21854.46,0,0,retry_now
8541b3c6-fe4a-4533-95cc-c8dad021548f,d02a3204-265c-4f43-802f-0bf778561b89,10310.73,UPI,gateway_timeout,22459.24,4,1074,give_up
a70b8a8f-d7be-4b51-a8db-8725f8ad4217,c6522d69-f39f-49c4-96ee-08893f4bf8fb,1665.41,Debit Card,incorrect_pin,24484.5,0,0,retry_later
f4881b94-4d8c-4ec5-ae27-de94053819c0,53939283-27dd-40bf-bef4-6318700e95c7,3458.51,Credit Card,insufficient_funds,8130.02,0,0,retry_later
c39c1533-d623-451f-aa9b-69a356436742,79a29f3f-61d7-41e5-b350-703698265b20,8030.09,UPI,risk_flag,19837.1,0,0,give_up
d35339c8-22b3-472e-a05f-ca06d42680ab,70ad4be4-b96d-4926-b5bd-41619d8becb8,14637.08,Credit Card,risk_flag,14777.62,0,0,give_up
a6b94723-b2d3-4f60-bfe3-a48d19d4bdc3,3c73595b-b8f8-4ac9-823e-efa53673edd7,14848.95,UPI,insufficient_funds,1316.94,0,0,retry_later
071c2b1e-4077-4801-a014-f748a1e27521,2deb6fb1-6689-4879-8daa-7a1c0b6c4f4f,507.61,UPI,risk_flag,29992.06,4,106,give_up
5b37e246-430a-4960-be04-d3b2c3f8982a,79888eb7-846b-4766-9bfc-d85f521a3f52,14358.96,UPI,incorrect_pin,37359.51,1,23,retry_later
1f5dbb55-5d4d-4098-a2ae-4d6a5455a038,cf9de55c-976e-4451-94bd-ef71e29bb388,3453.72,Credit Card,incorrect_pin,7343.59,2,1105,switch_method
a772345f-0e01-4e71-84ff-c815646c6305,917d4ad8-3203-4cc1-9a4e-1eff40b0dce7,1098.12,Debit Card,incorrect_pin,20966.83,0,0,retry_later
efcbada5-7b50-451b-bd4d-b4b614bdda6b,3c29bf3a-405d-48cc-8a02-a36a80b85a95,8144.38,UPI,gateway_timeout,39801.84,0,0,retry_now
8be5b164-43c8-4ac1-8152-db0878d639d6,28f97fc8-9259-485a-af02-2ab106ef60ba,5828.54,Net Banking,insufficient_funds,3245.33,0,0,retry_later
7a5302f2-33dc-4f3b-b0db-ed96afafcbe7,07aa653b-e720-4b7d-b9d3-3b6216d38acf,6976.21,UPI,gateway_timeout,3371.19,1,1191,retry_later
febc662b-f663-45f1-9659-fe940b34d7c1,43364e8f-bab9-4847-90dc-4f3ea01596be,3089.29,UPI,risk_flag,49176.19,0,0,give_up
806a6a10-b9b7-4c1d-8414-7101acd7bc79,0ff4c54b-a6d9-45d5-a0db-cc9240b1c1a4,2043.4,UPI,gateway_timeout,26092.6,2,603,retry_later
a587d1ef-b03c-4d44-8c05-e3cf0c407c45,4c806cfc-ee4e-4b97-a552-c8d5c676dd9f,8871.41,UPI,incorrect_pin,7271.14,1,398,retry_later
3f84983d-b472-4bdb-8b9e-0f811a29596e,d5361182-a568-480e-94ad-3a793b65c959,6816.6,Debit Card,insufficient_funds,15077.2,2,693,retry_later
a1b2f9ea-63eb-4d7d-a083-06846e366ea4,7641bd57-0605-43dc-8729-b16cf4c8c099,2098.19,Debit Card,insufficient_funds,4285.5,0,0,retry_later
e196dc99-6c99-4ba7-bfc0-cbee37cfd66c,28f3a6cf-d70d-46c3-bc17-9cd5f6151adc,8809.2,UPI,insufficient_funds,40458.19,0,0,retry_later
9b2cba11-292d-401d-8371-4d65d41cacc0,91794782-0b31-49bb-9455-9a2fc7950041,12747.61,Credit Card,incorrect_pin,44018.94,2,991,switch_method
1b8524d2-0ecf-4383-b64b-5d7424135bb3,24352765-178b-4ce0-90a7-0191c4c60714,10416.54,UPI,gateway_timeout,25277.09,1,79,retry_later
0ce99311-d672-460b-bc7a-91dd74cc03e8,2fd27a40-fb62-479f-9305-fddd569ac92f,8182.71,Debit Card,insufficient_funds,3762.88,0,0,retry_later
ebc54136-f394-4bfc-84d1-a585e98dfbff,198076b3-963e-4631-a33b-0f33b4850447,13989.93,Credit Card,risk_flag,27055.15,1,1293,give_up
b73cf83d-dca2-46b0-885e-3defa5c26a92,692308c8-8782-4abe-9e0d-290f6d2d02df,2785.79,Credit Card,incorrect_pin,41924.13,0,0,retry_later
2ff692ad-5416-472c-a2d9-0906e569abc6,1499b3e8-8c58-4704-a143-6b86ea881497,7636.02,Credit Card,expired_card,44195.92,3,643,give_up
fc0c84b4-bfa9-4154-afbe-7feaa8d7ebf0,f3de91fd-feb9-4317-938e-65954710bad1,6108.25,Debit Card,insufficient_funds,32163.7,1,743,retry_later
586b7818-540e-462f-933d-c3bfbdbcc427,5bf5036c-9c45-4444-95c8-dc276769e352,7784.51,UPI,incorrect_pin,18062.48,3,364,give_up
1c0f04b4-a318-42ea-875e-4ce1fb4f288b,fcbeba43-0819-4d56-8361-115ef03ffc7c,9310.01,UPI,gateway_timeout,24529.19,0,0,retry_now
bf4bf5df-e135-4002-9e59-92a92090547c,5d3d9bf7-ebb4-4598-bcfd-1421b1cd8a26,10144.81,UPI,gateway_timeout,18429.93,0,0,retry_now
59a90e3e-b64c-41bd-b98a-b2def01c7cb4,7e881d0f-5a45-43cc-ad88-354e78e3aa87,11560.17,Credit Card,gateway_timeout,648.83,0,0,retry_now
fb80bb3a-3a80-416b-8e3c-f94f76f66fe1,a4765627-6a12-45b4-ac58-7982e21aed2f,10571.63,UPI,incorrect_pin,26390.96,0,0,retry_later
3dc01944-e417-46b8-bca5-e3042d3e5c6e,4d063024-99db-4910-8ea5-845c2217aaee,13180.68,Debit Card,risk_flag,7532.91,0,0,give_up
7c9cfe80-7fd0-4686-8a30-1e3b8b38fc0e,29f9ff34-96b2-44ba-86ba-1a5282d6d032,13462.97,UPI,incorrect_pin,45236.38,1,392,retry_later
3e6ce399-0081-4d61-8d34-7e1a2cb7c984,e2a04fb9-f96d-4f5b-b62b-8f76d1a6a502,425.6,Credit Card,insufficient_funds,39380.06,0,0,retry_later
1155e094-43fe-430d-bf59-b797344d3074,3e29a46e-6393-4e70-9658-5f0975be1e37,5539.78,UPI,insufficient_funds,25058.33,1,911,retry_later
71b5424f-ada7-4d19-a9a6-4af1320fc45b,44b8f24a-c8b5-482e-88e9-d7735553838b,8389.57,Debit Card,gateway_timeout,32615.96,0,0,retry_now
e758afe2-d26f-4459-b107-fe556bc8517a,ead0f51e-67ea-454a-90ee-ac8a8b67a646,3447.49,UPI,gateway_timeout,39741.51,0,0,retry_now
872a36fa-a139-4774-8685-6d162f9d5374,90290882-6165-47a8-b57c-87e40254bee6,1752.52,UPI,gateway_timeout,9131.95,1,661,retry_later
d3358825-17e0-4cce-b6ee-481247177dd9,cc4ab9ce-d9e0-426b-bbc8-321dc38303e6,2206.09,Debit Card,expired_card,35294.33,0,0,switch_method
7555b568-9116-4bd1-8dc1-c2e57c6a4f3d,11cafa3d-197c-4a4b-953b-921e3489600f,14794.09,Debit Card,insufficient_funds,22750.08,1,1034,retry_later
6c486651-c39a-4082-8947-7874b7bd557b,649c9bcf-926d-42c7-ab19-be584e26821a,5540.03,Credit Card,insufficient_funds,37824.19,0,0,retry_later
017524f6-5e97-4c69-8f45-3bdf31389e33,16b8267d-5a28-4da9-98b8-30ed3d368fc3,14260.72,Debit Card,gateway_timeout,28194.61,0,0,retry_now
02a2ab37-d0a2-4199-b74d-d77345314d7e,a6041f57-d036-4d14-a23a-5e4bd5af09aa,14845.95,UPI,insufficient_funds,47454.85,1,38,retry_later
baebb20f-8efa-4207-8217-a5c7b2a0689f,93ce37c8-9ad7-42bd-a075-34b3758ef38c,6679.05,UPI,gateway_timeout,35494.13,4,1039,give_up
09d05f02-33ea-4381-883f-5459fdf29305,afb059f4-b8a8-4037-aa11-76dccff1393d,6841.04,Debit Card,incorrect_pin,31980.09,0,0,retry_later
27c19366-a660-48e1-aea6-80bc916e970d,ecd82470-b467-4484-9f1b-0362cd13b32f,12341.58,Credit Card,insufficient_funds,24425.68,0,0,retry_later
32956e06-2d1d-4a8f-8430-c9a37fd68fc2,618ec462-caab-445c-a242-d84a07d6117f,14374.89,UPI,gateway_timeout,5240.2,0,0,retry_now
368d66d1-e54d-4960-957b-76d2fcc9a337,6f089020-6697-45b6-a3fc-522d9e935840,14922.8,Debit Card,insufficient_funds,17379.0,1,1364,retry_later
1eec9cb2-34c4-4cd5-b73d-acece53c20ba,1a23b86e-e869-4b73-a890-bd4e670027c0,8595.92,UPI,gateway_timeout,11864.09,0,0,retry_now
cff54663-0cfa-4eeb-a379-7c996dc3cd7d,14ca1517-e390-405f-956c-cc1533f64dfb,7367.2,Wallet,expired_card,45711.57,0,0,switch_method
175e1b14-aca1-455c-aab2-bf07271938fb,cb0f3a39-77c4-4f55-a478-1882f0b87c82,1915.52,Credit Card,risk_flag,32508.91,4,1235,give_up
48c8fb6d-8ca5-4f9c-8369-cedaa2460fe3,6b303728-29f4-422c-b55e-6ceac90c0cf0,8148.57,Debit Card,insufficient_funds,34034.93,1,286,retry_later
8627cf3d-c289-4aa9-a4d6-d6090aa74720,09f2406b-c264-4873-b09e-b17ac0750d90,13060.31,Credit Card,expired_card,29496.16,0,0,switch_method
17230b41-d974-4b4e-ae15-0d805032b830,7550242e-709f-434c-83c8-04bf8d845a11,3799.91,UPI,gateway_timeout,23680.09,4,497,give_up
d6d1335e-72da-4b60-8041-3a6438787361,71044da8-5d38-4ca3-bda6-90ad95828459,12795.08,UPI,gateway_timeout,7838.47,4,252,give_up
12e18d4f-c123-4e06-b383-874f94db3ddb,78f9bb6b-f61c-4949-801c-725be04fe656,13172.97,UPI,insufficient_funds,885.75,0,0,give_up
16c3630e-f79b-4a10-85e3-516a49e13789,598e7bec-e17c-4b02-9078-8eaf12392eee,9830.08,Debit Card,incorrect_pin,47652.6,4,983,give_up
3051f821-8a2d-45e5-ba4f-1f27bec447c1,e333c876-5c30-4528-ad90-4e8c4984d8a7,11620.66,Debit Card,expired_card,19053.53,0,0,switch_method
e2e01c2f-40c6-4f03-b9c2-2de9af112ee7,c9f0929e-65bd-4333-a44f-46f8830ee401,13200.99,Credit Card,risk_flag,775.0,1,1230,give_up
2f686afe-7a72-41d8-8c87-06ca1e646c9b,00ccaaee-0ce8-4602-bdf8-fb05efc8bda4,6530.49,Wallet,insufficient_funds,23516.19,2,35,retry_later
f7e85305-814c-4c33-918a-6ff56b94e2e4,bef4fd9a-1a91-46bf-af03-b983ffd403e1,13507.08,UPI,gateway_timeout,30443.35,0,0,retry_now
c4c25cf0-a264-46f7-ad24-308d7f9f6886,31a900fa-e012-410d-897b-4b86c67754d0,13963.25,UPI,insufficient_funds,37089.17,2,91,retry_later
763bc704-3e43-4cd1-b924-624522ab96fc,8523be68-ad4f-4f50-9238-36931c63ef23,6190.89,Debit Card,incorrect_pin,7935.14,0,0,retry_later
19ab337d-41b6-42cc-8826-3ca7894d585f,006d7cbc-8f65-41fd-b33d-1b0670402399,7641.53,UPI,gateway_timeout,17151.19,0,0,retry_now
9d01a139-62e7-4fbf-b368-e44032a6b0d8,52b1ebd9-3768-4820-87f6-3d657f692bfc,11821.67,Debit Card,incorrect_pin,31468.13,2,689,switch_method
77d7ddc6-fc18-4421-b1d4-bb6e11076662,96458544-4524-4367-a73c-0a5d69504913,14801.77,Credit Card,expired_card,2301.66,0,0,switch_method
375c28b7-1f2d-4f5e-8094-04ddee1091fd,89b52471-aa4c-40a3-a962-62f0665cb638,4415.81,UPI,insufficient_funds,36927.85,0,0,retry_later
5f910bc0-278d-4215-ba73-d30a0a67a683,2b83af18-8185-4569-af84-c320c08d931f,10875.81,Credit Card,incorrect_pin,16514.35,0,0,retry_later
2a50188b-0768-4742-8c70-cc1545737219,3a40f460-867b-44b5-9153-98ae189532bb,12203.1,Credit Card,insufficient_funds,32036.67,0,0,retry_later
33279e22-14ea-448e-b621-d2b2c881fb32,85067487-679e-4cf0-9f61-b91c8196ba49,313.85,UPI,gateway_timeout,15568.82,0,0,retry_now
c93f778e-4576-41fb-aa1a-6dca759f6694,b5daf713-c6dd-4324-8a1f-a57632941859,12432.88,Debit Card,incorrect_pin,35418.65,2,1314,switch_method
2cd9fca6-1577-4ba7-ae4e-eb0cece84ea8,efdff8a1-a753-499c-9022-964eab3bb56d,3863.7,Credit Card,insufficient_funds,40394.67,0,0,retry_later
f1d3398a-8c0c-4c99-b849-7680ba76e142,f0b821be-6d09-415a-867d-935dd085294e,5262.83,Credit Card,gateway_timeout,33345.95,0,0,retry_now
546be030-b191-44b1-bc96-9275d95396d4,7a667a47-ccca-4c91-b400-a288b0264888,1686.78,Wallet,incorrect_pin,14239.6,0,0,retry_later
009eab72-f083-4c55-b439-51120c232561,84466e0d-a24a-4caa-8f68-129827767c73,7012.18,Credit Card,insufficient_funds,44911.93,0,0,retry_later
6cd88609-7acb-4d39-891e-de5ebc7265c7,ccd9f94e-5334-47cb-a5c4-a3d86a1ca81d,6729.1,UPI,gateway_timeout,1251.82,3,692,give_up
6b6081df-762e-4212-a8ef-357876999ea7,97fc3dea-9540-4571-9338-06018284f709,14151.98,Net Banking,incorrect_pin,48573.85,1,638,retry_later
99284376-d678-4801-b1f6-0e46f229fd8e,3694bceb-3583-4525-bf30-14507da7c6b4,10607.88,UPI,risk_flag,10414.89,0,0,give_up
fae210e6-3927-478a-9f53-50b83cbaa4ac,f8fda2ec-e867-47c7-8f1c-a7b6cf7d6e1d,975.25,UPI,gateway_timeout,8123.96,2,178,retry_later
4e60772d-1c61-46a0-b9c3-8b8f7de402dc,ae0851c4-96ff-431d-be42-dbe427e64237,12732.57,Credit Card,insufficient_funds,31366.86,0,0,retry_later
8b09b01e-d5df-431d-8fad-99102ae12485,72ba507f-e323-4b18-a623-0d3ecc826cb5,6465.8,UPI,incorrect_pin,33838.33,0,0,retry_later
bdda1c3d-2747-4397-ab62-f0590cec5671,b6007cc3-e21a-42cb-a262-65194c63af16,5381.26,UPI,gateway_timeout,8831.17,0,0,retry_now
b7dfd96e-c618-4ccf-b70f-00fa799cc67e,a0dca5c9-b928-4ebd-a033-3f3cd29e6ba0,7079.93,Credit Card,insufficient_funds,497.68,0,0,give_up
b374ad62-7ef5-412f-b351-26478745cbb9,40501946-d067-4647-ae2f-9b35a660259c,11825.19,Credit Card,insufficient_funds,21462.79,0,0,retry_later
6aac614d-02a2-435f-9b93-dbd8394a78a0,6b1f971f-d08d-455e-a8b6-52568acaf144,5127.77,Debit Card,expired_card,48320.97,0,0,switch_method
c442eb0a-afd3-4e25-8c81-4e7058c0a8a9,72d8ca07-605a-44e2-8f72-ca3b8a00a120,5342.85,Wallet,incorrect_pin,17696.38,0,0,retry_later
e3eb2157-d64b-4310-a72c-1ed8a625560a,7157110e-9a40-4509-a062-6e761124ebc8,6954.22,Debit Card,expired_card,30675.73,4,1187,give_up
5f14a19f-ffe6-49c8-8e6f-097e0fedb2a5,bbb16480-7da6-4440-8c8e-30093511fac8,1360.81,UPI,gateway_timeout,24849.98,0,0,retry_now
2240c9c3-ac21-41c8-84f4-fde49cd4395a,1030a00d-349a-4026-ac0f-e832378726c8,11885.32,Net Banking,gateway_timeout,7602.99,0,0,retry_now
e1340a5d-f287-4993-9c86-a8e1caf0640f,fee9aead-4d50-4b2f-b16e-5d0f5df23e81,6100.06,UPI,insufficient_funds,25709.41,0,0,retry_later
04094062-0307-4cfe-9f7c-f668556a52a6,d9e87452-179c-4e32-87a4-b63e4100027c,10975.57,UPI,risk_flag,13967.82,4,1186,give_up
b7035c04-3e1a-4b1f-a7ec-2389cadbe4d3,d762fdaf-5e4b-42f8-a436-3de77464be7d,11723.85,UPI,gateway_timeout,7796.83,0,0,retry_now
7298e557-2c30-4d7d-8189-9b84f9f0802f,a413c094-dcfa-4ec2-9958-a60fcf5295c9,2455.47,Debit Card,expired_card,5953.55,3,1307,give_up
cb173b76-10d1-4405-8e66-65700a48385d,88626620-5a58-47f2-ac84-5c2b39d5ca4e,5319.77,UPI,gateway_timeout,38445.66,1,1338,retry_later
3aff9235-b3b2-4ad3-9057-0708ea6eb65b,e41f4c06-6cb7-4bee-a913-657f5afd5750,13858.28,UPI,gateway_timeout,28630.86,3,156,give_up
07e3f8ad-1e43-406e-9bb9-4cc828a40402,5487209e-c87d-4a58-9cb7-0973316a42cf,5717.95,Debit Card,incorrect_pin,2850.33,0,0,retry_later
a4c7c4d0-5a33-44b2-b5a3-ddb492f4059b,f4c83884-27aa-40d1-8cdb-760a57f83ea7,5971.29,Net Banking,incorrect_pin,16842.97,0,0,retry_later
4428871b-cce1-42ae-9326-b376080bcb54,8d4a3fa7-1f74-44b2-bcff-8034330b38e7,2537.34,Net Banking,gateway_timeout,23146.87,0,0,retry_now
34a3d5b0-9507-4e1e-8cff-91ecabae7ab3,ee080c94-5876-4804-998a-685a6a06e1f5,3172.18,UPI,gateway_timeout,5318.21,3,1032,give_up
21c71a0b-da0b-4dc0-b691-5291ddbfd360,d489c4ed-e49f-4745-b66a-1747b0f03b48,1077.9,Credit Card,incorrect_pin,5734.49,3,546,give_up
02092efc-5d0d-437c-ba74-d761c9b4c155,ba125467-9e2e-43cc-9f49-bb09c70cd7e2,2506.83,Credit Card,incorrect_pin,39099.71,0,0,retry_later
2aa7ead3-d4d2-475c-9587-1285e3dc0f1f,61435b07-d24e-4da0-9f1b-d62be39130b7,7762.17,UPI,gateway_timeout,37746.34,2,161,retry_later
b1ef55a6-4661-40e8-8c40-82411e88e25c,1d61e91f-ce6f-4a6f-bfa0-67034bf06255,6998.2,UPI,incorrect_pin,32823.52,1,1399,retry_later
42ce4287-098c-476b-86b7-68e6b5356c33,4f5d93c5-40e2-4857-acc7-ba433c01ae73,1479.25,Debit Card,insufficient_funds,9087.38,1,707,retry_later
e245f48e-a8d5-4e28-b40f-982fe30e3e2d,d0dcefb1-92a7-43dd-8a57-09271a698d83,6427.74,UPI,gateway_timeout,28695.57,0,0,retry_now
e28dc6f2-5d4c-4ce5-9202-1b2b15f648dc,75d12451-ac14-4a3c-ae22-fad77d952329,5531.06,UPI,gateway_timeout,3383.76,0,0,retry_now
28c0e682-a24d-47d6-8c90-4e2af3864d18,756a695c-3bbb-494a-b578-919fd4a306c9,1158.28,Debit Card,expired_card,46909.16,0,0,switch_method
0b7737c0-49bc-45fb-857f-dd1fd680f8a0,9bd5b099-0615-45a5-9e6e-429bb00e1034,753.97,Wallet,risk_flag,10910.65,0,0,give_up
ca9f2c6b-55fb-4829-922d-0d4e64ab1a00,85bdef56-9b79-4097-a1b9-a2f28c445557,14300.3,Credit Card,incorrect_pin,13092.53,0,0,retry_later
13861b24-4676-40b0-ba76-223d34101343,6aef8296-793a-4b45-a6bd-38a7d29f0a55,10493.96,UPI,gateway_timeout,7444.36,0,0,retry_now
503a9dce-8c17-4738-a8e8-a2def91599fe,deef7786-edf3-498e-a49e-7237e5c56d4f,11275.31,UPI,gateway_timeout,34107.01,0,0,retry_now
58827b36-5f1c-4a68-b0b1-f5789df34f88,a1bbcf71-bae6-46b2-aa41-e25281f0fb70,2041.3,UPI,insufficient_funds,32852.29,0,0,retry_later
21f77cf9-49cc-4edb-8490-1bf6400b5cc9,c527eee4-ec20-43c8-b457-f29a1c20046e,4819.16,Credit Card,insufficient_funds,218.03,0,0,give_up
640b0bc8-3f2e-451c-a16b-a0e90e2688fd,41be54b5-7f1a-4229-9904-787d5b3cb581,10579.17,UPI,gateway_timeout,18376.6,0,0,retry_now
66c12721-3a36-4b3c-bf27-082bec7754c9,167cd664-2bc2-45f0-8d73-c166cfc554f3,2849.95,Debit Card,incorrect_pin,11864.71,3,1375,give_up
18a0e646-dab8-4ed9-9aa0-aa264d735b7e,2b30e413-182a-4d1d-8fe6-de62508a2869,10753.7,Debit Card,incorrect_pin,23595.46,0,0,retry_later
7d17c4af-a3c7-4eaa-a047-5f9305f9bfc4,56fddc65-58c3-40f9-99a7-23937a45f4b3,8681.89,Debit Card,insufficient_funds,46536.97,0,0,retry_later
2f77e248-e12c-4e78-8260-538b925045c6,cfa2deac-287f-4b09-8a81-2c0fc8ea07de,11188.66,UPI,gateway_timeout,41172.68,4,947,give_up
46402c74-7a43-4a20-a2c3-dfd2249788c4,67cca31a-b7a5-45c6-a8da-ab4ae6d00278,13449.72,UPI,gateway_timeout,14778.39,4,280,give_up
9a653d2a-992d-4175-9405-493f17bfd74f,3fed35a9-2028-4d49-97c1-044c23433e95,10367.7,Credit Card,insufficient_funds,47855.33,1,530,retry_later
43523d5b-eada-4ea1-b8ff-6c12093c8d21,69ccb25c-9b68-41b1-9881-e61edc9d6548,10666.03,Net Banking,risk_flag,42152.17,1,315,give_up
5d12b762-41dc-44ed-8e4c-37150629ffec,cdaf1c67-bee7-4d95-a67f-1235d12a3cb5,548.57,Credit Card,insufficient_funds,29630.79,0,0,retry_later
c6e7ea38-a318-4af9-87e1-0742df31d3b3,a16a5ea9-ca1e-4bad-915d-c664da135243,3036.56,Credit Card,expired_card,27616.17,0,0,switch_method
bc52b0c5-480e-41a6-aa88-f6ca98318f5d,120e3ca6-b526-41d8-a25d-094d1f1361b5,13740.85,Debit Card,gateway_timeout,49685.74,4,874,give_up
cf7d4726-aba5-40f9-bc9b-9ebe203d97d1,66c6a73d-8d62-4a85-aae9-d817c13b205f,2224.45,Debit Card,insufficient_funds,46718.73,0,0,retry_later
7e406a41-2613-416d-9246-b472c1415fd8,b6c1411d-d082-4ea4-8965-9db4f1de0ca8,10014.31,Debit Card,expired_card,6563.11,1,450,switch_method
abee3f2d-ae7d-4e2f-a7bc-13d3eace84c4,107b41c9-16c5-4b65-a527-3134ed9e8968,13381.46,Credit Card,incorrect_pin,4113.59,0,0,retry_later
8dd2d56e-54c1-4c42-b921-3dcccfc712f4,562e118c-ac7c-4c91-a112-6f4e28e8210c,3048.05,Debit Card,risk_flag,37559.58,0,0,give_up
c5823834-4439-4089-a073-ddb25f1c7374,d3e91fe7-09d1-456e-8762-da0728af672c,14077.61,Credit Card,incorrect_pin,41539.64,3,706,give_up
48a4e240-cf64-4b23-b6a6-604d06409c56,1a8343bf-007b-4381-a79b-49e976c12c0c,5712.86,Debit Card,insufficient_funds,30373.92,2,684,retry_later
a9ed75c5-c758-4250-9d12-4b780041c346,d51d6a06-7d6e-474e-bee1-68d5473bcca5,13677.5,Credit Card,gateway_timeout,34086.42,0,0,retry_now
d96977a8-dacf-42bb-93df-b49074abe33f,fb494d1c-9464-4238-8e7e-68e34a7c2e69,5592.68,Debit Card,incorrect_pin,11988.99,0,0,retry_later
a2c2b8e3-ffa0-49f1-8cdb-188fd08eaae5,616ab3b6-a502-4852-b8db-7bf130c112b3,5298.56,UPI,risk_flag,6390.29,0,0,give_up
10e29a53-e726-4dd5-b411-cfe73acbca33,9c474fc6-1e28-45da-8c3f-3b765aaa82de,4137.88,Credit Card,incorrect_pin,47542.05,0,0,retry_later
eb3a6866-fe04-40f9-be06-603d98580765,b83cfea7-2122-40a4-8857-d27777c0870a,635.45,UPI,insufficient_funds,6889.28,0,0,retry_later
c846bde6-9a5f-4ba3-b28c-6406cacb3077,07cd7a68-041e-4125-8955-0f915becc7d1,6272.23,UPI,gateway_timeout,15666.39,0,0,retry_now
bec058c9-47f2-471c-8aab-09d60ce140cf,410676be-42bd-48c6-b359-a67af9fccf89,7802.33,UPI,gateway_timeout,2325.92,0,0,retry_now
031a87c6-5ebe-4f9e-b75b-2033d75410c4,3e688b83-e0f3-490d-b388-0598bc6e3411,10865.64,UPI,insufficient_funds,45757.04,0,0,retry_later
8f65ae19-3874-41e6-b1b2-9e9341cb9305,3c53a268-2b9c-438c-8fa3-4902bcbe7a2c,9130.03,Debit Card,expired_card,38162.33,4,1253,give_up
06f58df3-d730-4566-9464-e279b008e2ec,5b86af96-00cd-4242-8c38-380045eab634,12161.19,Credit Card,incorrect_pin,30545.93,0,0,retry_later
fe03b5f3-7be4-4eb0-8e05-e933606167fb,4f08ef98-7751-4836-961c-7c3f43023626,6542.83,Credit Card,expired_card,11882.89,1,327,switch_method
078f936b-11ed-417c-ba58-79842f4246f9,9e937c89-713c-4dab-942c-c29acf4c37c8,13439.68,Debit Card,expired_card,11384.94,2,1197,switch_method
f7474576-014e-4adb-b1f9-3a8a9e65074d,e4cfb5e7-ab8f-4d40-a1c0-01fa6050d740,5610.53,UPI,gateway_timeout,2648.32,0,0,retry_now
65f07a2e-0f27-4fc6-8f6f-d6894702ceb9,e023f3bc-d48a-4602-a1d0-bebd3dbd16b2,11008.7,Debit Card,gateway_timeout,33005.97,1,1046,retry_later
f5a1d6e8-0cc3-4ee2-a44c-b3470bd2a16a,a100d071-aba3-4e08-9221-fa11dcec619f,786.5,UPI,insufficient_funds,5272.43,3,194,give_up
7f64d79d-73d8-4404-9d1f-80c8147d62a8,19bf3d58-fbec-4995-b917-e47e76e65f1d,12179.04,UPI,gateway_timeout,36587.0,1,708,retry_later
f179d49f-35f2-4300-9845-584dc102b12c,67eeb233-e5b6-4bff-9e0b-46d0a4a785c3,5673.21,Credit Card,incorrect_pin,48331.13,4,290,give_up
50a6464b-fe22-474a-be90-8e8ddd54f2f7,d6ad446b-bc3a-4728-bc25-35557bb7327b,1244.37,UPI,gateway_timeout,8936.01,3,1237,give_up
4789373c-bc48-43ca-89b6-9c461492b580,1365b12c-ae05-47cc-a7af-942aadb13be4,1164.71,Credit Card,expired_card,36597.1,1,273,switch_method
3c3cc7de-8796-4799-b267-0eb104c259e9,599179c9-a3bd-4a5a-bd8b-9ebfec400548,4298.46,Net Banking,incorrect_pin,10424.31,0,0,retry_later
211abad2-8dcc-4222-817f-b8e1b647ba10,bf22b4d1-7458-4a97-823a-f6ea9b584051,13709.69,UPI,insufficient_funds,8213.83,1,478,retry_later
f46843da-8b7f-432d-aea9-115c868d1b22,9f290f2b-5721-4c17-aef2-6954f8f9eb01,7048.96,Credit Card,insufficient_funds,48682.42,1,1052,retry_later
caca4d31-7556-45c8-b852-e3a6af0f5435,8ea69069-7b7c-4905-b036-7d933bb035ce,13360.7,Debit Card,expired_card,22456.53,1,898,switch_method
16b40a85-8cec-40ec-b818-488549309834,4d2af001-d3cd-4768-ae17-e542f734de04,12286.26,Wallet,risk_flag,9625.85,0,0,give_up
3f3705cb-84bc-4b31-b728-4165aabd4f97,6e3b1857-3df4-4457-877e-6e552b5bc80e,7796.52,UPI,insufficient_funds,10727.71,0,0,retry_later
4b0a521f-f411-470b-95ce-14ae103460e4,4e0dbbe0-8706-482e-ba30-9fe3bb10cfb9,303.86,Credit Card,expired_card,8347.7,0,0,switch_method
cb8bf7c8-1a12-4cf1-9b11-d4ea6190c346,85935d34-a4d8-4ec6-972c-c1c2ea6d27e5,8702.64,UPI,insufficient_funds,7284.65,0,0,retry_later
a8215baa-34b6-46ce-aa29-82264d908838,819cb2eb-5ce3-4742-8e9e-6f18bb315876,10205.86,UPI,insufficient_funds,10467.41,0,0,retry_later
778870a6-ec03-4313-9a1f-5a9c0756e64c,4d7920f0-9bc8-4fea-8061-b4ea23185891,11938.73,UPI,insufficient_funds,11218.92,0,0,retry_later
9cb5813a-ef4a-40e1-a0b6-ae5110071d56,b85dafe5-db9e-43ad-b402-842f01d28815,10754.03,Wallet,expired_card,5235.26,0,0,switch_method
af9a58de-f550-48a7-a0e8-c1b3dbfa79f6,9cf30e00-71d9-42cc-bef0-66c2011b3456,8894.24,UPI,insufficient_funds,15745.48,0,0,retry_later
c1a78a7c-db48-4103-9326-4dd8531d841c,d97f4223-e210-4e16-9f4a-a7f681f94aa2,9898.97,UPI,insufficient_funds,14525.16,0,0,retry_later
211187e0-8714-4b65-8667-28c722cb0b2a,b8f130c5-72d4-459a-8f25-c92c132ecbb2,2591.11,UPI,gateway_timeout,10580.77,0,0,retry_now
5a49420b-7191-4ed1-b6f6-6fbdd3c4e412,b302e951-3960-4015-b829-53b3aaa92175,1492.37,UPI,gateway_timeout,41552.67,0,0,retry_now
7d567bb8-5055-457f-b664-eb800e9add80,5873ca41-7d65-4e7b-ba9e-5337a1118010,6132.2,UPI,gateway_timeout,15287.94,1,1056,retry_later
34b308c7-3294-41e8-818d-0d7c4d51e233,9357ed7b-0852-4024-9750-fcc3a6d39194,8423.19,Credit Card,insufficient_funds,11760.25,0,0,retry_later
fa4f24b4-08be-47ce-ab9f-9129e26323d1,12782310-af43-4504-b07c-e6e339e37744,2594.17,UPI,risk_flag,7778.27,2,245,give_up
0e86b9ec-55ff-4cae-9873-052c180c1c9b,b7a851e7-a84f-49cf-aef2-a11555933899,3673.04,UPI,insufficient_funds,34579.86,0,0,retry_later
25aaf57a-bbe9-4bd2-93af-dc9f201d1b49,263a9e50-d059-4c9d-9d8a-694dc0120fc0,862.06,Debit Card,risk_flag,25551.45,0,0,give_up
9d77ca9c-06d3-4596-84d1-824a5080191c,52ab41d9-813b-4434-8531-c5b43bd66f27,8661.19,UPI,insufficient_funds,41041.59,0,0,retry_later
a9027534-eff1-4571-9711-2d1623e1c6f8,0eb56e26-6ad3-4693-a80f-726ab00e9569,5147.58,UPI,insufficient_funds,6639.84,0,0,retry_later
f12768b0-2368-4f7a-8f4c-784fca5e7904,a0c37908-862c-45ba-9e0a-3636bdad43ee,221.08,Credit Card,risk_flag,33430.38,0,0,give_up
f702631c-4f6a-4824-a932-ad1540fe7f3d,c3073e91-8c52-47c0-917c-841016d3e33a,5295.72,Credit Card,incorrect_pin,26583.12,2,969,switch_method
8bf2c7de-ebab-4890-9504-aa8e677c5001,0fff81d9-2c80-4d95-9844-407afd5dac0b,7193.84,Credit Card,incorrect_pin,36367.68,0,0,retry_later
3d2daf7b-d8de-4540-a126-8ea96068de69,e5065bc6-1c23-4c59-bf8d-b3783906bfa2,3209.61,UPI,gateway_timeout,23401.73,2,1147,retry_later
71c325c7-9611-47a3-8e50-bae25da8acab,c94fccaa-2d00-48b4-abba-698cd44af917,4847.82,Debit Card,gateway_timeout,37930.77,1,540,retry_later
e3f40a3b-9188-4a60-bfce-6c8f9190ae2b,c4e064b6-f6ab-4d46-99fc-8e40c7270538,3861.96,UPI,gateway_timeout,11951.8,1,837,retry_later
06306ae7-3da7-4b0a-834f-364c3919a641,6b03d8ec-7dd2-43e0-939e-34abf7042da9,5534.12,UPI,insufficient_funds,32892.36,0,0,retry_later
101a71e2-aedc-4e9a-8a5a-286db53ae9f5,9e313d8a-845d-41b5-9545-40574bed4063,4476.26,Credit Card,expired_card,49984.74,0,0,switch_method
fa1d8a1c-d3c8-4695-8a99-278212ce754f,89c2e88c-507f-44f0-9845-d55d6c106453,9198.66,Wallet,gateway_timeout,27200.61,0,0,retry_now
bf79289e-78b0-41bd-99ea-776700ff0251,419f0ef7-3d40-45b6-8d1b-0a76cb9e3d95,12817.9,Credit Card,expired_card,25257.9,1,300,switch_method
71b500ee-476f-4eae-a8cd-d9fe80ac4527,68ef0deb-1292-48aa-b6d3-f90434c4a8de,13335.39,Debit Card,risk_flag,13382.41,0,0,give_up
d8432cd4-7213-49ee-82f4-1e55774d6543,e5ca6019-65cb-402b-9759-227184187831,2177.98,Debit Card,risk_flag,31387.85,0,0,give_up
5f878a98-dba3-45e0-a893-273a8069e0e0,bf0c06dc-7695-47c0-a4af-1e3524e42121,9457.28,Credit Card,insufficient_funds,608.42,0,0,give_up
b8289d8e-6098-4f78-8eb3-d153d11ff770,cceac9de-9a84-4a90-a078-f4122ea7a09c,14126.01,UPI,insufficient_funds,8447.2,0,0,retry_later
6745a502-675c-4c60-aaf5-8589d8144964,3c200e60-169e-4d04-ba8e-bdb306990381,10655.47,UPI,gateway_timeout,32387.79,2,937,retry_later
46eaeeb0-72cd-481d-acce-7728aef96847,f7ae17c4-af29-45df-bd99-2a49995cc27c,3295.81,UPI,gateway_timeout,46565.28,0,0,retry_now
b5b0bd0a-e0b2-4406-be99-0a0079b75c9a,a563264d-e98b-4f3d-bfd9-bdf360080ed2,1501.09,Debit Card,incorrect_pin,25849.93,0,0,retry_later
d06b8478-fcdb-4fa7-9b16-e0abbc80c7cc,e0415146-d1d5-45f9-970d-95984783eed9,11645.61,Credit Card,incorrect_pin,10234.64,0,0,retry_later
3d9be25b-f10c-4c41-ad51-e2f80390b562,41c9bf2f-615e-4f5a-81a8-4e283bd14719,8053.29,UPI,gateway_timeout,46076.34,0,0,retry_now
e1d8609a-a50d-468f-acb0-080cecc133a4,ab3a53ba-cfff-463d-aa23-2870699910ab,4643.92,Credit Card,insufficient_funds,12961.41,0,0,retry_later
c993fd9a-14a7-4e8d-b548-a964b27f20a2,fa3097a3-190e-484f-926f-84a362b17fb4,2461.85,Credit Card,incorrect_pin,32705.87,0,0,retry_later
c3418719-429f-43b5-a9af-ce9894bbb9c2,45f0fa9a-c73e-45d8-a721-47c4ca37c63c,4615.56,UPI,incorrect_pin,32454.76,0,0,retry_later
2ee80e21-41e4-4f56-a1cc-1fd0e1478aa7,a61b0b46-6756-417e-b3fb-b6099d4aea26,1263.58,UPI,insufficient_funds,29621.97,2,891,retry_later
6e9d120d-b2ed-47f3-a175-093e3c1ea29c,48d5f62c-961d-4273-be45-9b658e689d59,10635.77,Debit Card,risk_flag,41550.34,0,0,give_up
b85866be-04e1-4eaf-ad2b-1984eba22e5e,c11e4499-88eb-4b0a-84fa-1a992ef4b228,13274.03,Wallet,insufficient_funds,30804.41,1,1163,retry_later
89b926e3-a41f-494a-8f61-0baee8382bc0,4e26e471-ad06-46c7-8c26-fab652899536,5630.47,UPI,gateway_timeout,18705.29,0,0,retry_now
50c5da88-5c7b-47f3-9505-5e9fc3def659,cb91c263-a9ec-46ee-b055-978f70593e54,11486.54,UPI,risk_flag,62.17,1,1137,give_up
c23c8d50-7a4e-400c-845e-3903d8fcf0a7,4889b6f5-923c-4046-901a-880a51dce43f,12645.14,UPI,gateway_timeout,23237.02,0,0,retry_now
0033d7f3-3f36-4b44-b37b-8320507e3f02,d95e7d8b-ce4c-48c3-aa3c-b4f08876add9,13733.91,UPI,gateway_timeout,33686.75,0,0,retry_now
cdbbc759-a6a5-423c-a5c2-ed2770c932cd,d2d83b5e-0960-4f3f-a32e-25b91bb4a214,13448.66,UPI,risk_flag,15840.26,0,0,give_up
75374675-8711-47fb-8967-5067dcafea2c,f7e6b8f4-fec7-4b95-a05f-e6b645a2620f,11275.68,UPI,insufficient_funds,39837.54,0,0,retry_later
ef2c5c75-bd31-4b2c-ab9f-d4b02e802823,9c48641b-785e-4e57-93a5-c1ccf438b527,4943.18,UPI,risk_flag,47455.6,1,987,give_up
5cc94325-01a3-4c3d-9731-75bd0c46bbda,b1843d9e-a6fd-4a0c-ada8-e1df71010707,4741.05,Debit Card,gateway_timeout,13249.64,4,3,give_up
f7b3c9a3-1b6e-4b4b-82db-0c711ce1bbd7,b5600ad7-eb1a-4f61-94f0-56e40707e5fa,9014.7,UPI,insufficient_funds,46483.26,1,1416,retry_later
007f3393-5771-4120-b23e-48bda3238f15,267dbfd6-af52-45a8-8a6e-15eecbc8fb01,3936.03,Credit Card,risk_flag,28309.55,0,0,give_up
ef388414-628e-472e-b898-dad23cdad6b6,d7298f76-4de0-4b56-bfa7-303252a1a271,13229.55,Credit Card,incorrect_pin,49534.78,0,0,retry_later
1a2f2f74-de8e-4c31-8912-4c2e58d48fe6,abb39ef0-88a1-4f0f-b392-461f7b6885e8,4593.0,Debit Card,incorrect_pin,9244.87,0,0,retry_later
41e5e13a-f6f0-4761-a9b7-c53c5e0dea77,de8c21d4-bd7e-4e27-b525-228253a348e7,7630.12,Debit Card,incorrect_pin,7395.56,2,790,switch_method
d9686726-e2da-47c7-8e5a-bc232beb3493,cdec491c-a380-4373-ada2-5857ecff3253,9996.86,UPI,gateway_timeout,19966.54,0,0,retry_now
b7ba6b09-c972-4ec8-b328-1cbc5759db6d,7bf60344-d67b-4a34-b147-a105f0bf43fb,12896.96,Wallet,incorrect_pin,37209.98,2,528,switch_method
9c4022b5-a78e-44af-9635-658b091753c2,e32733d5-01c8-4426-8176-e81611790e7f,3565.4,Credit Card,risk_flag,33572.54,0,0,give_up
69e2a0d7-484f-483f-a03f-fabfd581da4c,0530e707-7c74-49e2-bac0-173a52b68ad8,6400.76,Credit Card,expired_card,40274.08,0,0,switch_method
3931f686-e28b-4ec6-aa21-8be5ddc0815b,9e88686a-6584-44f8-bb11-c2a055aebaae,5150.11,Wallet,risk_flag,11629.68,0,0,give_up
4de2589c-6ea9-45da-9d58-8c27111102e9,8c4f198c-5f0e-4cbd-819b-fccf03ebb7ff,4708.02,UPI,gateway_timeout,47774.04,0,0,retry_now
14358b7e-1f85-413a-9e02-d558622e3ebc,d8a505aa-3080-4fd0-8d6b-fc4773252fc7,10090.95,Net Banking,risk_flag,25949.77,0,0,give_up
ea3184d2-b0a0-447e-bbbd-8b6aa624ff45,42ed788a-e1b1-4a97-b40b-510b69b2e278,10692.19,UPI,gateway_timeout,16550.22,0,0,retry_now
4555080f-2fee-40e6-a551-d2eb1026db3a,b582e26d-43b8-45d8-a425-dd52060a3f55,10969.66,Credit Card,insufficient_funds,14645.28,2,822,retry_later
d123e266-ef4d-442f-8044-20af37d630a3,d7823369-c2a4-4dff-b96a-ce2b768b39ee,4085.54,Wallet,gateway_timeout,35367.25,0,0,retry_now
6708dd55-acfc-4b7e-98a8-7e171f250edf,c0eeb863-656d-4ff5-8782-dc7c4fcc94d4,12782.53,Net Banking,risk_flag,44098.12,0,0,give_up
b9df3f10-1ba4-4d43-b8c1-81c7d92988b8,3b90b5f0-7d72-4f7c-b17e-6ec1d1429895,1676.43,Credit Card,incorrect_pin,49708.69,0,0,retry_later
8bcfcc80-a315-42fd-a4b0-ca8c26e9f2a0,ca0c3785-9ab6-4b90-ada1-39693530dfc3,9661.27,Credit Card,incorrect_pin,39010.17,3,374,give_up
30f0281e-395d-40bd-b442-90b1ff887f51,778c4df5-7139-42ed-a7a7-191d776c1bd9,5413.7,Debit Card,incorrect_pin,41809.65,2,620,switch_method
dd3b0b5f-7114-4d44-ae77-4f896655eec1,402a020b-2a3b-4705-9c50-cbf3c970c475,2062.37,Credit Card,incorrect_pin,16484.74,0,0,retry_later
a09683f8-540c-4fe0-b032-bdfd87ac4546,fb26f780-ebc7-4346-ad78-3542e7959638,6894.97,Debit Card,insufficient_funds,34612.77,1,94,retry_later
cf6751cc-a083-4732-af15-2b4b29ce8105,9c795ea6-c12a-4aa6-8345-d050ac3528b4,9627.13,Debit Card,incorrect_pin,14773.52,2,547,switch_method
7d8257cb-31e6-43a3-91e4-c3a1745f669f,675f35cd-23c5-4a26-9c39-8e0fd7903ca2,11224.33,Debit Card,insufficient_funds,33425.66,1,356,retry_later
00df7bc3-1356-4eeb-b46a-33b12426d88a,7f6b06cd-562e-4616-8fa5-4cf8f9dbae3c,11071.48,UPI,gateway_timeout,39683.25,0,0,retry_now
96dd3da6-2bc4-4413-801e-f8bdc7cc4160,3d03b901-9c86-46f8-8c4a-e902986fb5d2,4192.51,Net Banking,insufficient_funds,39092.68,0,0,retry_later
7b008983-2600-4de1-8cd8-8a6656d972da,8a5df0ba-a4b7-41b6-b920-62796954e338,5816.6,UPI,gateway_timeout,35173.16,0,0,retry_now
2cc6953b-b3a2-40b9-8c1f-f6acbbad4296,b0a01241-d98a-434b-93ca-96a3da0d68d3,8813.92,Credit Card,incorrect_pin,19780.02,0,0,retry_later
be2b9dff-af33-4f59-814a-c0277a49ac4f,c937f5da-7973-4c50-b9c6-070a1002add5,3842.1,Credit Card,expired_card,13840.34,1,308,switch_method
3bf6d35c-be58-4a9f-8dac-9ff3761c8ab5,160e55ec-a91b-4d2c-96e9-446be1c10361,4603.06,Debit Card,insufficient_funds,27157.66,3,1020,give_up
8eae8a5c-6bf7-4a4b-8c30-a1aca8c49c69,01809b6e-cc65-47c9-af6e-12163a603b24,12562.44,UPI,gateway_timeout,8098.76,0,0,retry_now
3eeb243f-9537-4ea8-9891-4ac56f6f1519,2a157595-def9-42b1-8470-4d7d31b09e15,12730.65,Debit Card,insufficient_funds,5021.48,0,0,retry_later
115f7fa3-f1e0-4f87-922e-b056d1293909,1304e4db-824f-44ad-b602-b5079a1444cc,11212.06,UPI,gateway_timeout,15501.3,0,0,retry_now
d1f036dd-e62d-4263-bdb5-4fd917066a76,2c49bf7e-f4c6-4a9d-bb0f-3a9a3ff07db2,438.55,Debit Card,incorrect_pin,25583.16,1,1069,retry_later
67c55485-2a8b-4e28-a5c8-e311c63bc67d,d142fb8f-205a-4771-b453-83b42bd2cbe4,3703.11,Credit Card,gateway_timeout,24510.07,2,1026,retry_later
117bc7c6-82a0-4de7-a5bb-f2c2a37908d3,b2dffe94-08d4-4a4e-8b31-ffe43e6cbeb0,10665.3,UPI,incorrect_pin,10320.44,2,1282,switch_method
33887673-e2c9-436e-ac7b-6768e233f9e6,9697be0c-2161-4676-bfcf-4dd4ffc76205,11389.85,Debit Card,expired_card,41958.64,1,974,switch_method
7bb4e8ea-ddb6-4e09-8588-71d8daf4e239,f07f62bd-8cb9-43df-8df7-cdefc829587b,549.39,UPI,gateway_timeout,26237.7,2,10,retry_later
9682b4f7-3eec-4d7f-be7b-f5ebb0425e08,b4ba6f22-c7f2-4b99-9a1b-52d657e4e5de,11655.17,Credit Card,gateway_timeout,8181.86,0,0,retry_now
aff2c188-1d10-4910-ab4a-d008fe020b5d,42899797-b04b-4c0c-a0d4-8bb7f48fc407,4192.85,Debit Card,expired_card,33036.77,0,0,switch_method
b7a34cff-e184-485b-a753-f57c8dce7c8d,f1ad7cf9-35c3-4389-a610-5445edabd398,12834.69,Debit Card,insufficient_funds,21986.43,1,684,retry_later
7ac4e3b9-670e-4c2f-aa6f-95fbb45dc52e,8b421a1a-d2b2-40fb-a4b7-9eac8de0870c,1706.25,UPI,gateway_timeout,4577.59,1,1235,retry_later
868d200e-ba58-415f-8d0e-afe58bbd3d34,29749ebe-8cf1-4354-b0bd-1f04dbb3ea16,441.27,UPI,gateway_timeout,46112.49,1,994,retry_later
7eb813c0-32b9-4189-a4ef-6db3bd613925,0a042841-52de-490e-a7c4-f198c0bfc428,12930.03,Credit Card,incorrect_pin,19890.78,0,0,retry_later
fefe2b40-5644-41b9-ad69-e06405b5cfd6,33410c1b-655d-4dd5-90fb-75126da39eb8,12706.51,UPI,gateway_timeout,17988.17,1,981,retry_later
1c98ceb2-3281-460c-86e8-fcb1bb1a8878,e964f669-e942-4265-81d0-f88be006e554,3985.16,Debit Card,incorrect_pin,38477.18,0,0,retry_later
75b77f10-dded-4396-b8c2-5ee4f999e969,4f51ea59-d398-436d-853b-c0028c52edca,851.49,Debit Card,insufficient_funds,4577.79,2,20,retry_later
ddcabf41-6810-4e62-9d56-6e2b62209aaf,942ecc95-ea43-4049-b0f6-647ec53daec1,256.38,Debit Card,insufficient_funds,26774.99,1,969,retry_later
d9a5b733-5708-4443-a879-bf07b6f0ffe7,b6b44eb8-a9a0-4a6f-a68c-eb599678681a,11233.21,UPI,gateway_timeout,38994.18,0,0,retry_now
69e129f3-bd3a-4704-9c60-42ad4c4a2843,c3808a33-7ab0-4a9d-9043-f9345da477b1,11262.25,Credit Card,expired_card,8090.52,0,0,switch_method
f8945e10-ac65-42dd-89b9-31f12c9b2b91,6ca7fb00-e4de-4a1c-9285-855908f3c038,6679.62,UPI,insufficient_funds,31146.85,3,611,give_up
31e54a5a-bd03-4a26-a5c4-023a2cecc650,683b901f-595f-4c67-b0b0-10eb84d7dfad,5825.15,Debit Card,incorrect_pin,45820.65,0,0,retry_later
650fbccb-6099-49e3-9ffa-2e63373c4781,6db6393e-409e-406c-b9ca-8a92d40cad3c,392.45,Credit Card,gateway_timeout,49751.56,1,82,retry_later
cd13ddbc-8cfe-40a5-ab23-1cfcc9caefcf,b9987198-05e8-429d-855f-7044a08fb8b2,1828.95,Net Banking,risk_flag,23275.74,1,299,give_up
4b5a23b9-bfec-4e65-b845-2f43d680bf76,e1bb0ea2-7af1-451f-8ffb-26386ba1e145,3269.08,Credit Card,insufficient_funds,38590.91,0,0,retry_later
468f1a09-ec9b-41d4-b137-3bc9bad6512f,e84abbb4-f2c0-49cb-b415-8a84436af2f0,273.86,UPI,gateway_timeout,32983.3,0,0,retry_now
770dd495-1361-4416-83ea-41877cfdf666,6c38c848-4e85-4613-a431-9cf81b3695cd,11817.75,UPI,gateway_timeout,44208.53,0,0,retry_now
6766b51d-4420-48a2-8c71-b03f5cabfe63,4b8394d8-3113-4d68-b9f8-777fd98775dc,8926.51,Credit Card,gateway_timeout,42181.9,1,67,retry_later
8e966563-c7a5-470a-b912-17f6a8d9e15a,d02dfe25-de76-4277-a4f0-bfae814dddae,11694.53,Net Banking,risk_flag,10339.82,1,1382,give_up
0f6f2086-b81b-4444-878d-d3ede094c40c,887c107d-c5ae-48c7-8ae6-c672b92e1482,6691.43,UPI,gateway_timeout,6186.4,0,0,retry_now
7c8c80be-2674-42d5-94b6-f368bcf5b57c,921d8897-38d0-480a-b0c9-263348fd506c,5845.06,Debit Card,expired_card,7584.52,0,0,switch_method
d3779132-51cb-4451-b2c9-5225d363cea9,496fe317-e0ec-4bb5-83a9-aa38e3540521,7058.48,Debit Card,insufficient_funds,4440.37,0,0,retry_later
81d8a43d-0fe9-4d1f-8be2-db1dbbfbb24b,85272e1b-9169-46d0-b6ae-5ce428bb6e8d,4151.22,UPI,insufficient_funds,12762.8,0,0,retry_later
aeac39b4-1cc5-4d3c-8abb-e78bec23848e,ea78082a-0491-4d74-aa8d-78d18d6cf711,13082.23,Credit Card,insufficient_funds,9435.31,0,0,retry_later
6dbcff6f-52c1-4d3c-a2fd-3e2c9610d035,97cd0949-356d-46ee-bf77-c91b1f440953,579.04,Credit Card,expired_card,10661.02,0,0,switch_method
5c47a0fd-e5c5-46ef-8271-ada128b433b8,092587c0-b136-4bd9-bfe2-4e2e0c2f0a66,6376.03,Credit Card,incorrect_pin,44104.65,2,611,switch_method
890347d9-4dc3-4f23-9df8-859bb526c29f,b9a5eff9-92be-4b85-87da-2edd893472e6,14309.05,UPI,insufficient_funds,5307.23,0,0,retry_later
68224515-b0c9-4a86-859a-650f172ad919,d72c0c44-62ac-43a1-9fde-0df51bfdbec1,9274.38,UPI,gateway_timeout,33866.08,2,520,retry_later
01c7f3b0-3f8f-4ce5-a850-67bb23b317bb,052c841c-95e5-48df-a533-36301a4831e7,4700.5,UPI,gateway_timeout,25966.41,0,0,retry_now
fccf6a2e-1d48-4c1c-92d6-a8f2cb0828e7,a647d800-55ae-4338-ac20-891604ea4d16,3887.54,Debit Card,expired_card,33456.03,0,0,switch_method
d6a2ea7b-d495-496e-b788-dd1a3ac3102c,d10e63b9-b69e-4795-b059-da63af98b360,11596.3,Debit Card,insufficient_funds,12250.43,0,0,retry_later
0bbb0a7f-6cfb-419f-a435-a9b10525ca9a,62baa898-f68c-430a-8424-07518ce7519a,11434.19,UPI,insufficient_funds,458.75,0,0,give_up
ae17b6cf-245b-4389-a6ed-5d29637ed885,8f6fb008-2630-4306-9234-1ff9857400c2,10971.46,Credit Card,risk_flag,13569.53,0,0,give_up
d6a8f1c7-cb48-4db7-8009-eaa12ea6f84e,2a95c476-3ee8-4a04-8376-61fa41039361,510.38,Credit Card,insufficient_funds,39687.88,0,0,retry_later
4218ef2c-28ea-4789-be06-d947c30eebe0,623940a8-99bd-4a1a-bd05-83b1e4f83087,510.46,Debit Card,insufficient_funds,26911.01,3,701,give_up
53a5aadf-256e-40ae-b86e-a863e8b5c310,77bb13df-44c3-4c7d-9417-e0b7b9f4bb9e,3540.36,UPI,insufficient_funds,9325.03,1,599,retry_later
2976b5c9-f3da-4c09-9d11-ea73223f26b7,7ec34a08-ac3a-4362-a8af-ab2f431a0052,2858.67,UPI,insufficient_funds,20137.63,0,0,retry_later
4c3d6860-f2bd-4f6e-84fa-ac3811eef6a5,e0046149-6e16-4766-b485-7d15cd03aed3,9171.34,Debit Card,incorrect_pin,8083.87,0,0,retry_later
8b5665a3-1a3e-4de4-ad06-420a1d50dbb8,781dd50d-3d81-4f69-b660-342d07d2bec2,13582.04,Credit Card,incorrect_pin,29766.92,0,0,retry_later
dded2ac3-20fb-49be-a651-b876ad296d04,79c1e868-36c4-4b6a-bc06-cead956ed343,3813.69,UPI,gateway_timeout,8844.15,1,1205,retry_later
e8abda71-46aa-414a-877f-0c7ceaf658ff,f3e8bc6d-a251-464a-b927-002797ece969,13076.92,Net Banking,gateway_timeout,3207.89,0,0,retry_now
0a7efca0-34c7-4083-9a43-6a15eadfbb7f,25191899-43cb-4d5e-a3f3-b2c1e1c5f82a,6482.41,Credit Card,incorrect_pin,33491.76,0,0,retry_later
4ca9bb3b-72d7-4838-9a4a-8ece406d007a,9f30437d-4adb-4292-91fd-996e9f8341e0,11736.22,Debit Card,expired_card,24566.78,1,892,switch_method
b83d6cf0-d9f4-4f40-b5c0-973238476960,abed960f-aa3f-4bcb-a221-9323ddbc437f,11703.11,Credit Card,insufficient_funds,41032.41,0,0,retry_later
cf03d555-d1a3-489c-9b03-5078884285b9,1c140913-842e-45e1-b5a3-cf4ce36aa327,14998.07,Credit Card,insufficient_funds,28185.11,0,0,retry_later
3b05ea64-3192-484f-b217-7fcc8a5fa376,c1a5bcd6-a2ba-4657-b90a-3fbbcf08bcfe,12196.17,Credit Card,incorrect_pin,17724.48,0,0,retry_later
016761d5-4a66-415b-817b-9e30f3d9bccb,4ff8c371-42e4-40c2-b197-3e8b8d150c0d,10241.85,Credit Card,risk_flag,3400.01,0,0,give_up
fa83ca2b-8b12-48f1-881e-58f02ee62ba3,6fb4d953-e90c-4132-b82d-9bde6c8ca8ff,7418.6,UPI,gateway_timeout,36974.18,0,0,retry_now
b4bfd6d2-92d2-4f3c-beab-43c486e31e54,d144a724-b022-433b-9b7b-9ed324be4a05,7498.44,UPI,gateway_timeout,46091.73,0,0,retry_now
5e1db4bf-73a5-445c-9459-8b2a342c571f,555c61fc-30a9-449c-bc68-677af18e3eef,13562.18,Debit Card,insufficient_funds,36047.77,1,243,retry_later
d5d8c86b-bf0f-4909-b443-67c94699d683,3c9564db-5ad9-4760-bb32-2c62c6c05f99,6164.95,Net Banking,incorrect_pin,4758.2,1,1307,retry_later
df3c8106-85d0-429a-8923-998d10131cee,3301610a-0c8b-4cb2-9482-3bcb98779776,9669.24,Credit Card,risk_flag,31989.33,0,0,give_up
962b5a94-b474-4ec9-8462-70906d5baa1a,a35b62c2-6e97-4652-8627-5744c1c69703,8779.06,UPI,gateway_timeout,9410.47,0,0,retry_now
5fbc8ee4-22a6-4ecf-a680-587e9e33daae,46227167-2ad9-40a5-998b-1dc9ddab7a03,751.68,Credit Card,incorrect_pin,25862.59,0,0,retry_later
28218e6b-4a7f-4e54-8b8f-26c93d2b560e,f63b6aa2-04a0-4930-a1c5-68e5c45f55f0,11494.93,Debit Card,gateway_timeout,35082.82,2,1277,retry_later
48a545c4-875b-4909-81c9-e24d03374cf6,85333952-0b20-4678-ae5f-0b7bec9ab930,8050.22,Credit Card,insufficient_funds,10594.33,0,0,retry_later
1667077a-9a5e-496b-b9ce-4fb454078bc7,41cef223-e9ae-4370-80f7-2d911650050f,10566.91,Credit Card,incorrect_pin,34258.06,0,0,retry_later
bb67344c-1976-48cd-8345-8106dc7becb3,5139fda8-523c-40ab-a1b7-10fa3636bbb7,4167.33,UPI,incorrect_pin,35651.96,1,1425,retry_later
00ed5c6c-a3a8-46d6-a349-b91d16d3b23d,c53baf21-600a-4dd1-b831-84491e4dca7c,3712.06,UPI,gateway_timeout,16056.95,0,0,retry_now
5117d42b-7a8d-42ef-aee3-67fcd38cd66f,1c77f84d-41da-46d2-ab44-8fe424336800,1877.93,Credit Card,incorrect_pin,48272.2,0,0,retry_later
6a20f754-787f-4c0a-b2c4-f81220d50cc7,b772c172-b963-4a91-bbef-d3d5ed5889da,12157.67,Credit Card,insufficient_funds,46133.87,0,0,retry_later
77f36329-4c7c-4509-9bc1-f6650e03438c,4616ad2a-8f3e-46c8-8b76-9d935093ec6f,12711.66,Credit Card,expired_card,32361.89,2,333,switch_method
d9856c3f-597f-45dd-8ea5-b3930f08fb6b,4426cfed-0288-4211-bc48-f09b8e386684,11403.11,UPI,gateway_timeout,3974.59,0,0,retry_now
33536ca2-c7f1-41e9-badd-d67742c5d3ec,600c608e-d0a2-4f49-bc74-9f15171e2255,2151.89,Credit Card,expired_card,6768.12,1,36,switch_method
801296a3-35ff-4ec7-bef2-9c70b2780d22,b57046cc-ebd2-47ea-b785-cb5827a6c7cf,14785.06,UPI,gateway_timeout,14057.58,1,663,retry_later
78ec7dc6-143e-41b6-be2b-ab60c6a6ceb0,e8206aa6-61e8-46a3-b99b-e6cb998a6312,1573.12,UPI,gateway_timeout,6070.79,0,0,retry_now
3928c0e9-19cc-4966-ada9-c4704b0b8e55,c1188d09-dbd6-4aca-a041-462ef16277d7,10160.4,Debit Card,incorrect_pin,17291.31,3,1148,give_up
ceaeb690-2e30-4de5-8f16-ea9e9746a356,aa5ea692-fc4c-44d7-8a9e-b2708813d0d3,14174.66,Credit Card,incorrect_pin,33151.44,0,0,retry_later
f935046c-1275-412a-8df2-a5827854d35d,7c4b8cf5-b3af-4500-858c-285117b98080,756.69,Credit Card,expired_card,23647.09,1,164,switch_method
6b2eb4bb-bf2b-41f0-8053-62618817fde9,3d67d8d1-f056-4c05-a1ac-e151cb7b11ea,4961.61,Credit Card,risk_flag,35409.8,0,0,give_up
5310c7d1-abf2-436b-b2cc-12ac95e7adfb,b4f2f342-4978-49f4-ae25-fc29312ca707,3036.42,UPI,gateway_timeout,6850.55,0,0,retry_now
1ac00640-e145-4317-9d41-05c41417e79b,56315166-1f67-4b5f-80c7-f16c5671e38d,75.56,Credit Card,incorrect_pin,7427.26,0,0,retry_later
e3be32ec-1408-4e52-a898-c7c4770c1719,59e363a5-771b-49a9-8ab3-2416de7dc488,8509.15,Wallet,gateway_timeout,1967.97,4,1020,give_up
b31a96eb-70f9-4af7-8eca-b4416e1d78d3,6049e013-d7e4-42d0-8d01-a10d189b07e2,12649.32,UPI,insufficient_funds,31502.61,3,948,give_up
7b744d6b-316b-44e3-b99d-59d5549bdee9,fc1ef1ae-419d-4aa5-9cf0-e0736d1a4cbb,2839.21,Credit Card,insufficient_funds,3328.6,0,0,retry_later
4ca14e81-014f-44e8-a9b7-1f9eb234a0e2,dd33642e-a0cb-4d21-a4dd-0287ca642103,5109.16,Credit Card,insufficient_funds,22291.09,0,0,retry_later
fc1ba81a-f85d-422c-ad35-f3246d6897d8,174b23c0-4487-463d-a92f-4ee6f700af96,1626.89,Credit Card,incorrect_pin,46859.48,1,1260,retry_later
677c8181-1977-417f-9f7d-9084e3e2ddfd,c3d9f7c7-8406-4f13-a491-f09df44e6a9e,6959.43,Debit Card,incorrect_pin,49557.14,0,0,retry_later
d6d5108b-82e0-4a6b-8211-8e436a4dc9c2,a1be0f87-0c50-4e05-8a28-14c951c9a26f,12695.23,UPI,risk_flag,35253.85,0,0,give_up
b1842b1e-830e-473a-a428-d1c9920f26c7,db5d844e-13b1-44e7-914d-5144d4f9eaf4,3013.5,UPI,insufficient_funds,44856.66,0,0,retry_later
19a2c8a4-0aa6-472f-9633-e8a78ab1458a,741f6f7b-3941-4d00-96b9-ef7b9de01e91,14312.16,UPI,gateway_timeout,33403.06,0,0,retry_now
3c77ccd5-5070-4c6c-ae54-60ba0d463c70,cefefd4c-6f63-4cd5-a83b-298fcad9e729,13891.38,UPI,gateway_timeout,21616.9,1,1098,retry_later
60450756-6622-4f74-a339-4d3478f11368,6ac033d0-52bf-4812-a7e1-a5ff51a1abb5,2673.74,UPI,risk_flag,11558.74,0,0,give_up
dcec273e-f73a-4e56-92a4-644055cd5656,8232ac04-9aed-46a1-a237-aba995de5940,8206.62,Wallet,risk_flag,41318.17,0,0,give_up
404f6999-951d-439f-982d-7f125535585f,e537f442-f1cb-4288-912a-c1e9e61a20f1,686.92,UPI,gateway_timeout,25008.46,1,1151,retry_later
f5da2214-9745-4b06-b6d0-6638b3c0976a,348f3fd1-e76d-47d0-9cc0-e0f0e2b19105,8942.03,UPI,gateway_timeout,41437.9,4,448,give_up
33e24fde-6271-4b03-a62c-40ce666c30a6,bcaf7b93-793d-41f5-a2f7-c7614315fbf6,10883.24,UPI,gateway_timeout,14883.19,0,0,retry_now
3b0aeed6-aa18-42ed-b72e-ceb238b8ce1b,6af5b6a7-d5a5-46a5-b18b-7366575194e8,9272.59,Net Banking,gateway_timeout,15249.78,1,1252,retry_later
dfd24dc6-72c5-46a4-89d6-dd3bc89afd49,a95a196f-3e35-46cf-aa47-6955647d36bd,10750.74,UPI,risk_flag,48539.91,2,160,give_up
e8ad0c14-5915-4a97-ad75-f97e11c3ad96,e6db3f57-dff7-422e-8892-72fad4799cd9,14078.04,UPI,insufficient_funds,24649.23,4,956,give_up
b0fbfa5a-8d0a-4d42-9726-d8d1a4890b72,1792146c-57b3-4a14-9e31-d62fd2e60e38,1662.56,UPI,risk_flag,35778.48,0,0,give_up
d82e62d5-212e-40fc-9d98-15152b9db9b2,11879fdb-bb2b-4af3-9df5-ed7fecb8931b,2971.98,UPI,risk_flag,14826.09,0,0,give_up
77fcf662-c262-4443-b96d-c67c31468455,147980a9-e97d-4709-97b6-62446bda3049,8310.8,UPI,gateway_timeout,22768.39,1,1341,retry_later
0396b216-462d-444f-8c55-4990686fdb70,fd947b0c-cee8-42b6-a2bd-5d924d1ef862,9586.79,UPI,insufficient_funds,41064.59,0,0,retry_later
6f91f214-fea4-4b21-8fe1-3245d87bb1f6,f7b4c01a-b47b-4666-8a10-e92319038e73,3553.7,Net Banking,insufficient_funds,45099.4,1,853,retry_later
4ab63f1b-8251-4080-85a3-8bdfc6eb2400,c2363c81-1a97-4cfc-a62a-cbfa03dc35ce,10725.91,UPI,gateway_timeout,2666.54,0,0,retry_now
026f4365-ddf3-41e9-afba-04e6ffb85b7a,0129ca51-a0a9-43b7-8904-a83d3bd5879c,14980.43,Credit Card,expired_card,45166.06,0,0,switch_method
563db3c5-b6da-4f97-b472-5afe2f54050d,f79e5fcb-3ca7-4b46-8d46-92742fe57b3d,2860.41,Net Banking,incorrect_pin,28687.21,2,455,switch_method
4d360b90-f177-45b2-a776-b3df3d905a75,92c77895-8c63-4a72-af5d-27e4ce1274d1,9697.45,Credit Card,incorrect_pin,41566.65,1,292,retry_later
28d02c2c-eab4-49d3-9d05-43d44d132caa,5a98109d-15c3-4a76-a553-d31e4ea293a9,2561.52,Wallet,incorrect_pin,27094.05,0,0,retry_later
9277ae43-6d1a-404e-b282-9adecc91abd4,9f6b030c-c484-4d7b-9074-15d0e1ee9a58,6439.65,UPI,gateway_timeout,2173.42,2,154,retry_later
0fbaad48-8be4-4faa-8934-85836e494169,b5b347b4-76f5-4094-9172-a7c331e4696a,540.93,Wallet,incorrect_pin,47519.21,0,0,retry_later
f75896f3-7731-4de1-8de1-dc1ed42e250c,8e44af14-0318-4f8c-a3ff-1c609e8f4971,1952.01,Debit Card,incorrect_pin,25365.93,0,0,retry_later
b4e5af74-e2f5-4670-9edf-197fdbb927c2,48f85ba9-1280-4829-9d08-93c92dd61b78,3100.41,Debit Card,gateway_timeout,7938.81,1,585,retry_later
c55a6e48-dd52-48b1-86da-b05de957485e,a9b00f67-0111-4bc3-9db6-0c94ee1531e2,6201.72,UPI,incorrect_pin,11045.66,1,928,retry_later
0cfa02b1-4042-4d3c-9115-8a6c7876607b,daafe781-326c-42d4-b040-094b73f104d3,2803.61,Credit Card,insufficient_funds,18088.88,1,1281,retry_later
1e130c46-c8d8-4169-8ee4-f76f013d0f0a,88609e44-d154-4202-a260-f12f465291e9,7888.67,Net Banking,risk_flag,24094.54,1,868,give_up
9d64d41a-b705-439f-ba6e-213c29bfe253,6b772b67-20d0-4522-87f2-d94e104f9ae7,9731.97,Net Banking,incorrect_pin,11034.55,1,1114,retry_later
1eab5edb-e422-4dcc-bd9e-2eeac3155b9a,ef059b3f-fd3a-4355-8dc1-a25383fe03de,966.83,Credit Card,risk_flag,42880.56,4,1012,give_up
6c6f1eda-455f-410e-a848-d5fddcbba300,7f7b38d1-4845-45a0-b86b-c9ccf54d90ba,2109.62,UPI,gateway_timeout,7134.04,1,1276,retry_later
441818e6-e9e7-4898-911f-855e51417291,17774ceb-0016-4c2c-9ce3-ef5695923e59,2271.66,UPI,gateway_timeout,1897.52,2,1245,retry_later
2558fff6-b6ce-4512-824a-f9e7a95ea161,5837aba2-57c4-465b-acb1-81b48fe1e6a0,10392.57,Credit Card,incorrect_pin,26187.72,1,856,retry_later
f426ea44-99cb-4474-8b92-42c6b822796e,8a70cbd2-96f3-405f-af39-f0054420c001,11518.43,Debit Card,insufficient_funds,32773.29,1,888,retry_later
383ea343-00ee-40c0-9273-6be5b6453c38,2f50965b-1e3f-4133-a27a-abf153862206,6752.17,Wallet,incorrect_pin,19827.3,0,0,retry_later
72dfb889-db9c-4a7c-8e6e-bea31cf9d82d,688681ff-33c6-4f77-8e50-78e8157dc4b6,4302.23,Net Banking,risk_flag,16328.27,0,0,give_up
890a000e-69ef-4671-aea4-fd5bdc118fca,4192bf87-48ac-4d5d-bd8b-cc8ae250cd0d,5161.44,Debit Card,insufficient_funds,28585.96,0,0,retry_later
e355a8cd-c1e5-47c6-a442-a95f4eab4ea3,cfd304dc-27b1-49ba-aa65-31cee86668c4,3531.57,Credit Card,expired_card,39527.68,3,669,give_up
6815277b-b74e-4474-a530-4679d2a0fbe8,ace55085-78b6-48a7-9a3c-bfbec8c31209,7470.93,Debit Card,expired_card,7556.7,4,586,give_up
f90c1052-fa83-4baa-acca-5d54df0afac9,18a0f02f-5ab9-45fc-8660-642073a3acbe,6217.89,Debit Card,insufficient_funds,19995.43,1,326,retry_later
26fd13f4-0db8-4dc9-b4ee-94b01c1aaf5b,394d2146-ac7a-4994-a27a-8a550f15aa55,14026.96,Credit Card,gateway_timeout,48145.27,2,1357,retry_later
c87fd46d-3500-44b4-8c0c-8c4fa98440c9,829f4a07-9fc4-4891-838f-d9eddfbfd182,11753.5,UPI,gateway_timeout,48872.76,1,346,retry_later
bf8f5679-6d2a-45ed-80d1-b68765df618a,4d2f3db4-58f3-4d09-8eb5-3d4e12f9075c,843.54,Wallet,gateway_timeout,8857.25,2,261,retry_later
126118d4-386f-4b1e-a718-ac7b134b4ac6,d92ffa0f-ec07-4372-87d6-628e96838e75,9573.78,Wallet,expired_card,4277.08,0,0,switch_method
8e1a3bba-5983-4f52-a37d-ef5f431cc052,dc9cfaba-f0b2-443d-b939-409c3312ce6d,962.22,UPI,incorrect_pin,24731.69,0,0,retry_later
725e241b-b8dc-4a26-8463-d44b6968a602,07a21e7d-20fd-4118-a739-cb0599bfd195,7562.26,UPI,gateway_timeout,12141.09,1,720,retry_later
5e0c6091-0ad7-43ee-9cb1-d086cc2c39ca,53c3d0f1-7030-4d22-96ad-d45839d02146,9671.43,Credit Card,incorrect_pin,42297.97,0,0,retry_later
03e51cb5-48c6-4529-a76f-13f9f7dc0a1f,fa016c0d-2604-4f43-85e5-874334e98d2f,3002.72,Debit Card,expired_card,32508.18,0,0,switch_method
34e48ee3-3f22-4fdc-9b7e-7a47c587a563,b5b060c8-4f10-4b95-b3ba-84e2c2d5e0e7,1377.72,Credit Card,incorrect_pin,1527.1,4,1420,give_up
1cd1827b-c13b-4554-9285-944b0f93f52c,b05e4776-4a38-42b2-b490-d5867323c284,13801.57,UPI,gateway_timeout,14535.06,0,0,retry_now
b4a3096a-31c3-4fdc-9b15-8c3829e570be,f313bc6e-578c-4a3a-9a14-20d399fb6d11,12783.47,Net Banking,risk_flag,2907.65,0,0,give_up
b33c7513-4f96-4d95-8d42-bb04277cb83d,0679ac77-4e43-4fce-b985-8c992427ed04,14372.12,Debit Card,incorrect_pin,18995.26,0,0,retry_later
bf20a267-ca2b-4bb0-bf7e-0e0dab0c5e0a,7af809c6-6c40-48cc-a524-3cd45c228d56,11141.13,UPI,gateway_timeout,1952.73,0,0,retry_now
c977e6a0-7873-4ff5-ae44-3730f0442c2c,f7bff97f-9976-4780-addb-d9c317136508,11662.82,UPI,gateway_timeout,26739.34,1,1380,retry_later
efe70b1c-c7e4-4c3e-a9df-9f828b89b45e,30078507-995f-4c8e-af71-c4b24ab4f353,12482.24,Debit Card,insufficient_funds,28072.32,1,877,retry_later
a6ab9879-53a3-4b36-a76b-4a971ff89b53,6782cf7d-d8e1-4cf6-be9a-c13d971c536b,7619.82,Credit Card,expired_card,22248.33,2,305,switch_method
d5c2c967-780f-40f6-86c0-0af655cc77ff,c8d8328e-3c1f-4cea-bc81-7bda06779130,12133.02,UPI,incorrect_pin,44578.66,3,1287,give_up
2c47d56e-c17c-4c2c-a8d9-06e9f33f5286,cad2802f-6ba2-4605-9dc2-7e5a1bea26b2,9746.8,Wallet,expired_card,4338.66,0,0,switch_method
e9c6517b-99b8-43b6-b708-fbd6bc311093,91e97067-4044-4b6c-a518-d685fa5fff61,3650.01,Credit Card,incorrect_pin,32470.86,0,0,retry_later
1e7219c5-b843-41a6-a85a-b88473244e52,7e3c2c50-9d3c-4ffd-8aea-27bcc3681323,7892.06,Credit Card,incorrect_pin,43810.39,0,0,retry_later
a979feb8-1704-422e-9b4c-1a573863ce9c,9ebca5cd-f915-4819-a828-709f0c50f2fb,1417.03,Debit Card,insufficient_funds,900.83,0,0,give_up
a696423d-8966-4c1a-8b6e-4c74f965c43b,159f86f3-a690-470b-9320-946b06ab6400,14061.07,UPI,insufficient_funds,45571.92,2,148,retry_later
3e331448-08fa-4c04-b9bf-6eb77fe02d81,783e6bbc-e21d-4643-a4ad-97c66dd92ad4,1881.52,Credit Card,risk_flag,43820.42,0,0,give_up
d3a5be33-41e1-4275-99cd-55e61fbd49d9,fb6fba67-8d1e-4cba-9953-3b243f7dcd6f,5541.76,Credit Card,incorrect_pin,22162.87,0,0,retry_later
c98dca5e-42c1-4dbd-b018-41b259f3922f,89384200-a006-49e3-8883-1c9426fa9dba,6666.53,Credit Card,risk_flag,16373.82,0,0,give_up
6943fb2d-3857-46b4-8baf-be4c890938c2,29087bcd-d12a-4037-a258-a01aa9501fcc,10654.46,Credit Card,expired_card,1358.07,0,0,switch_method
fa3defe7-7b42-4b57-919b-e84ce20595d3,e1e593ac-08c8-40d6-bf35-89076e72cdaf,3317.48,Debit Card,incorrect_pin,8146.82,0,0,retry_later
fd70fa76-b065-4916-961c-b6d8e46afdf3,5a308aaa-67b4-4282-b451-733f28005efb,2889.54,UPI,gateway_timeout,26089.24,3,890,give_up
80b66009-d825-4af7-9fa8-87d0aff84ae8,c9098485-54b7-4571-bf63-9ac45e6ab194,5267.61,UPI,incorrect_pin,2043.7,1,894,retry_later
99f5976e-e168-4443-833c-672a36356c79,74d59089-bb1f-4f43-a4df-708ce415a267,1382.96,UPI,insufficient_funds,12562.96,0,0,retry_later
2d31dea4-4dd1-4b1d-a38a-25745ecd2bec,a5e723de-55c6-40a0-a0a5-5d41f4ac8fb8,12788.98,UPI,gateway_timeout,30546.38,1,1400,retry_later
67135455-6d8a-4ff9-993b-c88311e3f2da,0fc42bcf-f9d9-4234-84d9-23dd4f32bb49,9333.05,Debit Card,expired_card,17406.38,0,0,switch_method
d4bee998-9a5d-4032-9c0a-f6e892be0efd,ada930b0-87b4-4e1a-b3b3-9c0865b645e5,8163.5,Wallet,incorrect_pin,22294.4,0,0,retry_later
b9e57a94-0a21-4ccd-8c1d-688857352d06,25d06d2b-3a7b-40c4-8898-69d6ea75e173,4486.44,Debit Card,expired_card,39134.14,4,24,give_up
de5aee30-31e9-4a5a-a35c-db16321da0ae,dc209df1-89cc-499c-b5b1-e345c8dce252,4200.77,UPI,gateway_timeout,11616.19,4,1220,give_up
9473c666-a135-4f90-b16c-766f985ca67e,97831ab8-7844-4e73-9053-3261e204db3e,14723.0,UPI,gateway_timeout,46617.59,0,0,retry_now
592bd552-5f2a-4b57-a7de-c9b18c6f5669,88491679-fc7a-4ee0-aff9-27a7100e9c47,13362.46,Debit Card,gateway_timeout,12115.28,0,0,retry_now
25bac2d9-ca16-4608-9291-ea517b4f8aad,8418e22b-4acc-4d6d-a954-27808c0e8a67,9791.5,Net Banking,risk_flag,49962.3,1,1273,give_up
8cde51da-1d0f-4988-85f5-7eb22b5e1e71,35040c09-436d-400a-941d-d1b6b937697d,5307.68,UPI,risk_flag,23617.93,2,1214,give_up
4562b927-0ba9-4da6-b6fe-fd227c0511e9,5d3ae303-207d-4048-bb9b-34fb7ff4efb5,6520.1,Wallet,insufficient_funds,15507.61,0,0,retry_later
eb7ac68c-56a8-406c-8903-5d8a06f15a66,1175a1f2-dbf2-4fa9-b0b0-a81d483063b2,9220.59,UPI,gateway_timeout,31542.14,0,0,retry_now
daf8812e-423c-41d3-88f7-4d34fd693287,918872ee-f992-4dc4-a112-1045c63686f1,3304.38,UPI,risk_flag,1273.97,0,0,give_up
a12f7f8f-0b9a-4f39-9427-2051787918f7,3bc775ea-a9db-43bd-8cfa-378105528eca,7780.14,Credit Card,insufficient_funds,30885.31,0,0,retry_later
c0d3a114-7d9f-4792-bbbf-393008cb22f0,95f41f22-e67e-459e-b902-6ae05a73f08c,594.45,Debit Card,expired_card,2850.88,4,529,give_up
fbddd9af-74ea-447e-8a15-ecb8933653cc,66ca32c3-df7e-4cdb-a04d-4c530d71c4bc,11270.94,Debit Card,insufficient_funds,24085.27,0,0,retry_later
ae5cd696-6b1f-4294-a229-ca0a57be05cf,1538b689-48c0-4d8c-a226-fcab7be5e8d9,1579.3,UPI,gateway_timeout,28585.48,3,378,give_up
ed21a50a-515f-4499-8bc8-476ca246ec49,e0cd820b-f7f6-4031-8ef4-9003bd9fb1a5,3484.63,UPI,gateway_timeout,6676.45,0,0,retry_now
2b8b7319-bfba-4a84-855b-3414cc3bc56f,3be4b976-cdb3-4327-8f9c-297d179c60c2,12827.36,Credit Card,expired_card,36897.93,0,0,switch_method
0dd35374-eb36-45dc-b1c6-83ce780b2652,48a505f6-6e61-410f-8486-28b9fa4bf11b,14677.91,Credit Card,insufficient_funds,33003.3,0,0,retry_later
e3186907-7c0d-4111-8cad-5ba92bcbf99c,8bed0607-c52e-4a65-bf27-0663d6231690,2211.39,Wallet,gateway_timeout,5932.79,0,0,retry_now
9e9e1aeb-d62d-401d-b946-79e8047ab67f,0f837e7e-caea-4943-af74-e58615131db5,10868.2,UPI,gateway_timeout,18413.01,2,169,retry_later
1ecda304-e749-4b52-85f1-3e87a0d5de11,6d758b61-2ce0-4c58-afc8-70b196ddb9c4,12694.65,Wallet,risk_flag,48897.9,0,0,give_up
edaca61f-8690-4c24-848f-1f4deb70d030,afb8f1db-d9de-410e-88cc-936c656fee22,1128.54,Credit Card,expired_card,28116.82,0,0,switch_method
f04a4ffb-6edf-4b17-93d7-3a7c90e6bf9f,1c8ce1eb-ba2f-4ff8-8ea6-c20dcddaf116,11268.55,UPI,gateway_timeout,24504.53,1,903,retry_later
e33df912-77a3-4a6a-804c-c30d1bc801cb,23f6c24c-2b02-4630-943b-222284f51d1c,8584.16,UPI,gateway_timeout,45176.56,2,77,retry_later
bb79325d-80fd-47ff-b5c6-7bc256800566,50d37952-14a2-45d0-90a2-77e749508c50,8072.1,Debit Card,insufficient_funds,28071.08,2,1384,retry_later
812a1b5b-9ae4-410d-b213-f253431898ce,585b3c7d-f235-48a8-85ae-848b22fcde17,10404.02,Credit Card,risk_flag,36312.13,0,0,give_up
4201a6a7-affc-4157-b1b9-c96c340d41d7,1539a1f2-3626-4f1d-accc-afb50a4f7400,14973.79,UPI,insufficient_funds,35015.28,0,0,retry_later
c1a0532e-937e-4582-9785-889d92f802b4,af2a72cf-dfd0-48e6-aa50-c9f39ae3a25f,8977.81,UPI,incorrect_pin,34470.59,0,0,retry_later
1c9a02e8-d3bd-4995-b92b-f94c9a7e7b41,c4e1c1c1-19df-4353-bbe1-2bd69d035c41,11189.56,UPI,insufficient_funds,18541.7,0,0,retry_later
321dd3b4-c3f5-46af-9a9f-68cd501af4c2,0e35b265-4168-4a05-89a9-c58a7fd33243,11977.96,UPI,gateway_timeout,39849.63,0,0,retry_now
8cb257b2-cc3d-4d32-ad1f-02bd2032ea39,60e67ce3-7548-43ba-b15d-9124862ded21,2799.65,Debit Card,incorrect_pin,40472.2,0,0,retry_later
958cca01-cc27-4fa3-a2e8-06ca185cd69f,4d47bb79-a30f-474a-8c2d-38eb5b73fcd5,9791.12,UPI,insufficient_funds,34311.8,1,902,retry_later
6090962b-00c3-49b5-a697-8082b41dfe21,9fd0a1c0-958f-4f26-a99f-febbc9c449d4,5408.5,Credit Card,risk_flag,21248.62,0,0,give_up
d3fc3513-b13c-4bc7-96af-cb10bcf4e470,bc9b781d-668a-43d6-abb2-3a845743656f,4756.93,UPI,gateway_timeout,43539.1,4,1421,give_up
6b41ba7f-8c56-40f4-9184-ad3b863c7cd2,b1a9aed3-82f3-4ec4-85b1-044fbf4ccc81,14273.71,Debit Card,incorrect_pin,34473.98,0,0,retry_later
bf492814-8842-4073-bdd1-d1ed8407a34f,4ec33709-030c-4069-8df9-a814bb574cf2,4464.27,UPI,incorrect_pin,7308.27,0,0,retry_later
24abb5e4-4ab4-42c0-b5ca-0c75df63b6de,2cb6bba8-5959-4b59-ba49-8ff8147bc8da,10273.23,Credit Card,incorrect_pin,26743.94,0,0,retry_later
eb1b6e44-2861-46bb-9ad7-0b72fbb5590e,f6674e97-a5a5-4e9a-995d-564123fca489,14594.16,Credit Card,expired_card,23534.56,2,893,switch_method
377f0183-c5f8-4f76-a3ff-f63806f9cb2a,850de5eb-cf51-492d-aef8-a190b7396282,8856.13,UPI,gateway_timeout,44244.74,0,0,retry_now
67ba640c-744e-4c6c-a3bb-8c9a557214b8,458ee65a-859f-414e-8912-5ec2626fe158,3127.21,UPI,gateway_timeout,15619.87,0,0,retry_now
639b61d4-1b41-40c9-b446-9e58fbcacb1c,48b6b0e7-fcaa-4001-a298-31dbdfee8ffe,59.37,Credit Card,insufficient_funds,16565.43,0,0,retry_later
8ffef682-43cb-47a5-b1c1-f4314f2c1a5f,e8634441-10ea-4efb-b1f7-b5ce03640b1a,2320.88,UPI,gateway_timeout,5845.34,0,0,retry_now
50dd1e36-192c-4de2-98e5-6f33d4394971,26040676-54f4-4a34-8ee1-85d0f31af094,453.0,Debit Card,incorrect_pin,45443.74,0,0,retry_later
cd7a1f3f-0fe7-48e8-983c-3dc2ef9e0086,d212877a-98de-4744-b50a-cd2bff0b78d6,14168.28,UPI,incorrect_pin,49084.37,1,496,retry_later
b838c223-469d-4174-b58f-df0f776f72c4,2871b45b-e866-40db-bb7a-cb0a267773d4,9700.56,UPI,gateway_timeout,10186.12,1,727,retry_later
15592e9d-4d09-4534-81b4-f0651c8df809,dd8cd9a7-c564-4fbb-a258-faf5309eef06,5057.38,UPI,gateway_timeout,23330.68,1,677,retry_later
01aa07e5-9ca3-4279-99c7-eb3f470233b6,077d795a-3c9a-4565-88f2-b4854638c4f9,12440.17,Wallet,gateway_timeout,30062.51,0,0,retry_now
ae6db6a1-cd10-4fbd-a080-40d411e088dd,e1b57952-b35e-409e-9bc4-4c75f9e2627a,6867.3,Credit Card,incorrect_pin,19412.01,0,0,retry_later
7090b94e-4878-4bb4-9f2c-fccbca4bdd3e,cae0f212-44b2-4a06-9275-13371724dd3b,12368.88,Wallet,expired_card,1214.64,0,0,switch_method
57d8b868-b225-45c6-8358-086b96950a1d,38779130-8c04-4e8d-b491-ed12fd7be234,4944.53,Net Banking,risk_flag,34308.96,0,0,give_up
cc8eacff-f758-4a85-8767-eac3b6bd60a5,a0059e4e-2dbd-49bc-91e8-cedc02799b62,2595.85,Credit Card,expired_card,48221.84,0,0,switch_method
0d3be2c5-0402-461a-b761-d1489456727c,6ea905e6-a96b-43ee-a419-39f225091e4d,2625.25,UPI,gateway_timeout,36578.77,1,968,retry_later
01f8f0cc-b9fc-4b6a-96a0-9e2a2d154229,34fe5667-bc00-465c-bf60-2307748a5d3f,10381.62,Credit Card,gateway_timeout,26425.76,0,0,retry_now
277d37a4-4126-44b6-b98f-fb64bb66c9ba,809e54a2-9eab-4e86-9bcd-ddc4c313e382,8052.67,Debit Card,gateway_timeout,18684.86,0,0,retry_now
6b108223-4fac-42b6-8a2b-06dd3c9f6350,1bc29bd9-144a-44fe-8080-6dbf105153a1,10639.96,Credit Card,expired_card,44932.82,1,280,switch_method
1d53ff51-6fb9-4509-a1f4-74eee95081c2,8075f24f-db1b-4afb-b2c6-f63af0af9073,1383.56,UPI,risk_flag,16438.11,0,0,give_up
3016cc58-df55-4874-8239-b3ea4d375ebd,b251268b-12fc-4cc8-95df-263ff696ef43,5535.03,Credit Card,incorrect_pin,15551.01,0,0,retry_later
54eabd74-c58d-4d4d-97c0-acfe5fa00500,8dbf827d-9548-46d2-8ff1-e563f70337a1,4443.84,UPI,gateway_timeout,33775.87,0,0,retry_now
1a09a2b5-2ce4-461d-a1b6-a1920a7f4b27,9c325249-9281-4b76-8a7f-3a19bbb6597d,3844.74,UPI,gateway_timeout,24604.13,0,0,retry_now
fecd9a25-434a-4c2a-9e39-3ab7f628e650,965abbbb-5d56-4c17-8cb0-44e5908180ff,12411.87,UPI,risk_flag,21304.26,0,0,give_up
ee049233-2c86-4c29-b330-9256eec333f7,b5f821dd-61e1-43bc-be9c-ca4aabf24749,10288.32,UPI,incorrect_pin,29451.89,0,0,retry_later
113ff84b-db24-4ec5-8183-ee229dba780a,b80304a4-b378-4909-a72d-6826a7937453,4137.42,Net Banking,incorrect_pin,31056.13,0,0,retry_later
17c4b4d8-965c-498a-b83c-eaea1a8a4c5d,d42e34ba-726d-41f0-b8c0-51cf99ac613a,1093.57,UPI,gateway_timeout,21328.45,0,0,retry_now
49687c72-96d4-4027-b9b0-9c2a3bf5dd2f,e0b64e19-f85e-46db-83a2-1b9ef1c046f4,7463.84,Debit Card,incorrect_pin,25546.53,0,0,retry_later
96cc7674-0690-4eaa-95dd-0dfcb56ae776,dfdbe4fa-aaf7-4b14-879c-b45e298404ec,3052.51,UPI,gateway_timeout,37450.4,2,1050,retry_later
c035032d-897f-47b8-bcaa-68f3baebfce7,b5cff1f9-63fe-4a01-a8f8-4c3ef4fad714,7609.82,UPI,gateway_timeout,37350.03,0,0,retry_now
b76b29cb-acbd-419d-9503-a84d1c2cc382,650d5d90-11ef-4bd0-9e26-c6c12a94e721,7926.94,UPI,gateway_timeout,41860.5,0,0,retry_now
3f1946e8-8af9-460d-9517-9982756fa86d,cc281025-8d26-4b26-9a3b-7e97599e25c5,6564.47,UPI,risk_flag,34797.91,0,0,give_up
b7be6acb-12b4-48d1-9b35-fb12a096014b,1781629f-d936-46ac-a76c-98e67abba768,3766.67,UPI,gateway_timeout,42912.33,0,0,retry_now
1942ee14-4ced-4106-95ce-b2cf6327da59,e6a7551a-bd92-43b4-be15-aebc8f45c0ee,13414.79,UPI,gateway_timeout,23637.43,0,0,retry_now
d3b5daaf-c5cf-48e9-806d-5a12a92d1f0a,2c543710-8298-4729-bb96-7b82df924f68,2825.2,Credit Card,gateway_timeout,46828.47,1,451,retry_later
23584066-1085-478c-a00f-4d830974cdb8,0a6ce19e-e783-449e-b3b6-31ac833001e6,14571.23,Credit Card,expired_card,27189.51,0,0,switch_method
7757544a-4041-4080-910f-da675671a563,9625f979-9c90-4b40-8989-94f193fdaabf,2402.06,UPI,insufficient_funds,19391.05,0,0,retry_later
56cc0d60-c0db-4616-8bf3-feccd37172ee,8b08eb57-8e1a-466a-b41f-75370eb79456,12886.99,Debit Card,risk_flag,38733.84,0,0,give_up
1e9ec31a-1caa-4f0a-9228-ac765824698d,84174e69-1495-482b-a9e5-8e0c2c44aa4d,158.1,Debit Card,insufficient_funds,3549.46,0,0,retry_later
d0222513-a82a-4229-ba0c-8e6ebb26891c,90934699-b40a-4451-ba9f-d0c55924b170,7952.65,UPI,gateway_timeout,3230.23,0,0,retry_now
b0d25bc1-cdbb-4aa1-a448-c793b8243c48,d769f5f0-2f87-44bd-bf85-f2bcb7890a78,14321.76,UPI,gateway_timeout,42126.35,0,0,retry_now
0b113284-c70d-4488-a05e-0914ee2f13fd,e7636998-b661-49f6-85bd-de49a6e19f38,14918.54,Debit Card,expired_card,10453.56,3,1340,give_up
3f32f45f-fd3a-4f0e-80d9-e22c4a5b4bde,954bab88-4c51-407b-9d43-58715612283f,12614.1,Debit Card,expired_card,4234.71,0,0,switch_method
2030eeb2-76df-414c-8050-610922afe6e1,54a62e9b-531f-4b47-9486-93285a5699a0,2699.31,Credit Card,incorrect_pin,31071.55,2,1295,switch_method
8e38cc7a-21e2-4c79-8eb5-fc4ee802b592,9c9a7188-a525-445f-8e8d-3360554bb7cd,10713.05,UPI,gateway_timeout,47498.2,0,0,retry_now
f20033b2-7c9d-4913-8f68-ac9f53802109,1d75c5f4-3d8a-483d-b537-b434c770355e,3716.29,UPI,insufficient_funds,46243.71,0,0,retry_later
6f088810-cf66-4b4c-92f3-8d8696c2e3ba,5bca4a2b-fb11-4971-b3a5-73481c908440,718.15,Debit Card,gateway_timeout,45069.64,0,0,retry_now
6bdfa7a8-9781-45c5-8c7b-436925ed59d7,cc7337c8-6b83-47b9-abc2-abe90f0556ae,13401.42,Credit Card,insufficient_funds,41470.22,2,294,retry_later
3087595a-9719-4de5-88e9-fd15db844af2,8851361b-c70d-40e7-83cc-66d379e13cad,3264.99,UPI,gateway_timeout,15823.73,3,1154,give_up
b7104d66-9c4b-4125-8bea-8f67f1514175,17913a07-3036-4910-8a0e-de51bfc1b8dc,5939.13,UPI,gateway_timeout,48152.15,2,1007,retry_later
e98635d7-2fdb-47c7-8b90-d4314da01c77,19365f02-5ca0-4c66-b0e0-2e6ac5fd7c03,1545.61,Debit Card,expired_card,26531.86,1,712,switch_method
db2cedfb-bb8a-4245-a1fe-fcf6e719bf6f,efb69268-5327-4621-8c32-082844f8cad6,3281.55,UPI,insufficient_funds,16910.83,2,906,retry_later
b3712bb6-a91c-4681-9ec3-8fc66215c7ed,17f8b127-f2f1-4412-8b17-622c726ea402,852.36,UPI,insufficient_funds,19356.07,1,978,retry_later
fc12e088-ed95-4769-9e69-fbf4a2ec24c5,e3b3431b-da5c-4097-b31b-7664bd483c75,12311.69,Credit Card,incorrect_pin,20107.95,2,956,switch_method
799290a1-6f84-4db2-8ea2-545d0475b79d,ba550e1a-162e-4ed4-9157-cdb235a1d325,11963.33,UPI,gateway_timeout,36880.56,0,0,retry_now
7196a6ce-43ab-4a9e-abde-19580b99d969,6d839b6a-96c5-4a81-9c36-0736866fac20,2523.86,UPI,gateway_timeout,17928.94,2,1393,retry_later
71c28ac6-76ce-4633-a356-be1e1f3e3e8e,bd05f876-a536-4c4d-b2ec-e7135f8f0455,1660.94,UPI,risk_flag,10512.74,0,0,give_up
0673f1ed-d323-4e3f-8d7f-092a5e454f7b,bb2811f8-0160-46f1-9ff3-55f222068bc2,2039.67,UPI,gateway_timeout,38477.21,0,0,retry_now
2bfdfb6f-bfd4-4952-8cca-fa85b3733147,8d223d35-cc69-41e3-a08d-afb0d4cff292,11986.3,Credit Card,expired_card,29892.11,0,0,switch_method
3d040c77-fcf4-4599-9e79-8938ac076c36,6a27d01f-7376-4116-830b-ef614423b28a,2727.88,Credit Card,incorrect_pin,49271.02,2,741,switch_method
3df1000d-894d-4889-bb41-0ccaa5fb4297,702fc1ad-ba89-4cf4-a0d1-102b596cb083,1303.91,UPI,gateway_timeout,8185.29,3,537,give_up
eee8d53e-b2bb-4d44-92dc-1c7d90ba5f27,10e579c2-96cd-4655-946f-15ad214fb72f,4607.39,UPI,insufficient_funds,18118.33,3,998,give_up
6071c90d-3d84-4351-91c1-f65ddd4a6910,6f6435d1-94ca-44e8-b82d-067cad646565,13519.04,Credit Card,insufficient_funds,46411.55,0,0,retry_later
ee54c7ad-be09-4525-9c10-ccdbd7428be6,b443c6e4-73f5-4d10-a6a8-699c17f8044c,11252.25,UPI,gateway_timeout,26690.59,0,0,retry_now
f768e765-5a50-485a-8b44-8b69cd06f7b4,e25ac642-320e-4b4c-9e90-f5df203ff021,14224.17,UPI,gateway_timeout,36411.11,1,1253,retry_later
db5dedd5-b0a4-4976-990e-03567487744d,314a9eb0-8eb3-4f2e-9183-f3b6109e1109,1351.84,UPI,risk_flag,37966.18,0,0,give_up
08cf13a8-30f0-4d5c-91e8-290c74a29997,e49d8a56-0297-445f-858c-ea40a392e9ce,4562.44,Credit Card,risk_flag,2340.7,2,907,give_up
fb09c90e-f0c3-49bc-af3b-8af7a8f722d4,8d955c1c-e791-4d24-a5eb-0b68532feee9,3201.98,UPI,risk_flag,41900.25,1,1018,give_up
7d8dbe10-2eb2-44b0-8b15-0110779c1784,d44f0836-0773-4b72-9bd5-f29d262d9670,10646.42,Credit Card,expired_card,5827.33,4,352,give_up
9ae3b56a-9c17-4cc1-a012-666b3129c463,5fe5ebaf-8c7f-4f0a-9d94-f177c863fbeb,5136.37,Credit Card,insufficient_funds,15988.86,0,0,retry_later
51844ca4-8b19-4fbe-be24-1c5c2f1d42c7,3d6d36ae-18f8-41cf-96e8-f469ccd08ab7,3633.29,Debit Card,expired_card,29953.58,4,831,give_up
85c47570-b2f8-43f9-8de8-66b5a90ca052,565f0810-a647-49cd-87fe-5bc79e437a08,1699.12,Credit Card,risk_flag,17023.33,2,1256,give_up
0ba0a8e7-0e82-4199-ace8-a26ae4a35138,3bafe824-5fb3-4f34-be24-63382ce9baa7,1696.34,UPI,gateway_timeout,39272.25,0,0,retry_now
98652227-7047-4c67-92ef-f4b26a2848db,8ad3f59c-9e8c-422c-b583-ab228b478f8d,8698.66,Debit Card,gateway_timeout,40636.5,0,0,retry_now
1da43098-5237-48c7-8ce0-27b515a89414,4e78f81c-7562-466a-b401-e554b9aad28d,11283.18,UPI,incorrect_pin,10090.98,0,0,retry_later
22bfb485-95f1-469b-9d1a-7485ad08453a,4ed6ab3f-eafd-4313-9fc9-44bcbb4a3674,4712.33,Debit Card,insufficient_funds,42903.9,0,0,retry_later
69584b30-d19e-4302-8a76-30a49479a204,b26c7701-2d57-4ba1-a1b3-23abbc19ae88,11489.4,UPI,gateway_timeout,2177.33,3,761,give_up
bd12069c-75bc-45bc-8f2c-875a23ecffb1,8bee928a-8ff6-4f29-abcb-7dbeea504b7a,3445.8,Wallet,insufficient_funds,48291.22,1,712,retry_later
c86701e8-b206-429a-8173-c9068ef9fb70,dc7fd97c-4faa-48c4-bc5e-f189d1b7a9db,4776.26,Wallet,risk_flag,3756.42,1,77,give_up
eab03fb6-840a-4c3e-99bd-70ac130b7c04,f1eabfff-b670-4165-b929-e4b7ccab9a58,8923.03,Credit Card,insufficient_funds,20786.39,1,125,retry_later
adcc9326-b50e-463e-99e3-c254a43e6db0,89e1828f-9993-4c5b-86e1-22031f7a5fcb,10388.19,Credit Card,expired_card,14781.7,0,0,switch_method
cd995635-8316-413e-8857-50b8968db3e1,fc7a2b9a-d653-4937-b2f5-c35c8524507a,4296.55,UPI,gateway_timeout,33466.32,0,0,retry_now
b759dc9b-86df-42f4-b12b-70d663f304ed,d11948ff-ed9a-40c6-a369-27e9482a9ce6,7091.28,Credit Card,risk_flag,16645.14,1,1377,give_up
632b6741-df53-441d-8e0f-2425562b9586,29553e9a-61c6-47d8-b141-9ce2baa0ba0d,10606.44,UPI,insufficient_funds,24978.11,0,0,retry_later
2a27ad17-63c0-4811-a8c0-88bc55b7abf3,4ba4a248-db22-445c-8555-a8ca666eadbc,8658.41,Debit Card,expired_card,31584.49,0,0,switch_method
8bd36f14-1b86-4ee3-a1b4-796928b3dfc0,4189dedd-9d09-4933-a85d-75e3adbec9ae,13587.52,Credit Card,incorrect_pin,9644.69,3,674,give_up
1a3d67ef-2929-4954-9dd2-80b9d7e61e6f,4bea4b73-0431-4a4e-9e8f-cf5bb2cc6950,13268.02,Credit Card,incorrect_pin,33912.5,1,1336,retry_later
e7d1e722-2498-4e29-a3d2-e5f46e9e81c2,870a459b-e679-4bfb-8192-5d3a62276be3,12462.89,Debit Card,incorrect_pin,46647.8,0,0,retry_later
734a73b7-9975-4fa0-b4ce-b32c071cf882,2363f321-781d-408f-a8d6-1a2d03584ac0,4971.33,Credit Card,expired_card,29397.11,0,0,switch_method
42074da9-e227-498a-ac5e-83e7c19639d8,09a2b88c-bd37-4faa-aba9-490504e2c51c,14298.71,Credit Card,insufficient_funds,34791.43,0,0,retry_later
e99a70e1-7ead-408f-9ef0-b986fda537f5,47cad2fd-97e0-45c3-8195-9c3b6b86c2b9,10432.67,Wallet,risk_flag,9286.06,1,474,give_up
915db70d-3eb2-46f1-a3e1-469fb5f7a22a,9f8ec979-0e25-489f-8470-2f6ff0e028be,2881.25,Credit Card,risk_flag,41557.41,4,868,give_up
d74c79ed-b040-4f53-8678-4c64e5153b7f,9d672aa1-7ced-49f8-8872-d6ec4067d678,2678.46,UPI,insufficient_funds,12587.94,0,0,retry_later
724060ff-a054-43b0-a498-e47c0bfc182c,efffba68-8937-4d53-8f25-664b94bc9e5c,7398.26,Debit Card,gateway_timeout,8692.3,2,907,retry_later
f3b4187e-b08b-4fbe-928a-b043d65ea02c,8080ab50-4209-4b83-ae41-d5429778bbb9,1749.79,Debit Card,insufficient_funds,10826.1,1,1388,retry_later
6fd049e3-33c2-4654-bd0d-29129897a6b6,782b0480-bdc1-48f6-8255-86473556c91e,3905.6,UPI,insufficient_funds,31651.06,0,0,retry_later
fa8255e3-6eb8-4744-8b4e-f4459a8f85c9,55cdd23f-4207-45b6-8de5-08fbdcd5c206,4517.36,UPI,gateway_timeout,12427.89,1,231,retry_later
4d2a0514-cb29-4736-bc3f-0acd5806965d,0d658f8f-1660-41ce-a145-e08dbef92dbc,7887.9,Debit Card,insufficient_funds,19685.27,1,378,retry_later
88a4d2ad-3118-4d8f-b89c-e6c25b19f275,204f6d35-1aa4-44e9-881c-a415bc36da7f,14831.69,Credit Card,expired_card,42336.27,0,0,switch_method
de80ac1a-f897-4957-ba0b-525a71ec5296,4ae6f408-5676-443c-8e6d-cc278d167e16,1974.32,UPI,insufficient_funds,19218.48,0,0,retry_later
215e85b7-1c59-47c9-87e0-eb083d872741,be451ff9-ca68-4caf-933b-114ad57c027a,13973.77,Debit Card,insufficient_funds,9234.73,0,0,retry_later
728340b3-832e-49f4-84b0-29aff1fa33c9,f2b05863-e5fa-496e-8408-51211c79e457,3522.44,Credit Card,risk_flag,24854.91,4,1321,give_up
0ed6f899-117d-4ef6-a9fa-2836e50b6025,bacb4742-6f21-4a8c-9df6-25c14595019b,9126.06,UPI,gateway_timeout,2568.05,0,0,retry_now
57cd43b5-df9c-4d23-893f-0a669808811c,b32e5b44-2edf-4fe6-8155-71f1ab78dd03,8009.03,Credit Card,incorrect_pin,40297.24,0,0,retry_later
96a2bbd2-d9df-48c8-bf22-edd60ba5c326,8bc339a4-6c59-4954-8976-c2c626fbf1cd,5876.36,UPI,gateway_timeout,3001.82,4,485,give_up
b51c4c11-256a-40fc-8856-1f690f73c13d,087daa36-031c-472e-a4d1-f301e6f74ac6,13176.88,Net Banking,incorrect_pin,11754.86,1,1106,retry_later
ff208e37-ed70-430b-b87d-dd923733d251,33064f5a-c6a5-41c3-8c35-78f0bf2d0026,5188.2,UPI,gateway_timeout,12035.62,0,0,retry_now
9493900f-c3b4-487a-ab09-dfb0d4de3557,fef46b00-b5bd-41d2-bf80-b9bcf48d8efd,11775.18,Debit Card,gateway_timeout,21972.11,1,1396,retry_later
533bdb70-82ee-47e1-a630-aa91c9901509,25b6bef8-cc7f-4507-955c-cbfd692c0770,9777.27,UPI,incorrect_pin,40864.71,1,1131,retry_later
edece941-a937-43d4-84ed-83e975c3a70c,799a0e81-8446-4e2d-b331-ca051e6078e8,5803.77,Credit Card,insufficient_funds,9009.67,2,500,retry_later
50a90953-0830-41fd-99cd-da8d9828b419,6f14af82-eb42-4761-b55d-20ba617b4735,224.47,UPI,incorrect_pin,14081.79,1,10,retry_later
64bd3b25-9c99-4393-8e16-b765a78bcedf,1fca7f66-e083-4bf6-b927-e9c0c510c8c9,2286.78,Debit Card,incorrect_pin,19152.19,3,1289,give_up
f0bc2e22-9ce6-4b74-8edf-f32dbf891b79,6acf22ee-d4ad-4ae8-bb55-9d24a00696f3,7890.96,Net Banking,gateway_timeout,12133.57,1,382,retry_later
d90bf962-e705-4245-b5a0-ece5128cde37,49c19304-a4db-44e0-9cad-2103d547e406,12364.0,Debit Card,gateway_timeout,19080.46,2,227,retry_later
5c3a18e3-94b5-4d34-b34f-d62a63aecf1a,33316857-8114-4115-9223-a81baa864127,7661.3,Debit Card,incorrect_pin,43081.83,0,0,retry_later
83250aaa-7141-428e-a3ed-623c2ac0b204,6d05d3dc-2f80-45ab-9b53-20e7cead05b6,13804.48,UPI,gateway_timeout,29691.49,1,631,retry_later
3f1b3ef1-32b4-44ba-86f8-5d01f0211397,c6fa635b-a0f0-4a90-b25a-7894b1ffcee5,4927.91,UPI,gateway_timeout,23211.26,0,0,retry_now
fceef182-9223-4ad7-ab28-327a23fefa6c,be79ceae-d926-4811-b314-157d2ca61a9d,11805.32,Credit Card,expired_card,49867.23,0,0,switch_method
0dd2dcec-9078-473b-b054-23155c0e5b2d,4f0efca1-f4db-4c61-ab74-6053aa4dc0ba,419.04,UPI,gateway_timeout,42162.97,0,0,retry_now
af9874e7-cd02-4591-a300-43139cdc5cec,163f5715-1905-46be-9fc1-00d0f71aef77,3294.98,UPI,risk_flag,11342.35,1,575,give_up
eeebd5e5-e43a-4c59-a43c-e528b6bdf5bb,af78fe33-0b6c-4953-9e6c-b8f237acfcca,12559.25,Debit Card,insufficient_funds,43074.93,0,0,retry_later
4f2be7c0-af5f-49df-b856-da1ee7e6b476,2df1c05d-5ba3-49ca-8664-26dcd976ed33,10018.17,Credit Card,incorrect_pin,11204.13,0,0,retry_later
a044f07a-7c5b-4c30-b4a6-686fed264562,a5a05bc7-5321-4d78-a9a2-eb9327fc9974,1226.58,Net Banking,incorrect_pin,42729.29,0,0,retry_later
78a01ac1-f5d5-4f71-aeaa-51649d901c8d,bd82ddb8-6fad-4b37-be93-a41b3b64f84f,9147.62,Debit Card,insufficient_funds,2006.44,1,622,retry_later
31d2fb2d-d089-4833-acbc-d0ac8c418231,caa3b1f1-c4ae-4c73-91ed-bbaf199948ec,4859.97,UPI,gateway_timeout,41659.54,0,0,retry_now
c0a63055-aafe-42f4-b6d3-464356715ad7,82d69331-14f0-41c2-a5b6-4f633aeb2961,64.03,UPI,gateway_timeout,17963.85,3,629,give_up
8db887aa-964f-4236-808f-71852d150737,188a43d8-53cc-4794-9598-73d74e638d23,6247.94,Debit Card,insufficient_funds,30821.7,0,0,retry_later
36d5822a-16ce-4f0c-8209-25e3b8f5b5c0,12515da7-a7d0-4a31-a30d-f211ef922efb,7813.4,Credit Card,incorrect_pin,9548.49,0,0,retry_later
5d4a1614-fedc-488a-bff9-fe10148eed0c,3bb25938-e0b5-4b35-83cb-72704f1830b3,13300.33,UPI,gateway_timeout,21950.11,0,0,retry_now
981c15e1-c1e4-4597-ad92-98229208d696,74dc2edf-fa6e-411f-b6d5-1aca4f996008,5114.86,Debit Card,incorrect_pin,91.5,0,0,retry_later
a5101af5-3ef9-4575-8b87-3dd26133c5b2,56f18c97-704c-4f87-bbdd-16e07fb7e876,13738.71,Debit Card,gateway_timeout,10236.99,0,0,retry_now
c662e0f0-4bc6-4715-b3ca-3372451aff31,77a1f581-5dc6-4e93-9458-b82771e48471,8532.9,Net Banking,insufficient_funds,43667.07,0,0,retry_later
058fcd86-94a5-4f2c-8b16-f8f3c406e0b4,cddb21bc-bf44-4ba0-a679-e438ca5327e9,4251.09,UPI,insufficient_funds,26510.95,3,755,give_up
00ea7dfe-2afe-4758-823f-7722a757f592,3c7b15fb-449c-49cf-81eb-7b5240688631,13113.81,UPI,gateway_timeout,13200.79,0,0,retry_now
9180555f-dbcf-4107-8cc8-8040f98515cf,a58fb597-9a1d-4017-910b-52ef49584d55,6784.25,UPI,gateway_timeout,9540.03,0,0,retry_now
eed005aa-32ea-4b3c-81f0-d36d6d6b1ec3,5e59e634-8aa7-4aab-b290-c08596c47521,11410.4,Net Banking,insufficient_funds,6696.37,4,1229,give_up
25a00fb1-b7ee-4769-9122-ab1287af90d0,109a51cd-e728-482f-bfb5-11bfca521ef6,10100.38,UPI,gateway_timeout,17247.01,0,0,retry_now
0d3dc197-8eaa-485e-976b-3419bf096ef0,ceb0665b-d8ba-409c-8415-a6bac0b51a12,8499.68,UPI,insufficient_funds,22658.7,0,0,retry_later
18b300d9-b905-4259-8f97-68a1a0a5fd0d,485de58c-2c38-4d22-b31b-d6c4075eafea,14220.06,Credit Card,insufficient_funds,13318.12,0,0,retry_later
576b1ab8-37b7-4d26-9c4c-190d16e230b2,0c33e3fd-0a5c-4b01-8915-df268f43d54b,2691.39,UPI,insufficient_funds,13270.29,0,0,retry_later
e76813a4-b786-4d7e-96f0-aa53e280c659,c86e9dd7-7161-4793-95e8-4148d06d418a,10957.28,Credit Card,expired_card,28889.57,0,0,switch_method
4333e2f1-ce0b-43f0-8b63-6741b8d281c2,475a0a2b-518b-4bbc-b703-88aef18fde9b,12368.96,UPI,insufficient_funds,44153.29,0,0,retry_later
30573e0a-39e3-4865-a33d-a0af74f367f5,0f75f20f-a830-464e-a0f1-4833724280b5,11401.91,UPI,gateway_timeout,24294.91,1,1040,retry_later
6ed18fe0-cf27-417f-aad1-064a03d1c58c,d04ffead-1a83-4a33-b6d6-99362857ef08,5427.91,Wallet,gateway_timeout,5654.86,0,0,retry_now
acd91f53-4345-4da5-898f-32ac6e8af19f,2ea0a60b-64fb-43f5-aac3-10bc0c9b0b8d,10820.89,Credit Card,gateway_timeout,12238.97,1,786,retry_later
4f2bb390-d242-480a-b025-b996c8ac5606,8e3d01d3-3d61-4039-85e8-9ed3f9d79f60,4828.32,UPI,gateway_timeout,44555.16,3,397,give_up
ba541e41-de0c-429e-9e5d-59dd016fe21b,4b3db492-853b-4871-a02a-3cec65be5c86,8045.01,Debit Card,incorrect_pin,46332.1,0,0,retry_later
a14195d5-dba6-4256-95cf-c8307360be6b,2d4cff31-7be6-4884-859f-fdf6b4912b8b,13699.53,Credit Card,insufficient_funds,371.02,0,0,give_up
873edc3e-f3fa-4b20-a178-6912e7b8ddb6,00b2e0c9-d5de-4c85-b8c2-cd79661f23ac,9146.43,Credit Card,incorrect_pin,30462.32,2,1027,switch_method
ecccacc9-6e0f-47f4-8029-790606f302b0,35a4a211-c733-4430-8b1d-2c0662929447,4023.38,Debit Card,insufficient_funds,9580.17,0,0,retry_later
d88f489b-9658-427d-86bf-6458e23889fe,d48f2e86-7992-484b-a6c1-5cb7305939ef,1376.07,UPI,gateway_timeout,33832.92,0,0,retry_now
553ab651-6b7f-412d-9329-696a3fd57c91,638f955a-bf16-4bec-9b86-b37249bd22e0,14531.61,UPI,gateway_timeout,42978.38,3,974,give_up
8062ae5b-8c71-4505-a58b-ed5b7603776f,25882888-ec2d-4c52-a195-ade9fe85eef6,6868.63,UPI,risk_flag,39071.73,2,452,give_up
a1d913fb-500e-4a63-acf2-9b11d488c9e1,464c6572-71bf-47d1-98be-a807380d05d4,5398.72,UPI,gateway_timeout,6419.81,0,0,retry_now
c8bc8444-b49e-406a-bd0d-7345298be2b3,a3930107-ce51-484e-b4b2-e1495f092850,13370.48,UPI,risk_flag,12926.24,0,0,give_up
0811e1b2-bbe7-4d25-be6b-aadccb84749d,0cdd4a62-cbf0-43c8-a250-d686ad3be7d0,3011.24,Credit Card,insufficient_funds,5793.4,0,0,retry_later
76a0f2f9-c133-4445-a4ee-ab8acc1c4109,895835a4-5411-4792-900b-8c259006fe58,9099.12,UPI,gateway_timeout,29298.46,2,393,retry_later
0c3732b9-d54c-44a9-bb32-f548e409ed24,884a6b08-eee5-4d91-babc-1a829984287e,1763.01,Debit Card,gateway_timeout,22552.7,1,271,retry_later
e4d30e12-2bcb-48d6-ae1a-5ed40e487b87,41e782c7-f582-400e-ac0b-c26382cf8f4a,11777.09,Debit Card,gateway_timeout,37580.24,0,0,retry_now
fbdafca5-ad9b-48e2-8dff-daf72f8b33a9,9f7b7e2a-ec9a-436a-bd96-4d2f638d4a09,8936.61,UPI,risk_flag,3425.15,0,0,give_up
36d72963-698a-4f5f-a466-6862feca8e99,71af9aa7-bc7a-4e34-acfb-46231e85174b,9047.42,Debit Card,risk_flag,1264.57,0,0,give_up
c792e80c-4a4d-4735-8d33-3eee1ba0a8d8,8e558821-a6d6-4055-b3e8-aa871caa2939,7294.87,UPI,gateway_timeout,3225.63,0,0,retry_now
4177cca3-a5eb-461a-a34f-044b32ccd03f,fd9580e8-c6ff-4600-9928-5eb3ebbd9e52,3100.02,Credit Card,expired_card,9260.79,1,232,switch_method
3d093b74-03ea-4930-83f6-ec8635e078fd,c8fa96ab-2606-4bd6-bbf4-1f61fcf8a063,13109.75,UPI,gateway_timeout,15344.66,0,0,retry_now
0bc80678-7977-4611-84ac-99728724bec7,d50cf6a3-5421-49af-8bb3-785c5c019e6e,14626.78,Debit Card,expired_card,34620.6,0,0,switch_method
43675c47-45e9-4ca3-993a-f214fbc4c90e,a005fc02-64a5-49e7-af19-33223bbd3a94,12602.48,Credit Card,insufficient_funds,26416.18,4,1373,give_up
98c9a117-4d91-4d2f-b5fc-9ba059cc1ac0,8871ada2-4b1e-4fce-91a9-f71499d87a31,7445.56,UPI,risk_flag,46835.97,4,255,give_up
5cd663d4-b448-4444-80de-ace49b80e9ed,5c9b3dd6-6e4f-41be-9aa5-f3e4a5b464a6,1072.99,Credit Card,insufficient_funds,33194.49,0,0,retry_later
245a33f4-89f3-40e4-be31-c895562e9617,c73c06b4-4d8a-4442-ba6a-94855d5caec3,949.46,UPI,insufficient_funds,32034.56,1,629,retry_later
fe2e343d-df7b-46a9-b01a-17b305f87867,2401a7d3-b6d3-44b6-b320-b3bcca8e10cc,556.23,UPI,insufficient_funds,40789.8,0,0,retry_later
16912e2b-5f0c-47f8-9417-85cc23c5a961,17c6c48f-e99b-4730-94ea-2c95a9068b82,9927.46,UPI,gateway_timeout,20292.61,1,1035,retry_later
e5c2549f-1a04-4f93-a147-d8c6894630da,39de6c16-89b4-42ae-99ac-32f6efa866f2,10256.88,Credit Card,incorrect_pin,20194.18,1,589,retry_later
c0bd2734-ae70-48e5-8222-0bafe1733fab,3f9eea9c-7eae-44d6-8925-6be70cc2c884,4430.6,Wallet,gateway_timeout,29601.24,0,0,retry_now
a24db569-d49a-4507-addf-5b3701d77070,4db51176-7ea0-4975-9350-dff15999be93,5435.69,Net Banking,risk_flag,16982.27,1,339,give_up
1719bc52-851b-41ea-a3e6-337dbf12c88c,d5351476-3ec8-4a86-a069-cb3e87f42459,7816.28,Credit Card,insufficient_funds,26508.19,1,94,retry_later
87665586-8c50-4183-97b6-88883fbc897d,e1e307d3-8b68-4de0-a6d8-f5201b000123,14698.57,UPI,gateway_timeout,22989.12,0,0,retry_now
b823cc09-9f9b-468c-a187-f9029c620bcb,d049ad33-3703-4059-a11d-c3ef04beb4d9,11438.28,UPI,gateway_timeout,25586.33,0,0,retry_now
b62bb1dc-aa9a-412f-800b-37da280697c4,5f77aabe-9bd5-407b-9141-e36cb661d786,11133.64,UPI,gateway_timeout,24165.48,0,0,retry_now
bcabfa77-9555-4a98-b423-25c63a63a3f2,e6fa5927-987f-4120-8065-71fd2b57ccfb,7039.34,UPI,gateway_timeout,39961.94,0,0,retry_now
e09cc77f-2ba7-44e5-9b78-922bd2d5ecac,44277a1c-afef-4c82-8f10-fe80f8cdea04,13008.79,Credit Card,risk_flag,11647.88,0,0,give_up
e207e42a-e575-42f6-9df5-edaa5313b755,41adc4e5-2844-40bc-8cfc-04d88751e966,2943.26,UPI,gateway_timeout,33719.84,3,1239,give_up
a3fdaf01-be86-4c9e-abb4-62c1805c9539,fc3d9f8d-cc44-45f0-8b48-1b945d679d7d,5469.28,UPI,insufficient_funds,32278.68,2,81,retry_later
26186b0f-f26c-42b3-89e6-5c9811e8e13c,4f3413c1-b716-4bb8-9ea8-893648356372,1813.7,Net Banking,incorrect_pin,19907.46,1,1420,retry_later
013abbca-5aeb-46f7-a8bc-b9e623c69f63,682cb1c4-82ac-4875-ab46-4cfaa612f330,1413.03,UPI,gateway_timeout,40899.77,1,9,retry_later
d2b4a540-b6b2-4f15-aaf6-552096294b36,0b7f55ff-7401-4625-82bc-a0a07f1c5c15,13965.28,Credit Card,incorrect_pin,1454.38,0,0,retry_later
a5ee7c6e-ef70-4061-acb4-c50d1133eabd,5aa64358-667e-445d-a541-7bdca36781ab,1518.99,Net Banking,incorrect_pin,35633.07,0,0,retry_later
b7bfb6d0-db9a-4a01-b3ae-eeb0e544c613,6b01a2ac-c3b3-444b-b6ea-074f6dbcf182,3970.19,Credit Card,incorrect_pin,14441.23,1,520,retry_later
7b11cda0-bf00-4f14-9e8a-cb057af53e4b,80381f8c-c64b-48a7-af04-75da9fa21c13,5270.79,UPI,incorrect_pin,16709.19,0,0,retry_later
848d82cd-54a0-49a6-bac3-ebe6748cd764,b2bef901-d7b3-40f1-9abc-9803f872d3c4,960.4,UPI,insufficient_funds,41890.78,0,0,retry_later
48251da2-d27d-47f2-8f1b-381d5db42b3c,aff2aeec-de6a-4226-84ae-7ba341bad993,9678.28,UPI,insufficient_funds,31015.15,1,1244,retry_later
a5da128d-92c5-4fdc-8af4-8322de376a41,5ef3e54a-f107-4dbb-b96b-f66886daf636,2590.33,Debit Card,expired_card,972.46,0,0,switch_method
86afbb2b-8f66-47d1-99e1-8e23beea72ee,677a2ad2-4c5b-45c9-8197-1143d1e789b6,1852.67,Debit Card,expired_card,9509.33,4,295,give_up
d30b0018-7230-4d4b-a5f6-f092cf2bec2c,09466949-0cd9-4124-a932-d2ab015f01f8,7845.09,UPI,gateway_timeout,29471.57,4,756,give_up
8bd9bd0c-3c49-4905-be61-624845cf13e3,1df6ab12-4119-4ce7-9606-340646db57d9,4314.29,UPI,insufficient_funds,29699.04,0,0,retry_later
553b75c3-11d3-4a3b-a7ce-c924aa4d7e25,ce747ecc-78e8-4bc5-99bd-3b0f326a9db3,6078.43,Debit Card,insufficient_funds,6245.2,0,0,retry_later
17beabbd-7f19-4349-90cd-0165ce3cbe38,63dcdcc9-347b-481e-a7ae-106decc1b586,8160.01,UPI,gateway_timeout,23908.27,0,0,retry_now
83f147db-4b69-41c2-8305-21d64cdd2ba3,3326b729-9ab9-47fc-8652-67b279ee5032,12454.7,UPI,gateway_timeout,15808.9,0,0,retry_now
df38334a-e923-4f9e-a874-64d46362e792,38f7012f-f02c-4f04-b2ea-9c881ea1a9fc,14738.99,Credit Card,gateway_timeout,42255.62,3,1322,give_up
adb9e5d6-3874-4081-8452-0bae519ea2ca,40a54c1c-fa55-43fe-a654-59010e95e1a5,4315.79,Debit Card,insufficient_funds,45992.4,0,0,retry_later
b482d417-50b4-4692-9807-6f85a1024004,a25be75b-2e8c-4e85-80be-9b7875b06ac8,9009.08,UPI,gateway_timeout,4235.04,1,173,retry_later
590e5c2c-44d1-4a35-a3d0-5ed7b3bffcfb,822aed58-71b3-402f-af3e-b82052d65078,8669.66,Wallet,incorrect_pin,21360.17,0,0,retry_later
5e03f97e-30dd-4a4a-9295-d95b624271de,39bb9c8e-a177-4b14-8e75-64bef2b3e9f8,4648.31,UPI,gateway_timeout,15588.54,4,1362,give_up
a884caab-7c44-4f58-9305-1b56a090ded4,d3f34bf3-7472-4962-9301-e92bea414018,5134.8,Credit Card,expired_card,42100.78,0,0,switch_method
7a7686fb-699d-44bf-aa59-39a52ef86029,f7a8dade-b3a1-4995-9c34-f2a915436cea,11285.52,Wallet,risk_flag,43621.33,0,0,give_up
08110072-310b-41bc-aa57-99be3e46c2de,63e48cba-812b-44b9-8bf0-f5ac644d7c51,7580.38,UPI,risk_flag,47553.27,0,0,give_up
c4dbc2a4-952c-45fc-a017-7358e5e0181a,470d19cf-e7da-4135-ab70-b5c03cb36771,6793.79,Credit Card,incorrect_pin,26685.07,0,0,retry_later
f89ec702-bba7-46ad-9921-d5f57ac5ee87,001cd352-00a1-4dfc-bf60-125108546fd0,8987.06,UPI,gateway_timeout,43371.78,0,0,retry_now
b7887611-c651-481b-aa97-f05ce3016aec,2c855d89-c98c-4b80-af64-06fdc3fd2a47,4683.34,Debit Card,risk_flag,49130.5,1,1244,give_up
c02e41bd-c6ef-4edb-ab57-13c4279c900f,05f0bf7e-eba2-4396-9489-f3e3564a0cd1,8146.95,UPI,incorrect_pin,1012.43,2,1088,switch_method
229bc1e0-210d-4a31-bd47-82531b74b1d2,e9f12cea-d00f-49db-aa8b-1864c5f0e2ca,13671.8,Debit Card,incorrect_pin,28840.99,0,0,retry_later
0a5227a1-e98e-4a25-95d4-d744779d4821,e180c227-2ee7-4e22-aff8-df31f67f7d2a,7050.04,Debit Card,incorrect_pin,4348.94,0,0,retry_later
6e199a6f-f629-408b-ae1f-d4027fa09811,f6e38070-9eb3-46de-9321-a7013f6820ec,12325.12,Debit Card,gateway_timeout,46568.99,0,0,retry_now
b5c98078-68b7-42c0-b5d5-26a84d6412bf,cab8a761-b795-4e6d-9a16-d077b18f7d03,9248.29,Credit Card,insufficient_funds,5160.98,0,0,retry_later
b6451e72-e9a3-45e5-b381-1f3daaa2097d,7b56ff69-be71-4688-a8ad-88458644bee0,6810.51,UPI,incorrect_pin,18317.41,4,508,give_up
5ca34004-8611-4dc1-abac-9735ecf412b5,144ab9f1-29a5-470b-92e1-e151cf833cd7,3128.42,Credit Card,insufficient_funds,20308.49,3,1128,give_up
3a73483e-6ba5-49fe-96f8-05eae13cf09f,1d7a020c-b3fe-47b1-9df7-3790fb93bcfe,1562.79,Debit Card,insufficient_funds,38671.33,0,0,retry_later
4fc7dd76-21b4-4a0f-ac3e-116b1b97ae45,11ffe54f-8e6d-4c55-8904-6ed05c463002,2633.72,Net Banking,expired_card,29462.8,0,0,switch_method
e39c12b8-0622-40aa-ad34-7bc49392a9fc,0ce3b318-c477-42e8-a279-b3fc4323cfe0,10101.35,Credit Card,incorrect_pin,45624.51,0,0,retry_later
dc0a574e-0ae8-4d57-afe0-eaf5d79f7c83,45ebc5ba-e748-4162-9374-ccdf3b9add03,12206.7,Credit Card,gateway_timeout,35375.92,0,0,retry_now
40eb27ba-bfb3-461b-b235-b5fcbe4989e9,aa9fa92d-80a3-4431-81e1-93ad67ee4377,11842.24,UPI,gateway_timeout,17495.59,0,0,retry_now
d9b3e212-2f71-4618-ad3a-126315b11859,7cd324cb-e33e-4b1b-8cb5-cc612d196343,4374.76,UPI,gateway_timeout,18649.27,0,0,retry_now
c2adc21e-d54b-4c29-a5f3-9c6035cc60b1,9d79ed62-3cc2-4a15-9e9d-0afe0e8bdd11,10134.25,Debit Card,expired_card,37047.8,0,0,switch_method
e2ec056f-36ae-406d-a6e8-72eb449dab37,ad0fea56-873d-4ee1-a3d3-74d361a07f51,12251.17,UPI,insufficient_funds,12497.05,0,0,retry_later
2a2241a8-057b-4547-b912-d5bfb7f0e5c7,aa2b9752-5e56-466e-9f97-10ce3c89bac9,12681.98,Credit Card,risk_flag,14355.41,1,338,give_up
cb347ac0-270b-4805-97cf-4fdfd0cb4cd3,4b208d61-f599-406f-916b-76ce88749b43,12753.06,Credit Card,gateway_timeout,34360.41,0,0,retry_now
18ca2196-2c83-45e6-a262-3f1854f6f1d0,df278d31-6a46-41ee-9748-2d5c85010308,3051.56,UPI,gateway_timeout,32659.18,0,0,retry_now
d7e8ae2b-28a0-4f11-a30f-e7aab3e68511,5d27e2fc-9350-44a9-b329-a01b7d7027b1,14108.56,Net Banking,expired_card,47709.54,4,424,give_up
151f10ae-2ce7-424c-9d35-873111741c7a,f556e879-fd96-4e24-93d8-8c19ffc26417,9168.17,UPI,gateway_timeout,12983.77,0,0,retry_now
306ab744-bf8c-4ca3-ab14-ab35a5201a34,fde4d47f-d617-4bd7-a47e-66e7078a1f10,7736.18,UPI,risk_flag,19038.38,3,568,give_up
6204724d-85a6-4aa3-83a4-236facbcb92c,1ce91532-b87f-4766-8ebc-47de3ab954ca,14265.52,Credit Card,risk_flag,38027.15,0,0,give_up
cf3c631a-1ce7-482e-abd0-a8f330349207,afc96fdc-f019-4928-8240-ae210e2e157d,13302.46,Credit Card,incorrect_pin,23711.0,0,0,retry_later
a7fe61e6-1819-4ee3-99df-f0b39f92014d,7536a1d1-c673-4f46-8c9c-129100c73f00,4249.04,UPI,gateway_timeout,11149.3,1,387,retry_later
73e6af1f-93b4-48d6-bd58-f60c90214e73,39a9829d-a4ad-47cf-bcca-debd27af95e1,4567.64,Credit Card,insufficient_funds,46614.63,0,0,retry_later
ab4f6b50-bd5b-464b-95d7-5b6c14364218,dd104751-5757-4ac9-968a-92bc122faac0,11426.79,Net Banking,expired_card,31420.37,0,0,switch_method
81bebcb2-75f0-41da-a7b3-ab5d61d0400c,c6214286-c117-4d38-87c9-b43dc08ceb89,2952.65,Credit Card,expired_card,46109.74,0,0,switch_method
a84a832a-cecd-46fa-898f-4123de5434dc,e346ac62-e027-44eb-b713-860848ca5e21,2647.37,Debit Card,incorrect_pin,33583.28,2,611,switch_method
ee5b781f-6963-4253-98d5-3763143c0a1e,9fa60691-4271-4d61-8a14-f99cf36c0fb1,12285.42,UPI,gateway_timeout,34610.8,0,0,retry_now
41529cd5-b1bf-440a-bc8f-a63525186b8e,54ce9980-36fc-44b6-b8e2-fe61de6252ae,2018.93,Debit Card,incorrect_pin,282.27,3,1270,give_up
f2b754b1-6e2d-4643-a546-edfe1c42977b,50496a2a-4749-4475-99f0-0988d4ab9d80,6509.97,Debit Card,risk_flag,32641.42,1,66,give_up
f2f46d44-7c14-48da-8589-c2577f4dce9c,cc5e1c12-3cc7-489a-8250-c88b259a5b71,517.75,UPI,gateway_timeout,5243.56,0,0,retry_now
2fa6b566-867d-4e7a-bb2d-d3bf41bf5415,710ac66d-339c-497c-9e17-499e3d46f773,14365.97,Debit Card,incorrect_pin,21861.43,0,0,retry_later
582c2f73-d398-4540-b20f-2eacba92583f,67b39622-e5e7-45c9-be07-fb9ad766fe2c,191.58,UPI,insufficient_funds,32402.42,0,0,retry_later
4d479636-6ff9-49f4-824d-017a67b6f25a,26916089-90ac-4bb2-9d5b-2d984ea3cde0,10007.16,UPI,gateway_timeout,15084.21,0,0,retry_now
76c8b9d2-e355-4fb4-adbf-09995fc074e1,a36b7c04-9e89-4db9-81e6-32851c358bc3,10762.07,Net Banking,insufficient_funds,31691.39,0,0,retry_later
701c1e54-fdf9-4370-ad62-c5bc45b89f1d,c37bd04e-0ced-4ccf-9413-ade0a59395b1,1139.05,UPI,insufficient_funds,7743.0,0,0,retry_later
6d486164-188f-4c6b-8299-8301ffbf4d37,7000aaeb-72ec-4282-832a-c2a8944cc000,9991.19,Credit Card,expired_card,40851.99,1,877,switch_method
9e963e22-6904-49ba-8acb-9d6427cdf52b,72bb8895-ca42-4675-98a9-7206c3a78f88,4340.94,UPI,risk_flag,10724.69,0,0,give_up
68d97948-6fbb-4077-83ce-a2d2ac5e839b,779f0039-0613-45be-9f92-5835122aad3d,9900.55,Wallet,insufficient_funds,4350.34,0,0,retry_later
4303d49b-9cfc-4bfd-8b2b-de56e9f38672,fc188d57-492d-4cce-950d-7e829a06c518,1546.03,UPI,gateway_timeout,19853.41,0,0,retry_now
f1505b68-af48-4d37-91c4-8003cd2298ed,6aa23435-964b-4d69-ba05-336f39d83ad2,13518.82,UPI,insufficient_funds,19752.92,4,1369,give_up
51ca6fd2-a566-4f36-abe7-6e11bf13f841,56d7cfb9-213b-48c8-ab16-e4eaed3a720b,476.49,Net Banking,expired_card,43845.07,0,0,switch_method
ceb0cc83-0e23-448d-b98d-efdeb4beb69c,592f1c4b-b7cf-4248-a212-aba8672738c5,8451.05,Wallet,expired_card,36161.56,0,0,switch_method
541849b0-3fe4-4e09-803e-55c65704a1a0,b51d39bf-90c2-4520-a8e0-0f638d40bd63,4732.16,Debit Card,incorrect_pin,15748.61,0,0,retry_later
02b2b90a-f8c5-4d1a-8300-00ecbe3ceec0,2f009167-76f3-4ea6-aac4-9e3aef97b399,9364.42,UPI,insufficient_funds,36381.17,0,0,retry_later
6317d13e-0ae9-4c11-b657-abb2edcff03e,3badbe2c-f771-4005-9b29-fa4cd5423a3f,7825.1,UPI,gateway_timeout,26128.5,1,1004,retry_later
a1c9d110-44d2-4c7b-aa90-552e0d8cc23d,f3c05c5c-3d7a-4e79-ab92-cb0228f46095,6816.86,Credit Card,insufficient_funds,15683.05,2,963,retry_later
8e4f1dd8-bbc0-4152-b65b-230c0175676b,2f77721c-4649-4223-bae1-81a77134f29d,13525.74,UPI,gateway_timeout,10587.58,2,319,retry_later
58cee04d-32e2-40cc-80ae-f1f870f8421b,2136cde4-286b-4e26-b129-47cc9333853d,2356.69,Net Banking,risk_flag,2154.21,0,0,give_up
4c239076-4611-4fc5-999c-f2bad2487a89,cf7f2dc8-c2e3-45e3-9453-97bf3429e5c2,2954.25,Credit Card,gateway_timeout,3596.66,2,738,retry_later
e0daddb5-1688-4306-9c21-d398904943f2,964b01b9-ece9-42c9-b262-ac5aaeb8e70b,5122.25,Credit Card,incorrect_pin,47190.24,0,0,retry_later
61b0c8e5-c694-4f2c-8643-8b991b43e4ed,920ffe55-ba73-4b50-9491-3032ec404e59,12275.39,Debit Card,incorrect_pin,42311.42,0,0,retry_later
c42389cc-06be-4190-bcdd-e779d5b96157,27a599b0-5675-4792-8d8a-bd000b5b5221,4642.31,UPI,gateway_timeout,34492.58,0,0,retry_now
b222ada8-873c-4761-ae34-3e2e3284c37c,9b2b463d-3cd1-4f44-ab44-dc60ad1909de,2873.88,Debit Card,insufficient_funds,13425.4,0,0,retry_later
377ce9c2-468a-4faa-9dca-875b6de07876,eac66afb-b5d8-4a7c-b5e0-52c850fba87a,10607.45,Credit Card,insufficient_funds,12068.53,1,937,retry_later
43310901-5e9e-4224-8472-10c010cd8fc9,eb27c748-d4fa-494a-920c-4f40022fed0c,2184.5,UPI,risk_flag,16979.54,0,0,give_up
4e52dd5e-28a2-4b98-9942-567aa39e0c9e,bc1a4d31-d007-459a-8f0e-31ca4c07c28b,13775.94,Debit Card,expired_card,2786.26,0,0,switch_method
8732b8b2-66c2-4538-ac50-d3ba11b52321,f5719bf4-ee94-4318-a245-30f8af3b42ab,8594.09,UPI,gateway_timeout,43486.52,1,389,retry_later
7ad39618-7872-4319-b8ec-8864514ce568,914dd6a1-aa02-4374-bbce-6c1ffd27e21e,7061.5,Wallet,risk_flag,21905.03,0,0,give_up
3ae454fd-0c8e-4a0c-83bd-d38046d759ea,23fe231b-e675-47d2-995b-80bcaf94611b,9550.17,UPI,gateway_timeout,29009.39,0,0,retry_now
0ccf0809-a1dd-4728-88f6-aa12f0e39a4f,88f120cf-0287-41cb-ac5d-aae949e37a8a,3802.94,UPI,gateway_timeout,6643.09,1,551,retry_later
bd5aa8b3-dc0a-4652-bf60-77419a6848ca,9fb49ebc-4a5c-4c07-8924-227f8f0c83c9,1465.74,UPI,gateway_timeout,31546.38,1,332,retry_later
813e7c38-2ff0-4f4a-ae87-936fd345ab98,c089cf6a-e0b0-4205-b9d2-ea22937992e7,13872.83,Credit Card,risk_flag,15271.88,1,394,give_up
0892ada6-cbb0-4e84-b440-e364094d2d64,e2556061-dba9-4945-b54c-8d55ce728832,9998.98,UPI,risk_flag,23296.64,2,620,give_up
b34535d3-1471-44d7-af25-c275b4e7d866,8aa3c566-0a43-48f7-bb21-7f71e8e6819c,11628.86,Credit Card,insufficient_funds,5826.2,0,0,retry_later
21e1a4ca-be1f-4ffe-82b8-7789ca3c509c,5c5ad71e-8b5b-4e4b-974e-02fb3ef65bdd,6126.6,Debit Card,incorrect_pin,36948.35,0,0,retry_later
e7ef5295-6692-4c67-a1ac-fb12eee18619,0eeb1439-9538-48f4-b69c-f3b64af61c3c,14426.65,Credit Card,expired_card,31318.31,0,0,switch_method
8a795b89-c10c-4277-8fb0-408ee3005592,e4ab67f6-8c79-4dd7-9702-5a559e2ec6a2,11056.46,Credit Card,incorrect_pin,12035.58,0,0,retry_later
5b8c4cec-ea5d-49f7-9e45-d8c4b8faaed4,30fe9b13-474b-4dff-9ef1-497ab0b09428,8728.0,Debit Card,insufficient_funds,49947.08,0,0,retry_later
26acf5fb-3da0-489e-b768-e04a1cb1279f,cde650af-c823-4a73-b1c5-a39914685d37,568.84,UPI,gateway_timeout,6880.78,1,1205,retry_later
3904155d-51a3-4cce-af45-142920a4c022,49bdaa09-a984-4136-8d87-0f450d9e60d1,12699.33,UPI,gateway_timeout,41624.62,1,396,retry_later
4b6172fb-8525-49f5-89ab-b7db47fdbcbc,5d1ad7d4-b7b1-459e-8906-2be1d63345bc,14473.76,UPI,gateway_timeout,19349.49,0,0,retry_now
eb9cbe58-af49-4211-b4d2-39a4ec0935c2,3a860a58-676d-4736-9198-eb11b4f1d152,12654.15,UPI,gateway_timeout,24014.44,0,0,retry_now
43fb2c7f-84b9-4422-bccd-fe6299a81b02,09a031c4-c1b7-4d57-9c0c-f31f060f2be1,2787.71,Credit Card,expired_card,44745.36,0,0,switch_method
0f1b3b2b-3786-4464-9260-cff71457a0fd,972d2728-122a-4193-bb75-4b0e3253acfe,6754.58,UPI,insufficient_funds,25425.21,0,0,retry_later
6e9dec0a-6083-4071-9a98-86c3b54b15e1,7ea7703f-6a03-4c57-b1d3-aa020f6cd0fa,9464.29,Debit Card,insufficient_funds,16623.56,0,0,retry_later
5b151686-c93e-482a-87df-b1bb4fe159f3,0135bd90-fdd2-4353-bc69-cc63b90d89e4,10069.7,UPI,insufficient_funds,40566.97,0,0,retry_later
020d0aa0-be24-4048-bd90-fd58a93ee8e5,db689a77-5432-48b0-a294-4e322c0ab47b,8804.87,UPI,insufficient_funds,21152.95,0,0,retry_later
d7260f8b-568a-4c01-9496-46f393bf58e8,862aad4e-ccd5-4382-9d8d-ad1c8c64d304,2156.11,UPI,gateway_timeout,19171.77,0,0,retry_now
5add9840-a809-4b7d-9d70-a1079835788b,5ba00057-69b3-454f-b0a1-07cd8607e91f,2862.22,Credit Card,gateway_timeout,38781.25,2,929,retry_later
1498d60b-3002-4b8f-86d4-e039ca1b6e7d,598ac04a-70e0-4c78-9290-ceed8cf964bd,748.69,UPI,insufficient_funds,36278.26,4,743,give_up
9dea690b-64df-4e52-af3e-222d25902005,1773beb0-91ec-43de-9960-5699de391d6f,966.98,Credit Card,gateway_timeout,41995.2,0,0,retry_now
65a43f73-7738-42cb-a651-911387655862,450784a5-87b7-4dbb-bddf-46dbdc377229,185.42,UPI,gateway_timeout,25409.24,0,0,retry_now
08aa438f-96f9-46fd-a713-23c47fe4f924,e2267679-78b0-465f-811e-cc717ebc7f8d,7102.74,UPI,risk_flag,18022.97,0,0,give_up
3a6b2f2a-77d0-4113-8a98-57a7822db16c,1f97cdd1-1d84-46d5-9842-30dede52039f,11365.66,Credit Card,expired_card,43587.32,0,0,switch_method
9db5086e-c9d8-48c6-adab-3db7fd938282,81b18eeb-b23b-4cd8-8f96-c3d1ce0ae96b,12948.38,Debit Card,insufficient_funds,29700.64,0,0,retry_later
1a0bce1d-bb02-4844-9591-264fa64f30e9,c97782ab-a1d3-438f-b0bf-6dfe2a914b89,10829.34,Credit Card,insufficient_funds,34979.82,0,0,retry_later
d69c810c-a1df-411a-8654-b226ed820f09,3b3a1d89-4ac7-4986-8f46-36e36fac218c,10592.98,UPI,insufficient_funds,29135.94,0,0,retry_later
4e223069-0e3e-45e3-ac68-62697735c387,3ccec519-8989-4dcc-bb25-80a17a0b80d9,14762.81,Debit Card,incorrect_pin,34129.08,0,0,retry_later
4bbe60a1-b8e5-49a8-8acd-0e994ffbbf94,448ec2f7-2313-4383-bf66-62e5f205be65,12768.04,Net Banking,gateway_timeout,37539.41,0,0,retry_now
7e538317-2668-4dc3-aa44-6462284d9c9d,75fd4a7c-af2e-4b04-a335-e2fd4a64e2de,1955.79,Credit Card,insufficient_funds,22540.97,4,520,give_up
248db1af-f38a-4abd-9621-95963a2bc346,b694ed79-ae7c-45b3-a774-0f5c133357b8,11991.88,Credit Card,incorrect_pin,37018.23,0,0,retry_later
3523298a-ec37-48eb-b126-7c3b6d8501df,9f600657-2cbb-48c7-a821-1c4bed727257,4583.63,Debit Card,insufficient_funds,536.14,1,742,give_up
7a86a3c8-acc4-451c-aabb-143d90472fec,5b16ea8b-d5c4-4638-907a-d43da4dcb9b4,12968.97,Debit Card,expired_card,23167.97,1,889,switch_method
4f1b7a1b-c4ea-49c7-b1e0-de7bf15f9ff1,a90c891b-b188-40f7-843f-8610008be35f,2698.1,Net Banking,incorrect_pin,23213.15,0,0,retry_later
2225a896-2ae1-4dd8-b68b-9cde5003f18e,fd34daca-0a32-44da-9c07-df8767c1d814,7729.67,Debit Card,gateway_timeout,29735.97,0,0,retry_now
31ec0afa-a348-4fb4-ada0-6c212910380b,46fb832f-2974-467c-a53f-1c7f248a5de5,11872.53,UPI,risk_flag,37575.37,0,0,give_up
bc8a1749-3d6e-4b2a-8fbb-203d936c94ab,ffd5cc74-f99e-4865-a11c-2f1f40a82aeb,9636.37,UPI,risk_flag,31444.15,0,0,give_up
5d54b38e-23b6-4ffe-929c-c20395738fe0,68610bb4-08d0-4cba-a44b-b4637ef28ca7,1789.02,Credit Card,insufficient_funds,29089.29,1,1259,retry_later
70abe9c6-404a-4c6e-b805-e632389531ef,a7c34eaf-a0a3-40e3-b43b-36a79732ed61,9782.48,Credit Card,insufficient_funds,29521.86,1,1248,retry_later
528f19b7-38c0-42ca-b720-873ef3cdc561,4c612665-c831-4eb0-8a99-72a2713a5180,11999.89,Credit Card,risk_flag,13331.93,0,0,give_up
df0a9db7-a2a1-44e5-b90a-37b3c9ab420b,f7fccbbc-bf1d-40ef-bf68-ea6d1bf91774,11649.82,UPI,insufficient_funds,39459.99,1,1241,retry_later
0fa0aeff-62b1-4e1c-81b4-adc210c839a2,c7771e77-a3b8-405d-99a2-382efa205d2b,14351.96,Debit Card,gateway_timeout,12849.18,0,0,retry_now
e25f48a9-fee5-4db8-90dc-164a87c11664,2bc1a066-0092-4062-af32-ec7405bcf22e,4141.91,UPI,gateway_timeout,40342.53,0,0,retry_now
14c5c952-b394-46da-857a-a260467bce68,713f5488-9a46-4510-890c-33d1a30c98e6,7561.12,UPI,gateway_timeout,20567.04,0,0,retry_now
769a3b28-3345-4b55-8774-9bc5d17259c4,8c5ff502-e3bb-4b9d-9795-261708bdea81,11997.19,Debit Card,expired_card,5056.24,1,508,switch_method
8865c908-be4e-48a6-8426-64a276e028de,ca64e014-560d-4aaf-91c3-1eb370b980bd,11798.79,Debit Card,insufficient_funds,2223.73,1,326,retry_later
7567d2b2-b775-415c-a68c-b4895971c1a4,b579f684-62ed-4591-bcd8-920ba2f1b20d,11936.57,Wallet,gateway_timeout,35320.53,2,301,retry_later
06181808-d2a9-41da-b1df-db84054ef132,98b415b0-5189-4f59-be1a-4b9cb3f804f7,4730.02,UPI,gateway_timeout,6753.52,0,0,retry_now
8608cbc1-cdbc-45f5-9f39-53f1a3a8d379,ce1f245a-cc77-4cbd-af9a-e6f4a2670022,14533.41,UPI,risk_flag,26542.82,1,670,give_up
0429d139-30b2-4e43-8d8c-b634b02e3e72,d5ba2cc6-bf7c-4f54-9758-f130607b93b7,2834.33,UPI,gateway_timeout,31249.33,4,665,give_up
149472bd-d926-4074-ac9f-6b4da8cb6723,67acd9a3-bf91-429d-8ca6-0c4b493717dd,344.62,Credit Card,incorrect_pin,34303.8,1,485,retry_later
3d7fbf24-a2e5-47a4-9160-d28ee48044f0,94ca6341-9631-4d4d-8f7e-a86d5a36ee15,5188.82,UPI,gateway_timeout,16610.46,1,315,retry_later
36ea71bd-0c4f-4f17-8042-b6b362f25e19,a78f63a9-9757-4747-9474-b817f78c37c0,12578.28,UPI,gateway_timeout,49903.56,2,1286,retry_later
135e28f9-faf7-45e9-a389-4da48bb5a4af,1acd0de0-4734-420c-beef-eefda56d0e9b,9035.35,Debit Card,gateway_timeout,37409.55,0,0,retry_now
08221dc2-7463-48bb-a69b-a18fdf2ac48a,5bade4c3-727e-4657-82c9-81aeea9585a6,3110.52,Credit Card,insufficient_funds,14089.39,0,0,retry_later
1ce19abe-ee07-407a-92d0-11ca6115c2b5,144905df-37cc-4034-82dd-3b089a6fac32,4855.54,Wallet,risk_flag,25879.94,1,915,give_up
1c90728c-7bc7-411f-a9c4-8953bcec961a,330f2739-900d-4958-8983-7df7c57affe5,4423.91,UPI,gateway_timeout,33723.06,1,552,retry_later
33f9a6ff-c094-4b5d-be55-de015fcb1a4b,711ad1be-a793-4e8a-9447-a23a99baa120,13729.5,UPI,gateway_timeout,14179.59,2,456,retry_later
0e53d3b3-b02e-45e9-a4e3-edd93a4dbf5e,2718eec8-7da7-49a1-9758-2deee07dd04f,1651.5,Credit Card,insufficient_funds,43472.85,0,0,retry_later
44207b23-e3b3-47be-98f8-cf51c1edb2fa,7ee8b025-8489-4868-9ca0-aa373831dcb6,4232.14,Debit Card,incorrect_pin,35890.92,2,738,switch_method
25276e5f-a82e-493a-acf1-dda65ac0f540,18d9e8d1-9551-411c-84ad-287c5f2b9626,12475.0,Credit Card,insufficient_funds,2153.37,1,6,retry_later
67623b62-f0c7-4f2e-a926-bfc0b39feb8a,01433b46-917b-441f-8d32-933cd3cabe92,12720.96,Debit Card,insufficient_funds,718.37,1,221,give_up
b0cb01ee-3724-4fc9-9201-980f14ece41e,36890a01-7db0-4913-8050-cd78cff4ba70,4376.23,Wallet,gateway_timeout,26432.79,0,0,retry_now
158e57cc-bc37-4508-bcd0-1adf7a4fe8de,03cdfed7-8008-4cbb-b59b-460d8d00f594,1937.59,Wallet,incorrect_pin,44622.77,4,162,give_up
040cf175-f2eb-47cc-86cb-8f97d5fba7bf,62aed38e-5237-443b-8b27-f9ca37f62287,10903.97,UPI,gateway_timeout,37970.57,2,1020,retry_later
f705fd8d-3e98-4367-8ad2-62b823f924d7,9900bd82-352d-4429-a638-f3592a550f63,11860.44,UPI,risk_flag,27140.54,0,0,give_up
928de791-b758-4cc2-952f-4914b09ecc0d,2daff0cf-ef7f-45b5-a67f-fde325c62558,11680.55,UPI,gateway_timeout,8010.24,1,110,retry_later
bca9c496-e1f6-4320-8759-5b0efaea8746,85a10368-accb-4605-8b7d-b2727f6a7be8,8995.51,UPI,incorrect_pin,43483.66,0,0,retry_later
b9721f87-4b1f-46b6-a2d7-dea4f081c57e,c839d355-8ae1-4b39-b608-c0c41e1442ec,8785.87,Debit Card,expired_card,45884.71,0,0,switch_method
af56c7c9-5a39-44af-b5df-25db001305d7,344a965d-6418-4c5e-b337-d07dde894de8,2509.03,Debit Card,incorrect_pin,41208.13,3,1356,give_up
158e65a7-6ee8-4d8b-b0a9-4bddb3e25921,19ccb059-581b-4d1d-9db8-4c4ff17661a6,5518.22,Debit Card,expired_card,11565.08,4,977,give_up
a48c30e8-cb25-446c-94c5-cc063c8adc2f,fa5a3245-1913-43b5-b9e1-5819ce61111c,1571.52,Debit Card,gateway_timeout,36438.07,2,1422,retry_later
7a15f265-bde1-4470-83bd-f859f5c185ba,61d642a2-0bb1-465a-9db1-e4ce993a4472,9942.38,Credit Card,insufficient_funds,31781.4,0,0,retry_later
8ce973e7-61c7-4083-8809-7bbb502be778,d5f6c90a-d197-4884-b87a-3d86d6f0efaf,8630.53,Debit Card,expired_card,38311.95,1,372,switch_method
189b2b55-a08e-4f79-9b6c-f2e3b0466cdf,7908a595-0d0b-4dea-b45f-648615358c63,11195.47,UPI,insufficient_funds,10646.19,2,1219,retry_later
3ca6a0d7-3aec-4a05-b6d8-bc4fe88a6801,7474cf9d-90a5-46d6-a4ae-3069ed0bd36e,8282.44,UPI,insufficient_funds,48243.23,1,333,retry_later
1a465d2a-907d-41d7-b282-f754bc1dbe16,53a23970-9965-4055-8823-f3d73e16a0a6,4101.59,Wallet,expired_card,1049.25,0,0,switch_method
7d86e462-a1a2-468c-bbd0-c498f51b3458,0b6b4f58-84da-4fd1-996b-d9dff3a7014a,13420.36,Credit Card,insufficient_funds,35886.39,0,0,retry_later
9213ae63-571a-4146-8c0c-6c6629014d5a,f529f5f8-d20f-497b-aa6e-99db9729a681,14304.07,Net Banking,expired_card,28631.2,0,0,switch_method
6a68d201-7ca9-412d-926f-421bf5b780a5,9f62c817-fcae-4772-92d3-79e6f9fae8f6,10941.49,Debit Card,incorrect_pin,16125.31,1,547,retry_later
0150ade3-4e1c-4149-abd6-8d2177ce19d4,bb7301cc-6354-408c-a5e0-722748ab560a,4009.66,Credit Card,expired_card,20715.93,0,0,switch_method
edfbfeb2-97c8-4e07-92b8-3441444c5250,e60698fb-44f9-4953-bb9a-8f333d30cd35,7422.01,UPI,incorrect_pin,5631.64,1,736,retry_later
944e01c7-5315-4263-994d-aacced96dc98,ab26beb5-dfe4-4a00-9cc5-c782be59d3cc,900.45,Debit Card,incorrect_pin,18265.98,1,937,retry_later
adbb5d5e-d65d-48cf-8235-7b30ba160ffa,2775c96b-f8aa-4824-8190-7efdc020322f,1645.6,UPI,insufficient_funds,44159.17,0,0,retry_later
06acc300-b136-43fd-bc2e-986e0a337857,cad7bcda-21d9-4025-a237-42aa1654da8a,14576.03,UPI,risk_flag,5045.8,1,181,give_up
502bfe86-3477-44db-a326-01fc9d4b7629,d3efdb57-ec9b-4733-98a9-6544381e80f7,9040.77,UPI,insufficient_funds,3999.3,0,0,retry_later
8c508230-3e55-43d1-85a9-543a445fafe5,471a69de-3d68-4ee7-9bcf-1ef3937cca83,2400.76,Debit Card,insufficient_funds,19723.87,1,185,retry_later
ab15bd8c-6c98-4e42-9cb9-f96628a816e1,18c35da1-fa78-4e62-be40-6842d713abc3,7574.58,Credit Card,incorrect_pin,17808.56,1,850,retry_later
9bca7aef-b247-471b-98fb-99d9d2fa1a32,68426363-50be-497b-8701-bcd14dc85c56,12902.15,Credit Card,expired_card,24439.12,1,407,switch_method
fe3e158e-d850-4d3f-84e0-af8939a7a1d9,6237e3be-d529-4704-a3e4-d0e7b352d3ea,7618.48,Debit Card,expired_card,16738.32,2,38,switch_method
5c4aa62b-9340-4a30-905d-5659ed8ac96d,2c41c315-1d8e-46bb-bb52-ed5c5e4ea016,3869.41,Credit Card,incorrect_pin,28443.04,0,0,retry_later
d3305c5c-eb8d-4fcd-8ba6-669aacd39443,96f89863-1329-45a1-9763-d5cfc57f087d,12781.29,Credit Card,insufficient_funds,16093.09,0,0,retry_later
e66c973c-ace5-4ee5-88ee-1e620835335c,12f7e13b-efad-4bcf-a914-908e08a7fbfd,1731.69,UPI,gateway_timeout,21220.96,0,0,retry_now
e9864434-4c45-4181-81fd-678b499111b9,a7a0108d-a838-4e8d-b392-e6d326bff57b,7121.6,UPI,gateway_timeout,10668.6,1,518,retry_later
ed7936bf-1be6-482f-9a7f-b9a65055908f,1e559c07-6fac-4919-8204-b82f3b523704,14126.6,UPI,gateway_timeout,22345.25,0,0,retry_now
9bdad926-9453-4745-bae8-3bb91e69d5e3,8bbb8f9c-f7b1-42b7-ad8c-3c7a6c7cfafe,11546.4,UPI,gateway_timeout,38950.58,1,672,retry_later
c38822bb-9eff-4d20-b6d7-595a2de62f12,f4c68347-aa53-4f75-be39-b356ab68c42d,6817.34,UPI,risk_flag,42606.95,4,1330,give_up
ea35a35e-c19b-4ebe-b76e-6bc34eaab2ca,c879499c-f760-4cd9-86b9-4f89e5a6e629,9055.41,Credit Card,incorrect_pin,9174.16,0,0,retry_later
208ffcbd-a2e9-4326-83a3-bf34c47b669b,1ad2922b-138b-4882-8e78-39daad056339,13433.18,UPI,gateway_timeout,32762.74,0,0,retry_now
7b20671e-cb5c-4ea0-a029-4b50310c193c,5a1986a2-069e-4fab-b7b8-39c067e70a87,14346.73,Debit Card,risk_flag,38615.98,4,265,give_up
daeeedd9-4a66-4c79-8ae7-b6161d34a9e6,f71b3881-33d1-4095-a0e8-5fcf387d780f,13866.86,Credit Card,gateway_timeout,28111.91,0,0,retry_now
0bef3c1f-0fa4-4c8b-b51d-a1307cd61618,d82d1aa0-fa83-427c-8e86-5d5bc519c6c0,13051.17,Debit Card,gateway_timeout,26181.83,0,0,retry_now
b461b0a6-f273-476b-882c-68e6fddb8cdb,1410e10c-3cd5-4cfc-a32e-14e92a85fc68,191.95,UPI,gateway_timeout,10419.87,0,0,retry_now
75274f93-de30-466f-afc3-a6c779ee9bee,0b943b76-5f14-4155-815c-75ef0e96f74f,2297.09,Debit Card,risk_flag,26090.77,0,0,give_up
323af844-ec90-4141-9d3c-8bc73f67b92c,d70e7341-2f4b-4bb3-b2cb-847910322545,12470.0,Debit Card,incorrect_pin,5848.01,0,0,retry_later
52c5f2d8-ec77-4e1d-ae83-350c58e45761,bff9d133-3458-40cd-9122-b4a2be156220,8865.61,Credit Card,insufficient_funds,40514.8,1,284,retry_later
2cf7216b-4eda-4336-a372-535acdf69e75,3ac77d65-3273-4caa-8010-e4aeb6dbd118,140.13,Debit Card,insufficient_funds,3342.36,0,0,retry_later
23940ddd-92c5-4c04-92f4-e014052f0624,c01a518a-e74f-484c-9042-ac2fadd6c868,8963.39,UPI,incorrect_pin,48507.7,0,0,retry_later
afeac4e6-2d1e-4864-9e5f-d01d52051d68,5d79d748-4045-43ff-aced-7195dafa7a3c,12710.5,UPI,gateway_timeout,49198.68,0,0,retry_now
03a9887a-02e7-4ae3-b0fc-66c44f8ff39c,5b1f28dc-dd6b-49d5-92fd-75ef9afd0a73,10062.86,UPI,risk_flag,4119.06,1,1259,give_up
a7e3f7d7-1b3e-4448-9eb9-3d4df4025548,ad99818b-1a75-43d0-a746-866212a2922a,3089.04,Credit Card,gateway_timeout,33383.03,2,402,retry_later
61a05ab6-f364-4ede-8f60-970bc85fda13,a3f95473-6d9d-408f-a193-69f42329a41a,8279.85,Wallet,expired_card,17942.12,1,42,switch_method
e81d0fee-6777-4c95-a104-bf71f40d5ae6,45a21375-04be-4cf5-8b7c-8ec815187ef7,3202.35,UPI,incorrect_pin,33831.4,3,1352,give_up
449602e5-d5bf-478d-bcad-e5c354669ce7,703e08ae-3692-4ba4-a0f9-45a62e1b4458,13714.87,Credit Card,expired_card,35599.23,0,0,switch_method
80a566b5-6bf9-4632-905b-e1d3fb7dd433,925c3def-079b-4f56-a0fe-ee096789b6d4,8041.53,UPI,gateway_timeout,13340.33,0,0,retry_now
fee896e7-7010-4a9d-a886-24615c711cc7,18daf263-b987-4e25-a991-5d9a057735d6,4335.8,Debit Card,insufficient_funds,23979.53,1,1177,retry_later
b9bbb9a3-8ff2-4e56-82a2-5bc178634fff,5fff717f-fdf7-4fad-9d6c-e4cb3e1be21a,4461.59,UPI,gateway_timeout,32579.7,4,936,give_up
605039f4-f2d4-483a-8452-4131eefd057a,bcd49d0b-9a8c-4225-93eb-531937655e95,14566.4,Debit Card,insufficient_funds,9971.44,0,0,retry_later
2d203cda-33ff-4900-bca5-5054a42284db,cccc5c84-f8be-44bc-acf7-4f8994f17b7b,817.76,Credit Card,expired_card,43042.08,0,0,switch_method
253e5e70-2238-4267-bac8-432c0657a254,2f970fad-214b-4496-a81e-0e62ca53c401,12897.85,Wallet,incorrect_pin,2541.6,1,1215,retry_later
12bc842c-d037-419f-8048-082f8c142405,68aa5c85-228c-4fad-8fc0-a2e9c280ad8a,11680.91,Net Banking,expired_card,43249.98,0,0,switch_method
365f3ab6-0bdf-439b-a08d-03e29ccce30d,d7f21822-f2c5-4059-b44e-0db164e62dbd,3109.42,UPI,incorrect_pin,39102.32,0,0,retry_later
a38aeb81-9c2f-4bfa-a712-2c81ea52ef20,9556ff0c-37d9-425b-86ae-77ea31aaf3ef,8176.19,UPI,gateway_timeout,26028.51,0,0,retry_now
ccd1a20d-d297-4c35-8496-b4c21cccf49a,f55759b3-6efb-4451-9a9e-6fd061316c47,7592.55,UPI,insufficient_funds,19998.81,1,4,retry_later
2b1e433f-2072-4107-80c2-6c9eb40ce58d,82da02b2-f1ab-4dc3-a575-cf02e9282dbf,11494.38,Debit Card,insufficient_funds,48769.04,0,0,retry_later
6bad2e05-1064-4b58-951d-eece81c15a49,5cf9a210-443b-4092-8320-da4577cd5b22,10778.67,UPI,gateway_timeout,13319.75,0,0,retry_now
9f815b72-5a55-4aa9-a888-e5d174550bc5,e90190a6-01e8-461d-aa2a-9819c3ebfebb,402.08,Credit Card,incorrect_pin,19922.94,1,1213,retry_later
b35898ae-62e4-4d99-99d7-9a65d703fe5f,d727b1c8-fc44-4647-85c5-9e201fac8c74,6620.22,Net Banking,insufficient_funds,14587.26,4,1030,give_up
58096946-833e-43bd-8415-03ed722842fb,09bc00a8-60db-47d4-ad4c-f30be3e9b5ea,2943.69,UPI,insufficient_funds,37553.23,0,0,retry_later
28cdc872-aa76-4e5c-9cad-2882bfa75b74,c30aebcc-57b3-42d3-bdc6-3f9718395660,958.18,UPI,insufficient_funds,38998.18,2,1078,retry_later
f9307a51-d756-4350-8f3d-0bfadd41ee86,bf95deec-a3ff-4672-9061-1d156645282e,10398.51,Wallet,gateway_timeout,2189.2,1,1099,retry_later
85d6f3de-2e96-461f-a1a9-9b02832a6bc2,5ccbdf2f-a6ae-4a1c-9e84-f02fd426f3a3,7421.54,Wallet,insufficient_funds,20215.55,1,1152,retry_later
0b7659e2-3072-4bf5-9e54-e23529dd76d2,60a6dd2c-5e5f-44e0-8bd7-e3b23ab30669,432.97,Wallet,incorrect_pin,31692.09,0,0,retry_later
02a966a4-3d10-4abf-aad9-1498e8c43561,f382c77f-74af-4b7b-a7b4-f5803d920301,8095.75,UPI,gateway_timeout,12645.97,2,793,retry_later
2422f178-c917-4d5e-94e9-56537b3b8bda,19e6e0ac-36ba-4ad3-9d98-60db00cc054b,13666.28,Wallet,incorrect_pin,12618.08,1,1117,retry_later
0405bdf3-c546-46fa-84ec-0b8e11d34b79,03644435-2fe8-4123-ab1d-51a13684bc77,1832.97,Credit Card,expired_card,33460.2,0,0,switch_method
8a848d63-18e4-4646-92cd-df8a1d8e756d,599c2046-1f67-4ffc-ab0e-eb2f46290806,484.22,UPI,incorrect_pin,26950.41,3,961,give_up
ca789a38-7663-4a80-b69d-1da464787a34,cd837ccf-21c2-4afc-b1c7-1017b2d2ad09,12456.14,Credit Card,incorrect_pin,11963.87,0,0,retry_later
5cd6f37d-769d-4d1b-9e65-7658182cb5b1,a063b50c-a396-4189-92a6-07cc0d2500ab,13333.55,Debit Card,gateway_timeout,41407.5,1,1250,retry_later
89ca77ee-7970-46fb-84c9-6990f152761f,a31db710-12b9-4534-94fb-2fa144995b31,4997.35,UPI,gateway_timeout,11359.77,0,0,retry_now
c6ed37c7-2ac9-4307-a62a-9023805f3911,42ba0d3a-d558-4353-b6fb-2c9b06e5f687,8929.2,UPI,gateway_timeout,4851.79,0,0,retry_now
08a5fb0c-1f84-412f-b876-b4bef1169c5e,eb343e9a-e075-4dda-8e7e-d5bd2fc0dac5,12710.09,Wallet,expired_card,33065.54,0,0,switch_method
795da4dc-4aa8-40e0-a357-dac07a3b6ba6,00f82874-0004-48ff-87e9-151bc6c33ed1,14837.36,Debit Card,gateway_timeout,11708.04,0,0,retry_now
50cbfbdf-ab1e-48b8-847f-7ba6c67a38aa,0e1f0779-31a5-4828-ae0d-a12fdcafe81e,781.62,UPI,gateway_timeout,43800.88,1,17,retry_later
b16831bb-0f71-405b-bfa6-bbc631d6e539,152572df-b22e-4622-9fbe-144e346bfc36,9964.54,Wallet,incorrect_pin,3501.37,1,510,retry_later
e52f06a0-10fd-4e12-8d8f-0fa6f8ce996d,a1206bc7-3f77-42ce-9ca2-80b5543a8c68,6980.38,UPI,gateway_timeout,41416.31,0,0,retry_now
a17f0e87-172a-44e7-bfc4-1b6657f503d8,c787316f-787d-482b-bf2c-345ea8f48cb1,10020.45,UPI,gateway_timeout,21021.45,2,93,retry_later
9ffca0f0-e656-4849-ba22-f7cc7010d42a,bbdfecb6-7a4d-4e90-b4c7-a08767addf01,9197.74,Net Banking,expired_card,1459.54,0,0,switch_method
f2b1b502-2443-45da-bad3-040959ea66e8,f90d852f-ea5f-4104-9db3-50dc048ea3be,10870.6,UPI,gateway_timeout,6969.56,2,1313,retry_later
7111b3f0-83d1-46bb-8783-58270ae41cfa,1b4ff741-8e0f-4136-9425-68b08070b44d,13564.11,UPI,insufficient_funds,30218.71,0,0,retry_later
83381914-8cf8-41a5-bc90-f679e1dc9972,3e34c77c-e98f-499f-8673-4ec9e0435710,5481.03,UPI,risk_flag,21341.42,0,0,give_up
6610cced-93d4-4379-99e3-22aadf03f9cd,051de060-5581-48bc-94ba-3d0c78a1b15f,12348.46,Credit Card,insufficient_funds,37909.16,1,258,retry_later
b6310889-284d-44a0-a6f1-5419b49a1b3f,cbd50a65-046b-4238-9b19-61da79c91751,14436.08,Credit Card,insufficient_funds,39518.41,1,1283,retry_later
b4b2b199-05a5-443f-a0c8-a1f91cfba250,6c96928b-7d98-46da-bc44-a9f85805e470,7929.77,Debit Card,expired_card,24869.92,0,0,switch_method
9308f659-6abb-4a4d-a470-214c6d533499,31f7a046-c30c-43ab-bfb2-c49bfc8e3edd,2808.66,UPI,gateway_timeout,21305.57,4,596,give_up
6f3c4b75-3dac-4bb7-86fa-23179a3536dd,6a5f3410-1dfa-4de6-b648-b3cd7e94930f,9907.49,Wallet,gateway_timeout,42888.35,4,596,give_up
7ea29b2a-c490-421a-9e85-74dc9a6e45f6,83eaf862-8f8f-482d-9ccc-0fc5630cf928,12642.4,UPI,incorrect_pin,61.73,4,867,give_up
de06dda4-6362-4665-872b-5c38e0bc1980,92633587-7ecb-4677-a6f5-26ea56f1d306,9796.57,UPI,incorrect_pin,34775.52,0,0,retry_later
f7a84584-39f5-4adf-85dc-6cb8291046e8,576c48b4-8cf3-4ba8-a7b7-0b551377b142,8798.29,UPI,gateway_timeout,39832.92,0,0,retry_now
c0c84a91-d6f8-4cb8-bf7a-aca69456a1d3,4b4e7d8e-dc35-4826-a4f6-3a49a487eef3,6592.12,UPI,incorrect_pin,34959.17,0,0,retry_later
43dc0b7e-3644-4336-b58d-408137a99419,2003db74-f449-438a-8214-ef340e8ac5fd,2273.13,Debit Card,risk_flag,22098.27,1,1132,give_up
bc068cc7-9116-4a5b-902d-13fd5e4b8b0b,58a653e5-3ee3-42c1-ad8c-ca042da8bc67,1361.03,Net Banking,insufficient_funds,38882.91,1,1270,retry_later
7bc7e653-3d18-48a1-bf66-69b41d8d2523,661bfcdb-905c-4d67-8ecc-01769c92801f,14.6,Credit Card,insufficient_funds,44295.12,1,1194,retry_later
1d43fd8c-3316-4910-9abf-8815b450917a,dbb2392f-b3cc-4587-9428-2206ead77643,7433.09,Credit Card,risk_flag,11326.43,0,0,give_up
bdc458fb-d375-4d84-8424-b439792c3d4f,11aae2f2-1deb-4972-9b09-8ce5d0df05b8,4132.35,Credit Card,gateway_timeout,10902.96,0,0,retry_now
62afee31-bc8c-4aef-8f5d-e67dc976ed73,0fe299c2-896d-4f40-a716-c549ba0635be,5591.96,Credit Card,gateway_timeout,6907.77,0,0,retry_now
352cc463-9753-4bfb-96ea-675effc1e117,e5c72711-63ab-4a55-a1c3-b882ac4b741d,13617.32,Net Banking,insufficient_funds,30485.09,2,399,retry_later
0dfac9c9-fae5-42c4-84bf-79b63afa8baa,fb0572d9-54d3-44fe-8edc-31301a358514,14782.37,UPI,risk_flag,34961.95,1,1241,give_up
68b37cce-a149-44b2-be7f-835ad1ee29aa,db10b5b7-29f6-456a-b790-3e580656b9ba,1756.65,Credit Card,risk_flag,38246.96,0,0,give_up
8ae60245-da76-4e85-8715-4b8a452cea09,994b44d6-cd7d-4146-bd91-23608a7d57c9,603.36,Debit Card,incorrect_pin,7122.13,1,954,retry_later
3e9f3441-0869-471c-aed9-7ee5a94bc358,0d6b10b7-b239-4aa2-8d5e-a95e131feac9,13305.95,Credit Card,risk_flag,32117.99,4,141,give_up
d685dede-6c13-4406-9abf-daa9fa881a27,2e57e78f-ed99-4aa9-8565-763295ead57b,13906.92,Credit Card,insufficient_funds,42207.0,0,0,retry_later
9ae7591a-5177-468c-a5dc-de2b5fa761eb,0d4ecc34-5e84-4859-a1f3-37c0e2b8a408,11224.31,Credit Card,incorrect_pin,25680.02,0,0,retry_later
dddf2543-7e15-417b-ae3d-d2531ee3295c,efd27a37-10d0-4e20-a4d8-1486262965eb,13320.88,Credit Card,gateway_timeout,47332.8,0,0,retry_now
fa18c1c4-2c85-48e4-bf6a-22e7bd916c6b,b2e8ea02-00d0-43fc-b260-3791299ab847,2727.95,Debit Card,insufficient_funds,41926.86,0,0,retry_later
9569035b-96ea-463b-ac57-94096d4e3617,b9dc0cdb-5d3a-4372-b8b3-fb04d9f98ceb,13500.25,Credit Card,incorrect_pin,22727.17,0,0,retry_later
70045d88-4819-4832-95ff-8db8ddad7127,f8de8037-ecd4-40b9-898a-b6e15736975b,6794.47,UPI,gateway_timeout,47143.86,2,1251,retry_later
79e6278e-6cbe-4482-9610-ba3d0d733fba,ccf3e98c-862d-402c-ac82-ac5bc64df60d,10586.47,Wallet,risk_flag,49037.14,1,548,give_up
6786105b-679e-4305-b9bf-964902e19035,d61ff031-36e5-4912-9953-ab738d539dd6,12017.78,Credit Card,incorrect_pin,325.43,1,768,retry_later
22df1e87-f6af-4c48-9d73-e05984b2aeec,323c4bdf-dca9-4200-a36b-306a44da7a40,11427.16,Wallet,insufficient_funds,14223.06,4,293,give_up
1371d482-1772-40c3-bf8c-bd5dbab2b699,beb56818-c463-467e-b87e-dd0ad07bd319,7936.63,Debit Card,insufficient_funds,26012.78,0,0,retry_later
18d1f5b8-407e-4339-a4ae-4def885f4edc,4d03d7f5-62c5-44ab-afb6-80229ea8a423,10222.37,Debit Card,risk_flag,29584.47,0,0,give_up
59985dca-9e74-40d7-b7f2-01b3495dc394,c5ef876b-b9ca-48cf-8d6b-517a0842fb2e,2431.24,Wallet,insufficient_funds,26089.47,1,1280,retry_later
8d1408a5-eaa5-4401-95a4-a4e26d501c68,d623aa8e-da52-4947-8d41-6eda8d88cb31,14614.96,UPI,insufficient_funds,48852.59,0,0,retry_later
db2304a5-10ab-426b-88bb-5b58c6f54e1d,24218ed9-b751-4ef9-b340-048fbfbff181,9882.34,UPI,gateway_timeout,18437.24,2,1280,retry_later
d72571fb-c394-4ed2-b01f-d8fb27cf5fda,18059f96-293f-4bb7-9fe2-62b78cae7f77,13740.19,UPI,incorrect_pin,23421.5,0,0,retry_later
1abbd3b8-f102-4641-bf4a-1dad69554720,85e48fbf-182b-4341-868e-8b0d464b609e,6412.89,Credit Card,insufficient_funds,46022.33,0,0,retry_later
0823a916-6205-4173-af3d-06afd10e449a,604bd25c-efd7-429c-a45f-08d36e3c90ec,10296.01,Credit Card,incorrect_pin,11163.96,0,0,retry_later
056ff2f0-d48e-4b87-b95e-2fcad45c630e,89709baf-760b-4269-8650-ac504ec98a35,13810.92,Debit Card,insufficient_funds,42726.76,1,328,retry_later
f2dd7c3b-676a-4e0f-a783-358687ce55f3,50cfe647-4abd-4ea8-a93f-f22cddbb80a7,944.26,UPI,gateway_timeout,35966.13,3,767,give_up
d4fde6b8-1b6e-4fd7-b316-632e367ccc77,ff7b827b-c8b3-4f03-8d72-d43f13b1a1bc,13385.28,Credit Card,incorrect_pin,16894.61,2,291,switch_method
62b063c0-a23a-4702-b05e-14aaaafb394d,6d0edfa4-3a91-4e5e-a56b-c9e9e6874da3,4938.62,Credit Card,insufficient_funds,8094.34,0,0,retry_later
886eb064-d3dc-4672-a337-7679c52b2a6c,f756f9cc-c93b-4927-9086-4728ecbdb039,14981.7,Debit Card,insufficient_funds,46079.16,0,0,retry_later
2f0e0899-e64f-4c08-b8cb-480b1fe7d647,e77997b8-0896-4c97-9c1a-5afb32956851,13170.07,UPI,risk_flag,20676.42,0,0,give_up
ffeb4e4a-a681-451b-88ff-46cf18e217a7,69639954-ffec-4f80-8e0e-ac3cd48c886c,8386.34,Debit Card,expired_card,11753.05,2,655,switch_method
405ec2a3-9ff2-427d-9576-ae93049bc814,abdc4f51-d454-4ba0-875d-a9aa44be0801,954.76,UPI,gateway_timeout,18765.39,0,0,retry_now
19b72ae9-1a76-43d3-ad33-7b1050dafeeb,5eaea11b-7116-4b1b-aff7-f1dfda3c6ba9,13954.29,Credit Card,incorrect_pin,18581.38,0,0,retry_later
cb769295-e85a-435f-9eb7-9d17cbda7499,1fcd978f-32e9-4ac5-b842-8bb06f785526,13475.85,Credit Card,expired_card,48717.29,3,473,give_up
788c6cc6-7dd0-4ca4-856f-ae755ba44c10,77f84a9e-32c9-4740-a5f3-8cb59f64dbf8,6943.23,UPI,incorrect_pin,38658.3,0,0,retry_later
992f87d0-d073-47b9-bac3-a23964a18617,0f78d39f-7dce-4711-ae83-9b58e25d1490,2815.19,UPI,insufficient_funds,8052.31,0,0,retry_later
d36cc202-5930-495c-b091-354aa77553f1,2b0ec2e2-365a-429b-b92d-d121a79c23f6,14174.84,Credit Card,incorrect_pin,6596.11,0,0,retry_later
07ec1637-1250-42bc-a918-ade65f7fe579,2f53105e-a62d-4566-bd9e-a36dc9af94b6,6156.84,UPI,gateway_timeout,43316.89,0,0,retry_now
96e43ae6-1978-4010-91ef-f3738eb06234,7e62583a-1771-4f4e-bf65-77144466fb04,6272.58,UPI,insufficient_funds,35725.05,1,154,retry_later
645d35bd-e57f-4631-bd76-652b29845253,e9372413-cba3-491d-bb1c-70bb5a9aed9b,9026.38,Debit Card,risk_flag,14547.52,0,0,give_up
66c230c1-5b7d-4a89-9472-13bc533db8e2,7046cb89-2e69-49d1-b7e1-8c642b43ba0e,14409.28,Debit Card,incorrect_pin,35827.45,1,736,retry_later
e8e4b1fd-fc43-4e0f-a4b5-7f0afbcfb927,8cf2c129-3b66-46b8-8258-fdfa78633c84,4298.17,Credit Card,insufficient_funds,2301.69,0,0,retry_later
27afe292-792e-44a2-b33c-fb8eb847a9b5,fff2f18e-cc11-4108-95c0-6d1c6415b4c3,1760.33,UPI,risk_flag,8657.43,1,821,give_up
9cc3c578-1c79-42d9-83d5-528f6ca2b39b,6ac2bce4-7b67-4a1d-a2db-433c78727335,2332.4,UPI,risk_flag,20461.38,0,0,give_up
9af2eb43-dbc0-4de5-b5b1-04a0fe361007,b03dbbd6-b62c-4f82-8c49-85ef0dfe81b6,816.09,Credit Card,gateway_timeout,11230.85,0,0,retry_now
dd73c1c7-84eb-4ab4-817f-6a88d0feaf99,42e333b9-985e-4e09-aa27-91625326e86e,12984.97,Debit Card,incorrect_pin,2374.71,0,0,retry_later
8b913675-37be-4957-be57-48dac894efeb,b933c3c1-62fa-44e5-9d1a-f9945c187f0a,11128.97,UPI,risk_flag,17019.34,0,0,give_up
ec47c226-b443-45db-a661-84de8f2262ac,bbe51a82-b850-47ff-a2cf-6a982ada2e03,13835.62,Debit Card,gateway_timeout,21657.91,0,0,retry_now
8980f3f4-2e2b-4613-9637-e439f197bb5c,9a02a4da-862f-421c-b12f-f0df35efd3b9,3960.82,Credit Card,insufficient_funds,11518.38,0,0,retry_later
3dc37672-8ff9-4033-95f8-e66d1d81e231,cd2a67c1-21ad-40eb-8641-a751005a8c82,9379.55,UPI,gateway_timeout,19367.92,0,0,retry_now
9cadde6f-c386-4e08-9df0-755d90c73dec,5bb326f9-650e-4aa5-80a1-2e4fec6dd688,12539.29,UPI,insufficient_funds,6298.34,0,0,retry_later
ce6d6313-a5f9-4c66-a2d5-c6fbb56c6f00,f7373b87-8d29-46ba-97fb-d706aeac7231,8674.82,Credit Card,insufficient_funds,13929.26,0,0,retry_later
f4a6939d-23f7-46f3-a366-26b2e5147404,56f38b98-af49-4b7b-8d32-3a6799186363,11138.22,Credit Card,incorrect_pin,6889.99,0,0,retry_later
6cdae2d5-ea0b-4f59-826e-b97fdf1fac7c,d010f8c2-d4cb-40b6-a110-fcf5dc1b2ead,10900.29,Debit Card,risk_flag,36995.44,0,0,give_up
9ac69e3e-cfbd-40a1-830a-3b84ccb31637,f38dc043-107f-4b63-8246-1e1e10d2c71b,5515.97,Net Banking,risk_flag,14460.04,0,0,give_up
da15b145-1086-4072-bc7a-ab0e6d4743c8,ab97331c-8197-4fbd-a0ea-d93b6508802f,6201.28,Credit Card,expired_card,44900.99,0,0,switch_method
2e8c04de-5059-49a6-b8c7-589d663617b8,4a70a524-9602-480c-8f12-35e1292ac369,10739.5,UPI,gateway_timeout,2237.61,1,1044,retry_later
7e722770-1d64-4711-8e87-56911c30b8c0,3bdd2b7b-7e3c-4e4e-95c8-e8f31fa9d3b8,2650.36,Credit Card,expired_card,39661.98,3,1417,give_up
e7d02eac-f846-4427-9d40-37061691f800,b5cbf78b-4971-4a9c-9390-3913ddc52adc,1284.64,UPI,risk_flag,39263.38,1,51,give_up
2af3b2b4-0a0b-4fde-845a-0a425d037aef,5c8478ca-61e1-466e-9bb1-286987dfc4c3,6362.34,Credit Card,incorrect_pin,17905.81,1,132,retry_later
d1f18c52-13a5-41e9-b96f-e2b0c0b29365,f4f0d5b3-d45e-4396-b382-ee4b425fc542,11775.83,Wallet,risk_flag,2400.59,0,0,give_up
f8517efe-1c1f-4c16-9048-301c4a8d1063,672ef761-c591-4425-8d0a-f6078fca0c04,8814.92,UPI,insufficient_funds,42458.15,1,197,retry_later
c930111e-237e-4a8b-a319-c8acaf81de12,ae382e68-a3f0-41cf-83aa-56e31a9b64eb,11260.94,UPI,gateway_timeout,11885.64,2,1331,retry_later
2ded6290-8df0-452a-adfd-c89647ab3762,4585339d-7652-4f1d-bac4-7791bb3d8796,10740.22,Credit Card,gateway_timeout,44176.0,3,619,give_up
819ce9ab-7afb-4938-b40c-83346d603eed,99f5b26e-de1e-4997-9738-8147b74fda7a,7730.05,Net Banking,insufficient_funds,12647.64,0,0,retry_later
cfd75bb0-9b58-459c-95ec-2d63595ab2c9,768eefbd-f0e5-47e6-8a25-fc0f29637a82,13325.69,Wallet,risk_flag,20791.7,0,0,give_up
5368ae14-4f90-491e-908f-7f901b5f8a1e,4163b1c9-efa1-4bd8-a229-edfbf24f2909,10835.61,Credit Card,expired_card,41216.62,2,1049,switch_method
8a69bb7e-5fd7-4745-b3f2-f79c0b7cafe3,3cc89e72-189a-4c57-843e-01c10a7550d6,13724.58,Debit Card,gateway_timeout,12746.33,0,0,retry_now
c5262579-e882-4e09-85e6-65ba3296a886,3b9c225c-0115-400e-9421-cd282a796edc,9697.77,Credit Card,expired_card,35063.65,0,0,switch_method
8c1c8192-d162-40c6-ab40-1d70d3a82b88,719156e9-638b-4d82-a630-ba55fb715668,5543.73,UPI,risk_flag,16464.35,0,0,give_up
e34cf8c8-e574-4de9-a39b-f8dca02158a3,66ab930a-4639-4054-961d-57bc84f173cc,5918.4,UPI,gateway_timeout,40165.64,0,0,retry_now
77c1cd1e-aa8c-4d54-9623-b000a9b966d5,6004ef5d-2f14-4733-9c3a-df0aaf7190cd,14494.75,Credit Card,incorrect_pin,11555.77,1,102,retry_later
bead9138-3d34-4517-9818-ec65dba5cee5,c140183d-b137-435b-8194-d3d945398c2c,4584.05,UPI,gateway_timeout,40458.25,0,0,retry_now
d441e2ba-4e4f-47a7-8811-4870448cbd01,99ff0c70-dbb9-4d88-92d2-ffe6f3435b64,9525.01,UPI,insufficient_funds,35848.09,0,0,retry_later
124525e8-3860-422b-b872-5e8a3650507d,c6ddef7b-3556-47fe-8b66-ce1d78169d1b,12495.44,UPI,insufficient_funds,37187.89,0,0,retry_later
6c956f75-a943-4875-bad8-33a1e2d27e91,ea22ab9f-b52f-4592-8374-476dc0e926df,7526.08,UPI,gateway_timeout,45556.64,0,0,retry_now
4a7ebca8-41a4-4bf2-8a6e-e5383cb78bfa,b54a6544-f21a-4e32-8f02-8a37d0c9b389,625.91,UPI,gateway_timeout,33499.79,0,0,retry_now
60887dde-92cd-4627-abca-c128d97795c3,d968f1bf-81d3-47f5-9d1d-c13b66c9f1c6,5365.61,UPI,gateway_timeout,29587.55,0,0,retry_now
da389945-adbf-44e6-8c51-6e09aead1491,5abf3726-6118-4e1d-8e95-160a249e20f8,2386.62,Debit Card,insufficient_funds,8580.63,3,84,give_up
444e54f4-9375-4474-832c-d1242ee49b81,cbcdba82-25dd-4cae-99f2-596bdf1b8489,11096.75,UPI,risk_flag,45437.84,2,423,give_up
dd11f065-bb7f-4c24-a06a-e6e9bd09d432,8a54bb8c-683a-450f-b2b6-d2be6fca373d,7883.83,UPI,gateway_timeout,29991.33,0,0,retry_now
c42e032e-3b6e-4ace-8828-2406b2af135b,c5f2f9c2-0fff-465f-bb30-f151b9dbebd2,10704.15,Credit Card,risk_flag,7899.71,0,0,give_up
3bc67bbf-8b39-4962-8ba5-568d18bd36a4,6c772d74-45f3-490a-a862-5e524e11f3fc,13957.35,UPI,gateway_timeout,15501.27,0,0,retry_now
b66a9d3b-20c5-4c05-a0f0-adfc85bc2b17,5683a97c-d22d-45dd-b653-5e7dcd7f0930,5466.53,UPI,gateway_timeout,7289.4,0,0,retry_now
c5094cc1-a7e1-4ff5-9900-76a5359be2c6,8250667a-488d-43a3-abbb-d43ca79c519f,544.13,Credit Card,expired_card,9877.19,2,819,switch_method
92a026fd-b2bf-4711-9f94-58bbc2752baa,26c58657-b1ec-48fc-9ee8-5c85bd104b0c,2872.14,Credit Card,insufficient_funds,10656.92,4,169,give_up
b0c78b2c-3553-4fa5-a7d7-7e44324cdb10,8a28706d-66c9-42e0-a407-8a7d755883f1,11966.35,UPI,gateway_timeout,6543.05,1,341,retry_later
5dd6cf6b-2a69-46de-a9d1-e996010a8c5f,177a1865-4c82-485b-81d5-3cc5c7528906,950.94,Credit Card,expired_card,12094.23,0,0,switch_method
31898357-f46d-4738-9225-8b75978172d8,da3c4603-013b-40ca-8ee9-fb96865368e7,12226.6,UPI,insufficient_funds,14310.02,0,0,retry_later
302bba75-b5ff-4fb3-80af-83a30d9e461c,24cbb891-05ee-4a80-9712-fb74796a0db0,9756.08,Net Banking,risk_flag,12256.61,0,0,give_up
f5290bbd-9b05-4189-879b-0d242caecfce,42b43bc7-b6d9-416b-96cd-a0b3778d3a77,1227.11,Credit Card,insufficient_funds,39559.49,0,0,retry_later
1d3541cb-66df-4eec-a47f-05236440bd0c,0313515c-8dad-47f0-988d-9f3a169648a3,14903.54,Debit Card,incorrect_pin,7407.06,4,280,give_up
b2f7d240-7840-4938-b906-c012bdf1dc27,fb2815f6-0849-4697-bcee-6fcdd1210ea0,6448.82,UPI,insufficient_funds,10725.99,0,0,retry_later
b24b4d24-a897-461c-ac2c-60c00ce6db75,76ff0e5d-0836-4393-979d-0ddf2a98a314,9214.09,Wallet,risk_flag,30469.79,0,0,give_up
f601c292-0755-4719-9f04-6c9150dedaab,ebcbab14-e09a-4ac4-b45c-21cf4b7e0be9,301.04,Credit Card,gateway_timeout,25815.09,0,0,retry_now
e8133f21-3455-4c97-99cf-be5bd1540172,59c28494-96c8-4577-bfd8-ba72bea3fd64,14941.77,UPI,insufficient_funds,36261.16,3,147,give_up
de315045-71e8-41f5-9d30-6dce68b2420d,60396f7a-5b57-4d24-a851-4cf397efc541,4672.67,Credit Card,incorrect_pin,30683.87,1,1203,retry_later
4c0d15b5-d109-41f9-83e5-bf458080ebf7,947e4b97-4344-4bc5-86b3-48a06c78ff91,3277.72,UPI,gateway_timeout,30788.12,0,0,retry_now
7fd48aa4-407b-4cf9-8c98-92f41d915472,016acf6e-0ebe-4d8c-9bed-14d13515193b,5442.28,Debit Card,insufficient_funds,43077.75,2,3,retry_later
acf19114-8abe-444e-9e93-65008fd2bf1e,c754d32e-73cd-4e35-a9f2-0a579b3b69e2,8441.51,Debit Card,insufficient_funds,6816.21,0,0,retry_later
ff164f45-c37b-4533-9df2-b60bc95c1602,affb9a55-df3f-41e5-ac74-97e25d28314f,2711.75,UPI,gateway_timeout,781.19,1,1268,retry_later
61f25aea-9f77-4564-a620-2d2f8b8cbee1,02c05803-ef67-4ceb-8b4e-3324fe83f829,3350.77,Credit Card,gateway_timeout,29302.44,0,0,retry_now
db9cdd6e-4da7-4c08-adc7-960e25bffcc8,4edaff51-566a-4ded-b88b-8a9fe08f2da4,4691.16,Wallet,gateway_timeout,40795.23,1,1417,retry_later
a27b3fec-7767-40e3-982f-06cc9ac1fa5e,d969c3e3-1d0f-484e-8f01-42c9d8f8f39e,5917.46,Credit Card,incorrect_pin,34017.61,0,0,retry_later
31544b4c-3315-43f5-9f5b-84d6c49c3b31,8a3618ca-27e7-4c67-8522-73ec9a6382bb,14114.62,Debit Card,insufficient_funds,32491.12,1,411,retry_later
8ac2474b-82ff-4ec4-afc3-09e1dced7158,d35af77a-6ebb-45bd-9504-25434d2f8e1a,9832.48,UPI,gateway_timeout,37759.61,3,1387,give_up
eaebf3ba-0245-4714-b21b-1ab6113256ba,dd0fd574-b062-493e-bd9c-b910dab9a3d9,14635.03,Debit Card,incorrect_pin,43384.44,1,653,retry_later
511ea11a-8f9a-4ad2-8a45-bcbb5ca0c386,7cef37af-9ae6-48cf-bf22-2182b0aa5332,13237.49,UPI,gateway_timeout,12377.21,0,0,retry_now
4149f6b4-f0eb-4ea7-80f2-02d1ee38964c,24a4b89e-6e8f-416b-9f4e-0dc7906b6157,2750.17,UPI,gateway_timeout,39091.46,1,986,retry_later
f9637190-b731-49b9-b3fc-1cd44df2ba7d,38c27940-b3cd-4dcd-a241-e7a4fa840dbc,9331.38,UPI,insufficient_funds,9686.93,0,0,retry_later
6ed3d6fb-2b8a-4d83-b6ba-5868920d91ad,e716e3a8-a191-4db1-8a8c-4678b96fed12,8807.47,UPI,gateway_timeout,11529.97,1,1190,retry_later
a5693374-0fab-49d1-95f2-93acb1713275,42f12393-9eec-49a6-b78d-a335afa2f103,11241.9,Credit Card,insufficient_funds,20113.73,0,0,retry_later
047722fa-e837-4476-86bc-5ef38026ae5d,f5abb356-ca6b-446e-80d0-f22eea7f4269,11412.44,UPI,gateway_timeout,32696.07,1,1357,retry_later
40d5b0e1-ae50-4d9e-ac24-d2a4276b7a62,61155662-0a10-40dc-87fa-ffc5c35f1772,7982.36,Debit Card,incorrect_pin,49565.2,0,0,retry_later
33999405-3728-4ac5-beea-beda459220f1,e38403a9-5595-4a28-be72-5b31e4663141,9527.85,Credit Card,risk_flag,21201.52,4,806,give_up
f62c1463-2223-425a-a475-9cd751283923,93abde9f-2523-4c5f-917e-a3da1a1d8f13,4209.97,Net Banking,insufficient_funds,32742.45,2,1179,retry_later
cce6566e-9b43-4979-aae3-57c7db4b4610,69232a32-97b9-461f-acf0-b9522ef2ad0e,11148.71,Credit Card,gateway_timeout,21579.77,0,0,retry_now
d3448a43-b624-438f-898c-0da79eff0628,6e1a7d42-c9ce-4da3-b2a0-c724f5144899,9457.27,Credit Card,expired_card,1023.92,1,19,switch_method
98c88f63-59e7-4f42-8d80-b62b92560762,08cb017f-e7df-4372-ba32-14dd0b67ece5,188.04,UPI,gateway_timeout,36347.05,3,880,give_up
f1f962f6-a9e6-42be-9335-2d9e4a2ded58,32e88db1-95b3-4f78-840f-c74a602415d6,1259.41,Credit Card,expired_card,1354.18,0,0,switch_method
f8b282a8-9d9f-420b-93d9-f52ed7cde57f,00acdc20-c703-46fb-b861-c652b82396b0,9939.61,Credit Card,insufficient_funds,27114.51,4,420,give_up
97387563-8034-4fe2-aa46-c8163955e80d,fbc58690-124f-486d-acd3-4911aec7a92f,14033.97,UPI,risk_flag,40887.56,3,110,give_up
64633e42-ee88-4220-976e-1d3a2e57f1b1,8126c7e4-5e37-4537-a7ff-146791b89f8f,8452.89,Credit Card,expired_card,38843.7,0,0,switch_method
07838de1-a1d1-4c70-bb69-e45da9a13550,f055328d-b726-4961-b344-02a173364e2a,14689.71,Credit Card,gateway_timeout,11558.29,0,0,retry_now
13654045-0aee-4f8b-ad0e-f6d85ca5c23b,2737053f-78b8-49c1-b06b-6ceee3af970a,7616.71,Credit Card,risk_flag,10987.56,0,0,give_up
91650309-4387-48b4-87db-b9b331954e2d,e9b12b50-ecc5-46f6-83c7-df4f4aa9d34e,9151.3,UPI,risk_flag,36291.03,2,1067,give_up
ab94879d-5110-40d0-8b40-158916fb2e7d,6ed9452e-c761-4d27-8e9e-97ae52523921,4603.52,Credit Card,gateway_timeout,3824.49,4,1100,give_up
df553d6c-c23e-4f9c-938c-ce22147a0590,e66fdcc7-bbd4-4efc-afc1-4d2960eab1dd,7560.27,Debit Card,risk_flag,10227.2,0,0,give_up
bd839f28-10ae-446b-ab29-37ab12c3f1cf,d1ab9153-4701-46d8-aabd-d5ea6a013899,3536.17,Debit Card,expired_card,25251.35,0,0,switch_method
a225124c-dc73-44b8-8a59-666dd4acfc82,c3b2a896-e01f-4e58-aa6d-c73b74ed49f8,5354.57,Debit Card,insufficient_funds,13303.11,1,551,retry_later
e49c83c2-3421-48b9-a7cc-5c4641b94b83,4b8007b6-0031-457a-af7b-59fce372338f,2763.8,UPI,incorrect_pin,29600.98,0,0,retry_later
57b746ff-56b2-4fc9-b4df-255e98a07b5e,92919d6a-a455-419e-856d-676f5fe7cb24,9760.99,UPI,gateway_timeout,8861.76,0,0,retry_now
cbcfc553-a911-49f7-b8a9-e6c330c5041c,259841d1-4f48-4dbb-9360-74a13f889f94,14946.01,Credit Card,expired_card,44444.91,0,0,switch_method
881b7bca-c61b-4a96-921c-ac5ee218ba12,057353ef-3a4e-4cc7-b3ac-74a6eccabc05,4394.33,UPI,risk_flag,34627.16,0,0,give_up
0b66029c-ca2b-45d8-9248-de8e87120d24,6df3f8df-bb84-4665-bb4d-6265101245fe,8998.55,Credit Card,incorrect_pin,35877.34,0,0,retry_later
057cb2ec-c199-4561-8a64-ec61b39d48ec,65eeb6f4-a41d-459a-81ff-8991ea35257e,13221.05,Credit Card,risk_flag,47771.79,3,1077,give_up
ee643bb4-dd13-42d5-8dd6-843bc23e9dd2,40f0b942-6e9f-40e9-97e4-eb1c42f74bb3,4685.2,Debit Card,expired_card,10458.13,0,0,switch_method
08197a4d-6333-4d35-a53e-3c9cb9993617,d349d77a-23a4-44f5-b8f2-db339a7c28d2,11130.81,UPI,gateway_timeout,25730.64,4,737,give_up
783239b5-29bc-407c-8183-10668e5c8d4f,5ab9d81c-b7ae-4631-b66d-24b3ce01c57d,13721.83,Credit Card,expired_card,7558.58,1,1204,switch_method
de4ff813-47e5-4f8d-8ff9-c7209a91107c,28ddf748-4e09-4495-a713-4de05c2d342c,8463.49,UPI,risk_flag,14129.54,1,677,give_up
a2b532f3-4be9-45d3-8d3c-ab7cadd32b57,8b8ee57e-e682-409c-ba13-f8e881c969a6,5315.35,Credit Card,expired_card,33353.41,0,0,switch_method
0fb64264-0249-4c10-8936-1622552e2501,2e9cc205-9690-4d56-ae11-d221a9fe2d19,11310.04,Credit Card,gateway_timeout,42795.72,0,0,retry_now
e384b0a5-3232-490d-a17b-5fd535366aad,0fd5ae3a-328b-47fc-b2ba-f49a0d3ce3dd,10268.28,UPI,gateway_timeout,40553.94,1,313,retry_later
f983a0bd-24f6-4a2a-bfd3-9bea8662a564,1072bb26-e71b-419d-a48f-5df5f1a4e305,13432.57,Wallet,gateway_timeout,37391.62,2,342,retry_later
ec14459a-66ec-4a07-9a78-d863b349a0d0,032acd63-86a7-418c-8e0d-4d69a96235fa,5688.27,UPI,gateway_timeout,7059.3,0,0,retry_now
e005fea9-1182-4f62-a0b1-07f136214567,f7551525-1b2b-47ef-a86f-33d53f829b71,8810.8,Credit Card,gateway_timeout,29640.59,0,0,retry_now
7ca25f38-b76c-45b7-a6da-d783ac19d434,9f498843-4035-4d15-988a-68faa545cf87,7540.46,Credit Card,insufficient_funds,40003.35,0,0,retry_later
0f228662-cb99-4342-86fc-d0d019a42a09,db1d8d3f-8478-4f17-8f00-be5ed4447f2c,974.22,Debit Card,incorrect_pin,39810.69,0,0,retry_later
3c6715bd-3c70-4a03-a770-806c34fb1852,57c25146-6467-4689-a4a5-87d790dc3141,8820.0,Net Banking,expired_card,19423.17,0,0,switch_method
28d2ff72-47ef-4e55-87f6-85aaf34a5719,0bda479a-a55a-4507-9239-3ddad99825a7,12398.99,Credit Card,incorrect_pin,35322.78,0,0,retry_later
8913e228-1be7-4c84-8853-72bdcebd2162,46ddade2-4edb-4065-a50b-7a4b1488edde,7015.71,UPI,insufficient_funds,6868.43,0,0,retry_later
98c1b2db-4c95-4475-a167-827b693d35f0,5575e11b-06a9-461e-a3f7-68c34c1a7672,423.25,UPI,gateway_timeout,36936.56,0,0,retry_now
8eff3697-a71a-4bcd-a7b9-6d429f68669c,7ed865c4-5723-429c-b9d1-bb07054ea882,10076.2,Credit Card,insufficient_funds,43460.0,0,0,retry_later
9ff89604-50b6-4bae-9d2e-f88851ce4918,692193d6-49c8-484b-8f23-1692b4b8a2e9,6294.68,UPI,gateway_timeout,23667.83,1,260,retry_later
76920a26-9454-41fe-8bab-98b32b340fe4,54fb3fde-7963-4fe2-832e-4ae838cd5585,14228.9,UPI,gateway_timeout,48426.28,2,531,retry_later
49203312-1353-4a75-90ee-db183458a0b0,b8227d4c-8330-4aee-ab5a-5d8aa880323a,11268.3,Debit Card,expired_card,34857.23,4,612,give_up
e0bce78e-1871-4688-8a89-8181a1dd76c6,df3464cb-1c16-4ff1-b581-442de5f9f08f,13768.23,Wallet,insufficient_funds,36948.58,1,1079,retry_later
c6bcd7c8-6e14-4136-adb0-5c7bb85ab774,2d6064c5-276e-49da-b769-2c2735dde02b,4170.01,Debit Card,incorrect_pin,25346.91,1,634,retry_later
577e8f91-8b5b-432b-b7b3-7ca96c196b98,b32fe282-b70f-4c09-b85c-8056f3736fae,5393.96,Credit Card,incorrect_pin,45886.29,0,0,retry_later
08718fc5-f4bb-4742-a7ce-f332f118f0a9,2176f544-87cb-42d6-badb-7d8f95874f0e,11417.7,Debit Card,risk_flag,22346.9,0,0,give_up
7af2900a-395a-4385-9058-a17805e40a3d,ae56013a-c3ba-4c3f-9adf-5a68b2914f8b,1974.12,Debit Card,gateway_timeout,13242.62,0,0,retry_now
95e7ab89-4aa2-4334-a6f3-826ac956c01a,d99cd222-e585-499a-ab05-d08bd45a36e0,10289.3,UPI,gateway_timeout,47724.8,1,1344,retry_later
dc008e14-31c3-4a2b-b08c-9df7d5ea328a,2b5ca81c-a7e0-45a9-b9e6-f163545063e4,3625.75,UPI,gateway_timeout,43335.33,1,254,retry_later
d1e63cad-0612-4458-828e-0f86e1b8ee9e,ee02c2fd-f6b5-4c34-a5a9-c564d949e5fa,1446.95,Net Banking,insufficient_funds,22362.62,1,31,retry_later
ce8a112e-9760-4679-9777-bb7f651022a3,f49ef007-6cc4-4b06-b64a-1b632d6dac15,13721.2,UPI,incorrect_pin,34260.54,0,0,retry_later
a7c4ded5-9c9c-4b60-9d8e-731a0a91d217,85e157cc-b26f-4d31-b2c9-b8041dd9f4cb,11950.17,Credit Card,incorrect_pin,15259.69,0,0,retry_later
47fa6af8-5857-4734-888a-22379e4bb6b2,d75da0c1-850c-4944-ac41-6920ecf570e9,6979.68,Credit Card,insufficient_funds,23646.01,0,0,retry_later
57c3487f-c934-4c82-b231-087a0f03917f,c57ac5f0-583e-40c8-bfab-6100ea988735,13602.77,Credit Card,incorrect_pin,25390.14,0,0,retry_later
174f5ce8-2282-4850-b0e1-f52c8f775834,4990a9be-8767-4484-befe-dd38a11a6b99,2267.5,UPI,gateway_timeout,37429.29,0,0,retry_now
601fc5a0-8366-4757-b5da-a66086ff43db,896a1361-d67d-4b2b-b5b3-30db74d7c184,7963.61,Net Banking,insufficient_funds,27763.98,0,0,retry_later
0305d73d-5b33-49d0-9b7f-3d603cc8981f,73d4e399-68ca-48c7-9dae-dc828818174f,2687.84,UPI,gateway_timeout,5188.4,0,0,retry_now
cf48668e-ca16-4744-bc83-d1289beecb88,4f0492e6-e3e8-4668-b203-351218b0005d,2443.17,Debit Card,insufficient_funds,9763.66,0,0,retry_later
e92aa798-31e1-4f31-9008-93d1644c061e,15505bde-1403-4031-a403-eeb9d9d529c6,12023.0,UPI,gateway_timeout,4836.65,0,0,retry_now
3ad14e5a-aed5-43a6-8a46-c9bb3b157bb8,b37ad4de-2b20-403b-80e7-561826a8ff7c,8710.64,Credit Card,insufficient_funds,3418.12,0,0,retry_later
3b8ad6a1-c099-4330-a1f9-e8e662fb2b24,0ae75ca3-5b06-427d-aeee-9b8678901162,12098.05,UPI,insufficient_funds,17285.14,0,0,retry_later
4facb460-59cd-4553-9a01-a9e5c1689c93,322ec3cb-763f-4a2e-bd97-4d97c833a34c,1362.72,UPI,insufficient_funds,27934.85,0,0,retry_later
f9cd922c-2697-4c7d-a195-939c5d4eeca5,63a1d809-3d2e-467a-af40-2a9d5179940c,566.26,UPI,gateway_timeout,15781.91,0,0,retry_now
0239c54a-b63e-4616-87c4-6b7d2ec4c786,791dec13-1ed4-4aa9-8917-b97083aa8c95,10021.98,Credit Card,risk_flag,18053.82,1,560,give_up
7ce77818-07de-46e0-8f53-30042eea8226,29969ff7-ba1c-49b4-a00e-4558c56d3601,6240.25,Debit Card,incorrect_pin,11083.21,1,1302,retry_later
79696087-9ddb-40c5-bb29-12403c3632fb,c10a4e3e-6f4b-457e-8c4a-e2d338c7c6d3,14019.19,UPI,gateway_timeout,29992.43,0,0,retry_now
b727f522-cea3-4407-9fdd-2466137439ea,b0cfa328-451e-4537-a1aa-79712fb8021f,7324.43,UPI,insufficient_funds,47092.37,2,1327,retry_later
987a6226-9189-4d62-bbd8-ac4da4f11fce,911fadc1-6e47-438c-81c9-5d09854d9af4,1877.09,UPI,gateway_timeout,38778.41,1,841,retry_later
67b14d60-a277-41e6-967d-7af2fdd7971b,290b5354-79c9-4460-94f4-ab82e85bbcb6,59.19,Debit Card,incorrect_pin,49023.99,4,974,give_up
94ff6a5d-2b0c-4f25-b9ab-c0c49421521e,306bb83b-ff79-44f5-b522-e5271c8c234f,13884.89,UPI,gateway_timeout,32964.57,0,0,retry_now
afb6fe91-3479-40b1-bea7-c799ccc4644e,d552fee2-ee34-48d8-b171-e29e66b9e521,8236.12,Wallet,expired_card,29596.88,1,652,switch_method
69fe5cc9-450f-4123-a70d-9517420d0b82,90c9a2e5-e2e0-41d8-a674-b0644c9b542f,10056.29,Debit Card,expired_card,11045.89,0,0,switch_method
c6b1e9dc-578e-4332-9d55-f6927e097785,91837f56-6305-4c5b-bdd4-634ec78c0805,6421.22,Net Banking,insufficient_funds,46889.25,4,997,give_up
b12f5e30-0622-4447-8987-bb2b8af7256b,816e544e-acdb-4df1-bf5d-2d05e468da1a,1740.7,Credit Card,insufficient_funds,4151.62,1,238,retry_later
d3c60d6a-6911-4b5d-9322-0825a2184016,499a419e-51e7-464c-b5c9-81ad0204d792,7465.49,Credit Card,insufficient_funds,33160.72,0,0,retry_later
4d7b3792-63be-48c4-b885-639d45c2890c,cf50d1b2-a00a-49da-967c-9e6ab255102f,9272.43,Credit Card,insufficient_funds,46953.46,2,866,retry_later
2ff53b7c-c180-4bf9-b917-75edf8d24498,92c69e03-0301-423d-b8f1-a04d7ec91ebb,4864.04,UPI,gateway_timeout,20400.51,0,0,retry_now
60a3e90f-e362-45a4-81f8-f48b129344a9,36b6e29e-0368-4ab8-a63d-e176995aecf4,12913.25,Credit Card,gateway_timeout,18369.36,1,729,retry_later
30a567ff-4437-4115-8a7a-f947d7c84037,504a5c7b-ee4a-4d82-b82f-1409f098da4e,8041.63,UPI,gateway_timeout,19323.99,2,1408,retry_later
ad6ecfaf-583b-4141-868a-af96397941c9,c7d620de-829d-4b4c-9343-72e21b65abb9,4270.32,Net Banking,expired_card,10744.05,0,0,switch_method
eb1fcc35-a16e-40c1-b3d9-4bf40f354ea6,cc55c036-2136-4ba1-a5e5-3eda1ba3fbec,8850.04,UPI,gateway_timeout,48091.66,0,0,retry_now
1501dffa-dfc2-48ea-a0b3-af56cc702840,75cb67f5-dcb4-4117-acd2-bd38437c90d4,9357.01,Debit Card,insufficient_funds,40726.85,0,0,retry_later
cf0fcd61-f2e1-4a8d-8634-ec7806656339,fd4dfed6-acda-42a7-9136-bc8235f5e234,915.58,UPI,gateway_timeout,42180.49,0,0,retry_now
0391b7e8-b0d9-4fb2-b65e-2afec86d1be4,b2d0e88e-08dd-4859-9117-a6c1c7cfd9c6,4150.65,Credit Card,expired_card,40358.0,4,878,give_up
95808e31-2436-4d30-8ef2-89ed152d169a,84062fde-6de5-4e67-8918-767fa386ee28,2002.0,UPI,gateway_timeout,21658.88,2,1001,retry_later
83b0f2f4-b845-45b1-a12a-07b8a3ed2a14,f5da15da-9f5d-4b58-b9db-6d9b2f1e4d46,6024.43,UPI,gateway_timeout,2927.07,0,0,retry_now
63d3b453-c4a9-4a4e-b870-9106c5ebff03,2cb08853-ba88-4941-8b01-75e9420788fa,1654.96,Debit Card,insufficient_funds,180.79,1,1035,give_up
7c2439f2-9be1-4ac9-96a5-0a294ff3920a,7685787a-257c-4962-b353-25e923de72db,1709.58,UPI,gateway_timeout,38200.08,3,1330,give_up
46f83b9f-3242-44d9-b2c4-0cad954375d5,851397d2-3fd2-4e2a-a6e1-ccaf33e886e2,6309.33,Credit Card,incorrect_pin,47577.12,0,0,retry_later
174c2a87-3341-4f16-83a0-657fdf3e4c09,879274ee-9853-4bdc-9c0e-c7c6a4b4c37a,7807.93,Debit Card,incorrect_pin,37225.35,0,0,retry_later
343a51ac-586f-4339-af52-96d0fa763692,e032e596-d01e-493e-8443-8eaafc35f51b,14522.96,UPI,gateway_timeout,30085.12,0,0,retry_now
c7d86c76-c948-481e-8322-5bee8d5462da,43891557-c67e-4c08-9dfe-c989f418cfc3,1955.83,Debit Card,insufficient_funds,414.59,1,282,give_up
7672a954-8792-4a96-b3d6-00b562a03d1c,7c913209-fb0a-4739-b8c3-592f77d26cb2,11454.04,UPI,gateway_timeout,18992.73,0,0,retry_now
5bf46af6-7c59-4f16-9ff4-ffe30892efa0,f89afc7c-03ba-4fc1-8e89-152426933782,3357.23,Debit Card,incorrect_pin,7107.17,0,0,retry_later
efbef50c-a053-473d-8798-3393342d0a14,6e8d3ef3-af34-449f-8c2a-9165c5dd7c69,11252.83,UPI,insufficient_funds,3759.03,0,0,retry_later
c34b6449-f9d9-4a6c-a308-3f55fc8c6ba3,f79cfdb9-cdba-4f24-b548-f07a4ebcb8fd,14484.88,Debit Card,incorrect_pin,44504.16,0,0,retry_later
c44f0124-46a3-43f4-8dda-c288313291eb,5a6cf18f-381c-4534-bc9a-6a23c9bb12bb,4856.61,UPI,gateway_timeout,26992.18,2,764,retry_later
57a25c6e-745a-4f5c-96f0-756593a948f7,fa1ab478-4926-4ec4-8ffd-5d03a2f14371,733.64,Credit Card,expired_card,44668.53,2,71,switch_method
51ee6701-32ab-4847-bcb0-db7513cdbc88,522ff787-b8e2-4e2f-a1c3-29855cdac28f,13584.17,Credit Card,incorrect_pin,17921.29,0,0,retry_later
7a024390-8e86-44df-ad24-529e0e34891a,7b1ae5cf-6b8e-4721-a401-c0d79dee9873,8219.81,Credit Card,insufficient_funds,25911.34,0,0,retry_later
2f4e2e73-f49f-4654-ae77-d4cd22a991b4,dbd3984c-4b5c-40b2-924b-add13f067313,8198.64,UPI,gateway_timeout,7256.98,0,0,retry_now
4b1932af-fe78-4316-806b-e1e4066f10f5,5a363527-73fe-41a6-9d38-7d825ad203ba,5874.14,UPI,incorrect_pin,33695.99,0,0,retry_later
0cce8e6f-ae3a-4fd1-b446-53a49721d831,56d424f7-1b48-4800-aac7-430cc79d4b14,7582.82,UPI,gateway_timeout,36282.77,0,0,retry_now
dc0781ab-098f-4156-8814-c59306c09793,fb224b2f-417b-4cf1-b011-d6926554384c,11840.4,Credit Card,expired_card,30780.76,1,644,switch_method
83e5a901-fb74-44fd-aa53-21effa588b92,0d774f34-b64f-4dba-b7b7-f683bedd091b,9716.57,UPI,gateway_timeout,10919.11,1,1269,retry_later
c788d333-917a-4f36-88b0-e0bd86a32a5b,7f0af296-b7e3-4791-b57b-00f4119166e5,11854.61,UPI,gateway_timeout,2331.64,1,755,retry_later
4c9e513e-4134-451c-9a0d-90eef7896165,84805075-f2c4-40ac-b395-ed3b9150a66f,5214.15,UPI,insufficient_funds,24911.19,0,0,retry_later
64dc7597-5590-4321-bb07-27610e335fc7,8a332363-f80e-4c65-8cad-bcaaf51685d4,3670.94,UPI,incorrect_pin,27028.98,2,861,switch_method
600101b4-bc40-4cde-acfc-dc120c4fe53b,7379c5c2-ff40-4b91-a996-1f8440af86ed,5392.85,Credit Card,expired_card,36084.28,1,1320,switch_method
98340b46-1f0d-4f1a-a64c-2758469f02aa,664b4df9-00d0-4a75-bf3e-5a7e5b2ebf6a,1149.07,UPI,incorrect_pin,47578.04,2,491,switch_method
af2e2974-deb9-446b-bfd9-10b6bc3dde74,7390668e-5b2a-472a-bae9-072d1e293528,4309.23,Debit Card,incorrect_pin,27291.5,0,0,retry_later
7e1023f0-3b23-411d-a483-bbc43a1a728b,9f51fbf6-f672-42d6-95e5-098bb3e77164,11144.63,UPI,insufficient_funds,24255.15,0,0,retry_later
faf40306-97c0-4020-b186-b63d045c4828,46a87467-5387-4819-943b-19681de0ea7c,734.95,UPI,risk_flag,18336.03,0,0,give_up
6a2a6238-8834-495d-ac00-a2403a03bc5f,d2ff4d55-4ec3-4781-b55b-6b8e968b32a9,3867.96,Credit Card,expired_card,16841.45,3,988,give_up
ccf03082-183d-4455-afdd-613ca323e2e7,6775ec33-ee29-4a43-bd40-7102bad6846a,1012.36,Debit Card,risk_flag,35264.63,0,0,give_up
a279d13f-7bd7-4dc2-b993-28f09e02ba40,90997b29-1b79-4cfc-bee3-8e9b052e5694,742.01,Credit Card,insufficient_funds,30073.34,1,311,retry_later
1880c4f4-648e-420c-9b88-a3cc2795abd6,222a25ed-6e48-4cf2-a607-be1f3ae26467,4789.14,Wallet,risk_flag,1933.5,0,0,give_up
68ce0c8e-218e-4673-a430-b6ced1b1528a,2337add2-8625-4209-8bec-fd4099019de0,634.04,Debit Card,gateway_timeout,47087.66,0,0,retry_now
a2231255-ce66-4ee7-80e1-db4a3d7964b6,2e7fcfa8-580d-418b-a451-7d6443b6a870,10623.55,Debit Card,incorrect_pin,19673.54,3,180,give_up
f7a95dec-b3e3-4a42-8041-217a82dfd270,7e8bc1fe-7436-4470-918d-64580c14822a,13470.28,Debit Card,expired_card,31168.54,3,455,give_up
f8208cda-19d3-4f32-94d6-9eb12bb82f00,e6f604de-a0b8-4b9f-95c8-2db16594ec79,11679.37,Credit Card,expired_card,37037.69,0,0,switch_method
2593dafe-c49a-46fc-ac2d-6f6940c88e3b,47a02f27-820a-4234-875a-120b5c15fb6f,11088.22,Debit Card,gateway_timeout,15212.66,1,319,retry_later
6548d9ff-2296-4b0d-85d6-9988f4f3a5a6,ae8f6d14-eedc-4006-a008-400d5627c3cc,14708.3,Credit Card,gateway_timeout,21365.55,0,0,retry_now
f0220712-bf7b-4621-9496-eb92a7a7c66f,52bcdcc9-0eda-412f-bbef-419010f76f9f,7117.51,Credit Card,expired_card,23981.36,1,1097,switch_method
ff4c7b5b-43a9-4491-ad56-980f71fe8df2,ea257aa3-3d61-47e8-8ab7-5221ee48e92a,5991.78,Debit Card,insufficient_funds,11600.31,0,0,retry_later
d7824548-06a2-4098-a020-02fe0c890a28,cdb6a997-06fa-4e6d-ae89-0a54250d9d15,1226.91,UPI,gateway_timeout,30550.46,1,1225,retry_later
789ff9c2-86db-41ba-99f3-f7e0bfbf117d,79e8e701-543d-4aef-90fa-00cc0f59d88b,38.72,UPI,insufficient_funds,7114.88,0,0,retry_later
57956147-3f82-4528-b492-8d1e39b9aec5,8e719eec-27f6-40af-bce0-9678ff7b5d3f,1222.28,UPI,gateway_timeout,9671.5,2,330,retry_later
cbccbfe8-ce89-4fa8-a155-d4b2f82a6a64,1d810b71-361d-46df-a529-a7e399697f9c,5616.34,UPI,gateway_timeout,24984.65,0,0,retry_now
562e928f-9c56-4601-bbbc-f0816dba7841,fc884372-3389-4e01-8d3a-6774fac27646,6337.6,Credit Card,incorrect_pin,32484.04,0,0,retry_later
3a8e38b5-08ee-4463-98fd-82e0f088b5fc,71cfb83a-2f03-4405-8d49-aacd0c3cd469,14031.19,UPI,insufficient_funds,11188.61,0,0,retry_later
3a07b291-0813-4f7a-b921-08e330b94634,ae425902-76fb-44c1-a9c6-0b1c9dc620ab,8837.15,Credit Card,insufficient_funds,3951.63,0,0,retry_later
a182be20-6517-407a-926d-6b94563ad9f2,13e0b562-d1e5-4434-98c8-ca825a84edc9,4814.14,UPI,gateway_timeout,40193.82,0,0,retry_now
df9e9b5f-c5e5-40d8-97ea-2816e4865782,45288b2c-7630-41f0-85d8-42b4a6559ced,9928.65,Credit Card,expired_card,39660.78,0,0,switch_method
0e8ab612-3e44-4add-9ed4-3be372077240,86f7ba68-f7b5-497b-b18c-ccf081422881,13575.88,Credit Card,incorrect_pin,33080.57,4,1154,give_up
2d489ef2-8072-4a4a-bbbf-3820f7dc0dc5,3dd5f43f-16cb-4867-8faf-6b709137efbf,1465.19,Credit Card,risk_flag,48383.21,0,0,give_up
6908019b-b99a-4152-a0fd-cdcaa584dfe1,13b84e67-9a56-485e-b020-7f2eab76886d,13521.82,Net Banking,risk_flag,44192.31,0,0,give_up
40294743-f3dd-403d-b0aa-dfea8c60d2e2,9f5bf845-1023-4d2e-bd34-6132b3fd1349,2002.45,UPI,insufficient_funds,24221.26,0,0,retry_later
17c599cd-2a5f-48bf-9aec-da7ff9b57fb1,6078219c-9020-45c4-aec3-913a58f45b50,8414.18,Credit Card,incorrect_pin,14810.52,2,459,switch_method
26bc8515-4a36-444f-9aa7-a8c380f42d73,9f11ac4c-0cc9-4c19-8598-5dbfb2976d1c,8455.2,Credit Card,expired_card,2912.17,0,0,switch_method
7ec1daf4-4088-4c5a-874a-7bf8aee77a12,a25a3814-b6e3-42ab-858f-64b231a24201,11193.83,Debit Card,insufficient_funds,9390.39,0,0,retry_later
674f8f71-ef24-416b-b5b2-46584be9a447,aa4f81c5-fc1f-45bc-8a7b-6e616e64aa11,14488.62,Credit Card,incorrect_pin,16611.83,0,0,retry_later
e08f8a51-458f-4725-bdf6-d3612a4824cd,eb8e593b-f004-4c8b-a845-17dd8abd154b,7015.01,UPI,risk_flag,6164.82,0,0,give_up
b6a2adf6-0146-42fd-b104-95dfaa86d37d,187d8936-98a5-4b94-8dfc-8368edb4d5bf,11854.47,Net Banking,incorrect_pin,5587.65,1,1252,retry_later
f07fc12a-e157-429a-b547-5071ccbfdd78,abb0298f-f50d-41e8-b318-f3e7dcab9128,54.67,Debit Card,risk_flag,31984.41,0,0,give_up
c603c1e9-4b2b-4a2f-ae22-6354ff283a80,434c87bc-b2d7-4325-99cb-6c241b76d5d6,4823.62,UPI,gateway_timeout,13984.75,0,0,retry_now
d10f8214-c8dc-460d-8c3c-f096e24621f6,00b8b6f7-5975-4699-8417-fa475dbed043,12823.7,Wallet,incorrect_pin,43786.06,0,0,retry_later
a8b64011-0338-4c2c-b9fc-9826cc426269,a3b213ab-7f91-4b5f-a521-57ad3466ba9e,10660.55,Debit Card,incorrect_pin,24062.56,0,0,retry_later
a077bf77-9b4b-4ee4-ae8c-656c06e4e11b,7fc06f90-a9c0-46c8-a74a-ec6bb34f9fdd,8363.72,UPI,gateway_timeout,4800.87,0,0,retry_now
7504c356-86b9-4b0d-bf11-5600379dff0b,63a94baf-abce-4379-b46b-e1bd963f9ffd,8153.91,UPI,insufficient_funds,24495.81,2,105,retry_later
61e40c59-fade-4f25-9537-2ee23eaec718,36b283d7-651e-4eec-9069-5731a63e5751,9905.16,Credit Card,insufficient_funds,40884.97,0,0,retry_later
a1477c63-f742-4a94-9926-b1ca9dee4523,be0d4fc4-cfa4-4054-ba11-09aa0187bc0a,11102.68,Credit Card,incorrect_pin,34513.13,0,0,retry_later
ea6796ea-f1dd-46cf-9675-bca9e1442182,801475cd-fcfc-4895-ae7f-9f3c9d053d5e,12311.13,Credit Card,risk_flag,20621.47,4,501,give_up
fb4005bf-140b-46d4-83f4-046af971531e,ffa6b3ba-1319-4b4e-91dd-cb1581afc07d,10909.67,UPI,gateway_timeout,28425.72,0,0,retry_now
f3f6ad79-6bff-4286-9410-65c9dc11267d,728cde09-7938-481a-8370-9aed4f4615a7,1077.65,Debit Card,incorrect_pin,19856.15,0,0,retry_later
7b650710-7d5c-419a-8ca3-66fda3cacfe2,4375597c-4316-4ed5-8d79-d8081fa8db06,4035.98,Credit Card,risk_flag,7730.63,1,1029,give_up
19645393-c69f-4a4c-8e14-da4a4f8a62b4,08244d6a-c09b-4165-8af1-84fa7c4ee9ad,2207.51,UPI,gateway_timeout,10198.12,0,0,retry_now
98500597-a76a-4209-861f-00dff59a3fd3,3d1ea85b-4260-4d9d-921a-8730814322f4,12721.3,Credit Card,incorrect_pin,9162.64,2,1156,switch_method
d298cd52-c8b2-4008-b76b-c83e1af02826,7c899788-da83-42fb-b446-e2580678490c,9183.59,Credit Card,insufficient_funds,1043.07,0,0,retry_later
c55297ed-5a2f-41c3-b6a0-b215db9c2198,d6a850b5-f50f-45c0-80bc-bab4b58cbccd,2334.35,UPI,risk_flag,35535.37,0,0,give_up
8e05a740-c2fe-452a-95ca-32aaed8d54b8,e66bfaa4-20ca-4561-8f58-2958ef96677d,1301.64,Credit Card,insufficient_funds,29246.05,1,467,retry_later
e3e8f792-03c8-41d7-8fc6-1d3b26ff688e,44f43b4a-9a5e-4ada-8941-5f11c926907b,1676.76,UPI,gateway_timeout,32338.56,4,907,give_up
7780ae8f-09be-4d09-85bf-3cda13885ec7,64fa8287-3352-4a9a-b0b7-d1beba61cf90,11547.27,UPI,risk_flag,11910.7,0,0,give_up
ecdd3d49-a6b5-43e2-9e7c-1515bf34a655,8d249d69-7623-428f-935e-0bc8d57ec096,4117.98,UPI,gateway_timeout,39213.17,2,384,retry_later
1d13c246-e8ab-42e3-bd10-6c880ad98dfd,2a0556a1-aee5-4b49-90e2-8b26226cce88,2328.33,Credit Card,expired_card,43129.92,2,1193,switch_method
b1ad62de-8df6-446b-a2bc-6288328e867f,86cf3b57-b748-436f-9bb9-1a0fe53c3774,9283.44,Credit Card,expired_card,36935.68,0,0,switch_method
4aa81ef0-d952-4a31-8868-0bc9dcc716db,3c571e6b-8460-4ef4-8fa8-bb5969cc838f,5135.48,Net Banking,risk_flag,7346.9,1,887,give_up
b274e900-2275-4ca5-aed6-5e9752b236f9,b3227f68-352c-4923-a9de-f5f811673a34,10591.71,Net Banking,gateway_timeout,16739.78,2,642,retry_later
dabe8451-3f03-4155-b8d7-bd315204ca2a,5e0e3267-6933-46dd-b227-787fb7e73275,6347.82,Wallet,incorrect_pin,3599.1,0,0,retry_later
db87180d-4c21-4d14-9082-a9bf27a805cd,cc98312f-d102-44d9-84f7-18694b7cdef0,7912.05,Debit Card,expired_card,2573.34,2,964,switch_method
d20258a5-6dd7-4bd1-a5c5-c453883524ed,7c81b950-1b16-45ab-8c2f-467a9f03dc9d,13031.56,Debit Card,expired_card,49834.73,1,1110,switch_method
4040ed42-7a91-4e37-ad40-0c035df73fcf,9f2fb658-019e-42fd-9da3-921fdab4fdb6,11068.01,UPI,gateway_timeout,23767.17,2,1039,retry_later
078f737c-d23f-4ec6-bfe9-e362c45ba2b1,d1e76dd6-607f-4c97-8d94-46e13ae0d8c3,5766.34,Wallet,gateway_timeout,19709.5,1,550,retry_later
6ebbec2c-6a0c-4b04-8dd4-dc2b34414931,530341d4-0a4d-4fa2-a4b1-68d5563532eb,2739.19,Credit Card,incorrect_pin,40904.74,0,0,retry_later
9e3e8b37-a75a-4fc6-afbd-8449df0f18ef,ad10bb7d-4409-47c7-b119-6e66014f9efa,10935.51,UPI,risk_flag,48841.47,0,0,give_up
530a3c45-e4ef-49fa-b8dd-c7b066a704fe,38e95c0a-5966-483d-95c9-da1a95cb1caf,11565.73,UPI,gateway_timeout,12268.1,2,745,retry_later
263ca087-3616-4620-9e0a-fe668aa7e588,2c4d3be4-e181-4aec-9904-597e643fcfe8,1996.08,Credit Card,risk_flag,13377.87,0,0,give_up
60eb7180-b03b-42d6-a49b-709058b000dc,91de7a82-2aaf-4f02-a79b-b491e9b876c3,13045.74,Credit Card,incorrect_pin,3514.22,0,0,retry_later
6d848a88-459b-4d5c-b601-237277121a08,51792d91-2941-4d40-8f11-914d2857c428,13456.38,Credit Card,incorrect_pin,16010.48,3,577,give_up
e77254e7-9137-4395-9ac1-abab81239804,f0a60d62-30e7-4874-8cb2-763749da248d,471.4,UPI,insufficient_funds,39254.67,0,0,retry_later
732868c5-c07a-4558-b232-fd9256a44c70,bc2d5ffd-be72-4cf3-afce-23d8210bc362,4189.76,Credit Card,incorrect_pin,14323.24,3,322,give_up
9bc478a3-84a5-486e-9af0-2d5faa5d1203,39258741-dcd8-496b-be29-491de8007cb7,11386.23,Net Banking,expired_card,32087.6,1,579,switch_method
93164f05-92da-414d-9a66-41ac8cba6531,675f4ea6-f79e-4d33-93c1-556c40c3e148,5911.12,UPI,gateway_timeout,19120.12,0,0,retry_now
a98b5e5c-587e-40de-b4b4-1e4c3c8fd188,4138143d-d5c7-498e-9947-85288f86b10e,11761.24,Wallet,incorrect_pin,23838.53,2,374,switch_method
70b8b969-51db-47c4-8e38-80277993433c,f9a03ceb-e17f-4c5c-9b2d-539e489d6c2c,11417.51,Credit Card,incorrect_pin,38096.17,2,185,switch_method
a632f506-1b99-411d-a043-98986b29099c,3ad06a36-321d-4ff5-953e-a31330616f76,5543.35,Credit Card,incorrect_pin,2219.45,0,0,retry_later
f70099ef-bfbf-43c8-8458-a55e9b3d4dc7,8ab48b06-ca9c-4eba-9340-06d75f1b7b21,8792.7,Credit Card,insufficient_funds,25420.83,0,0,retry_later
4282eb48-0383-4e3e-8399-0023d10e72d0,54f9f71e-e75f-45a5-9fd2-0e81f6910059,12862.28,UPI,gateway_timeout,23658.66,3,350,give_up
2ce5fdd3-9bcf-4ebd-b865-ff7a10f69bbc,dbf0d4c3-c2c2-4e72-b2b7-41578d4b4b7d,13614.45,Credit Card,incorrect_pin,32739.52,0,0,retry_later
c4a0f5f9-5fc1-499d-9991-5367410ba25e,dfa86f97-02f0-442f-ad5c-4a6425e2c523,14521.42,Wallet,gateway_timeout,104.08,1,232,retry_later
7a41c953-0528-443e-8ea1-2825e52a0308,75aa8863-027e-43ff-824d-9308dc219e78,3530.76,Net Banking,incorrect_pin,11904.36,0,0,retry_later
d82d2c61-9922-43d1-aad0-5154ad82b79a,4ee196cc-cff0-42d7-ae24-e720f658d467,14731.31,Wallet,insufficient_funds,9735.18,1,821,retry_later
eecc4a87-ccc2-45a7-bbda-42ac8c82b107,4403e206-f680-4a9a-a75a-127366b459cb,8604.19,UPI,risk_flag,21697.75,2,867,give_up
32010a95-0981-4760-a0ec-30b84e152611,2a9ba9b0-98c2-4024-8255-b412aab12b01,698.14,Credit Card,insufficient_funds,48134.08,0,0,retry_later
99d7d3dc-5477-4dd0-a8df-1a8b239b01f0,8b295517-f654-4940-9e4c-22185bfaa64a,3031.7,Credit Card,expired_card,13653.71,0,0,switch_method
45d44c33-5fda-49ac-ae18-c5d81930dfab,323c5cf1-e394-4efc-aed0-95f81b57080e,12110.94,UPI,insufficient_funds,18446.46,0,0,retry_later
d857d5d8-ba46-4812-9561-1ddc64f2e3db,a14cdda9-f7ce-4f93-bfd3-839d378123a2,6170.36,Debit Card,expired_card,16294.03,0,0,switch_method
0edf1b29-e173-4048-b8f0-9dac526f14eb,53290671-769a-415c-b88f-21a0765fd11a,6888.19,UPI,gateway_timeout,14224.84,3,488,give_up
ffaaf2fb-e5a7-4062-aa5f-9e8a54234c14,0e99db2f-f81d-422d-89f1-cb608d5850f0,1213.07,Debit Card,insufficient_funds,44258.28,0,0,retry_later
494a29af-1f83-4e34-9ea4-1e612c8707a0,ea4de012-6245-46c4-83b0-c09f363cb904,5551.29,Credit Card,expired_card,634.36,3,753,give_up
9f711e8c-097b-482f-b015-196d04a9e8f0,07ec8432-4fc4-4928-9689-80b1e9d79c90,5067.34,UPI,gateway_timeout,44830.05,3,356,give_up
1ecdc276-c5f5-4e32-a11c-6c1054de6ed6,baeb8047-49ea-403b-9ea6-4cfc2dc40dd7,12020.28,Credit Card,insufficient_funds,12349.25,0,0,retry_later
d7eed474-7be2-4481-b35f-9045493b6051,01e2907e-0433-4dc1-88d6-7c79903915a0,2785.06,Credit Card,insufficient_funds,10943.24,0,0,retry_later
f92d3ef0-6c4f-4e0f-bbc7-418ea868364b,5a99bcf5-cfd4-48d4-9090-21b914c27359,6805.14,Debit Card,risk_flag,38244.14,0,0,give_up
1d06444e-ba2f-4e24-955b-bb541bad4cb8,61f69d58-df6d-44c0-a091-e3f87f44b467,3217.9,UPI,gateway_timeout,1029.06,0,0,retry_now
f3985389-8ef8-4868-868d-79faab78708a,964de94a-ad69-4c51-945b-3a30ea9dce87,11040.07,UPI,insufficient_funds,23725.93,0,0,retry_later
a038f546-ea4b-48c6-a095-c615cf00ce22,73220a03-6a17-4d58-836d-be875dddf9b6,3078.76,UPI,insufficient_funds,44558.85,0,0,retry_later
f325fd97-4e19-49d8-9c3c-537e064d19b0,298b6271-1870-4e97-9983-94e730dd9836,2673.47,Debit Card,incorrect_pin,20404.61,3,418,give_up
eb24fc27-db09-4301-a962-f9b3b3000454,8e09dbbc-a714-4fa3-ac1b-0496f48a59be,8092.47,Debit Card,risk_flag,31621.78,0,0,give_up
a13873fb-e2d1-4c30-a56e-7f8d8721e242,780df92d-ae64-41a0-8d72-cd57058bc7b6,5504.42,UPI,gateway_timeout,47537.48,0,0,retry_now
38dec9ee-c5d8-4166-a7ce-62249eb48399,9832fd5c-c435-412e-89c2-5631d7f5bfa1,2134.01,Wallet,risk_flag,9583.22,0,0,give_up
f0d27200-113e-4250-948a-8764663a02ca,92e5b2ff-56d5-4fd5-a200-dda98887256d,10054.9,Credit Card,insufficient_funds,49420.23,0,0,retry_later
c10e11e9-05e4-4551-b5d9-210e61d0a5e0,287d18ad-69ae-4e7c-9625-e08d9c0a0509,13412.52,Debit Card,insufficient_funds,14311.16,0,0,retry_later
8c6ad011-5bb0-4bd2-a091-8df0c7ffdc45,956984aa-a131-4add-b70f-aeb460ec8179,12455.35,UPI,gateway_timeout,25702.05,0,0,retry_now
aa334fcb-fa89-4c8d-8696-1a62101e1b14,bfb65f75-9685-4c86-abae-2c327eb90fd6,6037.74,UPI,gateway_timeout,26403.57,1,890,retry_later
f3de7633-82b6-4a65-9a40-2c96ac287f74,0df0ed73-e150-4c0e-9af4-09cadd44b925,8692.16,Credit Card,risk_flag,6073.11,1,399,give_up
760c8e23-5595-4391-82fb-4f29f9bd8cfd,5a60bda7-a78b-49a0-8efd-cca6157a62fb,5632.86,Debit Card,incorrect_pin,13428.81,4,1166,give_up
6486c5d6-1196-4d0f-994c-7a8c996829a5,57b4f0b0-38a5-4090-bb3f-ddb4fe669941,9663.08,Wallet,risk_flag,36439.46,0,0,give_up
e35b3246-1ced-4851-87ef-d3bc15f80ef1,b4b22781-b137-4cd4-9394-6b65e47f76f2,12392.45,UPI,gateway_timeout,27892.24,0,0,retry_now
0ac4a09d-e79d-4ebd-93be-989273230d3d,f24ed5c2-1c84-4a63-94bb-0d90655b8fc5,7594.47,UPI,gateway_timeout,36132.27,1,1297,retry_later
c15182b1-968e-4ab5-8043-a6e800a1cb4a,6f7748d0-9cdc-422b-8052-e63b90cb3023,12556.8,Debit Card,incorrect_pin,31273.48,0,0,retry_later
00fdc8c2-0403-4a1b-bed4-79ac70abc538,96768921-fd08-4c23-bc34-5c7195c42619,8407.54,UPI,risk_flag,25586.91,0,0,give_up
c02ba0d1-8d1d-4010-974d-c3fb2d7865b4,95fa32ce-1027-47a7-b523-4f36661e0b28,10677.07,UPI,risk_flag,7156.03,0,0,give_up
9c3da0d5-f87a-4be7-8567-4d7722532f97,40aaac40-1558-4bda-8a76-00f04bdffd03,909.31,Credit Card,risk_flag,13389.8,0,0,give_up
592087f4-9dc4-461f-8c8f-1eea1fbe49d7,d870acb9-29e7-4797-a19f-e51f825dc094,13998.09,Debit Card,incorrect_pin,35608.25,4,909,give_up
02b3c51b-a6ea-4553-9fd9-471abf87a47f,05c7ef76-dfbe-4fd1-93b0-cf53912d5606,1473.45,Wallet,expired_card,15149.55,0,0,switch_method
2a5dee99-c8c4-46e2-9251-6df442448812,a2aab0ad-0ba6-43cd-9eda-76cdab2d782b,4908.07,Credit Card,insufficient_funds,44405.68,0,0,retry_later
18ca50aa-035e-44c1-8fc0-f8618ab14524,fee1485b-5611-4a3a-a712-3d87d5b2df50,6126.94,Credit Card,gateway_timeout,18143.19,0,0,retry_now
e435a4d6-6607-44ce-ab44-0bd003adab57,794fab2c-1385-4670-9877-2cf2fee582b4,11386.76,Debit Card,gateway_timeout,39144.84,0,0,retry_now
e059f3ab-c653-431c-8891-cc8263a1f02e,f1e842d1-5b14-4f99-b5ca-c3522af64bb5,12324.41,Debit Card,risk_flag,20380.41,1,47,give_up
0b6c2d32-0293-4e1f-ae8f-fa884482f806,76705ff9-8715-49c5-a887-f098ac17a9be,5624.76,Credit Card,incorrect_pin,41153.63,1,1212,retry_later
a4950dc1-d2bf-4319-a443-f5adfa334132,d8164b72-b92a-4af2-9efc-b3d28a8ed8fa,12608.94,UPI,incorrect_pin,29338.52,3,1050,give_up
45196e17-7c0c-4e53-ba54-d208c9d3d23a,4b298ee4-246d-43c7-9846-b4b7b74d9980,7556.73,UPI,gateway_timeout,35432.72,0,0,retry_now
29197f30-f899-4caa-ad80-1f22b88cd3cc,543271b8-3789-44af-9657-176dbae8bf23,13714.79,Credit Card,incorrect_pin,28563.68,0,0,retry_later
7136e4b5-41e5-4d86-8945-9016b5b150df,b651e8b8-2546-4446-bc30-f22d57fedb0c,14228.41,UPI,incorrect_pin,37246.21,0,0,retry_later
16a7500a-13e7-4bf6-8136-6fd82c157ec1,044752e0-ff49-41a2-8995-fa9031d3dbcd,11130.32,UPI,insufficient_funds,11104.64,0,0,retry_later
4a96fd53-0a87-4d74-8768-ab532d123dc9,1dfbaef8-99e7-4d71-beff-428095e468e4,6272.34,UPI,insufficient_funds,27835.98,1,27,retry_later
3503db2a-6e94-4123-bb93-ad8e4d468f3a,4204bc17-fa94-4fac-b1e6-520b14a0af81,3588.32,UPI,gateway_timeout,34311.25,0,0,retry_now
8797c567-01c8-4b43-ad21-fa5d48c8e8f2,5e38bf40-c3a2-4809-93e7-2b6ca403162a,9975.31,Debit Card,expired_card,48748.73,0,0,switch_method
fdb997a0-6de0-4ab8-a54c-761341069bfa,ba9deb62-e80e-4391-a1bf-56dafb575a48,6448.08,Credit Card,insufficient_funds,8238.79,0,0,retry_later
03baaf79-8aa3-4570-9a99-d1ec246d6722,63e17859-3705-47b8-997f-6f5abb8a21a2,4898.72,Credit Card,expired_card,41093.57,0,0,switch_method
befdae44-d5fe-49bf-a5c5-59cc3281d966,84d45c95-d35a-4e90-b1f4-370d4e56765c,5799.18,Credit Card,expired_card,15401.27,1,883,switch_method
9031a83e-6074-4cb7-81bb-689e4af3bb05,9c5538c1-20e6-45a8-a998-45b72f955a54,2238.76,Credit Card,incorrect_pin,40431.53,0,0,retry_later
6f510f9b-bb2c-46ab-8a62-67b707945a25,663a3d7f-41a5-4570-bb61-503c73a33a13,11030.3,UPI,insufficient_funds,29852.07,0,0,retry_later
6657a01d-5b49-45f2-978b-78e9662c6d7f,59e59842-f26d-49e3-9acd-729f45fbb0dd,4531.61,UPI,gateway_timeout,38101.76,1,880,retry_later
c81c097e-6984-4390-8a98-452c83e51192,f4475eb1-ce6b-4be6-bb77-bd5a19294b28,13257.2,Credit Card,expired_card,37342.35,0,0,switch_method
72d74f82-ca44-478e-966f-daaa59c41732,461485ac-d571-4f93-b50e-e78e0cc5379c,10042.66,Debit Card,insufficient_funds,38724.05,2,1091,retry_later
060bbfe3-10a3-4b51-a237-64074af632a6,b35eea5b-7b6f-4339-8f4f-03bc6a04e307,8725.5,UPI,gateway_timeout,43220.82,0,0,retry_now
4c9967f3-1d71-4f7b-84f3-05fcd5e3f97c,1d4a42d0-eb22-4e5e-bd70-8615034ff58f,10322.81,Debit Card,insufficient_funds,11266.8,0,0,retry_later
0abf3604-2777-492a-8e4b-6bc9690d0101,69bef055-8331-49db-89eb-a81453b66807,2436.51,UPI,gateway_timeout,48589.94,1,1367,retry_later
a46d884c-456e-41c0-83af-d4682827296b,d3e1ac62-5545-4c48-855c-04e89dd5adb5,12476.49,UPI,gateway_timeout,40569.69,0,0,retry_now
34140c19-338f-4651-bfe3-6b5d3383ed0f,a23d62d1-f83b-431a-adb9-8824ec51e94d,14981.9,UPI,gateway_timeout,23438.94,0,0,retry_now
2e59054d-f232-4736-8ed1-73c8fdc03290,6e7a34de-e032-46f1-b57f-ade7f55f5f90,2701.89,UPI,risk_flag,48610.73,2,782,give_up
c4dda0be-ec07-4575-ade1-a6a833607b12,46dafc99-76e9-4dda-b898-02bcde402f82,11869.26,UPI,gateway_timeout,8903.27,1,955,retry_later
e272a4f1-4e6f-4089-aecb-0dec10f59e88,0fec02cf-066b-4150-a67c-5afe479bf4ff,6836.57,UPI,gateway_timeout,18617.85,2,1375,retry_later
b93ae61d-4a2c-464b-820e-f5dae7f8e36c,cff9e01a-11b2-43c3-97e0-3d28d760a26a,2947.63,UPI,gateway_timeout,849.71,0,0,retry_now
5f1816db-a9c3-4af2-941c-346e88f6d348,bea15b3d-e58b-4fbb-bd59-ab5c553495d5,601.82,UPI,insufficient_funds,22432.63,1,499,retry_later
f7ceb64e-d2ab-45ed-8b82-bcd61124f6fe,d965f081-cfe3-4add-a2dc-2e08da2901eb,5140.8,UPI,incorrect_pin,44194.27,0,0,retry_later
fa0ff7bf-8f9f-4abf-bcd4-98f261900e74,adef0a39-4040-49ec-896d-d896a79806b1,6467.47,UPI,gateway_timeout,40774.99,0,0,retry_now
d5a0eadc-6522-4a36-89c4-757dede9a236,34ab1acd-438c-42c4-9699-9e464658469f,9106.05,Credit Card,gateway_timeout,19402.45,0,0,retry_now
219a59f2-51cf-42d6-afb1-71b15cf3d495,7b99ae2a-dfad-475f-b706-06e3f62d5779,13973.48,Credit Card,incorrect_pin,34554.51,4,1059,give_up
d3c09d01-6f09-42c3-b592-f9830383a919,f44b6ead-94a0-42ae-8264-04f6461f1457,7789.53,UPI,gateway_timeout,26293.43,0,0,retry_now
639af984-f2d0-4505-a180-4347c1da019f,95f5aaba-13d6-40fa-95bd-ab821fa6010e,1784.32,Credit Card,expired_card,43912.93,4,1369,give_up
b99c9e86-aaae-4f3c-9563-af51e7b19fd1,21470f2e-6fe9-47f6-a4cd-54334d3fddc2,371.43,UPI,insufficient_funds,16490.98,0,0,retry_later
8c600534-182f-42e2-b4b5-73060ab0cbd6,14bded8b-2159-41d2-a4c1-f22a80d184f4,12483.28,Credit Card,incorrect_pin,12003.11,0,0,retry_later
faba1221-a7d4-4f2d-9b4d-5e1373636add,538209b4-9d12-4984-b4d2-ab2f0401c820,11431.82,Credit Card,incorrect_pin,35744.1,1,1364,retry_later
597b2cb3-9f7e-4343-8105-f3c7d8cbff91,b7e3704f-eb78-4fb4-94f5-53ffb4acb159,11722.98,Debit Card,insufficient_funds,2283.79,0,0,retry_later
0b428cdd-4228-4ad7-ab2e-5332c1464dfb,c8cfb563-1fad-49fb-8760-b4eb3016ac04,4241.24,UPI,gateway_timeout,20478.07,0,0,retry_now
6c94c3a0-893f-4256-8131-2b6fba5825b2,dd49a3ae-ce8c-4ddc-9e76-220dd4e098b6,596.79,UPI,gateway_timeout,17402.05,4,642,give_up
0769051a-02c1-4cbb-aead-98b94ce1b82c,19d1c499-52c4-4694-81f9-1ea63bee0c7e,13613.52,Debit Card,incorrect_pin,34874.85,1,368,retry_later
9ea9c66d-a405-48db-9f69-97beb2bcfd01,a3e57811-9e34-4315-b7ab-79f46ea1a1f1,6694.92,Debit Card,risk_flag,18269.55,0,0,give_up
160fc241-97d4-4524-8b20-1b0a573c00fb,0c2846c4-9ecd-4a46-9a1c-35f93f4ba264,9747.58,Credit Card,incorrect_pin,39247.9,1,1384,retry_later
5a2b0ed1-4533-48f8-b76d-9a3832aee106,f742870d-9421-4365-b387-ab7ad8abde94,7324.54,UPI,gateway_timeout,43765.26,0,0,retry_now
95bf2b64-6879-4037-a940-2431e82c09ed,fb519465-2725-41ba-93b9-d6362bb78cf3,14843.84,UPI,insufficient_funds,10732.24,1,1406,retry_later
cde930a5-ab3f-46d2-b7ee-2a41a2311818,f20ac1c6-880b-48ca-9e24-48c42d749413,6658.2,Debit Card,risk_flag,3268.52,2,343,give_up
9f6ed27c-bdf7-414d-9567-76a1cd2baeaa,07c0968e-3dbd-4d4d-a201-31f5140bb747,11064.93,Credit Card,expired_card,17414.97,0,0,switch_method
290f73ee-a1a3-4c5a-9e02-acac7d8e9973,82e153af-4bae-4674-8347-a423ca16a505,9204.42,Credit Card,insufficient_funds,13172.17,0,0,retry_later
f346f3d4-fea4-4f22-87d6-11a52970ad9e,ec712f4a-632f-4a29-bb0c-baa7a658dba9,2940.58,UPI,gateway_timeout,20451.36,0,0,retry_now
a67ab141-22fe-4759-82bc-a7556271f69c,a13c7b25-061f-4ebe-b6db-0930ccc37e4c,11158.02,Wallet,incorrect_pin,40672.73,0,0,retry_later
548d6015-0cc6-442a-94bb-3739ae330f40,68b18ab5-502b-4980-b9b8-31216e26e913,3492.08,Debit Card,insufficient_funds,32755.22,1,1083,retry_later
0815fa8e-80e3-414c-9069-ca5fd5b24790,f8814141-42eb-4294-9813-dfe188ce91e9,6759.98,Net Banking,gateway_timeout,30683.04,0,0,retry_now
fd83dc43-a381-4f81-8c6e-df17ad03a98f,7e7f3813-a0ca-4288-b025-4b042fbc180a,265.3,UPI,insufficient_funds,40919.23,0,0,retry_later
e4bafe74-0895-43ed-a774-d4c35f0d1c5f,87113291-8a0c-4d75-a3cb-749ab668ebbb,11586.43,Credit Card,expired_card,9162.79,0,0,switch_method
5a4dc927-e678-41cd-80ae-de6085e414cd,4ef2913f-c066-4391-b03c-e3d1264da7a9,13112.77,UPI,insufficient_funds,19625.1,0,0,retry_later
d2b26cf8-859a-48ce-bec5-c717a96e1fac,efa48875-805a-4156-9fa2-ae139ae5d10c,1707.09,Credit Card,incorrect_pin,47698.26,0,0,retry_later
18b288db-05da-45b2-bd68-f0a63a3843f6,eeb750c2-783e-4391-aa0e-eedd87f2437d,2185.18,UPI,risk_flag,8858.27,4,1091,give_up
9fcd6c8a-2e28-4287-8978-c7626f89fbe3,629f9846-0d5d-48cb-bac8-e7522199aab4,10582.17,UPI,gateway_timeout,47823.89,0,0,retry_now
afc64b5b-629a-456b-82a6-d659fd29d5d6,920dc8ac-1d71-4056-aed8-2aee95303990,14955.92,UPI,gateway_timeout,9511.33,2,1137,retry_later
d0ac2645-a0a4-4c23-9832-5206cd885860,84fcafee-25ab-49c8-adc0-b5cea77633dd,6588.44,UPI,gateway_timeout,25611.15,0,0,retry_now
6fb76347-b1b9-424d-9183-e0a0f57a5f6d,f2b2cfee-95f2-42f1-a6f9-381e43c36ab3,884.42,UPI,insufficient_funds,25434.17,0,0,retry_later
6d724cd3-b105-40d0-94dc-70bce7c3c38f,9a9df8fa-78f9-4968-81fd-53756ca35217,10399.39,UPI,risk_flag,3172.47,0,0,give_up
4da8caf4-8c38-4c61-80e9-f737c6a35012,75c2d3a8-090d-45f5-b63f-e9ee7acda3be,10985.75,UPI,gateway_timeout,32553.95,1,1258,retry_later
f2b9ce9b-10af-4f1d-8c75-86c1d37ba6c7,02b02dfa-b976-4325-857e-187d897239a5,124.51,UPI,gateway_timeout,25830.28,1,996,retry_later
0a41def6-60c6-410f-ad0b-8fa2415ac946,c8f2e006-66a4-4b8e-ad03-11b49cc2d7c3,9745.85,Wallet,gateway_timeout,39238.79,0,0,retry_now
232a7f7c-9e3b-4e58-beb9-8a678b1274f8,6c29b2f2-f811-454f-a0ba-cbabd93b4c5d,9369.4,Credit Card,risk_flag,7751.72,0,0,give_up
68bed238-cda4-4738-91a6-ce7d5ad3ca1d,6e176cb2-20bd-455d-8e66-46f08203523d,8867.84,UPI,gateway_timeout,43940.4,4,891,give_up
631d7628-81c1-4cf7-bb13-b3f22784e7d2,2c1fa92d-f805-498d-96b2-83975c691016,13.02,UPI,gateway_timeout,16822.38,0,0,retry_now
4c918a57-4b93-406b-b33c-b636bfa2fd1a,c04c11b3-4581-433a-a883-3ee8880a9227,5679.29,Debit Card,expired_card,6448.34,1,447,switch_method
95a13361-8f20-473a-b110-9c23c561bf24,f06fe65f-41aa-4629-8a94-7c580bdf9505,9210.96,Credit Card,risk_flag,12015.57,0,0,give_up
29719cbb-6b35-4cb5-9205-1f4a4a4e7dad,20dafe2d-8478-40dc-a046-ae75132d938b,11214.16,Credit Card,insufficient_funds,18721.81,1,837,retry_later
21518d87-5384-4e89-80b0-b9ec183be2ec,b2845399-dbfa-4f6a-8146-68fea4b1486c,13478.43,UPI,insufficient_funds,10872.3,0,0,retry_later
991c056e-365e-468e-9646-8fee8162ab63,d44f70fc-5bcc-406e-881a-a23339de1ade,5266.03,UPI,gateway_timeout,12900.96,0,0,retry_now
7d8a2ac8-3ad0-4ea1-8df3-3caf7d0e4612,e373c50d-222f-49bb-81a0-ec0f4f9f1936,4556.81,Net Banking,risk_flag,30434.51,3,836,give_up
11e83699-7666-4f0c-b61c-7245b08a6e6a,786e4cda-cbf0-498e-885f-317409c375ec,6458.17,Credit Card,incorrect_pin,31728.34,0,0,retry_later
78a1926c-217b-44a6-baa6-1d4d43142e63,006d3efe-39d8-4629-b846-da89ad6e3757,14483.73,UPI,gateway_timeout,17486.98,4,150,give_up
0402d5e7-0a16-44b6-9556-6ff5d91557ea,ffb6d79e-a79a-4576-ade7-54ee68bd76e7,14498.7,UPI,gateway_timeout,2398.69,0,0,retry_now
350eb128-5907-4811-bd41-912ffab4d6ef,34317029-6ecc-468a-a425-3ae7a3080bc6,7047.33,Debit Card,expired_card,46467.53,0,0,switch_method
263d294f-a808-4110-8652-f69ab5fc4d0b,d2a4f83e-0a10-4656-b9f7-e03dd6010f28,6423.29,Debit Card,insufficient_funds,49802.36,0,0,retry_later
239b93a4-6b0c-4e7c-b629-5d9936cae3f1,d833a7a7-8a58-4d27-92ba-6d5decbc7a3b,9091.25,Debit Card,gateway_timeout,42710.95,0,0,retry_now
71fbf3bf-2ca2-4222-b6d4-c178f99b0bbe,0eb740a9-173d-4548-a603-a6e4b0b2de1a,7400.8,Debit Card,insufficient_funds,11515.32,0,0,retry_later
ded036a6-a7e0-492f-9a43-0121e10835b7,b8435b71-44bc-4f27-af53-f44513522fb5,3589.26,Debit Card,gateway_timeout,40240.62,0,0,retry_now
c55add28-f7ab-4ab2-b40e-2fe5c2bc96ed,6da0ac26-b1ca-4cc0-aafa-45845a205400,1373.49,Debit Card,risk_flag,2955.56,0,0,give_up
49f0bad5-74ee-4390-b473-4b0262a75cae,b48f33e4-d37e-46f8-bb3a-0cc9161135bf,12545.46,Debit Card,insufficient_funds,22063.8,1,1240,retry_later
73154941-dc75-4f14-aa65-62f7813ac3f6,c38f4e31-1274-4dea-bcd2-f858f5afee49,12858.17,Credit Card,incorrect_pin,29794.22,3,1265,give_up
917c3067-2c3b-4942-933a-f0468cb230de,0582dc93-c786-4122-bd9a-edf5875f29b3,11979.36,Credit Card,risk_flag,8339.59,2,1415,give_up
8880fc69-3652-4cda-95b5-263d983141b8,042e81f0-b657-4011-9ccd-a3ce67f3bcc1,12619.42,UPI,risk_flag,34833.35,0,0,give_up
a7cc846e-9a32-4977-9a2e-1851bbc48e67,782c50ba-fdba-43d9-8fd2-51d5f4281878,1379.51,Credit Card,incorrect_pin,21467.14,1,1092,retry_later
3d39f253-dfb3-4ca0-84f9-9240cb7283ad,7f44447b-9695-4ad2-a348-fe5dcd235462,14291.67,Credit Card,incorrect_pin,2733.65,0,0,retry_later
cb37c16e-0252-4444-ade6-f9999be8d409,59884468-ec62-47db-9d6a-f5ad11b0814b,7090.1,Debit Card,insufficient_funds,36845.07,4,655,give_up
8906f20a-68aa-4fac-9913-13bcf5596c1a,86cddffb-f6fa-48e4-a045-e76595f488ba,8294.91,UPI,gateway_timeout,27242.76,0,0,retry_now
f4ec799e-5385-4b21-98f1-3d4259feeb0b,e3a7cdfb-491c-44bd-b913-5bec8ae91bcd,8602.91,Debit Card,expired_card,44421.31,0,0,switch_method
aa6c2ccc-3be6-4919-9eb6-549bbc03cbd3,6e44270d-a398-4957-8156-033f2976733c,11627.11,Credit Card,insufficient_funds,46548.26,2,1311,retry_later
b36cec04-69cd-4d58-a990-2ec5b6db8b36,83ae4ae4-906a-4b3d-a30d-ac809adbc9f9,10035.32,UPI,incorrect_pin,8195.86,0,0,retry_later
4413767d-4b3c-4c04-a1f5-c681b7fa08a8,ce2fd01c-56be-46bc-a3b2-16ba7be584e2,6002.67,Credit Card,insufficient_funds,9992.36,0,0,retry_later
f1e9e8e9-6fbe-4bb1-8523-b9a9b4352e7f,6a0e24a4-94ac-43a9-a05b-c1d6ff409136,11466.01,UPI,insufficient_funds,48089.33,0,0,retry_later
c75f0fde-fe98-4104-b24c-0b8dc4f7f93a,f27f7b23-0cd7-4f6d-b705-f1e38db3d026,7029.82,UPI,risk_flag,22772.48,1,1202,give_up
2d936267-b13f-46b5-a0c8-a4c668b82412,f7f208fe-cb6c-41ac-bd66-d51cd1d9e415,5059.67,UPI,risk_flag,14285.98,0,0,give_up
97544f7f-c39e-4808-836d-0f99bcd91ae1,c539e320-6f4b-4c7f-bd29-c3be07711161,13243.66,UPI,insufficient_funds,8743.76,3,239,give_up
0b0681f9-8559-4ad6-bae1-77a700ae29f5,3eda74f2-20c5-4df2-a9f7-fb997c13ed1c,10042.19,Net Banking,expired_card,25217.12,0,0,switch_method
07c4bb00-00c0-4280-971b-b36098104351,e52f4956-0d96-4bf2-876b-3ff8d98d2989,13732.25,Debit Card,incorrect_pin,1673.8,0,0,retry_later
f5176b35-0255-48f7-b9ac-ef7e444fe1c1,78fdbc4a-8068-44a0-a70f-69c01b3aa106,11877.3,Net Banking,expired_card,36668.48,0,0,switch_method
c852d773-ca48-4360-b964-d42fe758ee26,660229dc-3f2f-4c53-a30c-a6617ff23c91,6598.98,Credit Card,incorrect_pin,9625.82,2,208,switch_method
d2e0c243-9341-4802-bebe-bb2f8f23e77a,df02bca0-99df-4252-ab19-b7c1a85bc179,2460.13,UPI,gateway_timeout,22940.65,1,666,retry_later
b8d792b0-aacd-49c2-a0e4-319558cb6139,9652230c-ec41-4008-a579-bed08c667660,941.66,UPI,insufficient_funds,30376.69,0,0,retry_later
fec0750b-3f6b-4953-b0ae-7b4e46e99fef,22904675-5491-4839-969f-a36e07d4ca2d,5195.9,Credit Card,incorrect_pin,27886.99,0,0,retry_later
7cc8883f-e030-4612-9366-bf09d20b5eab,9e4e9406-9ed0-4611-aecc-e009b9e44603,7588.86,Credit Card,expired_card,30955.73,0,0,switch_method
c20af962-d583-468f-be85-9d39fbc65993,62895e28-823c-4f94-8675-f78ceabb2195,10018.36,UPI,gateway_timeout,23868.08,0,0,retry_now
cfb2ba31-ceb5-4617-830a-c794a1a30e2f,153cfd14-fb6a-4841-82d5-7de99bb8acc5,26.36,Debit Card,risk_flag,43722.0,1,1114,give_up
4cef831f-010b-4f62-a040-78bce2e43a9f,ca6f8909-f29e-4f46-bd8c-da491c931ca7,4257.27,UPI,gateway_timeout,43275.47,0,0,retry_now
37525cd2-3d95-4f27-8002-92887af1fde8,8f96ab01-3f14-4f5a-8be4-dd7f77651ad2,3965.26,UPI,gateway_timeout,40810.71,2,342,retry_later
6e043935-28ac-4280-bbfb-702a7d63c8b8,7ea759e4-79d5-4895-b7c0-e8e780d7cbd6,6458.7,UPI,insufficient_funds,27314.9,1,681,retry_later
f5572858-2079-463c-a958-9f7c41f205d9,cf9c7e47-0d42-4a5c-8833-495d11000c15,1902.76,UPI,insufficient_funds,48331.53,0,0,retry_later
d4b42f21-7513-4e1e-b605-8d3bb67f297c,c0b7a585-4a01-4459-a378-0d492aba7faa,10501.31,UPI,gateway_timeout,47423.03,0,0,retry_now
44708512-03e4-40c2-9c90-21cd7e20ab6a,e5e9371f-1662-4e49-aed7-155767ff8708,889.02,UPI,risk_flag,48952.7,0,0,give_up
6e100368-8a5a-4cfe-ab0c-4ecf7ba75830,9592e742-5fac-49e1-bc66-df1a50a5c6de,766.68,Debit Card,insufficient_funds,5433.29,3,387,give_up
a4e31f7a-252d-4cb2-b9bd-739ae5ae5116,04e39f0c-2f4d-4a91-9192-3e310cc6f647,10128.33,Credit Card,incorrect_pin,8965.11,3,1071,give_up
aed105a0-707c-4594-8483-946cbd030ca1,7512c76d-5f97-41e0-a1ee-4ccbd65ae732,4095.85,Net Banking,expired_card,11586.25,0,0,switch_method
649aafa6-e42e-4baa-8666-42cd3254fecb,54132be3-4a7c-4c02-807d-9d637d4e5544,11934.7,UPI,gateway_timeout,38680.6,2,220,retry_later
2f8dc80d-a0fe-46c8-b74f-9b2a2220b8c6,f82fa8a6-6e49-4c6e-b9ad-eb7240158dd8,9606.89,Debit Card,expired_card,10575.33,2,386,switch_method
e3b426da-b466-42cd-8b5f-8388b5fbf984,d92b7b0b-d771-4c64-8ce2-29f5df0e5669,4035.21,Credit Card,gateway_timeout,34719.76,0,0,retry_now
645ae6ed-1619-4a87-8fb3-dd93f212d528,d9858887-2837-4475-b20b-c91213414c7f,13946.0,Net Banking,insufficient_funds,35692.37,0,0,retry_later
426f8fd4-7841-4df4-bb6c-c89b3b1ee402,0bd0b6ca-4a94-4869-910b-eead5e94786e,10423.13,Debit Card,incorrect_pin,768.78,0,0,retry_later
a53080e3-b4e5-4c1f-827a-e82ff4d911ab,a2a981f0-6249-4a32-8965-43fe32a2e41a,11311.51,UPI,incorrect_pin,26531.78,0,0,retry_later
801eaacc-07e5-4b00-9243-5f626c6a1ab2,927bbbfd-00dc-495f-afeb-3550aadd049b,14203.81,Debit Card,incorrect_pin,49114.92,3,38,give_up
8771bf61-70df-4c14-ba9b-f4cf08b0d0ad,f79f12b8-9988-4191-bc47-604227507394,3272.2,Debit Card,expired_card,1293.61,0,0,switch_method
8a1a49c4-d4ad-447a-896f-6aa9df8535af,6a8ba397-a66b-4825-a679-1a4bf4c8906f,14080.16,Credit Card,incorrect_pin,45793.3,0,0,retry_later
2766c89b-6a8e-4f35-9319-89c310bc06c8,627bc1b1-ad0a-4af1-b894-8f79d3ac199d,8795.14,UPI,insufficient_funds,21061.74,0,0,retry_later
cc614729-99eb-4eea-96ad-a8c0a4128d17,9d5e9cb2-27f7-4c62-9028-7191686a9e43,14713.46,Debit Card,insufficient_funds,30501.42,2,1239,retry_later
617d60ec-3a42-456e-b3df-bcad09a18be2,778f3b28-f2ce-4c77-bdb8-be93e6c8da1a,4145.44,UPI,incorrect_pin,39696.36,0,0,retry_later
5f06214f-f20a-45af-a940-559c1d249e5a,809f3416-a2b1-440c-a6ca-9963cf2b29e9,14050.96,Credit Card,incorrect_pin,13329.88,3,967,give_up
8b7e212e-c35f-4713-ab69-fcbab45910bd,6568dc04-b579-420d-827a-ae9082c526be,6822.82,Wallet,gateway_timeout,6615.85,1,91,retry_later
0c8ef45e-6a58-4854-9942-c1a595813fae,4dbd8876-a654-4168-b33d-b4ac460b24e7,6718.72,Debit Card,expired_card,30754.67,0,0,switch_method
3e525414-7b1d-48d6-8ed3-ca3344cb67e6,8b678d4b-f0ff-459a-847a-9305e6e26f8f,7009.7,UPI,gateway_timeout,4812.21,0,0,retry_now
707faf32-48c3-4248-b465-71ab0bbac116,03c0b8f5-186d-4862-a436-4d1504a09b6c,469.45,Credit Card,insufficient_funds,12883.1,0,0,retry_later
ca9984c7-afe6-4f04-9328-6e0a0ed1fd7e,cab2ca69-a555-41ad-8ca0-25463608b4a4,6597.98,UPI,insufficient_funds,40168.88,0,0,retry_later
800c81eb-358d-443a-812a-8b826e982e4b,0a9b8cca-44b6-463b-8515-51aa6f2f9e53,5473.25,UPI,insufficient_funds,39900.78,0,0,retry_later
86b9731f-c7db-46fc-b109-880a31d82222,c4d06f73-f52d-4bae-900b-2eb1bb33d2fb,9418.35,UPI,gateway_timeout,1479.21,0,0,retry_now
875046b9-06cd-4eb2-85a7-b13d0e6e948c,816b5247-6ba1-461c-b540-f778107d7fb9,9436.31,UPI,insufficient_funds,35619.38,1,1286,retry_later
ff2ff052-55b0-4971-a006-39a1ac5882e0,f5d1dec6-2bd2-4d7d-8d1c-e9adcdf0e51c,8757.87,Net Banking,gateway_timeout,35031.09,0,0,retry_now
188da4ff-4d3d-4f81-a58b-d2dc6c07ff60,ee9c288c-1ab4-4cda-b47b-044f1b9a5a21,13138.03,UPI,gateway_timeout,18535.11,1,498,retry_later
6104c080-7480-4a1a-8543-0f228e9332f3,67f92cb6-82ed-48f4-97bd-1fc91bfffeaa,270.29,UPI,incorrect_pin,2002.06,0,0,retry_later
2f18a747-e3e1-48d0-b39c-512555f0c373,3c7eb0a9-bca1-4604-89ac-4084dd5580b4,5642.05,Credit Card,incorrect_pin,39500.45,0,0,retry_later
8069dc05-0bc1-4719-8d69-e0df00f133f3,778b253f-5f10-495d-87b7-b3ba2050a465,3308.82,Wallet,gateway_timeout,46939.41,2,25,retry_later
c2cd401d-6cf9-4d1a-95c9-23848197474a,14251313-3a8b-4f5f-8f96-3d80887d3b09,8409.4,Credit Card,incorrect_pin,47551.87,2,985,switch_method
ad7b5775-55f8-4173-aceb-1ed96f5a92e1,bc7f4fb0-b7e7-4d6e-b209-9b9c4623640b,5306.44,Credit Card,insufficient_funds,40430.59,1,1149,retry_later
d03d355d-7d83-4b59-9f26-a65f4f0804fd,f9d9f6e3-7aea-47e5-9b48-251359dbeaad,12967.44,Credit Card,insufficient_funds,33390.73,2,483,retry_later
fda74250-6301-4680-9bcc-a7097b8e312a,79f76ff3-c216-49e1-8bab-ac560f0900e6,12200.07,Debit Card,incorrect_pin,7113.95,1,1003,retry_later
084e88c6-1abc-4996-8b39-a2d33c61f5c4,d63c8d67-9e1d-4c5d-8175-69f11f1da829,7327.3,UPI,gateway_timeout,11919.28,0,0,retry_now
c02b3e71-8206-4f8c-a908-1252c965008c,59ea5656-48ca-42c0-90a8-9d70d5b0a8b2,14125.05,UPI,gateway_timeout,41989.2,4,891,give_up
78d1885c-a01e-4530-9a64-2193378b0638,750610f6-e461-4903-8613-146472989232,11674.91,UPI,gateway_timeout,11757.15,4,1082,give_up
87e20337-e0d0-4db0-88bc-197ed67f2fe0,6501648d-6099-4945-834b-6d86aca3b958,12826.24,UPI,insufficient_funds,23104.84,4,557,give_up
225c6e4d-f86f-493b-9ff9-c237f94688f1,d704cb9b-8a35-489a-b2a7-af2765e611c3,8457.05,Debit Card,incorrect_pin,45932.18,0,0,retry_later
dac0e000-c3f8-43b9-abcb-137cecd7b109,dbf0efb0-8204-42cc-a3cf-e9d16b2eaac2,9358.37,UPI,insufficient_funds,36505.67,0,0,retry_later
30cbfec7-fac6-4dbb-ba9f-59adbafc02c0,5fd93d9d-9206-4243-b9bd-a878ecb3b0b0,14796.47,Debit Card,expired_card,26008.31,0,0,switch_method
87c39c79-77af-4e70-a95b-f761b1de30e0,397e9414-afea-496a-be6a-eba0badefb80,2298.94,Wallet,expired_card,13379.51,1,334,switch_method
b0866e85-1ceb-4a2b-936f-ec95ea80ce48,79305ad6-052d-4f6b-a3e5-daf3474c107b,6373.2,UPI,gateway_timeout,9622.28,0,0,retry_now
de61a7a9-810b-4468-bf1b-bc64e98c3e1b,4bb89c73-2618-4e57-a606-efb5f532d72d,4639.2,Debit Card,incorrect_pin,43687.69,0,0,retry_later
63a02238-1c8d-4f77-ac36-1320c0020365,dc922348-ba80-4819-af1b-f87f29148b40,14697.35,Debit Card,expired_card,17823.91,0,0,switch_method
86bbfa32-3f73-473b-8c51-9ad9ca00336a,30b98a89-9337-4526-8102-485da27e603f,9937.79,Wallet,risk_flag,6806.72,0,0,give_up
cd5d7165-c7be-4d3a-b683-84cc7bb02076,51ca96a7-b22b-400c-893f-ac0c7b8ba5e5,2855.69,Debit Card,incorrect_pin,30374.81,1,1172,retry_later
16cb7b88-4057-4759-b5e7-c0f5c4c42195,fc584fea-7eca-4ce6-8d68-c403bf381785,13452.7,UPI,gateway_timeout,19624.49,0,0,retry_now
08f4ae71-4be7-4798-b06b-c307868b22fe,00da5082-d344-400e-a15a-15a315794856,8354.79,UPI,gateway_timeout,2246.0,0,0,retry_now
44cac78e-9554-4627-a725-bb8962d23e88,610cf3df-c7a6-49f3-afd7-faacebcb9b2e,11847.52,Debit Card,incorrect_pin,45001.18,1,559,retry_later
cd32cd6d-096f-4d44-8c84-8f201b1cd365,f69e73b7-a6a6-41ff-b4f6-3d6691721ed2,9779.9,Debit Card,expired_card,5894.14,0,0,switch_method
d664c486-4f30-45b3-8a18-30e5777ab679,bba933da-6b67-4ade-a9f6-bbf62d906c2b,6934.99,UPI,insufficient_funds,18558.77,0,0,retry_later
a3721c73-9af4-4842-b238-9831525eb117,81d2393a-a4ac-467f-a5eb-64b89bae5672,6473.44,UPI,insufficient_funds,5755.6,0,0,retry_later
699ba129-b7c0-41ff-b0a0-fd9d1ae62bde,c7da05c7-c098-4ec6-ba12-6afea1d42f5b,3696.48,UPI,gateway_timeout,11778.09,0,0,retry_now
9b0f58a8-a5b2-48b9-8f3c-f66e3a7a6734,74d0d4f1-08e4-4159-98eb-1c28860aa096,13639.87,Debit Card,incorrect_pin,25726.3,2,783,switch_method
8ec1b0c7-d9f0-4730-aeb7-20bdbdd650a0,f2708b51-64dd-4839-b09a-84bfad006781,8462.92,Credit Card,risk_flag,42741.19,0,0,give_up
e41297ff-d724-44c6-abfc-a5c14f9497bb,b0e280a2-bea7-4c01-9776-ba4c24d91a60,4724.68,Debit Card,expired_card,36556.98,4,1220,give_up
e78912c7-8f10-42ed-ba81-59f5314ca969,d0d24989-1fec-41b5-a268-58db957fcecd,2785.42,UPI,insufficient_funds,24900.52,0,0,retry_later
065a201f-5201-4a3c-8e74-2f74a8f2f304,37e5c628-7730-4cd6-a563-d46a1651eb25,2421.94,Credit Card,expired_card,2463.04,2,526,switch_method
dc3fed21-429c-4d8e-8df3-737f3f930bae,32035962-a77b-4bf9-9fa3-84c813cf6b6e,13237.94,Credit Card,risk_flag,37088.85,0,0,give_up
e70eb332-55ef-4155-894c-471f14493220,90869e9d-d883-407e-992c-4e0decca9da6,4670.16,UPI,risk_flag,6878.21,2,341,give_up
99b6b796-a5fa-4bb7-9686-ae31aa93d9c0,fdb55751-d93e-4db3-a05d-bbf54445a636,6333.33,Credit Card,incorrect_pin,49508.64,0,0,retry_later
69ea66e1-9f1e-46bf-a996-fbe2986a6a66,409f39b6-50c6-4235-9e37-80cd33fca61f,8583.55,UPI,insufficient_funds,48953.47,0,0,retry_later
cbd2da09-2747-4d58-b4ba-bb1963447595,317e36a4-711b-4411-bf9c-154bbd7c8f80,11262.35,Net Banking,insufficient_funds,35059.28,0,0,retry_later
a7bc0f24-20ad-4302-bd23-3b267e447534,8770fac4-b8e8-41f4-bd92-ce6d82e97a07,1695.87,Credit Card,expired_card,46813.72,0,0,switch_method
fbb425fc-c6c7-4273-adfb-d3676c19594f,f3ad9af5-b5c9-44c3-871a-f42b5473078f,14459.79,UPI,incorrect_pin,23561.24,2,1352,switch_method
556a752e-a490-44dd-b023-267c782c7346,65a51d26-6362-41b0-a007-ed3a6375f43e,12731.49,Debit Card,expired_card,49972.53,0,0,switch_method
b16f6e66-da6e-45db-84f5-961995dae6d2,5726b02b-4793-431f-9b09-7fae6f1f7802,12763.48,UPI,insufficient_funds,22617.24,0,0,retry_later
ada86125-e9bf-42d8-88e8-4e36d7a05373,a4303c95-778e-41af-bf57-252c52b067ab,4255.9,Debit Card,expired_card,29673.06,0,0,switch_method
9ad0c6ec-38d7-4f5d-bebe-36fef52936d3,9deca304-c293-492b-8e76-57c9d8c3c8ea,9722.98,UPI,gateway_timeout,33384.89,0,0,retry_now
fec2bf31-dae9-4177-b6c0-e760d4e4f0c3,f0e6a72b-888b-48d9-93a3-cdbca18af915,12767.13,Debit Card,insufficient_funds,49963.83,1,405,retry_later
50e2784b-27eb-4d10-a8e4-33e089e82c83,3c8dedb5-56e4-41fd-aaea-547157569184,8165.4,Debit Card,incorrect_pin,41901.47,0,0,retry_later
f604c54e-0de7-473b-b5ef-6c89e3171a21,ef92d03f-e236-407c-970a-6921748a0f5c,2975.54,Debit Card,expired_card,26812.38,0,0,switch_method
3ee436e0-3c77-4b9c-afa2-69ec0be235e3,f39b11b0-a355-432f-84c2-ed2f010dafe3,13042.12,UPI,risk_flag,506.13,2,804,give_up
0fc9e6a8-625d-43b2-9436-1ee17a416887,29381b81-a195-42a0-95c9-daccff637429,6076.34,UPI,gateway_timeout,23877.53,0,0,retry_now
a5d65266-c930-453e-b175-29d2ec383789,33e6f04b-678a-40c5-96a8-150c41b13a32,3355.66,Net Banking,gateway_timeout,38114.97,0,0,retry_now
bf74dd1e-e6a7-46f8-994d-6d7b590b38e0,f5542de0-ebf0-4ade-8c8e-2cdbdcc8d973,7615.84,Credit Card,expired_card,1599.83,0,0,switch_method
74def6ec-4f36-4bc1-965f-ab61e1ac7ed8,9b006593-1ca6-4178-bc9d-084a861508ea,6754.58,Debit Card,risk_flag,26996.03,0,0,give_up
005243bf-2afa-47fd-b2b6-94031ed9a0d8,826e6e22-48b6-44a4-ba1a-949d37d7cd2e,11728.54,UPI,gateway_timeout,14193.24,0,0,retry_now
018d6109-b3be-4453-8617-96b766ee1d8b,014392b5-71de-495f-a129-46b41443ff85,4510.86,Credit Card,risk_flag,23163.05,0,0,give_up
f5671b37-bd8e-45a9-a6cd-4830547f76c3,662bfdf1-d445-44dd-aecf-08e885a41182,10505.34,UPI,risk_flag,16670.13,1,670,give_up
b3d15fd7-a17c-4334-b1d3-e3b7784ea880,641213a6-1fea-4afc-a7fc-c592fa610305,1164.3,Debit Card,expired_card,7924.47,0,0,switch_method
ba2b0b25-2549-4afc-b0cc-5c943f7b1be1,ae956d16-16a8-43f4-b747-2d4df120c02f,12124.67,Net Banking,expired_card,31054.72,0,0,switch_method
26ce8e1e-69e5-4dc8-a139-847863c33af8,45918397-fb6a-4ac3-8252-2c6049998154,3728.93,Credit Card,incorrect_pin,14868.09,4,1044,give_up
fafb9ccb-e21d-4fec-8284-8de73e1095ff,ab390e17-8926-4d44-8869-e977603ab237,676.97,Wallet,gateway_timeout,7536.55,0,0,retry_now
adfb816a-bcf2-45cb-a106-73a5f881f2b8,f6cfeaa7-3482-4090-9934-a85aee2e5eaf,8078.21,Credit Card,expired_card,33844.28,0,0,switch_method
d4769ced-d9e9-4618-8b80-9c289caf9019,2982e409-699a-4879-b7b9-f634a61107ba,4037.91,Credit Card,incorrect_pin,9981.53,1,1246,retry_later
d1809fd6-a357-454e-a581-c5fe1d56dbb4,0b4210f0-2e37-404c-bfcb-0e7299889b1d,12519.89,UPI,incorrect_pin,11169.7,0,0,retry_later
471ef932-856c-458e-a42c-e39b95f619ae,6ef65c39-356e-49d1-966a-0fb9429a6a37,4098.07,UPI,incorrect_pin,23174.74,0,0,retry_later
da355e9b-0157-4e58-a1c5-450d60009cd8,7610b572-df90-4fa9-853c-f15b32e8296e,1440.81,Net Banking,risk_flag,42505.76,1,521,give_up
26cdf411-287d-451b-add8-05b9b5321e96,d39542a1-025f-4aad-8eb2-e8631fa6a5c7,5278.41,Debit Card,incorrect_pin,16054.39,0,0,retry_later
6bc8d5ff-491a-42e5-bc15-c0bc4d41cf45,e7a53d13-9685-4562-9346-0a450d506c2e,7004.42,Credit Card,insufficient_funds,13936.61,0,0,retry_later
cb82c69f-020a-4a6a-b7ca-5f16c1edff7c,7708d8b9-96b7-4415-ba35-d9d730f86aae,1201.1,Credit Card,expired_card,11357.98,0,0,switch_method
59c06246-cc40-4545-b8ec-db7a6f9e9aec,7a2c2d16-711d-4fb7-94f6-1e262bf0e88f,12378.64,Credit Card,incorrect_pin,22969.83,1,1360,retry_later
d2086fca-293e-4bda-8c4f-72a91820063f,4e13675b-34be-46bd-a2f9-1370714bde5b,794.88,UPI,gateway_timeout,21558.17,0,0,retry_now
8f2a2388-741f-4f6e-862c-7e4f722494e3,8ef58daf-a545-45e2-baee-00215ba6f2bb,5149.53,Wallet,risk_flag,41045.07,0,0,give_up
839783d5-95ea-49a5-9519-e99a5bd894b3,f5d323b3-d273-48d8-be7e-da232ed1523f,5452.2,UPI,gateway_timeout,3829.36,1,935,retry_later
b669b6cc-039c-4443-b55f-5a95e6cc2b14,d033b56c-d6c2-43e7-96f0-3a807130dd8d,13044.85,Credit Card,expired_card,12107.23,0,0,switch_method
dd1adc87-dc39-4317-9867-9b37189325a1,290dd28e-3cff-4739-b3a4-b85c2d7329d6,419.52,Credit Card,insufficient_funds,42892.8,0,0,retry_later
dc00b510-684c-4776-8004-e7369f4f3e5b,29ca1e07-7406-4b59-88ee-c8fe988b2208,7786.24,UPI,gateway_timeout,45073.88,3,1005,give_up
2b80b005-bad7-4293-9517-2cf8e2bf32fc,5dafa12e-d315-458b-8906-1beedf6e4723,7315.44,UPI,gateway_timeout,5314.74,2,961,retry_later
beeea090-b53a-42cd-ad8c-11bcc838e66f,ff839af2-73c6-4f49-8693-d3f3513101d1,4360.83,Debit Card,insufficient_funds,6762.1,2,591,retry_later
edd4e27b-4375-4272-aa4f-90af2c8f43ed,06b4c48a-3503-43c8-807d-e633afcd5a47,14788.7,UPI,gateway_timeout,10874.66,4,295,give_up
30b582d1-0def-4257-92fe-d8e2dad8b7f1,7569703e-0639-407a-bc2f-58021d003103,5579.49,Debit Card,insufficient_funds,2886.81,0,0,retry_later
edd5566d-b1ba-449f-ad81-3f43cedfead9,3a79c8a3-0e7a-45c5-9ee0-9bf71755708b,3032.21,Wallet,insufficient_funds,6945.04,0,0,retry_later
3993d439-3a68-4cd0-b9b5-29f83c471213,8ad36b19-2db7-46ae-bffa-4ff8bf8c433a,12852.31,UPI,insufficient_funds,2187.59,0,0,retry_later
3e2f1d82-e065-47c6-bfc9-780185b749e5,ed0f79f3-a231-4a86-b494-973c56021983,1144.78,UPI,incorrect_pin,31621.89,0,0,retry_later
62f0dc20-920d-41a7-a70a-9106083391ab,82d77995-d587-46a1-8070-97b037d6166e,9058.38,Credit Card,insufficient_funds,45411.62,0,0,retry_later
3928a77d-24c7-42d3-8203-082385f67aae,4973fe4a-1237-4c86-87bf-bfa151fc6eae,9115.42,UPI,gateway_timeout,35028.98,0,0,retry_now
3f957999-c4d7-48c7-8ecc-ce8dcde7b5a5,59c62412-f4a3-4ec7-bbf6-3936186e9909,7754.96,UPI,insufficient_funds,22274.29,0,0,retry_later
c2230031-53d7-4544-8be9-08b78a2b3095,40c9b759-9c24-4855-b2da-f5778a09f92a,953.36,Debit Card,incorrect_pin,43879.08,0,0,retry_later
563faa06-918f-40ff-8393-8ce802e638aa,8c9f7c1d-1a0c-4296-9379-c9eff73b3c24,2017.42,Credit Card,risk_flag,22755.32,0,0,give_up
d475300e-f4de-4338-8f84-709be30f31b6,e10b081f-897b-4a98-baa0-c807fa5f88d6,637.53,Debit Card,gateway_timeout,9877.34,1,1407,retry_later
aa786f39-6dc3-4e4f-a489-666e12bef752,e1ee8ce3-1daa-406e-9530-a6244d0c0de4,8252.75,Credit Card,insufficient_funds,1141.04,4,460,give_up
47dfac57-5f99-49ce-8fef-a1dd05ea407c,23554e21-4817-4aa8-95d4-ed31abdfced1,189.31,UPI,gateway_timeout,35031.11,0,0,retry_now
aecefadc-f6f9-4d58-8e72-a65064c5e4d9,9f18d54e-9b24-40a5-ae10-944ed21a040d,11725.1,Credit Card,expired_card,41454.05,0,0,switch_method
27173c55-dc9b-4ec1-bdcc-f2f2019ac48a,83aff31b-0c71-490b-aafa-37b7a0fe3194,9732.37,Credit Card,incorrect_pin,43043.2,0,0,retry_later
b122d1a1-ba48-471e-a7ee-6a90fedfe7e9,a58ff7fd-226b-4c62-996f-b32721046728,2749.25,Debit Card,incorrect_pin,48971.9,0,0,retry_later
bdb6e435-73a1-48cc-8cef-71758feda0b2,d06e8355-8259-423e-ac27-faa7994c441d,13821.43,Net Banking,expired_card,22004.17,0,0,switch_method
997035f3-5ea5-45ec-b103-c43905ca1f07,b637ee36-6268-4acb-9213-39caf3c6919a,10226.93,Debit Card,expired_card,224.66,0,0,switch_method
4e5956e2-a2a8-451c-b531-23c3108353a7,7414cea6-9b30-4afe-916a-98408fc92c53,11224.06,Credit Card,expired_card,21986.17,1,291,switch_method
e823b7d5-6482-4b53-ad54-24f72c2cd161,6a10cffe-1d8f-4a7a-8ec7-379bb291daf1,3430.02,Credit Card,expired_card,33972.71,0,0,switch_method
be10c80c-a3cc-4f2e-b933-9fc4a8ea0cfa,c463bd20-4a68-4c1d-85e5-920cbd9c9603,754.53,UPI,gateway_timeout,12693.94,0,0,retry_now
b3cf61c6-ccba-4816-8c90-eb3894e1f5c4,9f0874f1-2b25-4643-8bcc-19048419b721,988.27,Debit Card,insufficient_funds,6273.27,2,1173,retry_later
d9b23fae-11bb-4225-940d-2792c9e6c5be,3e5e3092-f689-40e1-b2ee-3e88c528158e,7215.75,UPI,incorrect_pin,28170.28,1,261,retry_later
e7509ed2-afc0-4c0a-8816-62b3f9351942,ef8001ac-b10a-42b0-b1c1-1e3572a61fe9,5910.22,Credit Card,gateway_timeout,36386.05,2,683,retry_later
7f455e95-011c-457d-9bbc-6e6ab941a0ec,6ce05d77-0e3e-4485-8975-47baf9894b32,8583.63,UPI,gateway_timeout,24404.76,1,1357,retry_later
d1ba90e7-de7f-4ef7-b162-ec4fe719fbd4,7430d68a-a55a-4945-b1f6-6ca8227c1e59,9562.91,UPI,gateway_timeout,46163.7,1,225,retry_later
45e52231-a822-48ff-9e61-cce8ab39fae9,b321173b-1f0f-4a8f-9499-64099e7dbe34,11832.51,UPI,insufficient_funds,45235.13,0,0,retry_later
507be8a8-d34f-4816-a146-aeaa59d31fe3,d740a20f-b89f-4b28-91db-a1defc47b275,5074.48,Net Banking,expired_card,12239.65,0,0,switch_method
93983b49-7685-405c-87f1-96ddb529b108,77c3efee-65ec-44e6-8bc2-c65503a3c5b4,1016.92,UPI,risk_flag,33546.54,0,0,give_up
a80f4390-cbb9-4c15-9132-45ce1967ed10,7c691097-bed4-4399-a18f-38830773e0c0,13168.51,UPI,gateway_timeout,26424.1,2,833,retry_later
47aabcda-33a5-4161-becf-130b3343a7fa,899067af-917d-46e1-8b56-fb3045948de2,6285.32,UPI,gateway_timeout,14534.99,0,0,retry_now
b428d9e0-fd72-4b45-ae1a-f527053646f3,242dcef8-66c0-4348-82a6-7bd9e4487fbe,8068.1,Credit Card,risk_flag,13986.54,0,0,give_up
0b434040-2a34-475f-910d-d12cd34d27d2,fae34394-d4bc-4bc3-8918-639cd1d30e9a,8360.58,Credit Card,incorrect_pin,39780.45,3,497,give_up
be050d4a-ea03-4d27-ad7c-21f40cb92eee,177dcc5f-14e4-4d07-81f5-9fa326d3d934,7823.85,UPI,risk_flag,12821.91,0,0,give_up
ba6d949a-828f-4c74-9e55-020b088579ec,1d175989-70fd-4753-8143-89a735cbe8a2,1693.94,Credit Card,gateway_timeout,12612.6,1,1414,retry_later
297a46a9-1bae-453e-9312-b2c80185af0c,0c11a2ac-97ac-4162-bbb9-4e332c9ebac8,8943.6,Credit Card,gateway_timeout,26783.26,1,38,retry_later
7ba00d9f-1f53-47b4-af06-0c78e198ec7b,f5f9ff31-7b38-47f2-8a3a-1f51e26a3606,7764.96,UPI,risk_flag,39394.14,0,0,give_up
a188021d-bb61-4c7c-a278-79391140e0d1,61a635cd-8245-4e36-8de0-ae0a423705b2,10821.41,Credit Card,insufficient_funds,9987.57,2,247,retry_later
84e2ff4c-7932-4c9a-befb-3d260fad4111,b04cf685-fb46-414d-aa3a-9cbee89c4971,4291.98,Credit Card,insufficient_funds,3314.95,0,0,retry_later
8e5c62fd-0fae-4f69-b7bd-723c86a97234,336545fb-5008-4656-b3bf-7f92267466ad,7988.86,UPI,incorrect_pin,577.86,2,467,switch_method
a09ae429-7621-4603-803e-8e1ca4888e7c,3d4167ab-6a84-47e2-ae55-7c01252937c0,3296.81,Wallet,incorrect_pin,47529.49,1,1333,retry_later
e96b897e-ab66-48ee-8ba6-b8112767d27a,7c373a10-4c85-42e4-b5cc-d31e418f5c94,12898.1,Debit Card,expired_card,37788.79,0,0,switch_method
2c6549a1-e30e-4863-9498-e93b831ea0c7,d8435799-c4c2-43ea-9f9f-c82da4fa93ba,13351.82,Credit Card,incorrect_pin,28123.53,0,0,retry_later
acf9e1c1-a269-4240-80ea-47062716761e,a8150c09-9ecd-43df-b8d7-0ea97f597ce9,7481.02,UPI,gateway_timeout,10404.26,0,0,retry_now
1596e180-4db1-4bc4-ae1e-3e23d91c04af,ebad1d10-7e50-4121-9232-fe6a7a6f9eab,9678.92,Net Banking,insufficient_funds,1344.82,0,0,retry_later
817afca1-6504-4607-9829-1814a2581c00,69ff5d36-f77e-42aa-abc8-9aa9ff523ec9,13432.88,Debit Card,risk_flag,36604.56,1,117,give_up
cb341793-94df-4886-b2c3-82a9c5c73c99,4880642c-5973-4e33-812f-6770f0ab30f9,7128.79,Credit Card,risk_flag,31545.65,0,0,give_up
60f507e3-b515-42a6-847d-3f7f74a36b67,aafe64a9-debf-4132-a8eb-e10a4046dda4,77.15,UPI,gateway_timeout,37653.15,0,0,retry_now
4aad471d-3340-48a2-841f-603690ab04ed,3f5f6ba0-b96b-46b9-a0f8-4254ea3738d1,12464.22,UPI,gateway_timeout,15373.8,0,0,retry_now
b2fe1f13-cb53-4395-9a39-8eec8720d379,4acbb592-17d5-4522-bb23-61e7d99dc623,11604.21,Net Banking,risk_flag,43681.39,0,0,give_up
5073117c-e295-4573-af1f-0433618955a0,32632d92-d430-450c-88c0-8c3be39eda34,2204.28,UPI,incorrect_pin,33285.81,0,0,retry_later
637f4453-810d-488c-9691-cac7f8b2c3bf,c9e1714c-7e21-4a0c-862f-1ecbff63318f,3675.01,Credit Card,insufficient_funds,32297.01,1,552,retry_later
07778dc2-471c-434e-85ef-697ee84c72a2,e85d9861-1111-49a0-914d-bed478cd810d,10711.58,Wallet,risk_flag,19094.87,2,163,give_up
467a7698-1ceb-44c8-9bd4-b1b5250e7277,ec9b416b-36ab-4256-8bfb-46787bbdd54e,3303.12,Credit Card,expired_card,9496.58,0,0,switch_method
0caa615c-ba86-4f84-90e5-4b02a50c58ec,370ed325-d185-4192-a695-390678ab987c,14145.9,Net Banking,risk_flag,26386.47,1,970,give_up
5a5bce76-eb14-4b34-b5f7-58d116908412,4f333740-0e46-458f-aa3b-75c29d3a5004,3975.74,Net Banking,expired_card,36257.96,3,706,give_up
503bf442-4b4d-4a98-a1c6-3e0976448f77,4a6f057f-05ee-4232-851c-e43fabd73cb9,14355.75,Credit Card,incorrect_pin,3692.32,0,0,retry_later
549120b1-e317-457b-a925-c8f2c651993e,13e32c2b-3ec9-45c9-aebb-6e148825277e,3444.43,Net Banking,risk_flag,36440.31,2,86,give_up
623e3157-e6f1-43bc-ace9-b581adbf8871,328bcbbe-2ff9-4b27-bf56-66baf0427c50,13915.87,UPI,incorrect_pin,31663.12,1,134,retry_later
9a3205d8-d0bf-460e-9915-1f9cd76148fe,46923f9a-2cec-49b3-8270-33d3db6f7ab4,7035.52,Credit Card,expired_card,40404.48,4,361,give_up
354798aa-c197-449d-90ae-e7ff57d3028a,6693dc9c-d54d-46f1-a2d8-abdcfc7700a0,14994.9,Debit Card,insufficient_funds,24561.43,1,940,retry_later
edb4f171-3881-4f4a-bcf0-a2f735bdb592,3124c86e-72f6-4d59-bd9e-11c7c5a0561f,8574.09,Credit Card,incorrect_pin,17836.81,1,1080,retry_later
dacd8176-058f-4e97-b633-ad1ce3d822e3,85d74c38-1e05-4ed8-82a7-fb2275c651d7,4342.62,Credit Card,insufficient_funds,47481.81,0,0,retry_later
11699384-4e1b-4811-a0c2-1d95c02d43df,c7862bc5-1106-4309-877b-a2886b115b22,12632.25,Wallet,expired_card,27239.43,0,0,switch_method
bb6ba3c9-b0f3-4637-b845-f7e88b3de771,bf2f240c-269f-47af-8511-1bf45dd8548c,2434.61,Debit Card,expired_card,1125.84,0,0,switch_method
5a8959a0-68b5-4989-b84f-f4c5a337d20f,6c959882-5874-46b3-a7ca-4c495c0a3d2a,10887.08,UPI,risk_flag,10032.23,3,749,give_up
eaacd33e-10bb-40c3-92c5-b73f412d01f0,70d53853-2d43-4d33-be92-d610d54407d2,1623.56,UPI,gateway_timeout,3618.67,1,1243,retry_later
9aeebd7d-9896-4a90-b489-f198eaa0143d,0d2d7057-639c-4538-b79e-0b0f1a5848f9,14183.7,Debit Card,gateway_timeout,47285.57,0,0,retry_now
6e9594a2-e9c4-416c-a982-f8aff781e27a,610a4f33-ad99-46c6-95ec-f8464cb7d95f,7169.43,UPI,incorrect_pin,48774.22,0,0,retry_later
c246da04-b278-4ab4-bc45-0c042e0eac93,c3c28323-bea0-4faa-8106-8f5e45709bc9,3922.99,Debit Card,expired_card,39781.51,0,0,switch_method
d814ba30-b6e7-4512-9766-bd108b6db54d,f77a6d81-662f-46e4-926a-caf82be947c5,9532.53,UPI,gateway_timeout,25037.23,3,1097,give_up
edfe83ba-d4c4-4fef-9a39-1b97ac92b25e,306698eb-ac1a-4e28-8d1c-e406ee221aed,10053.32,Debit Card,insufficient_funds,39011.38,1,1148,retry_later
731cae24-7018-4cf2-a660-57ad186eb629,d8d8870f-b94a-4797-a2ac-871d73148c47,8114.24,Credit Card,insufficient_funds,18837.97,0,0,retry_later
f7ebba22-5d99-4c59-b958-3caf605e3b61,126ebb4e-59ce-4310-a777-b88fbbdb1297,4860.96,UPI,gateway_timeout,48132.08,1,582,retry_later
611f487a-6f88-410a-ad32-d1c83f8d334f,6ed94fb7-280f-475e-ba99-b343aec74432,749.82,UPI,risk_flag,40133.84,1,919,give_up
0ab30ce0-f639-4998-83dc-c75c002b29f6,b6a3d662-7be3-4e19-814f-6e9d8a5320e8,10600.22,Credit Card,insufficient_funds,29001.24,0,0,retry_later
8d1bb432-dc39-49b0-9065-63ce3c6e0d9a,0d3ec828-04de-403e-98d3-6a0f8c2880e2,9350.56,UPI,gateway_timeout,7018.14,0,0,retry_now
688f5159-9ae0-4e85-8223-5ff14188cb82,4ed8fe62-0ed8-4749-a45e-69c3da2a50fa,7057.1,UPI,gateway_timeout,32416.82,0,0,retry_now
da8cd952-f5e5-4932-83fd-7864a70395c5,4531165a-b5ec-4c62-aaac-06e05089e077,3086.77,Wallet,expired_card,42614.13,0,0,switch_method
dd1e195a-c5a4-4a75-80f6-1079fe8b1b28,5b7a7393-7c01-4d21-93b2-1849e4ec8219,4244.76,Credit Card,risk_flag,12883.52,1,936,give_up
8853a984-d1e9-48e8-92de-ad6d9a25fdec,83fe0eaa-6456-4ec1-837f-a7488dfc8557,570.11,Debit Card,expired_card,20402.15,0,0,switch_method
3bb2b7b4-adfa-4896-b794-a941c4dec3b3,59be918e-fe5e-462b-ab31-ecfa20b37d57,3869.06,UPI,gateway_timeout,10288.53,1,327,retry_later
ce2c4396-82ad-4dc6-93f8-644ced65780e,15b6554d-d4b8-48c7-b61a-fa3b8efe25fc,6918.44,UPI,gateway_timeout,28055.62,1,496,retry_later
03e85c32-e515-44fa-a968-e88ee5c9fff0,e82a42eb-cd69-4469-83b6-34ed0900666f,9368.71,UPI,gateway_timeout,9135.19,0,0,retry_now
7394a1c5-c712-4b14-8dab-614d59e6c284,2e0910a3-40c1-48c3-8a55-905609b74b50,3698.42,UPI,insufficient_funds,34751.73,3,1290,give_up
2e53ac0f-a123-4f1f-bd4c-2064348d4635,fb4e07ba-0e24-4ff5-910f-21efd89652de,1561.66,Credit Card,insufficient_funds,12986.77,0,0,retry_later
b406a487-2c91-40ee-a62a-1d29102c97e8,58b702c6-d769-4d52-9ede-2edb5904387a,7113.98,Credit Card,insufficient_funds,21995.52,0,0,retry_later
0b69016f-4f97-48da-83e1-4a69dc4ae973,56a54db0-02e7-4900-9476-83993b4ac818,922.28,Credit Card,expired_card,4031.05,0,0,switch_method
576de470-dd94-4311-b58e-39954de69f75,184e21b6-e56d-4f96-8f63-7d9f02ed9546,14088.8,Credit Card,insufficient_funds,11150.01,1,1238,retry_later
790ef838-b65d-4561-b9fc-de7b2fdcdd86,5e86fb7f-bd14-4337-9fed-67136dcbb42a,10052.08,Debit Card,incorrect_pin,21613.29,3,1214,give_up
aaaeb339-fb63-464c-b08f-00d7472b9a50,f4c83d0a-c9c8-4002-97ce-f8566de11ad1,3899.52,Credit Card,expired_card,41917.28,0,0,switch_method
e0ce7325-efc9-4c27-94fe-45bb947f945d,9fd5f62f-0deb-4be3-b686-e1930dbd5199,4585.88,UPI,gateway_timeout,11457.71,0,0,retry_now
6117e846-368f-4407-b48e-5934de91befb,3b7b4afb-535d-472c-9da9-a6166b333409,8157.97,Credit Card,expired_card,41390.71,1,986,switch_method
76c6ec58-ea69-4d56-bbdd-c9bfb0d138d9,c330e5dd-a82b-4de7-974d-ef9e1b9732a7,10696.18,UPI,gateway_timeout,12367.16,1,456,retry_later
893da799-bb8e-4726-a180-b0eb4ca3bd3b,51bdb704-6087-4716-bdfb-818d0fa67f15,11026.37,Credit Card,gateway_timeout,36926.16,2,1066,retry_later
8f5616fc-db62-4d58-9f1d-edd0e43fcc3a,501b6bed-92ad-4b0f-8400-6d6420aeefdf,12607.77,Debit Card,expired_card,8476.42,0,0,switch_method
d7bdd19f-00ec-44f4-aab4-b00419c11fbe,30ef27fb-9251-44ea-bee4-6d2c51ca7146,5853.19,UPI,gateway_timeout,38407.62,2,1314,retry_later
80afaaca-c85d-4444-bf51-9209effcf6e7,53e905de-26fa-4456-9964-d325d4d051d0,12971.2,Debit Card,incorrect_pin,1551.42,0,0,retry_later
5b359989-3b66-40f5-939a-50668fd8b063,21796340-5c7c-49fa-b7f5-79b0f2454d96,9778.47,UPI,gateway_timeout,21044.93,0,0,retry_now
7ae99371-dad2-4030-ac05-7f8c9f1886a7,2ee37f1d-4d50-40ee-a6a5-8fb45cab1c4e,4948.2,Credit Card,incorrect_pin,9777.85,2,1385,switch_method
27db5354-d164-464a-a5bc-6edf3c08bcf8,4f555535-56b2-4e8e-b185-bc7df41aa486,5137.48,Credit Card,insufficient_funds,47673.22,0,0,retry_later
7cc318e3-5e3b-4538-81bb-323762f5f70e,c5ae35b2-075a-48a0-a79d-dc075ddaaacc,14567.52,Credit Card,risk_flag,34415.39,1,773,give_up
420e5bb7-d51b-4c4d-8400-beb10e84beea,607ef215-f5a4-45d8-9736-9522a8d96370,13727.03,Credit Card,expired_card,10984.14,0,0,switch_method
35740b37-40b7-4efb-ab20-951b0aecd902,7abc9b99-1642-4e3f-8fda-8465afd0dc58,12260.71,Credit Card,incorrect_pin,20703.36,0,0,retry_later
569fc4d7-2a31-4ab7-ba96-d9eb5a75798e,866d9b15-ea9e-4f69-b562-4a3820a0e336,13915.29,UPI,gateway_timeout,20826.28,0,0,retry_now
e1fa1983-546f-4a18-b66c-8f88c010be87,09a35434-cece-47c8-9101-5b656701a357,13431.92,Credit Card,risk_flag,47207.39,3,37,give_up
e1994112-3c83-489a-b06b-92d51be2c754,0465aba0-c85c-4b8f-88e7-77329999dc28,4032.05,Credit Card,incorrect_pin,35584.81,1,746,retry_later
212afcfc-8ff0-4a50-9a79-02ef5eae2b9e,43d9ba82-4a6d-4f8a-8801-3e8cf9130c25,6637.54,Credit Card,incorrect_pin,23824.13,0,0,retry_later
9f48d0f4-cb8a-45f1-a994-f6befe301fcb,aac27ee1-5d90-43b6-b7ce-6ca7c45b532c,4563.06,Debit Card,insufficient_funds,12796.95,0,0,retry_later
bfc19eef-1bc0-4a7e-a6f3-01a793d5a7bf,012e381a-0f4c-4fd2-a3d0-1c85428da386,5570.15,Credit Card,incorrect_pin,18715.71,0,0,retry_later
5ce9e281-d4e9-48dc-bc2b-55073490d174,be92a000-b77d-4f2c-8c94-80e45c887dfd,8495.29,Wallet,risk_flag,49193.88,0,0,give_up
0c86794d-2a4e-4bb1-b8b7-d58ff3faeaaf,796bebb6-1db0-472f-a287-086e30f14ca8,5505.67,Credit Card,incorrect_pin,47727.15,1,1157,retry_later
00ff26d6-fed7-4972-84ea-feee8d4315f8,cfb28a61-9133-4827-944f-9658e5768485,10699.02,UPI,insufficient_funds,46455.86,0,0,retry_later
c8f459ec-2eab-4fc7-91c1-2f0280756226,c60c39ab-b964-4574-ae2b-0afb19bc2df1,6347.14,Wallet,risk_flag,21091.44,0,0,give_up
fd069146-b3ab-4fc0-bcf6-055ee807ee5a,a2927e5d-aa72-463e-9879-ceb2b0ba2702,11428.61,Debit Card,expired_card,28148.46,0,0,switch_method
ce50ac59-4506-4f66-a79f-ad1072c81669,dd8db660-a4c5-4ec3-a575-d32c52e78f14,4784.59,Debit Card,insufficient_funds,42877.94,0,0,retry_later
a145eb5d-a8f2-4a79-a3b9-ff33148d08ae,56eccfbc-316e-4212-8c60-789cdd2fa33b,4674.24,Credit Card,expired_card,42974.66,0,0,switch_method
42dce715-cfd4-460e-b637-2657cb9ad7d8,499b0f45-23af-4d1d-84c0-4ccbb66b7d2b,10395.61,UPI,gateway_timeout,4619.25,0,0,retry_now
710b9a32-de7c-4192-88b4-9e9757e02f67,f5637311-784c-42c3-9e93-345c49d104a4,6519.91,UPI,risk_flag,23004.91,0,0,give_up
f78f8d78-f45c-464f-967a-6e04c7b9ea4b,77538b70-50e5-42dc-ac29-919ddf9253c6,6431.65,Credit Card,incorrect_pin,44008.61,0,0,retry_later
7a3feb48-9f1a-4b1b-a2a6-1d5a59d29b4a,b8704594-f4ed-4b39-9a3c-a54a7a103416,12007.1,UPI,gateway_timeout,13779.12,1,592,retry_later
d0af7bb6-f778-4c44-9e28-630c1d2ed67a,0acbfb14-0a15-4028-acd7-d6e71f5b597d,11992.94,UPI,insufficient_funds,8217.92,0,0,retry_later
e09ff58d-2cf9-448d-b02c-64b5eff99540,2cf6000d-9759-4657-a4cf-01140c355f17,799.81,UPI,gateway_timeout,33766.07,0,0,retry_now
afeb17d4-0f6d-4524-ac8a-3789fd20a69b,470a46bc-8d85-4b5a-999e-8f073b51c265,2789.61,Net Banking,gateway_timeout,10060.07,1,601,retry_later
7c0b1dd4-c4cc-4c2b-a899-834f299a71e0,4e0abfc6-e0f6-48bb-bb86-8f3395784fa2,3632.53,Credit Card,gateway_timeout,26257.95,2,736,retry_later
cc8e782f-0282-4016-89db-daf72f286ce0,1805c567-a4fe-4f28-87f5-fb9543ed111c,4960.16,UPI,insufficient_funds,34089.76,1,505,retry_later
beec145f-0b0e-45a3-81c6-26ade0efcc1e,52c6b80e-3596-4441-9fa9-95638698c0ed,5752.73,UPI,gateway_timeout,30293.34,0,0,retry_now
8a27d2e7-c34e-41b8-9f47-673ac91f8dd2,0a729423-f553-4a72-8266-2e104386c78c,9559.15,UPI,gateway_timeout,34013.63,1,807,retry_later
77b74ce5-07f0-4528-8cb5-60c0bb9e6bcb,fab0ef9d-d659-4363-b20d-cd94576e1408,99.91,Credit Card,gateway_timeout,13218.21,0,0,retry_now
37fb97ca-88d5-42f1-921b-f0281e768037,2c5df10c-4727-4b4b-b99e-d3494e371ba8,2153.56,UPI,gateway_timeout,43719.43,0,0,retry_now
8f67a7df-3a85-4f29-bf3a-fd4790cd5eba,cdc274bf-8cee-400d-9cf3-55e260bc643a,4957.76,Debit Card,incorrect_pin,15214.59,0,0,retry_later
4548b036-228f-4476-84b0-15eb8dedf385,f4fcc130-1316-4566-bbe0-a0f55345b68d,10077.94,Credit Card,gateway_timeout,21258.95,1,146,retry_later
4879b721-23df-4b18-aaf5-ee4b88922905,d9ce2283-27f9-44d1-8c96-58f035dc7519,4796.56,Credit Card,expired_card,15929.35,0,0,switch_method
8117b340-d4b9-4931-9475-5f06c2693297,fe47dafb-005a-41a8-a289-54bd9a1bd567,5522.99,UPI,gateway_timeout,22219.18,0,0,retry_now
c0779454-8f31-467e-adf5-aa45e8c5c71d,6964cf59-6970-4c58-af51-b6e069b188e8,4889.28,Debit Card,incorrect_pin,10529.19,1,342,retry_later
76c8596d-d9f9-46cf-a935-312047f05bae,cf561806-aa9e-49d0-9778-16886d2ea396,8925.97,UPI,risk_flag,46979.12,2,237,give_up
05c4521c-bf25-44f4-818e-553ecada4161,2b9c4c52-6a66-4f58-a02d-331e6528dfc6,9650.93,UPI,incorrect_pin,33495.7,0,0,retry_later
6b6912be-655b-464f-b914-1d54912a7be8,5a9cfbf4-df46-420a-a68b-e0b4af6460e8,2756.02,Net Banking,risk_flag,27384.27,0,0,give_up
60dbd2b0-bd65-4900-96f0-fbdda744d1eb,fdfa446f-1322-4687-9003-ed8142d941ea,9966.07,Credit Card,incorrect_pin,2637.13,1,572,retry_later
e5c84718-a48d-4612-9951-8960cdd64c62,9c09c973-2d24-41fa-9aae-a13cf7a210f6,1899.31,UPI,incorrect_pin,2681.68,0,0,retry_later
69e4d450-6276-4875-a958-c84e786aee3d,e0199cf2-4c74-48eb-af46-4493af5e67ee,11606.87,Credit Card,incorrect_pin,36359.01,0,0,retry_later
69566518-7138-4fa7-af3f-2141eed6fc1f,bc879985-2001-4ceb-a817-9c021ad32b42,14647.38,Net Banking,incorrect_pin,4300.19,0,0,retry_later
730e115f-89bb-4eb0-8d9d-1c182a835fe0,9c49b41a-a6c6-4820-8e87-4470d10ab34d,6388.08,Debit Card,insufficient_funds,48262.08,0,0,retry_later
de463c94-f8a4-492f-a72c-079827ed964d,d56d7c1c-a64e-4d0b-90ff-76991945b42f,11805.81,Credit Card,insufficient_funds,9840.12,1,1284,retry_later
f594d8b3-a548-4a60-adf7-e7fd40547c06,d7228793-d575-482d-82c9-85d1ab5c776e,2206.96,Credit Card,incorrect_pin,9647.45,0,0,retry_later
a045d1b7-ce3c-4e14-8c34-702edd61ad32,2dc136ed-f058-47fa-8267-f07606662b5d,2916.5,Debit Card,incorrect_pin,35204.15,1,715,retry_later
004c2c70-636a-4ca6-90ef-573d50e4fa80,ee9d50b6-2b1e-44c9-ac6c-1882b2399079,12195.38,Credit Card,incorrect_pin,49104.1,0,0,retry_later
a2f188c5-4aab-4db2-9bca-44767247572e,95340475-87d0-459b-9bcf-9956db47ef8f,13385.65,Net Banking,insufficient_funds,15333.24,0,0,retry_later
5792c0c8-f3ce-4bf2-acdf-eb59cf6ca2f4,0af8424d-f9e9-42d1-883d-3017a5642177,396.55,Credit Card,insufficient_funds,33617.54,0,0,retry_later
0fa389c9-a8a6-4325-88f6-b6e6cc1f24c9,ca1f7f95-929c-4d30-93ac-9a84f02b16d8,10138.15,Credit Card,incorrect_pin,37490.89,0,0,retry_later
ebd4209d-67a1-4cf6-b435-0b768fb3b588,137f3621-118f-468c-8d35-ed2415635761,13130.17,Wallet,expired_card,33543.17,2,1317,switch_method
3beaaa38-69a0-4ffc-b555-acd518fd3b3a,494cf4bd-ce27-42b7-852b-49813a60f3c8,3832.34,UPI,gateway_timeout,27018.35,0,0,retry_now
297d7b32-3142-442f-9db3-ecf7de0a9819,ed8cc76c-c768-4e6d-967d-add7623e2e0b,10595.34,Credit Card,incorrect_pin,47130.36,0,0,retry_later
6daebb20-48b6-404c-986f-29e005f7ab5c,a9c1d824-dc2f-4815-9b1e-2d297538ce9d,12501.99,UPI,gateway_timeout,39752.63,0,0,retry_now
1ab56202-06e5-4bfe-8692-c304aba939f9,7e563e46-973f-49e8-8c4e-32c39536b73d,3739.28,UPI,incorrect_pin,38138.53,0,0,retry_later
e3158579-b6f9-4ed2-90d1-7b4a462ce69d,106212f6-c112-4f71-a3e2-97accb329266,2287.63,UPI,incorrect_pin,49528.29,0,0,retry_later
66152fca-b234-4f5e-a868-348183aecdf3,9b8be245-8f2e-4d01-8109-feaea78cd921,315.15,Credit Card,expired_card,7592.76,0,0,switch_method
3f709fc4-9add-4674-a16c-4676db0b5a10,bb6c79b6-8c8e-433b-939b-5b34cb1925bd,12835.89,Wallet,incorrect_pin,18663.93,0,0,retry_later
4aa4a093-7383-4aeb-8185-bccb08f2881d,028c7396-bd0e-4210-80ad-f55ec361535b,2907.78,Credit Card,risk_flag,13794.94,0,0,give_up
b537d7e3-8b3d-4ca7-aa12-0ee956f4d446,b9bc485a-aaef-4a72-a8ff-6ea48efd338e,10891.29,Credit Card,incorrect_pin,37756.34,1,871,retry_later
abfa02f3-d8f5-480c-b16b-425b96348e90,464b0c4f-185c-484e-884e-5f4539c464c4,2251.96,Credit Card,incorrect_pin,2208.84,0,0,retry_later
9216d969-df00-42fb-9c93-154f6083b073,b2b5d952-6b8b-4806-8936-0dd17c6bb508,6670.87,Net Banking,incorrect_pin,33979.42,4,638,give_up
78bc0f97-fba4-4382-859a-04695ab6abc3,07466d92-59a8-4323-8eae-dc8d55a69c1d,3098.35,UPI,insufficient_funds,44724.58,0,0,retry_later
ee23b563-a8a1-436f-ba7f-7850284e3c37,1f5de1d3-2446-4cd7-a502-ce69ccfd8e50,2956.19,Credit Card,gateway_timeout,2506.32,1,690,retry_later
1c735ad0-a16a-4d71-bbf7-78f960cc9623,a6229861-b0ef-4816-bef7-fe85a1d05e76,568.47,UPI,insufficient_funds,26618.96,0,0,retry_later
72de7585-3f42-4f97-a949-d2799bd5c90e,f1264461-6fc9-43bb-b50d-c67af63fa4b8,6881.6,UPI,gateway_timeout,23441.03,1,450,retry_later
6d862921-2a02-4f5d-ba7e-d2682cdb16ec,87c84533-3b28-43a7-8cf3-127e24ed644b,9262.16,UPI,gateway_timeout,7517.51,1,116,retry_later
52380d79-13ec-41a0-bd5f-9018468db7ef,d83b6806-4301-4339-bee9-8ddf2f7996c5,8395.63,Debit Card,insufficient_funds,30525.47,0,0,retry_later
ee9fbbb7-68f0-4c4b-b700-199ef4b4c7dc,e4ed648c-ecb0-413c-a767-adcefc0ae394,13428.01,UPI,gateway_timeout,9061.41,4,93,give_up
162927a8-2a45-4d0b-9935-8dd4d21facb3,f0184c22-cd1a-4505-946b-8ae86e582230,3495.67,UPI,gateway_timeout,45996.85,0,0,retry_now
ea3820a5-4a8a-4a70-a17e-a47e3a67224d,b907ffdc-061b-4bf1-affe-022b19749fcb,4904.09,Credit Card,risk_flag,15462.92,2,398,give_up
c1184d68-e43a-4277-be02-63f53c15c053,a0cbacc3-aa76-4ed6-9ef0-b145de9f57c0,10803.62,UPI,gateway_timeout,20523.5,2,1424,retry_later
2333b2d6-fe9f-4577-9809-be15dc3e96b2,29197d7f-2843-48c0-91d6-7aa1f3bf4bf4,9553.73,UPI,gateway_timeout,10875.27,2,218,retry_later
73ed0ac1-4a8f-402d-959d-1d3a4100c999,758b1b80-0e64-4857-9c87-4397a9f0f561,8612.19,Debit Card,insufficient_funds,24865.77,1,635,retry_later
5923c423-6e19-4292-810b-1388c37fe27b,2b4f3e88-cc76-4c42-9ea4-f5ee12e4423d,1537.48,Debit Card,incorrect_pin,43080.28,0,0,retry_later
f2bd4a88-bc05-41d5-8230-3f0941de784b,22bb3c44-30f5-4a72-9a3d-c927a60337df,5062.79,UPI,gateway_timeout,3598.17,4,464,give_up
e97b4373-21c3-418d-ac73-6d3df76d9a6f,0ed2b472-4e52-429c-b134-452607d8021c,5215.85,Credit Card,gateway_timeout,17069.49,1,694,retry_later
80678a1b-756a-4291-b6b3-0a9155c661d6,e3dba334-26ce-4f78-9e04-1c5da0843e61,5164.77,Credit Card,insufficient_funds,16384.86,1,840,retry_later
6c1b6a4d-2c06-4b5b-9c5b-15f7beaa47a6,9d42a635-f73b-4015-b965-176a4462919e,14923.46,Credit Card,incorrect_pin,20852.0,0,0,retry_later
bb9c0218-82fc-4402-ad48-2afc6c72a3ca,d36982e9-ef53-48a4-a8dc-e9a7ad23a338,13215.04,UPI,gateway_timeout,34360.75,2,72,retry_later
a1ecccc5-8917-4a96-85cc-03c4cfe2ae7e,40e288f8-780b-4776-9eb8-95be525a44df,47.69,UPI,gateway_timeout,49364.77,1,733,retry_later
5d1b9ec2-fe2a-43e8-8dd2-6906771f1ce8,d33f2bdc-02e3-4eac-aa61-337a3878f519,10457.18,Debit Card,incorrect_pin,24725.2,0,0,retry_later
e3f0442b-f123-46b2-b64a-9c5999811b29,f25eb84f-8653-416c-8f8d-f9b8ded771d2,11297.19,UPI,gateway_timeout,11014.31,0,0,retry_now
5d16f5bd-52c8-47dc-adc1-ec95772a7b08,e73f3851-6467-4d20-8972-b47c523f5464,13933.4,UPI,gateway_timeout,33807.48,0,0,retry_now
7dee94f0-610b-4fbf-82eb-8702fa2b7ecb,930bcc07-d14c-4081-811e-f315a6cd66bb,6721.52,UPI,gateway_timeout,37927.54,0,0,retry_now
726a6ff9-d383-4699-aebe-604b047a19bf,ff206ac6-9adc-4035-ae8c-c19bf3804cda,14154.68,Debit Card,gateway_timeout,26741.4,2,557,retry_later
e9c86085-f341-490a-b55f-9242379df8f5,0c72bea3-2763-41eb-96ed-9d65c090f78c,12466.75,Debit Card,risk_flag,43881.21,1,639,give_up
b6e750e6-4b57-4fab-9d61-38bfe85bbb9b,b9def657-9eb2-4006-9f60-51eaebeb95a9,12311.66,UPI,incorrect_pin,20428.18,0,0,retry_later
55fb7c78-6b72-4001-9e5f-fc7aff7a68ed,4e611069-5314-4558-b170-603c5e7dd04c,4862.58,Debit Card,insufficient_funds,23991.62,0,0,retry_later
0101f188-873a-46b9-8821-59f2b931ab03,9992e077-a773-4d9d-9b80-fecd26154d35,1873.81,Net Banking,risk_flag,45046.72,0,0,give_up
707d81bc-8074-4ce1-9f79-ee7b363867cf,8a8ff8fe-d6d9-409b-83db-818f9ccdab5b,8696.73,UPI,insufficient_funds,40143.88,0,0,retry_later
1d370ab9-65df-4697-be3f-9148bb4e2775,935ec957-9c00-43d4-bc01-b65c13921634,12398.39,Wallet,expired_card,48871.42,0,0,switch_method
17d764b3-9dfd-4d8d-bfae-aba687c690cc,94dcd65b-427d-4dc1-a7d2-dfb2e7dc2e8d,7962.75,Debit Card,insufficient_funds,17378.26,1,1325,retry_later
91b10b94-3650-4989-a2cf-45e7fe1a508a,0c2a06fc-0701-4d41-b52a-eb2317a2dcff,1245.62,Wallet,incorrect_pin,24364.12,1,485,retry_later
fe151c7e-141d-48a9-ade2-6ffc08bef742,e2deda11-cf82-4552-a19c-07230849ca7c,4871.21,UPI,gateway_timeout,12107.8,0,0,retry_now
2204f554-fa7b-4577-8cce-35b3dbd32ac7,14a8e48c-38bc-4a0f-afa7-2bca1172563d,493.99,Debit Card,incorrect_pin,21648.52,0,0,retry_later
e529c7bf-981b-469e-b558-90954336518d,a6f8c324-c5bd-485f-9284-322a046161b9,14753.46,Debit Card,incorrect_pin,14420.35,0,0,retry_later
171e334e-3bda-4e78-8952-470a9ba7f5bc,eca68cf4-d4c1-46c1-a95d-fb1f532b88d7,486.75,Credit Card,insufficient_funds,12923.74,0,0,retry_later
002b3e34-8c94-400d-acb6-68317005fb36,ec6ca6a5-01bc-4b5c-9450-cdfddcb6d3f0,2751.59,Debit Card,insufficient_funds,23927.85,2,1092,retry_later
43b1055c-14e9-470f-835a-67b598d84589,fb776de9-fecf-4666-89a1-a9330f39c196,13367.0,UPI,insufficient_funds,49561.42,1,578,retry_later
826e64d2-7e5b-4f6d-a14c-59f1092d0f18,c728dc59-f5b7-40a8-ace9-bdce19965298,1099.15,UPI,gateway_timeout,23455.09,0,0,retry_now
ad93f5e5-cda2-4717-a6dd-1f41a529e2bc,8ca245c3-3e88-4732-85f4-90724bd064e5,1120.36,Credit Card,insufficient_funds,37974.34,2,335,retry_later
bdf28dd9-6214-4b13-be24-7d7665c9f13b,9108b04c-67fa-4cd1-a108-238876ae4563,6076.54,UPI,gateway_timeout,41765.21,0,0,retry_now
417f3f40-9cc5-4349-a5b6-f410233957ce,73dd9fe4-8511-426f-adf2-bd16a8bf539d,4525.56,UPI,risk_flag,46808.86,0,0,give_up
b75247d4-e20a-4b89-851a-bb963ab21b48,0d70fd83-7aea-417a-a3d5-0cd4cf2fdd68,13073.54,Debit Card,incorrect_pin,48805.9,2,402,switch_method
15789569-0750-4efb-9d1d-03c7103e07d4,93bbb2a5-bd0f-41f4-ae09-cf712dcd3fc2,13551.99,Debit Card,expired_card,36774.22,2,354,switch_method
b6cb96bf-8aad-46d5-84b4-f22bd4bd5b40,8c9ff343-162c-4f4a-8e23-54a0cc2425d7,8626.16,UPI,gateway_timeout,28647.31,1,331,retry_later
fe6796b1-b253-4a79-9282-9032c60a45a2,50e12433-4861-4b74-8cce-6731d7684bb7,3667.37,Credit Card,risk_flag,31529.01,0,0,give_up
74324c96-ff6a-4153-849a-5095074a7658,5f57f45b-cf0b-42dd-aa88-1672226c76a0,10058.59,UPI,gateway_timeout,36179.23,0,0,retry_now
d6b901c4-d6eb-4373-b17c-f543a156fa56,2e0a95ee-df3a-4192-883a-95fcfb94ee2c,8453.92,UPI,gateway_timeout,656.68,3,1306,give_up
c9469642-8fb8-4649-b569-08bc03eacf83,9efcacac-800a-48c1-a3fc-0a3391e4e207,8936.84,Credit Card,expired_card,14954.44,0,0,switch_method
9286748c-ed06-4669-96b0-634f72c61221,558e0929-edad-41a2-935f-27442e72de7c,8823.14,Wallet,risk_flag,44174.28,0,0,give_up
7f6e7972-e029-4125-a315-c3a86291ff31,4349a4f5-872d-4b16-96ed-450a18910340,11702.01,UPI,gateway_timeout,1780.06,0,0,retry_now
4863084e-8714-487a-ad5b-6a21ae31115b,84a58daa-0e9f-436b-a98f-27b092c8c891,9164.5,Net Banking,risk_flag,42841.27,1,1095,give_up
8b4dce41-3158-4760-9dc3-a5bc04e86d0d,70c3bec5-8973-4068-9b45-bc4536b92aef,14373.22,Debit Card,insufficient_funds,38092.55,0,0,retry_later
e497acf2-f28f-4b52-b814-9f492f930c7a,20d4e483-6e04-4ac3-9517-64e1d76cc433,6638.58,Credit Card,incorrect_pin,23923.21,0,0,retry_later
0ed0e99f-4f14-469a-9141-d7236dfaa2bf,df40802d-ed1f-465d-9f03-e266774e9b0d,6169.58,Net Banking,gateway_timeout,18407.51,0,0,retry_now
21689c45-cdee-4ef2-a7e5-63464464707e,bfe199e4-430e-4a81-87a6-d78c1e0ff425,955.25,Debit Card,insufficient_funds,5.51,1,97,give_up
f012978d-5c41-429c-a3a5-11de4ad45370,6c528c7d-aa22-476e-a6de-30be2beb607e,14712.35,UPI,gateway_timeout,21670.04,0,0,retry_now
c065fb3b-ff84-4f17-b2cb-abad2e7c8a57,59793f8b-80ea-4319-9cfd-86438642260c,13727.97,UPI,incorrect_pin,44567.61,2,1129,switch_method
f304ee83-9745-4907-9304-74fad935aed8,deb37a4c-185b-4b9f-bc88-5b3294d3be40,2052.97,Credit Card,insufficient_funds,7839.07,0,0,retry_later
425ee82b-91da-458b-be32-0b80afda2d0e,73763dfd-bd0d-485c-9802-e7eb4e66a945,9185.52,UPI,gateway_timeout,44532.49,0,0,retry_now
5f7742c5-0e10-4756-9d75-29f7c7ee12a7,f85d060b-9b73-4b08-b59b-16b253db8159,12332.27,Debit Card,incorrect_pin,23164.37,0,0,retry_later
0ac556d2-a963-4d6a-9fc1-a73e5ccd00ef,0ed45888-eb95-4d34-82cb-08acfd0448b8,4600.8,UPI,insufficient_funds,19444.89,0,0,retry_later
78d49763-7a35-4610-a045-ec01ce689195,02c09293-3eb8-4338-b19e-dccbbebcb316,9491.92,UPI,gateway_timeout,19296.43,1,1119,retry_later
e2bcd388-17f4-4a1b-a446-9093af37d91c,1b7af405-a4a5-4f31-bd30-d58146431157,13314.06,Debit Card,insufficient_funds,45618.74,4,164,give_up
c2678d46-5720-4e20-85a7-0c7040e43bfb,a83fa745-e9fd-4849-9071-e8e4cf203c3f,1067.66,Credit Card,insufficient_funds,10976.55,0,0,retry_later
2db8730e-4968-4667-b1e0-f0228e991a8a,edcd6dba-3707-47ef-8874-748755ff4544,9799.78,UPI,risk_flag,23026.83,0,0,give_up
8044c9ee-2731-41cc-aeab-988acec744a6,a044309c-21ef-42ef-a05f-4a0f9e10f1a1,14274.89,Credit Card,risk_flag,39697.53,2,185,give_up
4d826e48-c79e-47a3-9e4d-897cd5473810,19b5cdce-75ae-471f-ac95-27fb191ae5cf,6042.21,Debit Card,insufficient_funds,28109.56,0,0,retry_later
476f8865-06ae-4088-bd02-cc16c28f9bbc,d734f8f2-0ce7-49b2-82de-659550bbd9ae,5912.23,UPI,risk_flag,20804.73,3,350,give_up
4a9ea2a3-c1b6-4504-b8f6-813660e7bd82,4bcd941a-ff42-484d-b98a-76f97e777169,428.37,Credit Card,risk_flag,1064.99,0,0,give_up
82854a34-5d87-4b15-b7c4-d6b7daa377c4,c9ccf128-fb10-4c39-bbf6-d68de256f185,12074.33,Debit Card,expired_card,2729.51,0,0,switch_method
de39bab6-2281-4c55-9294-6969f5d6555b,476e7894-856d-47d4-88f7-611bf66539f0,7885.93,Debit Card,insufficient_funds,39001.3,0,0,retry_later
996f07a6-7087-4138-a145-d1bde4f07d17,f2ef9363-2fa8-4663-a56f-809aba7ac45f,1839.21,Wallet,risk_flag,16580.45,0,0,give_up
00e3ce47-ea0e-47d4-afc1-c291c30c4c18,e21c9fa7-658e-474f-9463-24100c6b37b1,5972.92,Credit Card,incorrect_pin,30739.22,0,0,retry_later
64a157c2-3f67-486c-8796-cf402af91f2a,ee8c217a-2bd7-406d-93ed-1ef90b3d0bd1,10360.71,Credit Card,gateway_timeout,30640.14,0,0,retry_now
d89297a5-2dda-4a23-80f0-abf45a0dc3da,8292ee71-a5cd-48b3-ab00-1f71ecc6165a,8439.16,Debit Card,insufficient_funds,42182.27,4,595,give_up
e2cfaa76-3603-43bf-bece-06c5cd447272,da24c8e6-bfa8-4697-96ad-78d79ef6e73b,2436.2,UPI,insufficient_funds,47167.21,1,1092,retry_later
c9f1b4e2-f785-4d56-95ae-76eed92ddfe8,6961c4be-1194-4787-9353-d258c96698b1,6191.93,UPI,gateway_timeout,27868.58,0,0,retry_now
00b120b7-d584-43c5-a029-eec373148e63,05760a58-c2f6-4bad-b93d-baef5acf9c04,9282.99,UPI,insufficient_funds,2885.02,0,0,retry_later
d64d4ee0-af09-41ae-825a-d8fef6eb5e09,631ee16c-855e-46e0-a7df-956bc07834f9,3346.97,Debit Card,gateway_timeout,40809.55,0,0,retry_now
1f344ed7-b925-4635-ae1c-14016403e5f6,c4952788-6b29-4f13-aa81-b434993f5d53,10710.96,UPI,gateway_timeout,29982.72,1,237,retry_later
aedec0f3-889a-4b88-94ed-0f7d94ebe434,8cf0275e-9e21-4ea2-a265-d3c5b10c661d,4227.22,Credit Card,insufficient_funds,43636.52,1,206,retry_later
6ca6640f-0c19-4736-839c-b8052023a2ca,ecd406d8-91ba-49b0-8bbb-edd9697c44d6,14605.48,UPI,insufficient_funds,26909.93,0,0,retry_later
ab963f60-02d8-4b44-addb-5e64ac5acd7f,846a4479-41cc-45f3-9750-e74984d783f1,2897.04,UPI,gateway_timeout,8651.99,0,0,retry_now
669b33f4-fc73-4338-ba0b-e87a19422f50,e4311e33-f327-4069-b9cf-85daef823a4d,8168.64,Debit Card,insufficient_funds,26134.32,4,247,give_up
6757f67b-2043-437d-ade4-cc3b4f0405e4,c7df3366-0ec6-4824-9966-57c322efaa47,13885.51,Credit Card,incorrect_pin,13256.92,0,0,retry_later
112bf84c-bff6-44a9-96d9-38193acb738b,c12808af-bee1-44d4-aa47-f77ead55d9b4,2797.16,UPI,gateway_timeout,4308.94,0,0,retry_now
aed4285b-36ac-4c59-ac91-8b418af91bbe,98cd4c30-6b0a-45dc-9bed-f572e40323bf,10637.17,UPI,gateway_timeout,39098.38,0,0,retry_now
02a2b423-583d-40f5-b41d-cb9432b25224,03a4a55f-2b06-4732-8ec4-570871f6230a,9004.25,UPI,gateway_timeout,31652.15,1,906,retry_later
3c7b0e77-dea6-4342-b6eb-bf2147d863f1,7b79cd66-1150-4646-ad51-2815302128ed,8582.37,Net Banking,risk_flag,13632.76,1,828,give_up
667fd667-c75b-4554-ab64-12b65f96c901,95320bdb-999b-4fd1-a4cd-15091b626b50,10818.44,Debit Card,expired_card,35777.98,1,682,switch_method
e365a3cd-47b1-4ee4-8fe3-7aa5f7ee375a,f0411473-90c1-4222-b37c-aa0e8d2d7b15,9145.65,Debit Card,insufficient_funds,30928.9,2,395,retry_later
8d50df1f-05ad-4993-9101-2aaff98f685b,56d3e5b1-36ea-470f-99da-cb7363fc16ef,12443.04,Credit Card,insufficient_funds,46770.08,2,1227,retry_later
1a632699-3a43-4673-8842-fa95cb583b9e,141f1a2d-de67-402f-94a1-aaf215bae430,1602.99,UPI,gateway_timeout,3843.04,0,0,retry_now
51ad9d84-7172-4e08-87b2-259d00776efb,8dadd875-ee6d-46bf-9081-07e854b64294,5772.6,Net Banking,gateway_timeout,16368.02,0,0,retry_now
119de1a6-bfad-4e06-8297-553d44112fd8,f685c430-84d1-4feb-891d-0c0cb8dd199c,12689.63,UPI,gateway_timeout,40256.0,0,0,retry_now
c22b6285-84c0-489b-8d94-ea9186d4e52b,3fc2c21d-6f06-4341-8fd9-d18090b14894,10155.22,Credit Card,expired_card,28796.95,0,0,switch_method
f4656f1d-e457-4478-bf47-b427f7351273,f65c67cf-25bf-42a8-a21e-c9ab143cb5bf,8592.18,Credit Card,insufficient_funds,16251.88,0,0,retry_later
f9331fb1-f9bb-4ed5-91c9-baa05c75b90e,24f6a854-1764-4f22-8a36-e16d21a07844,13173.3,Debit Card,incorrect_pin,4948.38,1,1139,retry_later
fb5c6b4b-95aa-4bb3-b54f-bb07ba236444,f72d70f0-ecdd-43c0-8060-90e578bed896,12769.4,Debit Card,insufficient_funds,3753.12,2,1235,retry_later
daf511aa-8737-4a6a-9fcf-62096b0e9645,8ffe35e6-80d5-43ea-80a0-ff6aa4b15d83,13947.7,Net Banking,incorrect_pin,6408.75,0,0,retry_later
faf9c95f-3635-49d3-b2ac-0d7d6f9109a0,682946bc-8cdb-401f-afdd-ee5567c9a4c8,3800.02,UPI,insufficient_funds,2164.12,0,0,retry_later
acc0c673-e7ff-4ba8-83f1-e3839b0b3129,319cabcf-1c0c-4282-8b81-ed6d0b9256eb,13957.22,UPI,insufficient_funds,43621.0,0,0,retry_later
eca2f552-0ccb-4016-aeb3-6899b923a31f,015919a7-f5c5-430d-b6ed-a513dd472dbd,5559.45,Credit Card,incorrect_pin,19565.67,1,289,retry_later
160c4fad-bbcd-4960-bada-596f8e0fefef,1cd43ad4-7b6c-464a-bbe8-c6a23be57d4c,12442.09,UPI,gateway_timeout,26223.03,0,0,retry_now
3766d5e7-7f87-498c-862a-e2e27f702036,aab3eb6b-53eb-40e0-b5f3-c2b33873f9f1,11079.86,Debit Card,risk_flag,7289.63,1,211,give_up
946201f7-f47a-4781-a0f7-5d9ddaccd4a8,301d4f03-1020-4ddc-9af2-c36e9c061071,10829.93,UPI,insufficient_funds,19983.79,0,0,retry_later
92f70abd-aab8-47cf-ae10-71473ed22c60,29650f3e-fd91-417a-ba27-c9e52b724abb,6465.77,Wallet,risk_flag,41223.63,0,0,give_up
0a26c7dc-99b7-4aa8-b597-8b5d8f9be38d,061a6355-b766-49d6-a96f-f87505d782c1,11515.67,UPI,gateway_timeout,3142.04,1,248,retry_later
a55c3599-d1c8-48e3-a7ee-307b1767d9dd,8ad7bac9-922b-4786-b6e1-1e220900f3ab,10226.5,UPI,gateway_timeout,14815.61,1,292,retry_later
f2261289-01f6-4602-8d8d-20af9ee4c54e,821dae06-c054-4a47-bad5-57d0dacc2d51,10057.28,Credit Card,incorrect_pin,4093.22,0,0,retry_later
f40f1551-129f-4863-bf53-f13638a085d3,c22ebd55-f31d-4205-b054-747a6cfe628c,3777.21,Credit Card,incorrect_pin,1161.34,2,1197,switch_method
